ISO-10303-21;
HEADER;
FILE_DESCRIPTION(('Open CASCADE Model'),'2;1');
FILE_NAME('Open CASCADE Shape Model','2026-09-27T21:04:18',('Author'),(
    'Open CASCADE'),'Open CASCADE STEP processor 7.9','Open CASCADE 7.9'
  ,'Unknown');
FILE_SCHEMA(('AUTOMOTIVE_DESIGN { 1 0 10303 214 1 1 1 1 }'));
ENDSEC;
DATA;
#1 = APPLICATION_PROTOCOL_DEFINITION('international standard',
  'automotive_design',2000,#2);
#2 = APPLICATION_CONTEXT(
  'core data for automotive mechanical design processes');
#3 = SHAPE_DEFINITION_REPRESENTATION(#4,#10);
#4 = PRODUCT_DEFINITION_SHAPE('','',#5);
#5 = PRODUCT_DEFINITION('design','',#6,#9);
#6 = PRODUCT_DEFINITION_FORMATION('','',#7);
#7 = PRODUCT('Open CASCADE STEP translator 7.9 1',
  'Open CASCADE STEP translator 7.9 1','',(#8));
#8 = PRODUCT_CONTEXT('',#2,'mechanical');
#9 = PRODUCT_DEFINITION_CONTEXT('part definition',#2,'design');
#10 = ADVANCED_BREP_SHAPE_REPRESENTATION('',(#11,#15),#3829);
#11 = AXIS2_PLACEMENT_3D('',#12,#13,#14);
#12 = CARTESIAN_POINT('',(0.,0.,0.));
#13 = DIRECTION('',(0.,0.,1.));
#14 = DIRECTION('',(1.,0.,-0.));
#15 = MANIFOLD_SOLID_BREP('',#16);
#16 = CLOSED_SHELL('',(#17,#137,#1096,#1155,#1466,#1540,#1609,#1636,
    #1661,#1720,#2023,#2097,#2164,#2189,#2263,#2531,#2600,#2647,#2694,
    #2719,#2788,#2835,#2862,#2911,#2938,#2992,#3019,#3068,#3093,#3143,
    #3213,#3240,#3287,#3314,#3341,#3368,#3395,#3422,#3449,#3476,#3503,
    #3530,#3557,#3584,#3611,#3638,#3695,#3748,#3780,#3808));
#17 = ADVANCED_FACE('',(#18),#32,.F.);
#18 = FACE_BOUND('',#19,.F.);
#19 = EDGE_LOOP('',(#20,#55,#83,#111));
#20 = ORIENTED_EDGE('',*,*,#21,.F.);
#21 = EDGE_CURVE('',#22,#24,#26,.T.);
#22 = VERTEX_POINT('',#23);
#23 = CARTESIAN_POINT('',(-18.4,-10.2,11.75));
#24 = VERTEX_POINT('',#25);
#25 = CARTESIAN_POINT('',(-18.4,10.2,11.75));
#26 = SURFACE_CURVE('',#27,(#31,#43),.PCURVE_S1.);
#27 = LINE('',#28,#29);
#28 = CARTESIAN_POINT('',(-18.4,-12.2,11.75));
#29 = VECTOR('',#30,1.);
#30 = DIRECTION('',(0.,1.,0.));
#31 = PCURVE('',#32,#37);
#32 = PLANE('',#33);
#33 = AXIS2_PLACEMENT_3D('',#34,#35,#36);
#34 = CARTESIAN_POINT('',(-18.4,-12.2,0.));
#35 = DIRECTION('',(1.,0.,0.));
#36 = DIRECTION('',(0.,0.,1.));
#37 = DEFINITIONAL_REPRESENTATION('',(#38),#42);
#38 = LINE('',#39,#40);
#39 = CARTESIAN_POINT('',(11.75,0.));
#40 = VECTOR('',#41,1.);
#41 = DIRECTION('',(0.,-1.));
#42 = ( GEOMETRIC_REPRESENTATION_CONTEXT(2) 
PARAMETRIC_REPRESENTATION_CONTEXT() REPRESENTATION_CONTEXT('2D SPACE',''
  ) );
#43 = PCURVE('',#44,#49);
#44 = PLANE('',#45);
#45 = AXIS2_PLACEMENT_3D('',#46,#47,#48);
#46 = CARTESIAN_POINT('',(-18.4,-12.2,11.75));
#47 = DIRECTION('',(0.,0.,1.));
#48 = DIRECTION('',(1.,0.,0.));
#49 = DEFINITIONAL_REPRESENTATION('',(#50),#54);
#50 = LINE('',#51,#52);
#51 = CARTESIAN_POINT('',(0.,0.));
#52 = VECTOR('',#53,1.);
#53 = DIRECTION('',(0.,1.));
#54 = ( GEOMETRIC_REPRESENTATION_CONTEXT(2) 
PARAMETRIC_REPRESENTATION_CONTEXT() REPRESENTATION_CONTEXT('2D SPACE',''
  ) );
#55 = ORIENTED_EDGE('',*,*,#56,.F.);
#56 = EDGE_CURVE('',#57,#22,#59,.T.);
#57 = VERTEX_POINT('',#58);
#58 = CARTESIAN_POINT('',(-18.4,-10.2,0.));
#59 = SURFACE_CURVE('',#60,(#64,#71),.PCURVE_S1.);
#60 = LINE('',#61,#62);
#61 = CARTESIAN_POINT('',(-18.4,-10.2,0.));
#62 = VECTOR('',#63,1.);
#63 = DIRECTION('',(0.,0.,1.));
#64 = PCURVE('',#32,#65);
#65 = DEFINITIONAL_REPRESENTATION('',(#66),#70);
#66 = LINE('',#67,#68);
#67 = CARTESIAN_POINT('',(0.,-2.));
#68 = VECTOR('',#69,1.);
#69 = DIRECTION('',(1.,0.));
#70 = ( GEOMETRIC_REPRESENTATION_CONTEXT(2) 
PARAMETRIC_REPRESENTATION_CONTEXT() REPRESENTATION_CONTEXT('2D SPACE',''
  ) );
#71 = PCURVE('',#72,#77);
#72 = CYLINDRICAL_SURFACE('',#73,2.);
#73 = AXIS2_PLACEMENT_3D('',#74,#75,#76);
#74 = CARTESIAN_POINT('',(-16.4,-10.2,0.));
#75 = DIRECTION('',(0.,0.,1.));
#76 = DIRECTION('',(-1.,-0.,0.));
#77 = DEFINITIONAL_REPRESENTATION('',(#78),#82);
#78 = LINE('',#79,#80);
#79 = CARTESIAN_POINT('',(0.,0.));
#80 = VECTOR('',#81,1.);
#81 = DIRECTION('',(0.,1.));
#82 = ( GEOMETRIC_REPRESENTATION_CONTEXT(2) 
PARAMETRIC_REPRESENTATION_CONTEXT() REPRESENTATION_CONTEXT('2D SPACE',''
  ) );
#83 = ORIENTED_EDGE('',*,*,#84,.T.);
#84 = EDGE_CURVE('',#57,#85,#87,.T.);
#85 = VERTEX_POINT('',#86);
#86 = CARTESIAN_POINT('',(-18.4,10.2,0.));
#87 = SURFACE_CURVE('',#88,(#92,#99),.PCURVE_S1.);
#88 = LINE('',#89,#90);
#89 = CARTESIAN_POINT('',(-18.4,-12.2,0.));
#90 = VECTOR('',#91,1.);
#91 = DIRECTION('',(0.,1.,0.));
#92 = PCURVE('',#32,#93);
#93 = DEFINITIONAL_REPRESENTATION('',(#94),#98);
#94 = LINE('',#95,#96);
#95 = CARTESIAN_POINT('',(0.,0.));
#96 = VECTOR('',#97,1.);
#97 = DIRECTION('',(0.,-1.));
#98 = ( GEOMETRIC_REPRESENTATION_CONTEXT(2) 
PARAMETRIC_REPRESENTATION_CONTEXT() REPRESENTATION_CONTEXT('2D SPACE',''
  ) );
#99 = PCURVE('',#100,#105);
#100 = PLANE('',#101);
#101 = AXIS2_PLACEMENT_3D('',#102,#103,#104);
#102 = CARTESIAN_POINT('',(-18.4,-12.2,0.));
#103 = DIRECTION('',(0.,0.,1.));
#104 = DIRECTION('',(1.,0.,0.));
#105 = DEFINITIONAL_REPRESENTATION('',(#106),#110);
#106 = LINE('',#107,#108);
#107 = CARTESIAN_POINT('',(0.,0.));
#108 = VECTOR('',#109,1.);
#109 = DIRECTION('',(0.,1.));
#110 = ( GEOMETRIC_REPRESENTATION_CONTEXT(2) 
PARAMETRIC_REPRESENTATION_CONTEXT() REPRESENTATION_CONTEXT('2D SPACE',''
  ) );
#111 = ORIENTED_EDGE('',*,*,#112,.T.);
#112 = EDGE_CURVE('',#85,#24,#113,.T.);
#113 = SURFACE_CURVE('',#114,(#118,#125),.PCURVE_S1.);
#114 = LINE('',#115,#116);
#115 = CARTESIAN_POINT('',(-18.4,10.2,0.));
#116 = VECTOR('',#117,1.);
#117 = DIRECTION('',(0.,0.,1.));
#118 = PCURVE('',#32,#119);
#119 = DEFINITIONAL_REPRESENTATION('',(#120),#124);
#120 = LINE('',#121,#122);
#121 = CARTESIAN_POINT('',(0.,-22.4));
#122 = VECTOR('',#123,1.);
#123 = DIRECTION('',(1.,0.));
#124 = ( GEOMETRIC_REPRESENTATION_CONTEXT(2) 
PARAMETRIC_REPRESENTATION_CONTEXT() REPRESENTATION_CONTEXT('2D SPACE',''
  ) );
#125 = PCURVE('',#126,#131);
#126 = CYLINDRICAL_SURFACE('',#127,2.);
#127 = AXIS2_PLACEMENT_3D('',#128,#129,#130);
#128 = CARTESIAN_POINT('',(-16.4,10.2,0.));
#129 = DIRECTION('',(0.,0.,1.));
#130 = DIRECTION('',(-1.,-0.,0.));
#131 = DEFINITIONAL_REPRESENTATION('',(#132),#136);
#132 = LINE('',#133,#134);
#133 = CARTESIAN_POINT('',(-0.,0.));
#134 = VECTOR('',#135,1.);
#135 = DIRECTION('',(-0.,1.));
#136 = ( GEOMETRIC_REPRESENTATION_CONTEXT(2) 
PARAMETRIC_REPRESENTATION_CONTEXT() REPRESENTATION_CONTEXT('2D SPACE',''
  ) );
#137 = ADVANCED_FACE('',(#138,#1026,#1061),#100,.F.);
#138 = FACE_BOUND('',#139,.F.);
#139 = EDGE_LOOP('',(#140,#141,#165,#193,#226,#254,#283,#311,#344,#372,
    #401,#429,#456,#484,#512,#540,#568,#596,#623,#651,#684,#712,#741,
    #769,#802,#830,#859,#887,#920,#948,#977,#1000));
#140 = ORIENTED_EDGE('',*,*,#84,.F.);
#141 = ORIENTED_EDGE('',*,*,#142,.T.);
#142 = EDGE_CURVE('',#57,#143,#145,.T.);
#143 = VERTEX_POINT('',#144);
#144 = CARTESIAN_POINT('',(-16.4,-12.2,0.));
#145 = SURFACE_CURVE('',#146,(#151,#158),.PCURVE_S1.);
#146 = CIRCLE('',#147,2.);
#147 = AXIS2_PLACEMENT_3D('',#148,#149,#150);
#148 = CARTESIAN_POINT('',(-16.4,-10.2,0.));
#149 = DIRECTION('',(0.,0.,1.));
#150 = DIRECTION('',(0.,-1.,0.));
#151 = PCURVE('',#100,#152);
#152 = DEFINITIONAL_REPRESENTATION('',(#153),#157);
#153 = CIRCLE('',#154,2.);
#154 = AXIS2_PLACEMENT_2D('',#155,#156);
#155 = CARTESIAN_POINT('',(2.,2.));
#156 = DIRECTION('',(0.,-1.));
#157 = ( GEOMETRIC_REPRESENTATION_CONTEXT(2) 
PARAMETRIC_REPRESENTATION_CONTEXT() REPRESENTATION_CONTEXT('2D SPACE',''
  ) );
#158 = PCURVE('',#72,#159);
#159 = DEFINITIONAL_REPRESENTATION('',(#160),#164);
#160 = LINE('',#161,#162);
#161 = CARTESIAN_POINT('',(-4.712388980385,0.));
#162 = VECTOR('',#163,1.);
#163 = DIRECTION('',(1.,0.));
#164 = ( GEOMETRIC_REPRESENTATION_CONTEXT(2) 
PARAMETRIC_REPRESENTATION_CONTEXT() REPRESENTATION_CONTEXT('2D SPACE',''
  ) );
#165 = ORIENTED_EDGE('',*,*,#166,.T.);
#166 = EDGE_CURVE('',#143,#167,#169,.T.);
#167 = VERTEX_POINT('',#168);
#168 = CARTESIAN_POINT('',(-5.,-12.2,0.));
#169 = SURFACE_CURVE('',#170,(#174,#181),.PCURVE_S1.);
#170 = LINE('',#171,#172);
#171 = CARTESIAN_POINT('',(-18.4,-12.2,0.));
#172 = VECTOR('',#173,1.);
#173 = DIRECTION('',(1.,0.,0.));
#174 = PCURVE('',#100,#175);
#175 = DEFINITIONAL_REPRESENTATION('',(#176),#180);
#176 = LINE('',#177,#178);
#177 = CARTESIAN_POINT('',(0.,0.));
#178 = VECTOR('',#179,1.);
#179 = DIRECTION('',(1.,0.));
#180 = ( GEOMETRIC_REPRESENTATION_CONTEXT(2) 
PARAMETRIC_REPRESENTATION_CONTEXT() REPRESENTATION_CONTEXT('2D SPACE',''
  ) );
#181 = PCURVE('',#182,#187);
#182 = PLANE('',#183);
#183 = AXIS2_PLACEMENT_3D('',#184,#185,#186);
#184 = CARTESIAN_POINT('',(-18.4,-12.2,0.));
#185 = DIRECTION('',(0.,1.,0.));
#186 = DIRECTION('',(0.,0.,1.));
#187 = DEFINITIONAL_REPRESENTATION('',(#188),#192);
#188 = LINE('',#189,#190);
#189 = CARTESIAN_POINT('',(0.,0.));
#190 = VECTOR('',#191,1.);
#191 = DIRECTION('',(0.,1.));
#192 = ( GEOMETRIC_REPRESENTATION_CONTEXT(2) 
PARAMETRIC_REPRESENTATION_CONTEXT() REPRESENTATION_CONTEXT('2D SPACE',''
  ) );
#193 = ORIENTED_EDGE('',*,*,#194,.F.);
#194 = EDGE_CURVE('',#195,#167,#197,.T.);
#195 = VERTEX_POINT('',#196);
#196 = CARTESIAN_POINT('',(-7.,-14.2,0.));
#197 = SURFACE_CURVE('',#198,(#203,#214),.PCURVE_S1.);
#198 = CIRCLE('',#199,2.);
#199 = AXIS2_PLACEMENT_3D('',#200,#201,#202);
#200 = CARTESIAN_POINT('',(-5.,-14.2,0.));
#201 = DIRECTION('',(-0.,-0.,-1.));
#202 = DIRECTION('',(0.,-1.,0.));
#203 = PCURVE('',#100,#204);
#204 = DEFINITIONAL_REPRESENTATION('',(#205),#213);
#205 = ( BOUNDED_CURVE() B_SPLINE_CURVE(2,(#206,#207,#208,#209,#210,#211
,#212),.UNSPECIFIED.,.T.,.F.) B_SPLINE_CURVE_WITH_KNOTS((1,2,2,2,2,1),(
    -2.094395102393,0.,2.094395102393,4.188790204786,6.28318530718,
8.377580409573),.UNSPECIFIED.) CURVE() GEOMETRIC_REPRESENTATION_ITEM() 
RATIONAL_B_SPLINE_CURVE((1.,0.5,1.,0.5,1.,0.5,1.)) REPRESENTATION_ITEM(
  '') );
#206 = CARTESIAN_POINT('',(13.4,-4.));
#207 = CARTESIAN_POINT('',(9.935898384862,-4.));
#208 = CARTESIAN_POINT('',(11.667949192431,-1.));
#209 = CARTESIAN_POINT('',(13.4,2.));
#210 = CARTESIAN_POINT('',(15.132050807569,-1.));
#211 = CARTESIAN_POINT('',(16.864101615138,-4.));
#212 = CARTESIAN_POINT('',(13.4,-4.));
#213 = ( GEOMETRIC_REPRESENTATION_CONTEXT(2) 
PARAMETRIC_REPRESENTATION_CONTEXT() REPRESENTATION_CONTEXT('2D SPACE',''
  ) );
#214 = PCURVE('',#215,#220);
#215 = CYLINDRICAL_SURFACE('',#216,2.);
#216 = AXIS2_PLACEMENT_3D('',#217,#218,#219);
#217 = CARTESIAN_POINT('',(-5.,-14.2,0.));
#218 = DIRECTION('',(0.,0.,1.));
#219 = DIRECTION('',(-1.,-0.,0.));
#220 = DEFINITIONAL_REPRESENTATION('',(#221),#225);
#221 = LINE('',#222,#223);
#222 = CARTESIAN_POINT('',(1.570796326795,-0.));
#223 = VECTOR('',#224,1.);
#224 = DIRECTION('',(-1.,0.));
#225 = ( GEOMETRIC_REPRESENTATION_CONTEXT(2) 
PARAMETRIC_REPRESENTATION_CONTEXT() REPRESENTATION_CONTEXT('2D SPACE',''
  ) );
#226 = ORIENTED_EDGE('',*,*,#227,.F.);
#227 = EDGE_CURVE('',#228,#195,#230,.T.);
#228 = VERTEX_POINT('',#229);
#229 = CARTESIAN_POINT('',(-7.,-15.14213562373,0.));
#230 = SURFACE_CURVE('',#231,(#235,#242),.PCURVE_S1.);
#231 = LINE('',#232,#233);
#232 = CARTESIAN_POINT('',(-7.,-17.14213562373,0.));
#233 = VECTOR('',#234,1.);
#234 = DIRECTION('',(0.,1.,0.));
#235 = PCURVE('',#100,#236);
#236 = DEFINITIONAL_REPRESENTATION('',(#237),#241);
#237 = LINE('',#238,#239);
#238 = CARTESIAN_POINT('',(11.4,-4.942135623731));
#239 = VECTOR('',#240,1.);
#240 = DIRECTION('',(0.,1.));
#241 = ( GEOMETRIC_REPRESENTATION_CONTEXT(2) 
PARAMETRIC_REPRESENTATION_CONTEXT() REPRESENTATION_CONTEXT('2D SPACE',''
  ) );
#242 = PCURVE('',#243,#248);
#243 = PLANE('',#244);
#244 = AXIS2_PLACEMENT_3D('',#245,#246,#247);
#245 = CARTESIAN_POINT('',(-7.,-17.14213562373,0.));
#246 = DIRECTION('',(1.,0.,0.));
#247 = DIRECTION('',(0.,0.,1.));
#248 = DEFINITIONAL_REPRESENTATION('',(#249),#253);
#249 = LINE('',#250,#251);
#250 = CARTESIAN_POINT('',(0.,0.));
#251 = VECTOR('',#252,1.);
#252 = DIRECTION('',(0.,-1.));
#253 = ( GEOMETRIC_REPRESENTATION_CONTEXT(2) 
PARAMETRIC_REPRESENTATION_CONTEXT() REPRESENTATION_CONTEXT('2D SPACE',''
  ) );
#254 = ORIENTED_EDGE('',*,*,#255,.T.);
#255 = EDGE_CURVE('',#228,#256,#258,.T.);
#256 = VERTEX_POINT('',#257);
#257 = CARTESIAN_POINT('',(-5.,-17.14213562373,0.));
#258 = SURFACE_CURVE('',#259,(#264,#271),.PCURVE_S1.);
#259 = CIRCLE('',#260,2.);
#260 = AXIS2_PLACEMENT_3D('',#261,#262,#263);
#261 = CARTESIAN_POINT('',(-5.,-15.14213562373,0.));
#262 = DIRECTION('',(0.,0.,1.));
#263 = DIRECTION('',(0.,-1.,0.));
#264 = PCURVE('',#100,#265);
#265 = DEFINITIONAL_REPRESENTATION('',(#266),#270);
#266 = CIRCLE('',#267,2.);
#267 = AXIS2_PLACEMENT_2D('',#268,#269);
#268 = CARTESIAN_POINT('',(13.4,-2.942135623731));
#269 = DIRECTION('',(0.,-1.));
#270 = ( GEOMETRIC_REPRESENTATION_CONTEXT(2) 
PARAMETRIC_REPRESENTATION_CONTEXT() REPRESENTATION_CONTEXT('2D SPACE',''
  ) );
#271 = PCURVE('',#272,#277);
#272 = CYLINDRICAL_SURFACE('',#273,2.);
#273 = AXIS2_PLACEMENT_3D('',#274,#275,#276);
#274 = CARTESIAN_POINT('',(-5.,-15.14213562373,0.));
#275 = DIRECTION('',(0.,0.,1.));
#276 = DIRECTION('',(-1.,-0.,0.));
#277 = DEFINITIONAL_REPRESENTATION('',(#278),#282);
#278 = LINE('',#279,#280);
#279 = CARTESIAN_POINT('',(-4.712388980385,0.));
#280 = VECTOR('',#281,1.);
#281 = DIRECTION('',(1.,0.));
#282 = ( GEOMETRIC_REPRESENTATION_CONTEXT(2) 
PARAMETRIC_REPRESENTATION_CONTEXT() REPRESENTATION_CONTEXT('2D SPACE',''
  ) );
#283 = ORIENTED_EDGE('',*,*,#284,.T.);
#284 = EDGE_CURVE('',#256,#285,#287,.T.);
#285 = VERTEX_POINT('',#286);
#286 = CARTESIAN_POINT('',(5.,-17.14213562373,0.));
#287 = SURFACE_CURVE('',#288,(#292,#299),.PCURVE_S1.);
#288 = LINE('',#289,#290);
#289 = CARTESIAN_POINT('',(-7.,-17.14213562373,0.));
#290 = VECTOR('',#291,1.);
#291 = DIRECTION('',(1.,0.,0.));
#292 = PCURVE('',#100,#293);
#293 = DEFINITIONAL_REPRESENTATION('',(#294),#298);
#294 = LINE('',#295,#296);
#295 = CARTESIAN_POINT('',(11.4,-4.942135623731));
#296 = VECTOR('',#297,1.);
#297 = DIRECTION('',(1.,0.));
#298 = ( GEOMETRIC_REPRESENTATION_CONTEXT(2) 
PARAMETRIC_REPRESENTATION_CONTEXT() REPRESENTATION_CONTEXT('2D SPACE',''
  ) );
#299 = PCURVE('',#300,#305);
#300 = PLANE('',#301);
#301 = AXIS2_PLACEMENT_3D('',#302,#303,#304);
#302 = CARTESIAN_POINT('',(-7.,-17.14213562373,0.));
#303 = DIRECTION('',(0.,1.,0.));
#304 = DIRECTION('',(0.,0.,1.));
#305 = DEFINITIONAL_REPRESENTATION('',(#306),#310);
#306 = LINE('',#307,#308);
#307 = CARTESIAN_POINT('',(0.,0.));
#308 = VECTOR('',#309,1.);
#309 = DIRECTION('',(0.,1.));
#310 = ( GEOMETRIC_REPRESENTATION_CONTEXT(2) 
PARAMETRIC_REPRESENTATION_CONTEXT() REPRESENTATION_CONTEXT('2D SPACE',''
  ) );
#311 = ORIENTED_EDGE('',*,*,#312,.F.);
#312 = EDGE_CURVE('',#313,#285,#315,.T.);
#313 = VERTEX_POINT('',#314);
#314 = CARTESIAN_POINT('',(7.,-15.14213562373,0.));
#315 = SURFACE_CURVE('',#316,(#321,#332),.PCURVE_S1.);
#316 = CIRCLE('',#317,2.);
#317 = AXIS2_PLACEMENT_3D('',#318,#319,#320);
#318 = CARTESIAN_POINT('',(5.,-15.14213562373,0.));
#319 = DIRECTION('',(-0.,-0.,-1.));
#320 = DIRECTION('',(0.,-1.,0.));
#321 = PCURVE('',#100,#322);
#322 = DEFINITIONAL_REPRESENTATION('',(#323),#331);
#323 = ( BOUNDED_CURVE() B_SPLINE_CURVE(2,(#324,#325,#326,#327,#328,#329
,#330),.UNSPECIFIED.,.T.,.F.) B_SPLINE_CURVE_WITH_KNOTS((1,2,2,2,2,1),(
    -2.094395102393,0.,2.094395102393,4.188790204786,6.28318530718,
8.377580409573),.UNSPECIFIED.) CURVE() GEOMETRIC_REPRESENTATION_ITEM() 
RATIONAL_B_SPLINE_CURVE((1.,0.5,1.,0.5,1.,0.5,1.)) REPRESENTATION_ITEM(
  '') );
#324 = CARTESIAN_POINT('',(23.4,-4.942135623731));
#325 = CARTESIAN_POINT('',(19.935898384862,-4.942135623731));
#326 = CARTESIAN_POINT('',(21.667949192431,-1.942135623731));
#327 = CARTESIAN_POINT('',(23.4,1.057864376269));
#328 = CARTESIAN_POINT('',(25.132050807569,-1.942135623731));
#329 = CARTESIAN_POINT('',(26.864101615138,-4.942135623731));
#330 = CARTESIAN_POINT('',(23.4,-4.942135623731));
#331 = ( GEOMETRIC_REPRESENTATION_CONTEXT(2) 
PARAMETRIC_REPRESENTATION_CONTEXT() REPRESENTATION_CONTEXT('2D SPACE',''
  ) );
#332 = PCURVE('',#333,#338);
#333 = CYLINDRICAL_SURFACE('',#334,2.);
#334 = AXIS2_PLACEMENT_3D('',#335,#336,#337);
#335 = CARTESIAN_POINT('',(5.,-15.14213562373,0.));
#336 = DIRECTION('',(0.,0.,1.));
#337 = DIRECTION('',(1.,0.,-0.));
#338 = DEFINITIONAL_REPRESENTATION('',(#339),#343);
#339 = LINE('',#340,#341);
#340 = CARTESIAN_POINT('',(4.712388980385,-0.));
#341 = VECTOR('',#342,1.);
#342 = DIRECTION('',(-1.,0.));
#343 = ( GEOMETRIC_REPRESENTATION_CONTEXT(2) 
PARAMETRIC_REPRESENTATION_CONTEXT() REPRESENTATION_CONTEXT('2D SPACE',''
  ) );
#344 = ORIENTED_EDGE('',*,*,#345,.T.);
#345 = EDGE_CURVE('',#313,#346,#348,.T.);
#346 = VERTEX_POINT('',#347);
#347 = CARTESIAN_POINT('',(7.,-14.2,0.));
#348 = SURFACE_CURVE('',#349,(#353,#360),.PCURVE_S1.);
#349 = LINE('',#350,#351);
#350 = CARTESIAN_POINT('',(7.,-17.14213562373,0.));
#351 = VECTOR('',#352,1.);
#352 = DIRECTION('',(0.,1.,0.));
#353 = PCURVE('',#100,#354);
#354 = DEFINITIONAL_REPRESENTATION('',(#355),#359);
#355 = LINE('',#356,#357);
#356 = CARTESIAN_POINT('',(25.4,-4.942135623731));
#357 = VECTOR('',#358,1.);
#358 = DIRECTION('',(0.,1.));
#359 = ( GEOMETRIC_REPRESENTATION_CONTEXT(2) 
PARAMETRIC_REPRESENTATION_CONTEXT() REPRESENTATION_CONTEXT('2D SPACE',''
  ) );
#360 = PCURVE('',#361,#366);
#361 = PLANE('',#362);
#362 = AXIS2_PLACEMENT_3D('',#363,#364,#365);
#363 = CARTESIAN_POINT('',(7.,-17.14213562373,0.));
#364 = DIRECTION('',(1.,0.,0.));
#365 = DIRECTION('',(0.,0.,1.));
#366 = DEFINITIONAL_REPRESENTATION('',(#367),#371);
#367 = LINE('',#368,#369);
#368 = CARTESIAN_POINT('',(0.,0.));
#369 = VECTOR('',#370,1.);
#370 = DIRECTION('',(0.,-1.));
#371 = ( GEOMETRIC_REPRESENTATION_CONTEXT(2) 
PARAMETRIC_REPRESENTATION_CONTEXT() REPRESENTATION_CONTEXT('2D SPACE',''
  ) );
#372 = ORIENTED_EDGE('',*,*,#373,.T.);
#373 = EDGE_CURVE('',#346,#374,#376,.T.);
#374 = VERTEX_POINT('',#375);
#375 = CARTESIAN_POINT('',(5.,-12.2,0.));
#376 = SURFACE_CURVE('',#377,(#382,#389),.PCURVE_S1.);
#377 = CIRCLE('',#378,2.);
#378 = AXIS2_PLACEMENT_3D('',#379,#380,#381);
#379 = CARTESIAN_POINT('',(5.,-14.2,0.));
#380 = DIRECTION('',(0.,0.,1.));
#381 = DIRECTION('',(0.,-1.,0.));
#382 = PCURVE('',#100,#383);
#383 = DEFINITIONAL_REPRESENTATION('',(#384),#388);
#384 = CIRCLE('',#385,2.);
#385 = AXIS2_PLACEMENT_2D('',#386,#387);
#386 = CARTESIAN_POINT('',(23.4,-2.));
#387 = DIRECTION('',(0.,-1.));
#388 = ( GEOMETRIC_REPRESENTATION_CONTEXT(2) 
PARAMETRIC_REPRESENTATION_CONTEXT() REPRESENTATION_CONTEXT('2D SPACE',''
  ) );
#389 = PCURVE('',#390,#395);
#390 = CYLINDRICAL_SURFACE('',#391,2.);
#391 = AXIS2_PLACEMENT_3D('',#392,#393,#394);
#392 = CARTESIAN_POINT('',(5.,-14.2,0.));
#393 = DIRECTION('',(0.,0.,1.));
#394 = DIRECTION('',(1.,0.,-0.));
#395 = DEFINITIONAL_REPRESENTATION('',(#396),#400);
#396 = LINE('',#397,#398);
#397 = CARTESIAN_POINT('',(-1.570796326795,0.));
#398 = VECTOR('',#399,1.);
#399 = DIRECTION('',(1.,0.));
#400 = ( GEOMETRIC_REPRESENTATION_CONTEXT(2) 
PARAMETRIC_REPRESENTATION_CONTEXT() REPRESENTATION_CONTEXT('2D SPACE',''
  ) );
#401 = ORIENTED_EDGE('',*,*,#402,.F.);
#402 = EDGE_CURVE('',#403,#374,#405,.T.);
#403 = VERTEX_POINT('',#404);
#404 = CARTESIAN_POINT('',(-0.5,-12.2,0.));
#405 = SURFACE_CURVE('',#406,(#410,#417),.PCURVE_S1.);
#406 = LINE('',#407,#408);
#407 = CARTESIAN_POINT('',(-7.,-12.2,0.));
#408 = VECTOR('',#409,1.);
#409 = DIRECTION('',(1.,0.,0.));
#410 = PCURVE('',#100,#411);
#411 = DEFINITIONAL_REPRESENTATION('',(#412),#416);
#412 = LINE('',#413,#414);
#413 = CARTESIAN_POINT('',(11.4,0.));
#414 = VECTOR('',#415,1.);
#415 = DIRECTION('',(1.,0.));
#416 = ( GEOMETRIC_REPRESENTATION_CONTEXT(2) 
PARAMETRIC_REPRESENTATION_CONTEXT() REPRESENTATION_CONTEXT('2D SPACE',''
  ) );
#417 = PCURVE('',#418,#423);
#418 = PLANE('',#419);
#419 = AXIS2_PLACEMENT_3D('',#420,#421,#422);
#420 = CARTESIAN_POINT('',(-7.,-12.2,0.));
#421 = DIRECTION('',(0.,1.,0.));
#422 = DIRECTION('',(0.,0.,1.));
#423 = DEFINITIONAL_REPRESENTATION('',(#424),#428);
#424 = LINE('',#425,#426);
#425 = CARTESIAN_POINT('',(0.,0.));
#426 = VECTOR('',#427,1.);
#427 = DIRECTION('',(0.,1.));
#428 = ( GEOMETRIC_REPRESENTATION_CONTEXT(2) 
PARAMETRIC_REPRESENTATION_CONTEXT() REPRESENTATION_CONTEXT('2D SPACE',''
  ) );
#429 = ORIENTED_EDGE('',*,*,#430,.T.);
#430 = EDGE_CURVE('',#403,#431,#433,.T.);
#431 = VERTEX_POINT('',#432);
#432 = CARTESIAN_POINT('',(-0.5,-10.7,0.));
#433 = SURFACE_CURVE('',#434,(#438,#445),.PCURVE_S1.);
#434 = LINE('',#435,#436);
#435 = CARTESIAN_POINT('',(-0.5,-12.7,0.));
#436 = VECTOR('',#437,1.);
#437 = DIRECTION('',(0.,1.,0.));
#438 = PCURVE('',#100,#439);
#439 = DEFINITIONAL_REPRESENTATION('',(#440),#444);
#440 = LINE('',#441,#442);
#441 = CARTESIAN_POINT('',(17.9,-0.5));
#442 = VECTOR('',#443,1.);
#443 = DIRECTION('',(0.,1.));
#444 = ( GEOMETRIC_REPRESENTATION_CONTEXT(2) 
PARAMETRIC_REPRESENTATION_CONTEXT() REPRESENTATION_CONTEXT('2D SPACE',''
  ) );
#445 = PCURVE('',#446,#451);
#446 = PLANE('',#447);
#447 = AXIS2_PLACEMENT_3D('',#448,#449,#450);
#448 = CARTESIAN_POINT('',(-0.5,-13.2,-1.));
#449 = DIRECTION('',(1.,0.,0.));
#450 = DIRECTION('',(0.,0.,1.));
#451 = DEFINITIONAL_REPRESENTATION('',(#452),#455);
#452 = B_SPLINE_CURVE_WITH_KNOTS('',1,(#453,#454),.UNSPECIFIED.,.F.,.F.,
  (2,2),(0.5,3.),.PIECEWISE_BEZIER_KNOTS.);
#453 = CARTESIAN_POINT('',(1.,-1.));
#454 = CARTESIAN_POINT('',(1.,-3.5));
#455 = ( GEOMETRIC_REPRESENTATION_CONTEXT(2) 
PARAMETRIC_REPRESENTATION_CONTEXT() REPRESENTATION_CONTEXT('2D SPACE',''
  ) );
#456 = ORIENTED_EDGE('',*,*,#457,.T.);
#457 = EDGE_CURVE('',#431,#458,#460,.T.);
#458 = VERTEX_POINT('',#459);
#459 = CARTESIAN_POINT('',(-16.9,-10.7,0.));
#460 = SURFACE_CURVE('',#461,(#465,#472),.PCURVE_S1.);
#461 = LINE('',#462,#463);
#462 = CARTESIAN_POINT('',(-17.65,-10.7,0.));
#463 = VECTOR('',#464,1.);
#464 = DIRECTION('',(-1.,0.,0.));
#465 = PCURVE('',#100,#466);
#466 = DEFINITIONAL_REPRESENTATION('',(#467),#471);
#467 = LINE('',#468,#469);
#468 = CARTESIAN_POINT('',(0.75,1.5));
#469 = VECTOR('',#470,1.);
#470 = DIRECTION('',(-1.,0.));
#471 = ( GEOMETRIC_REPRESENTATION_CONTEXT(2) 
PARAMETRIC_REPRESENTATION_CONTEXT() REPRESENTATION_CONTEXT('2D SPACE',''
  ) );
#472 = PCURVE('',#473,#478);
#473 = PLANE('',#474);
#474 = AXIS2_PLACEMENT_3D('',#475,#476,#477);
#475 = CARTESIAN_POINT('',(-16.9,-10.7,-1.));
#476 = DIRECTION('',(0.,1.,0.));
#477 = DIRECTION('',(0.,0.,1.));
#478 = DEFINITIONAL_REPRESENTATION('',(#479),#483);
#479 = LINE('',#480,#481);
#480 = CARTESIAN_POINT('',(1.,-0.75));
#481 = VECTOR('',#482,1.);
#482 = DIRECTION('',(0.,-1.));
#483 = ( GEOMETRIC_REPRESENTATION_CONTEXT(2) 
PARAMETRIC_REPRESENTATION_CONTEXT() REPRESENTATION_CONTEXT('2D SPACE',''
  ) );
#484 = ORIENTED_EDGE('',*,*,#485,.T.);
#485 = EDGE_CURVE('',#458,#486,#488,.T.);
#486 = VERTEX_POINT('',#487);
#487 = CARTESIAN_POINT('',(-16.9,10.7,0.));
#488 = SURFACE_CURVE('',#489,(#493,#500),.PCURVE_S1.);
#489 = LINE('',#490,#491);
#490 = CARTESIAN_POINT('',(-16.9,-11.45,0.));
#491 = VECTOR('',#492,1.);
#492 = DIRECTION('',(0.,1.,0.));
#493 = PCURVE('',#100,#494);
#494 = DEFINITIONAL_REPRESENTATION('',(#495),#499);
#495 = LINE('',#496,#497);
#496 = CARTESIAN_POINT('',(1.5,0.75));
#497 = VECTOR('',#498,1.);
#498 = DIRECTION('',(0.,1.));
#499 = ( GEOMETRIC_REPRESENTATION_CONTEXT(2) 
PARAMETRIC_REPRESENTATION_CONTEXT() REPRESENTATION_CONTEXT('2D SPACE',''
  ) );
#500 = PCURVE('',#501,#506);
#501 = PLANE('',#502);
#502 = AXIS2_PLACEMENT_3D('',#503,#504,#505);
#503 = CARTESIAN_POINT('',(-16.9,-10.7,-1.));
#504 = DIRECTION('',(1.,0.,0.));
#505 = DIRECTION('',(0.,0.,1.));
#506 = DEFINITIONAL_REPRESENTATION('',(#507),#511);
#507 = LINE('',#508,#509);
#508 = CARTESIAN_POINT('',(1.,0.75));
#509 = VECTOR('',#510,1.);
#510 = DIRECTION('',(0.,-1.));
#511 = ( GEOMETRIC_REPRESENTATION_CONTEXT(2) 
PARAMETRIC_REPRESENTATION_CONTEXT() REPRESENTATION_CONTEXT('2D SPACE',''
  ) );
#512 = ORIENTED_EDGE('',*,*,#513,.F.);
#513 = EDGE_CURVE('',#514,#486,#516,.T.);
#514 = VERTEX_POINT('',#515);
#515 = CARTESIAN_POINT('',(16.9,10.7,0.));
#516 = SURFACE_CURVE('',#517,(#521,#528),.PCURVE_S1.);
#517 = LINE('',#518,#519);
#518 = CARTESIAN_POINT('',(-17.65,10.7,0.));
#519 = VECTOR('',#520,1.);
#520 = DIRECTION('',(-1.,0.,0.));
#521 = PCURVE('',#100,#522);
#522 = DEFINITIONAL_REPRESENTATION('',(#523),#527);
#523 = LINE('',#524,#525);
#524 = CARTESIAN_POINT('',(0.75,22.9));
#525 = VECTOR('',#526,1.);
#526 = DIRECTION('',(-1.,0.));
#527 = ( GEOMETRIC_REPRESENTATION_CONTEXT(2) 
PARAMETRIC_REPRESENTATION_CONTEXT() REPRESENTATION_CONTEXT('2D SPACE',''
  ) );
#528 = PCURVE('',#529,#534);
#529 = PLANE('',#530);
#530 = AXIS2_PLACEMENT_3D('',#531,#532,#533);
#531 = CARTESIAN_POINT('',(-16.9,10.7,-1.));
#532 = DIRECTION('',(0.,1.,0.));
#533 = DIRECTION('',(0.,0.,1.));
#534 = DEFINITIONAL_REPRESENTATION('',(#535),#539);
#535 = LINE('',#536,#537);
#536 = CARTESIAN_POINT('',(1.,-0.75));
#537 = VECTOR('',#538,1.);
#538 = DIRECTION('',(0.,-1.));
#539 = ( GEOMETRIC_REPRESENTATION_CONTEXT(2) 
PARAMETRIC_REPRESENTATION_CONTEXT() REPRESENTATION_CONTEXT('2D SPACE',''
  ) );
#540 = ORIENTED_EDGE('',*,*,#541,.F.);
#541 = EDGE_CURVE('',#542,#514,#544,.T.);
#542 = VERTEX_POINT('',#543);
#543 = CARTESIAN_POINT('',(16.9,-10.7,0.));
#544 = SURFACE_CURVE('',#545,(#549,#556),.PCURVE_S1.);
#545 = LINE('',#546,#547);
#546 = CARTESIAN_POINT('',(16.9,-11.45,0.));
#547 = VECTOR('',#548,1.);
#548 = DIRECTION('',(0.,1.,0.));
#549 = PCURVE('',#100,#550);
#550 = DEFINITIONAL_REPRESENTATION('',(#551),#555);
#551 = LINE('',#552,#553);
#552 = CARTESIAN_POINT('',(35.3,0.75));
#553 = VECTOR('',#554,1.);
#554 = DIRECTION('',(0.,1.));
#555 = ( GEOMETRIC_REPRESENTATION_CONTEXT(2) 
PARAMETRIC_REPRESENTATION_CONTEXT() REPRESENTATION_CONTEXT('2D SPACE',''
  ) );
#556 = PCURVE('',#557,#562);
#557 = PLANE('',#558);
#558 = AXIS2_PLACEMENT_3D('',#559,#560,#561);
#559 = CARTESIAN_POINT('',(16.9,-10.7,-1.));
#560 = DIRECTION('',(1.,0.,0.));
#561 = DIRECTION('',(0.,0.,1.));
#562 = DEFINITIONAL_REPRESENTATION('',(#563),#567);
#563 = LINE('',#564,#565);
#564 = CARTESIAN_POINT('',(1.,0.75));
#565 = VECTOR('',#566,1.);
#566 = DIRECTION('',(0.,-1.));
#567 = ( GEOMETRIC_REPRESENTATION_CONTEXT(2) 
PARAMETRIC_REPRESENTATION_CONTEXT() REPRESENTATION_CONTEXT('2D SPACE',''
  ) );
#568 = ORIENTED_EDGE('',*,*,#569,.T.);
#569 = EDGE_CURVE('',#542,#570,#572,.T.);
#570 = VERTEX_POINT('',#571);
#571 = CARTESIAN_POINT('',(6.5,-10.7,0.));
#572 = SURFACE_CURVE('',#573,(#577,#584),.PCURVE_S1.);
#573 = LINE('',#574,#575);
#574 = CARTESIAN_POINT('',(-17.65,-10.7,0.));
#575 = VECTOR('',#576,1.);
#576 = DIRECTION('',(-1.,0.,0.));
#577 = PCURVE('',#100,#578);
#578 = DEFINITIONAL_REPRESENTATION('',(#579),#583);
#579 = LINE('',#580,#581);
#580 = CARTESIAN_POINT('',(0.75,1.5));
#581 = VECTOR('',#582,1.);
#582 = DIRECTION('',(-1.,0.));
#583 = ( GEOMETRIC_REPRESENTATION_CONTEXT(2) 
PARAMETRIC_REPRESENTATION_CONTEXT() REPRESENTATION_CONTEXT('2D SPACE',''
  ) );
#584 = PCURVE('',#585,#590);
#585 = PLANE('',#586);
#586 = AXIS2_PLACEMENT_3D('',#587,#588,#589);
#587 = CARTESIAN_POINT('',(-16.9,-10.7,-1.));
#588 = DIRECTION('',(0.,1.,0.));
#589 = DIRECTION('',(0.,0.,1.));
#590 = DEFINITIONAL_REPRESENTATION('',(#591),#595);
#591 = LINE('',#592,#593);
#592 = CARTESIAN_POINT('',(1.,-0.75));
#593 = VECTOR('',#594,1.);
#594 = DIRECTION('',(0.,-1.));
#595 = ( GEOMETRIC_REPRESENTATION_CONTEXT(2) 
PARAMETRIC_REPRESENTATION_CONTEXT() REPRESENTATION_CONTEXT('2D SPACE',''
  ) );
#596 = ORIENTED_EDGE('',*,*,#597,.F.);
#597 = EDGE_CURVE('',#598,#570,#600,.T.);
#598 = VERTEX_POINT('',#599);
#599 = CARTESIAN_POINT('',(6.5,-12.2,0.));
#600 = SURFACE_CURVE('',#601,(#605,#612),.PCURVE_S1.);
#601 = LINE('',#602,#603);
#602 = CARTESIAN_POINT('',(6.5,-12.7,0.));
#603 = VECTOR('',#604,1.);
#604 = DIRECTION('',(0.,1.,0.));
#605 = PCURVE('',#100,#606);
#606 = DEFINITIONAL_REPRESENTATION('',(#607),#611);
#607 = LINE('',#608,#609);
#608 = CARTESIAN_POINT('',(24.9,-0.5));
#609 = VECTOR('',#610,1.);
#610 = DIRECTION('',(0.,1.));
#611 = ( GEOMETRIC_REPRESENTATION_CONTEXT(2) 
PARAMETRIC_REPRESENTATION_CONTEXT() REPRESENTATION_CONTEXT('2D SPACE',''
  ) );
#612 = PCURVE('',#613,#618);
#613 = PLANE('',#614);
#614 = AXIS2_PLACEMENT_3D('',#615,#616,#617);
#615 = CARTESIAN_POINT('',(6.5,-13.2,-1.));
#616 = DIRECTION('',(1.,0.,0.));
#617 = DIRECTION('',(0.,0.,1.));
#618 = DEFINITIONAL_REPRESENTATION('',(#619),#622);
#619 = B_SPLINE_CURVE_WITH_KNOTS('',1,(#620,#621),.UNSPECIFIED.,.F.,.F.,
  (2,2),(0.5,3.),.PIECEWISE_BEZIER_KNOTS.);
#620 = CARTESIAN_POINT('',(1.,-1.));
#621 = CARTESIAN_POINT('',(1.,-3.5));
#622 = ( GEOMETRIC_REPRESENTATION_CONTEXT(2) 
PARAMETRIC_REPRESENTATION_CONTEXT() REPRESENTATION_CONTEXT('2D SPACE',''
  ) );
#623 = ORIENTED_EDGE('',*,*,#624,.T.);
#624 = EDGE_CURVE('',#598,#625,#627,.T.);
#625 = VERTEX_POINT('',#626);
#626 = CARTESIAN_POINT('',(16.4,-12.2,0.));
#627 = SURFACE_CURVE('',#628,(#632,#639),.PCURVE_S1.);
#628 = LINE('',#629,#630);
#629 = CARTESIAN_POINT('',(-18.4,-12.2,0.));
#630 = VECTOR('',#631,1.);
#631 = DIRECTION('',(1.,0.,0.));
#632 = PCURVE('',#100,#633);
#633 = DEFINITIONAL_REPRESENTATION('',(#634),#638);
#634 = LINE('',#635,#636);
#635 = CARTESIAN_POINT('',(0.,0.));
#636 = VECTOR('',#637,1.);
#637 = DIRECTION('',(1.,0.));
#638 = ( GEOMETRIC_REPRESENTATION_CONTEXT(2) 
PARAMETRIC_REPRESENTATION_CONTEXT() REPRESENTATION_CONTEXT('2D SPACE',''
  ) );
#639 = PCURVE('',#640,#645);
#640 = PLANE('',#641);
#641 = AXIS2_PLACEMENT_3D('',#642,#643,#644);
#642 = CARTESIAN_POINT('',(-18.4,-12.2,0.));
#643 = DIRECTION('',(0.,1.,0.));
#644 = DIRECTION('',(0.,0.,1.));
#645 = DEFINITIONAL_REPRESENTATION('',(#646),#650);
#646 = LINE('',#647,#648);
#647 = CARTESIAN_POINT('',(0.,0.));
#648 = VECTOR('',#649,1.);
#649 = DIRECTION('',(0.,1.));
#650 = ( GEOMETRIC_REPRESENTATION_CONTEXT(2) 
PARAMETRIC_REPRESENTATION_CONTEXT() REPRESENTATION_CONTEXT('2D SPACE',''
  ) );
#651 = ORIENTED_EDGE('',*,*,#652,.F.);
#652 = EDGE_CURVE('',#653,#625,#655,.T.);
#653 = VERTEX_POINT('',#654);
#654 = CARTESIAN_POINT('',(18.4,-10.2,0.));
#655 = SURFACE_CURVE('',#656,(#661,#672),.PCURVE_S1.);
#656 = CIRCLE('',#657,2.);
#657 = AXIS2_PLACEMENT_3D('',#658,#659,#660);
#658 = CARTESIAN_POINT('',(16.4,-10.2,0.));
#659 = DIRECTION('',(-0.,-0.,-1.));
#660 = DIRECTION('',(0.,-1.,0.));
#661 = PCURVE('',#100,#662);
#662 = DEFINITIONAL_REPRESENTATION('',(#663),#671);
#663 = ( BOUNDED_CURVE() B_SPLINE_CURVE(2,(#664,#665,#666,#667,#668,#669
,#670),.UNSPECIFIED.,.T.,.F.) B_SPLINE_CURVE_WITH_KNOTS((1,2,2,2,2,1),(
    -2.094395102393,0.,2.094395102393,4.188790204786,6.28318530718,
8.377580409573),.UNSPECIFIED.) CURVE() GEOMETRIC_REPRESENTATION_ITEM() 
RATIONAL_B_SPLINE_CURVE((1.,0.5,1.,0.5,1.,0.5,1.)) REPRESENTATION_ITEM(
  '') );
#664 = CARTESIAN_POINT('',(34.8,0.));
#665 = CARTESIAN_POINT('',(31.335898384862,0.));
#666 = CARTESIAN_POINT('',(33.067949192431,3.));
#667 = CARTESIAN_POINT('',(34.8,6.));
#668 = CARTESIAN_POINT('',(36.532050807569,3.));
#669 = CARTESIAN_POINT('',(38.264101615138,3.10862446895E-15));
#670 = CARTESIAN_POINT('',(34.8,0.));
#671 = ( GEOMETRIC_REPRESENTATION_CONTEXT(2) 
PARAMETRIC_REPRESENTATION_CONTEXT() REPRESENTATION_CONTEXT('2D SPACE',''
  ) );
#672 = PCURVE('',#673,#678);
#673 = CYLINDRICAL_SURFACE('',#674,2.);
#674 = AXIS2_PLACEMENT_3D('',#675,#676,#677);
#675 = CARTESIAN_POINT('',(16.4,-10.2,0.));
#676 = DIRECTION('',(0.,0.,1.));
#677 = DIRECTION('',(1.,0.,-0.));
#678 = DEFINITIONAL_REPRESENTATION('',(#679),#683);
#679 = LINE('',#680,#681);
#680 = CARTESIAN_POINT('',(4.712388980385,-0.));
#681 = VECTOR('',#682,1.);
#682 = DIRECTION('',(-1.,0.));
#683 = ( GEOMETRIC_REPRESENTATION_CONTEXT(2) 
PARAMETRIC_REPRESENTATION_CONTEXT() REPRESENTATION_CONTEXT('2D SPACE',''
  ) );
#684 = ORIENTED_EDGE('',*,*,#685,.T.);
#685 = EDGE_CURVE('',#653,#686,#688,.T.);
#686 = VERTEX_POINT('',#687);
#687 = CARTESIAN_POINT('',(18.4,10.2,0.));
#688 = SURFACE_CURVE('',#689,(#693,#700),.PCURVE_S1.);
#689 = LINE('',#690,#691);
#690 = CARTESIAN_POINT('',(18.4,-12.2,0.));
#691 = VECTOR('',#692,1.);
#692 = DIRECTION('',(0.,1.,0.));
#693 = PCURVE('',#100,#694);
#694 = DEFINITIONAL_REPRESENTATION('',(#695),#699);
#695 = LINE('',#696,#697);
#696 = CARTESIAN_POINT('',(36.8,0.));
#697 = VECTOR('',#698,1.);
#698 = DIRECTION('',(0.,1.));
#699 = ( GEOMETRIC_REPRESENTATION_CONTEXT(2) 
PARAMETRIC_REPRESENTATION_CONTEXT() REPRESENTATION_CONTEXT('2D SPACE',''
  ) );
#700 = PCURVE('',#701,#706);
#701 = PLANE('',#702);
#702 = AXIS2_PLACEMENT_3D('',#703,#704,#705);
#703 = CARTESIAN_POINT('',(18.4,-12.2,0.));
#704 = DIRECTION('',(1.,0.,0.));
#705 = DIRECTION('',(0.,0.,1.));
#706 = DEFINITIONAL_REPRESENTATION('',(#707),#711);
#707 = LINE('',#708,#709);
#708 = CARTESIAN_POINT('',(0.,0.));
#709 = VECTOR('',#710,1.);
#710 = DIRECTION('',(0.,-1.));
#711 = ( GEOMETRIC_REPRESENTATION_CONTEXT(2) 
PARAMETRIC_REPRESENTATION_CONTEXT() REPRESENTATION_CONTEXT('2D SPACE',''
  ) );
#712 = ORIENTED_EDGE('',*,*,#713,.T.);
#713 = EDGE_CURVE('',#686,#714,#716,.T.);
#714 = VERTEX_POINT('',#715);
#715 = CARTESIAN_POINT('',(16.4,12.2,0.));
#716 = SURFACE_CURVE('',#717,(#722,#729),.PCURVE_S1.);
#717 = CIRCLE('',#718,2.);
#718 = AXIS2_PLACEMENT_3D('',#719,#720,#721);
#719 = CARTESIAN_POINT('',(16.4,10.2,0.));
#720 = DIRECTION('',(0.,0.,1.));
#721 = DIRECTION('',(0.,-1.,0.));
#722 = PCURVE('',#100,#723);
#723 = DEFINITIONAL_REPRESENTATION('',(#724),#728);
#724 = CIRCLE('',#725,2.);
#725 = AXIS2_PLACEMENT_2D('',#726,#727);
#726 = CARTESIAN_POINT('',(34.8,22.4));
#727 = DIRECTION('',(0.,-1.));
#728 = ( GEOMETRIC_REPRESENTATION_CONTEXT(2) 
PARAMETRIC_REPRESENTATION_CONTEXT() REPRESENTATION_CONTEXT('2D SPACE',''
  ) );
#729 = PCURVE('',#730,#735);
#730 = CYLINDRICAL_SURFACE('',#731,2.);
#731 = AXIS2_PLACEMENT_3D('',#732,#733,#734);
#732 = CARTESIAN_POINT('',(16.4,10.2,0.));
#733 = DIRECTION('',(0.,0.,1.));
#734 = DIRECTION('',(1.,0.,-0.));
#735 = DEFINITIONAL_REPRESENTATION('',(#736),#740);
#736 = LINE('',#737,#738);
#737 = CARTESIAN_POINT('',(-1.570796326795,0.));
#738 = VECTOR('',#739,1.);
#739 = DIRECTION('',(1.,0.));
#740 = ( GEOMETRIC_REPRESENTATION_CONTEXT(2) 
PARAMETRIC_REPRESENTATION_CONTEXT() REPRESENTATION_CONTEXT('2D SPACE',''
  ) );
#741 = ORIENTED_EDGE('',*,*,#742,.F.);
#742 = EDGE_CURVE('',#743,#714,#745,.T.);
#743 = VERTEX_POINT('',#744);
#744 = CARTESIAN_POINT('',(2.,12.2,0.));
#745 = SURFACE_CURVE('',#746,(#750,#757),.PCURVE_S1.);
#746 = LINE('',#747,#748);
#747 = CARTESIAN_POINT('',(-18.4,12.2,0.));
#748 = VECTOR('',#749,1.);
#749 = DIRECTION('',(1.,0.,0.));
#750 = PCURVE('',#100,#751);
#751 = DEFINITIONAL_REPRESENTATION('',(#752),#756);
#752 = LINE('',#753,#754);
#753 = CARTESIAN_POINT('',(0.,24.4));
#754 = VECTOR('',#755,1.);
#755 = DIRECTION('',(1.,0.));
#756 = ( GEOMETRIC_REPRESENTATION_CONTEXT(2) 
PARAMETRIC_REPRESENTATION_CONTEXT() REPRESENTATION_CONTEXT('2D SPACE',''
  ) );
#757 = PCURVE('',#758,#763);
#758 = PLANE('',#759);
#759 = AXIS2_PLACEMENT_3D('',#760,#761,#762);
#760 = CARTESIAN_POINT('',(-18.4,12.2,0.));
#761 = DIRECTION('',(0.,1.,0.));
#762 = DIRECTION('',(0.,0.,1.));
#763 = DEFINITIONAL_REPRESENTATION('',(#764),#768);
#764 = LINE('',#765,#766);
#765 = CARTESIAN_POINT('',(0.,0.));
#766 = VECTOR('',#767,1.);
#767 = DIRECTION('',(0.,1.));
#768 = ( GEOMETRIC_REPRESENTATION_CONTEXT(2) 
PARAMETRIC_REPRESENTATION_CONTEXT() REPRESENTATION_CONTEXT('2D SPACE',''
  ) );
#769 = ORIENTED_EDGE('',*,*,#770,.F.);
#770 = EDGE_CURVE('',#771,#743,#773,.T.);
#771 = VERTEX_POINT('',#772);
#772 = CARTESIAN_POINT('',(4.,14.2,0.));
#773 = SURFACE_CURVE('',#774,(#779,#790),.PCURVE_S1.);
#774 = CIRCLE('',#775,2.);
#775 = AXIS2_PLACEMENT_3D('',#776,#777,#778);
#776 = CARTESIAN_POINT('',(2.,14.2,0.));
#777 = DIRECTION('',(-0.,-0.,-1.));
#778 = DIRECTION('',(0.,-1.,0.));
#779 = PCURVE('',#100,#780);
#780 = DEFINITIONAL_REPRESENTATION('',(#781),#789);
#781 = ( BOUNDED_CURVE() B_SPLINE_CURVE(2,(#782,#783,#784,#785,#786,#787
,#788),.UNSPECIFIED.,.T.,.F.) B_SPLINE_CURVE_WITH_KNOTS((1,2,2,2,2,1),(
    -2.094395102393,0.,2.094395102393,4.188790204786,6.28318530718,
8.377580409573),.UNSPECIFIED.) CURVE() GEOMETRIC_REPRESENTATION_ITEM() 
RATIONAL_B_SPLINE_CURVE((1.,0.5,1.,0.5,1.,0.5,1.)) REPRESENTATION_ITEM(
  '') );
#782 = CARTESIAN_POINT('',(20.4,24.4));
#783 = CARTESIAN_POINT('',(16.935898384862,24.4));
#784 = CARTESIAN_POINT('',(18.667949192431,27.4));
#785 = CARTESIAN_POINT('',(20.4,30.4));
#786 = CARTESIAN_POINT('',(22.132050807569,27.4));
#787 = CARTESIAN_POINT('',(23.864101615138,24.4));
#788 = CARTESIAN_POINT('',(20.4,24.4));
#789 = ( GEOMETRIC_REPRESENTATION_CONTEXT(2) 
PARAMETRIC_REPRESENTATION_CONTEXT() REPRESENTATION_CONTEXT('2D SPACE',''
  ) );
#790 = PCURVE('',#791,#796);
#791 = CYLINDRICAL_SURFACE('',#792,2.);
#792 = AXIS2_PLACEMENT_3D('',#793,#794,#795);
#793 = CARTESIAN_POINT('',(2.,14.2,0.));
#794 = DIRECTION('',(0.,0.,1.));
#795 = DIRECTION('',(1.,0.,-0.));
#796 = DEFINITIONAL_REPRESENTATION('',(#797),#801);
#797 = LINE('',#798,#799);
#798 = CARTESIAN_POINT('',(4.712388980385,-0.));
#799 = VECTOR('',#800,1.);
#800 = DIRECTION('',(-1.,0.));
#801 = ( GEOMETRIC_REPRESENTATION_CONTEXT(2) 
PARAMETRIC_REPRESENTATION_CONTEXT() REPRESENTATION_CONTEXT('2D SPACE',''
  ) );
#802 = ORIENTED_EDGE('',*,*,#803,.T.);
#803 = EDGE_CURVE('',#771,#804,#806,.T.);
#804 = VERTEX_POINT('',#805);
#805 = CARTESIAN_POINT('',(4.,15.142135623731,0.));
#806 = SURFACE_CURVE('',#807,(#811,#818),.PCURVE_S1.);
#807 = LINE('',#808,#809);
#808 = CARTESIAN_POINT('',(4.,12.2,0.));
#809 = VECTOR('',#810,1.);
#810 = DIRECTION('',(0.,1.,0.));
#811 = PCURVE('',#100,#812);
#812 = DEFINITIONAL_REPRESENTATION('',(#813),#817);
#813 = LINE('',#814,#815);
#814 = CARTESIAN_POINT('',(22.4,24.4));
#815 = VECTOR('',#816,1.);
#816 = DIRECTION('',(0.,1.));
#817 = ( GEOMETRIC_REPRESENTATION_CONTEXT(2) 
PARAMETRIC_REPRESENTATION_CONTEXT() REPRESENTATION_CONTEXT('2D SPACE',''
  ) );
#818 = PCURVE('',#819,#824);
#819 = PLANE('',#820);
#820 = AXIS2_PLACEMENT_3D('',#821,#822,#823);
#821 = CARTESIAN_POINT('',(4.,12.2,0.));
#822 = DIRECTION('',(1.,0.,0.));
#823 = DIRECTION('',(0.,0.,1.));
#824 = DEFINITIONAL_REPRESENTATION('',(#825),#829);
#825 = LINE('',#826,#827);
#826 = CARTESIAN_POINT('',(0.,0.));
#827 = VECTOR('',#828,1.);
#828 = DIRECTION('',(0.,-1.));
#829 = ( GEOMETRIC_REPRESENTATION_CONTEXT(2) 
PARAMETRIC_REPRESENTATION_CONTEXT() REPRESENTATION_CONTEXT('2D SPACE',''
  ) );
#830 = ORIENTED_EDGE('',*,*,#831,.T.);
#831 = EDGE_CURVE('',#804,#832,#834,.T.);
#832 = VERTEX_POINT('',#833);
#833 = CARTESIAN_POINT('',(2.,17.142135623731,0.));
#834 = SURFACE_CURVE('',#835,(#840,#847),.PCURVE_S1.);
#835 = CIRCLE('',#836,2.);
#836 = AXIS2_PLACEMENT_3D('',#837,#838,#839);
#837 = CARTESIAN_POINT('',(2.,15.142135623731,0.));
#838 = DIRECTION('',(0.,0.,1.));
#839 = DIRECTION('',(0.,-1.,0.));
#840 = PCURVE('',#100,#841);
#841 = DEFINITIONAL_REPRESENTATION('',(#842),#846);
#842 = CIRCLE('',#843,2.);
#843 = AXIS2_PLACEMENT_2D('',#844,#845);
#844 = CARTESIAN_POINT('',(20.4,27.342135623731));
#845 = DIRECTION('',(0.,-1.));
#846 = ( GEOMETRIC_REPRESENTATION_CONTEXT(2) 
PARAMETRIC_REPRESENTATION_CONTEXT() REPRESENTATION_CONTEXT('2D SPACE',''
  ) );
#847 = PCURVE('',#848,#853);
#848 = CYLINDRICAL_SURFACE('',#849,2.);
#849 = AXIS2_PLACEMENT_3D('',#850,#851,#852);
#850 = CARTESIAN_POINT('',(2.,15.142135623731,0.));
#851 = DIRECTION('',(0.,0.,1.));
#852 = DIRECTION('',(1.,0.,-0.));
#853 = DEFINITIONAL_REPRESENTATION('',(#854),#858);
#854 = LINE('',#855,#856);
#855 = CARTESIAN_POINT('',(-1.570796326795,0.));
#856 = VECTOR('',#857,1.);
#857 = DIRECTION('',(1.,0.));
#858 = ( GEOMETRIC_REPRESENTATION_CONTEXT(2) 
PARAMETRIC_REPRESENTATION_CONTEXT() REPRESENTATION_CONTEXT('2D SPACE',''
  ) );
#859 = ORIENTED_EDGE('',*,*,#860,.F.);
#860 = EDGE_CURVE('',#861,#832,#863,.T.);
#861 = VERTEX_POINT('',#862);
#862 = CARTESIAN_POINT('',(-2.,17.142135623731,0.));
#863 = SURFACE_CURVE('',#864,(#868,#875),.PCURVE_S1.);
#864 = LINE('',#865,#866);
#865 = CARTESIAN_POINT('',(-4.,17.142135623731,0.));
#866 = VECTOR('',#867,1.);
#867 = DIRECTION('',(1.,0.,0.));
#868 = PCURVE('',#100,#869);
#869 = DEFINITIONAL_REPRESENTATION('',(#870),#874);
#870 = LINE('',#871,#872);
#871 = CARTESIAN_POINT('',(14.4,29.342135623731));
#872 = VECTOR('',#873,1.);
#873 = DIRECTION('',(1.,0.));
#874 = ( GEOMETRIC_REPRESENTATION_CONTEXT(2) 
PARAMETRIC_REPRESENTATION_CONTEXT() REPRESENTATION_CONTEXT('2D SPACE',''
  ) );
#875 = PCURVE('',#876,#881);
#876 = PLANE('',#877);
#877 = AXIS2_PLACEMENT_3D('',#878,#879,#880);
#878 = CARTESIAN_POINT('',(-4.,17.142135623731,0.));
#879 = DIRECTION('',(0.,1.,0.));
#880 = DIRECTION('',(0.,0.,1.));
#881 = DEFINITIONAL_REPRESENTATION('',(#882),#886);
#882 = LINE('',#883,#884);
#883 = CARTESIAN_POINT('',(0.,0.));
#884 = VECTOR('',#885,1.);
#885 = DIRECTION('',(0.,1.));
#886 = ( GEOMETRIC_REPRESENTATION_CONTEXT(2) 
PARAMETRIC_REPRESENTATION_CONTEXT() REPRESENTATION_CONTEXT('2D SPACE',''
  ) );
#887 = ORIENTED_EDGE('',*,*,#888,.F.);
#888 = EDGE_CURVE('',#889,#861,#891,.T.);
#889 = VERTEX_POINT('',#890);
#890 = CARTESIAN_POINT('',(-4.,15.142135623731,0.));
#891 = SURFACE_CURVE('',#892,(#897,#908),.PCURVE_S1.);
#892 = CIRCLE('',#893,2.);
#893 = AXIS2_PLACEMENT_3D('',#894,#895,#896);
#894 = CARTESIAN_POINT('',(-2.,15.142135623731,0.));
#895 = DIRECTION('',(-0.,-0.,-1.));
#896 = DIRECTION('',(0.,-1.,0.));
#897 = PCURVE('',#100,#898);
#898 = DEFINITIONAL_REPRESENTATION('',(#899),#907);
#899 = ( BOUNDED_CURVE() B_SPLINE_CURVE(2,(#900,#901,#902,#903,#904,#905
,#906),.UNSPECIFIED.,.T.,.F.) B_SPLINE_CURVE_WITH_KNOTS((1,2,2,2,2,1),(
    -2.094395102393,0.,2.094395102393,4.188790204786,6.28318530718,
8.377580409573),.UNSPECIFIED.) CURVE() GEOMETRIC_REPRESENTATION_ITEM() 
RATIONAL_B_SPLINE_CURVE((1.,0.5,1.,0.5,1.,0.5,1.)) REPRESENTATION_ITEM(
  '') );
#900 = CARTESIAN_POINT('',(16.4,25.342135623731));
#901 = CARTESIAN_POINT('',(12.935898384862,25.342135623731));
#902 = CARTESIAN_POINT('',(14.667949192431,28.342135623731));
#903 = CARTESIAN_POINT('',(16.4,31.342135623731));
#904 = CARTESIAN_POINT('',(18.132050807569,28.342135623731));
#905 = CARTESIAN_POINT('',(19.864101615138,25.342135623731));
#906 = CARTESIAN_POINT('',(16.4,25.342135623731));
#907 = ( GEOMETRIC_REPRESENTATION_CONTEXT(2) 
PARAMETRIC_REPRESENTATION_CONTEXT() REPRESENTATION_CONTEXT('2D SPACE',''
  ) );
#908 = PCURVE('',#909,#914);
#909 = CYLINDRICAL_SURFACE('',#910,2.);
#910 = AXIS2_PLACEMENT_3D('',#911,#912,#913);
#911 = CARTESIAN_POINT('',(-2.,15.142135623731,0.));
#912 = DIRECTION('',(0.,0.,1.));
#913 = DIRECTION('',(-1.,-0.,0.));
#914 = DEFINITIONAL_REPRESENTATION('',(#915),#919);
#915 = LINE('',#916,#917);
#916 = CARTESIAN_POINT('',(1.570796326795,-0.));
#917 = VECTOR('',#918,1.);
#918 = DIRECTION('',(-1.,0.));
#919 = ( GEOMETRIC_REPRESENTATION_CONTEXT(2) 
PARAMETRIC_REPRESENTATION_CONTEXT() REPRESENTATION_CONTEXT('2D SPACE',''
  ) );
#920 = ORIENTED_EDGE('',*,*,#921,.F.);
#921 = EDGE_CURVE('',#922,#889,#924,.T.);
#922 = VERTEX_POINT('',#923);
#923 = CARTESIAN_POINT('',(-4.,14.2,0.));
#924 = SURFACE_CURVE('',#925,(#929,#936),.PCURVE_S1.);
#925 = LINE('',#926,#927);
#926 = CARTESIAN_POINT('',(-4.,12.2,0.));
#927 = VECTOR('',#928,1.);
#928 = DIRECTION('',(0.,1.,0.));
#929 = PCURVE('',#100,#930);
#930 = DEFINITIONAL_REPRESENTATION('',(#931),#935);
#931 = LINE('',#932,#933);
#932 = CARTESIAN_POINT('',(14.4,24.4));
#933 = VECTOR('',#934,1.);
#934 = DIRECTION('',(0.,1.));
#935 = ( GEOMETRIC_REPRESENTATION_CONTEXT(2) 
PARAMETRIC_REPRESENTATION_CONTEXT() REPRESENTATION_CONTEXT('2D SPACE',''
  ) );
#936 = PCURVE('',#937,#942);
#937 = PLANE('',#938);
#938 = AXIS2_PLACEMENT_3D('',#939,#940,#941);
#939 = CARTESIAN_POINT('',(-4.,12.2,0.));
#940 = DIRECTION('',(1.,0.,0.));
#941 = DIRECTION('',(0.,0.,1.));
#942 = DEFINITIONAL_REPRESENTATION('',(#943),#947);
#943 = LINE('',#944,#945);
#944 = CARTESIAN_POINT('',(0.,0.));
#945 = VECTOR('',#946,1.);
#946 = DIRECTION('',(0.,-1.));
#947 = ( GEOMETRIC_REPRESENTATION_CONTEXT(2) 
PARAMETRIC_REPRESENTATION_CONTEXT() REPRESENTATION_CONTEXT('2D SPACE',''
  ) );
#948 = ORIENTED_EDGE('',*,*,#949,.T.);
#949 = EDGE_CURVE('',#922,#950,#952,.T.);
#950 = VERTEX_POINT('',#951);
#951 = CARTESIAN_POINT('',(-2.,12.2,0.));
#952 = SURFACE_CURVE('',#953,(#958,#965),.PCURVE_S1.);
#953 = CIRCLE('',#954,2.);
#954 = AXIS2_PLACEMENT_3D('',#955,#956,#957);
#955 = CARTESIAN_POINT('',(-2.,14.2,0.));
#956 = DIRECTION('',(0.,0.,1.));
#957 = DIRECTION('',(0.,-1.,0.));
#958 = PCURVE('',#100,#959);
#959 = DEFINITIONAL_REPRESENTATION('',(#960),#964);
#960 = CIRCLE('',#961,2.);
#961 = AXIS2_PLACEMENT_2D('',#962,#963);
#962 = CARTESIAN_POINT('',(16.4,26.4));
#963 = DIRECTION('',(0.,-1.));
#964 = ( GEOMETRIC_REPRESENTATION_CONTEXT(2) 
PARAMETRIC_REPRESENTATION_CONTEXT() REPRESENTATION_CONTEXT('2D SPACE',''
  ) );
#965 = PCURVE('',#966,#971);
#966 = CYLINDRICAL_SURFACE('',#967,2.);
#967 = AXIS2_PLACEMENT_3D('',#968,#969,#970);
#968 = CARTESIAN_POINT('',(-2.,14.2,0.));
#969 = DIRECTION('',(0.,0.,1.));
#970 = DIRECTION('',(-1.,-0.,0.));
#971 = DEFINITIONAL_REPRESENTATION('',(#972),#976);
#972 = LINE('',#973,#974);
#973 = CARTESIAN_POINT('',(-4.712388980385,0.));
#974 = VECTOR('',#975,1.);
#975 = DIRECTION('',(1.,0.));
#976 = ( GEOMETRIC_REPRESENTATION_CONTEXT(2) 
PARAMETRIC_REPRESENTATION_CONTEXT() REPRESENTATION_CONTEXT('2D SPACE',''
  ) );
#977 = ORIENTED_EDGE('',*,*,#978,.F.);
#978 = EDGE_CURVE('',#979,#950,#981,.T.);
#979 = VERTEX_POINT('',#980);
#980 = CARTESIAN_POINT('',(-16.4,12.2,0.));
#981 = SURFACE_CURVE('',#982,(#986,#993),.PCURVE_S1.);
#982 = LINE('',#983,#984);
#983 = CARTESIAN_POINT('',(-18.4,12.2,0.));
#984 = VECTOR('',#985,1.);
#985 = DIRECTION('',(1.,0.,0.));
#986 = PCURVE('',#100,#987);
#987 = DEFINITIONAL_REPRESENTATION('',(#988),#992);
#988 = LINE('',#989,#990);
#989 = CARTESIAN_POINT('',(0.,24.4));
#990 = VECTOR('',#991,1.);
#991 = DIRECTION('',(1.,0.));
#992 = ( GEOMETRIC_REPRESENTATION_CONTEXT(2) 
PARAMETRIC_REPRESENTATION_CONTEXT() REPRESENTATION_CONTEXT('2D SPACE',''
  ) );
#993 = PCURVE('',#758,#994);
#994 = DEFINITIONAL_REPRESENTATION('',(#995),#999);
#995 = LINE('',#996,#997);
#996 = CARTESIAN_POINT('',(0.,0.));
#997 = VECTOR('',#998,1.);
#998 = DIRECTION('',(0.,1.));
#999 = ( GEOMETRIC_REPRESENTATION_CONTEXT(2) 
PARAMETRIC_REPRESENTATION_CONTEXT() REPRESENTATION_CONTEXT('2D SPACE',''
  ) );
#1000 = ORIENTED_EDGE('',*,*,#1001,.F.);
#1001 = EDGE_CURVE('',#85,#979,#1002,.T.);
#1002 = SURFACE_CURVE('',#1003,(#1008,#1019),.PCURVE_S1.);
#1003 = CIRCLE('',#1004,2.);
#1004 = AXIS2_PLACEMENT_3D('',#1005,#1006,#1007);
#1005 = CARTESIAN_POINT('',(-16.4,10.2,0.));
#1006 = DIRECTION('',(-0.,-0.,-1.));
#1007 = DIRECTION('',(0.,-1.,0.));
#1008 = PCURVE('',#100,#1009);
#1009 = DEFINITIONAL_REPRESENTATION('',(#1010),#1018);
#1010 = ( BOUNDED_CURVE() B_SPLINE_CURVE(2,(#1011,#1012,#1013,#1014,
#1015,#1016,#1017),.UNSPECIFIED.,.T.,.F.) B_SPLINE_CURVE_WITH_KNOTS((1,2
    ,2,2,2,1),(-2.094395102393,0.,2.094395102393,4.188790204786,
6.28318530718,8.377580409573),.UNSPECIFIED.) CURVE() 
GEOMETRIC_REPRESENTATION_ITEM() RATIONAL_B_SPLINE_CURVE((1.,0.5,1.,0.5,
1.,0.5,1.)) REPRESENTATION_ITEM('') );
#1011 = CARTESIAN_POINT('',(2.,20.4));
#1012 = CARTESIAN_POINT('',(-1.464101615138,20.4));
#1013 = CARTESIAN_POINT('',(0.267949192431,23.4));
#1014 = CARTESIAN_POINT('',(2.,26.4));
#1015 = CARTESIAN_POINT('',(3.732050807569,23.4));
#1016 = CARTESIAN_POINT('',(5.464101615138,20.4));
#1017 = CARTESIAN_POINT('',(2.,20.4));
#1018 = ( GEOMETRIC_REPRESENTATION_CONTEXT(2) 
PARAMETRIC_REPRESENTATION_CONTEXT() REPRESENTATION_CONTEXT('2D SPACE',''
  ) );
#1019 = PCURVE('',#126,#1020);
#1020 = DEFINITIONAL_REPRESENTATION('',(#1021),#1025);
#1021 = LINE('',#1022,#1023);
#1022 = CARTESIAN_POINT('',(1.570796326795,-0.));
#1023 = VECTOR('',#1024,1.);
#1024 = DIRECTION('',(-1.,0.));
#1025 = ( GEOMETRIC_REPRESENTATION_CONTEXT(2) 
PARAMETRIC_REPRESENTATION_CONTEXT() REPRESENTATION_CONTEXT('2D SPACE',''
  ) );
#1026 = FACE_BOUND('',#1027,.F.);
#1027 = EDGE_LOOP('',(#1028));
#1028 = ORIENTED_EDGE('',*,*,#1029,.T.);
#1029 = EDGE_CURVE('',#1030,#1030,#1032,.T.);
#1030 = VERTEX_POINT('',#1031);
#1031 = CARTESIAN_POINT('',(1.1,-14.14213562373,0.));
#1032 = SURFACE_CURVE('',#1033,(#1038,#1049),.PCURVE_S1.);
#1033 = CIRCLE('',#1034,1.1);
#1034 = AXIS2_PLACEMENT_3D('',#1035,#1036,#1037);
#1035 = CARTESIAN_POINT('',(0.,-14.14213562373,0.));
#1036 = DIRECTION('',(0.,0.,-1.));
#1037 = DIRECTION('',(1.,0.,0.));
#1038 = PCURVE('',#100,#1039);
#1039 = DEFINITIONAL_REPRESENTATION('',(#1040),#1048);
#1040 = ( BOUNDED_CURVE() B_SPLINE_CURVE(2,(#1041,#1042,#1043,#1044,
#1045,#1046,#1047),.UNSPECIFIED.,.T.,.F.) B_SPLINE_CURVE_WITH_KNOTS((1,2
    ,2,2,2,1),(-2.094395102393,0.,2.094395102393,4.188790204786,
6.28318530718,8.377580409573),.UNSPECIFIED.) CURVE() 
GEOMETRIC_REPRESENTATION_ITEM() RATIONAL_B_SPLINE_CURVE((1.,0.5,1.,0.5,
1.,0.5,1.)) REPRESENTATION_ITEM('') );
#1041 = CARTESIAN_POINT('',(19.5,-1.942135623731));
#1042 = CARTESIAN_POINT('',(19.5,-3.847391512057));
#1043 = CARTESIAN_POINT('',(17.85,-2.894763567894));
#1044 = CARTESIAN_POINT('',(16.2,-1.942135623731));
#1045 = CARTESIAN_POINT('',(17.85,-0.989507679568));
#1046 = CARTESIAN_POINT('',(19.5,-3.687973540518E-02));
#1047 = CARTESIAN_POINT('',(19.5,-1.942135623731));
#1048 = ( GEOMETRIC_REPRESENTATION_CONTEXT(2) 
PARAMETRIC_REPRESENTATION_CONTEXT() REPRESENTATION_CONTEXT('2D SPACE',''
  ) );
#1049 = PCURVE('',#1050,#1055);
#1050 = CYLINDRICAL_SURFACE('',#1051,1.1);
#1051 = AXIS2_PLACEMENT_3D('',#1052,#1053,#1054);
#1052 = CARTESIAN_POINT('',(0.,-14.14213562373,-1.));
#1053 = DIRECTION('',(-0.,-0.,-1.));
#1054 = DIRECTION('',(1.,0.,0.));
#1055 = DEFINITIONAL_REPRESENTATION('',(#1056),#1060);
#1056 = LINE('',#1057,#1058);
#1057 = CARTESIAN_POINT('',(-6.28318530718,-1.));
#1058 = VECTOR('',#1059,1.);
#1059 = DIRECTION('',(1.,-0.));
#1060 = ( GEOMETRIC_REPRESENTATION_CONTEXT(2) 
PARAMETRIC_REPRESENTATION_CONTEXT() REPRESENTATION_CONTEXT('2D SPACE',''
  ) );
#1061 = FACE_BOUND('',#1062,.F.);
#1062 = EDGE_LOOP('',(#1063));
#1063 = ORIENTED_EDGE('',*,*,#1064,.T.);
#1064 = EDGE_CURVE('',#1065,#1065,#1067,.T.);
#1065 = VERTEX_POINT('',#1066);
#1066 = CARTESIAN_POINT('',(1.1,14.142135623731,0.));
#1067 = SURFACE_CURVE('',#1068,(#1073,#1084),.PCURVE_S1.);
#1068 = CIRCLE('',#1069,1.1);
#1069 = AXIS2_PLACEMENT_3D('',#1070,#1071,#1072);
#1070 = CARTESIAN_POINT('',(0.,14.142135623731,0.));
#1071 = DIRECTION('',(0.,0.,-1.));
#1072 = DIRECTION('',(1.,0.,0.));
#1073 = PCURVE('',#100,#1074);
#1074 = DEFINITIONAL_REPRESENTATION('',(#1075),#1083);
#1075 = ( BOUNDED_CURVE() B_SPLINE_CURVE(2,(#1076,#1077,#1078,#1079,
#1080,#1081,#1082),.UNSPECIFIED.,.T.,.F.) B_SPLINE_CURVE_WITH_KNOTS((1,2
    ,2,2,2,1),(-2.094395102393,0.,2.094395102393,4.188790204786,
6.28318530718,8.377580409573),.UNSPECIFIED.) CURVE() 
GEOMETRIC_REPRESENTATION_ITEM() RATIONAL_B_SPLINE_CURVE((1.,0.5,1.,0.5,
1.,0.5,1.)) REPRESENTATION_ITEM('') );
#1076 = CARTESIAN_POINT('',(19.5,26.342135623731));
#1077 = CARTESIAN_POINT('',(19.5,24.436879735405));
#1078 = CARTESIAN_POINT('',(17.85,25.389507679568));
#1079 = CARTESIAN_POINT('',(16.2,26.342135623731));
#1080 = CARTESIAN_POINT('',(17.85,27.294763567894));
#1081 = CARTESIAN_POINT('',(19.5,28.247391512057));
#1082 = CARTESIAN_POINT('',(19.5,26.342135623731));
#1083 = ( GEOMETRIC_REPRESENTATION_CONTEXT(2) 
PARAMETRIC_REPRESENTATION_CONTEXT() REPRESENTATION_CONTEXT('2D SPACE',''
  ) );
#1084 = PCURVE('',#1085,#1090);
#1085 = CYLINDRICAL_SURFACE('',#1086,1.1);
#1086 = AXIS2_PLACEMENT_3D('',#1087,#1088,#1089);
#1087 = CARTESIAN_POINT('',(0.,14.142135623731,-1.));
#1088 = DIRECTION('',(-0.,-0.,-1.));
#1089 = DIRECTION('',(1.,0.,0.));
#1090 = DEFINITIONAL_REPRESENTATION('',(#1091),#1095);
#1091 = LINE('',#1092,#1093);
#1092 = CARTESIAN_POINT('',(-6.28318530718,-1.));
#1093 = VECTOR('',#1094,1.);
#1094 = DIRECTION('',(1.,-0.));
#1095 = ( GEOMETRIC_REPRESENTATION_CONTEXT(2) 
PARAMETRIC_REPRESENTATION_CONTEXT() REPRESENTATION_CONTEXT('2D SPACE',''
  ) );
#1096 = ADVANCED_FACE('',(#1097),#1085,.F.);
#1097 = FACE_BOUND('',#1098,.T.);
#1098 = EDGE_LOOP('',(#1099,#1100,#1123,#1154));
#1099 = ORIENTED_EDGE('',*,*,#1064,.T.);
#1100 = ORIENTED_EDGE('',*,*,#1101,.T.);
#1101 = EDGE_CURVE('',#1065,#1102,#1104,.T.);
#1102 = VERTEX_POINT('',#1103);
#1103 = CARTESIAN_POINT('',(1.1,14.142135623731,1.5));
#1104 = SEAM_CURVE('',#1105,(#1109,#1116),.PCURVE_S1.);
#1105 = LINE('',#1106,#1107);
#1106 = CARTESIAN_POINT('',(1.1,14.142135623731,-1.));
#1107 = VECTOR('',#1108,1.);
#1108 = DIRECTION('',(0.,0.,1.));
#1109 = PCURVE('',#1085,#1110);
#1110 = DEFINITIONAL_REPRESENTATION('',(#1111),#1115);
#1111 = LINE('',#1112,#1113);
#1112 = CARTESIAN_POINT('',(-6.28318530718,0.));
#1113 = VECTOR('',#1114,1.);
#1114 = DIRECTION('',(-0.,-1.));
#1115 = ( GEOMETRIC_REPRESENTATION_CONTEXT(2) 
PARAMETRIC_REPRESENTATION_CONTEXT() REPRESENTATION_CONTEXT('2D SPACE',''
  ) );
#1116 = PCURVE('',#1085,#1117);
#1117 = DEFINITIONAL_REPRESENTATION('',(#1118),#1122);
#1118 = LINE('',#1119,#1120);
#1119 = CARTESIAN_POINT('',(-0.,0.));
#1120 = VECTOR('',#1121,1.);
#1121 = DIRECTION('',(-0.,-1.));
#1122 = ( GEOMETRIC_REPRESENTATION_CONTEXT(2) 
PARAMETRIC_REPRESENTATION_CONTEXT() REPRESENTATION_CONTEXT('2D SPACE',''
  ) );
#1123 = ORIENTED_EDGE('',*,*,#1124,.F.);
#1124 = EDGE_CURVE('',#1102,#1102,#1125,.T.);
#1125 = SURFACE_CURVE('',#1126,(#1131,#1138),.PCURVE_S1.);
#1126 = CIRCLE('',#1127,1.1);
#1127 = AXIS2_PLACEMENT_3D('',#1128,#1129,#1130);
#1128 = CARTESIAN_POINT('',(0.,14.142135623731,1.5));
#1129 = DIRECTION('',(0.,0.,-1.));
#1130 = DIRECTION('',(1.,0.,0.));
#1131 = PCURVE('',#1085,#1132);
#1132 = DEFINITIONAL_REPRESENTATION('',(#1133),#1137);
#1133 = LINE('',#1134,#1135);
#1134 = CARTESIAN_POINT('',(-6.28318530718,-2.5));
#1135 = VECTOR('',#1136,1.);
#1136 = DIRECTION('',(1.,-0.));
#1137 = ( GEOMETRIC_REPRESENTATION_CONTEXT(2) 
PARAMETRIC_REPRESENTATION_CONTEXT() REPRESENTATION_CONTEXT('2D SPACE',''
  ) );
#1138 = PCURVE('',#1139,#1144);
#1139 = PLANE('',#1140);
#1140 = AXIS2_PLACEMENT_3D('',#1141,#1142,#1143);
#1141 = CARTESIAN_POINT('',(-2.2,11.6,1.5));
#1142 = DIRECTION('',(0.,0.,1.));
#1143 = DIRECTION('',(1.,0.,0.));
#1144 = DEFINITIONAL_REPRESENTATION('',(#1145),#1153);
#1145 = ( BOUNDED_CURVE() B_SPLINE_CURVE(2,(#1146,#1147,#1148,#1149,
#1150,#1151,#1152),.UNSPECIFIED.,.T.,.F.) B_SPLINE_CURVE_WITH_KNOTS((1,2
    ,2,2,2,1),(-2.094395102393,0.,2.094395102393,4.188790204786,
6.28318530718,8.377580409573),.UNSPECIFIED.) CURVE() 
GEOMETRIC_REPRESENTATION_ITEM() RATIONAL_B_SPLINE_CURVE((1.,0.5,1.,0.5,
1.,0.5,1.)) REPRESENTATION_ITEM('') );
#1146 = CARTESIAN_POINT('',(3.3,2.542135623731));
#1147 = CARTESIAN_POINT('',(3.3,0.636879735405));
#1148 = CARTESIAN_POINT('',(1.65,1.589507679568));
#1149 = CARTESIAN_POINT('',(0.,2.542135623731));
#1150 = CARTESIAN_POINT('',(1.65,3.494763567894));
#1151 = CARTESIAN_POINT('',(3.3,4.447391512057));
#1152 = CARTESIAN_POINT('',(3.3,2.542135623731));
#1153 = ( GEOMETRIC_REPRESENTATION_CONTEXT(2) 
PARAMETRIC_REPRESENTATION_CONTEXT() REPRESENTATION_CONTEXT('2D SPACE',''
  ) );
#1154 = ORIENTED_EDGE('',*,*,#1101,.F.);
#1155 = ADVANCED_FACE('',(#1156,#1463),#1139,.T.);
#1156 = FACE_BOUND('',#1157,.T.);
#1157 = EDGE_LOOP('',(#1158,#1182,#1210,#1238,#1266,#1288,#1316,#1339,
    #1363,#1386,#1414,#1437));
#1158 = ORIENTED_EDGE('',*,*,#1159,.F.);
#1159 = EDGE_CURVE('',#1160,#1162,#1164,.T.);
#1160 = VERTEX_POINT('',#1161);
#1161 = CARTESIAN_POINT('',(-2.2,12.2,1.5));
#1162 = VERTEX_POINT('',#1163);
#1163 = CARTESIAN_POINT('',(-2.,12.2,1.5));
#1164 = SURFACE_CURVE('',#1165,(#1169,#1176),.PCURVE_S1.);
#1165 = LINE('',#1166,#1167);
#1166 = CARTESIAN_POINT('',(-10.3,12.2,1.5));
#1167 = VECTOR('',#1168,1.);
#1168 = DIRECTION('',(1.,0.,0.));
#1169 = PCURVE('',#1139,#1170);
#1170 = DEFINITIONAL_REPRESENTATION('',(#1171),#1175);
#1171 = LINE('',#1172,#1173);
#1172 = CARTESIAN_POINT('',(-8.1,0.6));
#1173 = VECTOR('',#1174,1.);
#1174 = DIRECTION('',(1.,0.));
#1175 = ( GEOMETRIC_REPRESENTATION_CONTEXT(2) 
PARAMETRIC_REPRESENTATION_CONTEXT() REPRESENTATION_CONTEXT('2D SPACE',''
  ) );
#1176 = PCURVE('',#758,#1177);
#1177 = DEFINITIONAL_REPRESENTATION('',(#1178),#1181);
#1178 = B_SPLINE_CURVE_WITH_KNOTS('',1,(#1179,#1180),.UNSPECIFIED.,.F.,
  .F.,(2,2),(8.1,12.5),.PIECEWISE_BEZIER_KNOTS.);
#1179 = CARTESIAN_POINT('',(1.5,16.2));
#1180 = CARTESIAN_POINT('',(1.5,20.6));
#1181 = ( GEOMETRIC_REPRESENTATION_CONTEXT(2) 
PARAMETRIC_REPRESENTATION_CONTEXT() REPRESENTATION_CONTEXT('2D SPACE',''
  ) );
#1182 = ORIENTED_EDGE('',*,*,#1183,.F.);
#1183 = EDGE_CURVE('',#1184,#1160,#1186,.T.);
#1184 = VERTEX_POINT('',#1185);
#1185 = CARTESIAN_POINT('',(-2.2,11.6,1.5));
#1186 = SURFACE_CURVE('',#1187,(#1191,#1198),.PCURVE_S1.);
#1187 = LINE('',#1188,#1189);
#1188 = CARTESIAN_POINT('',(-2.2,11.6,1.5));
#1189 = VECTOR('',#1190,1.);
#1190 = DIRECTION('',(0.,1.,0.));
#1191 = PCURVE('',#1139,#1192);
#1192 = DEFINITIONAL_REPRESENTATION('',(#1193),#1197);
#1193 = LINE('',#1194,#1195);
#1194 = CARTESIAN_POINT('',(0.,0.));
#1195 = VECTOR('',#1196,1.);
#1196 = DIRECTION('',(0.,1.));
#1197 = ( GEOMETRIC_REPRESENTATION_CONTEXT(2) 
PARAMETRIC_REPRESENTATION_CONTEXT() REPRESENTATION_CONTEXT('2D SPACE',''
  ) );
#1198 = PCURVE('',#1199,#1204);
#1199 = PLANE('',#1200);
#1200 = AXIS2_PLACEMENT_3D('',#1201,#1202,#1203);
#1201 = CARTESIAN_POINT('',(-2.2,11.6,1.5));
#1202 = DIRECTION('',(1.,0.,0.));
#1203 = DIRECTION('',(0.,0.,1.));
#1204 = DEFINITIONAL_REPRESENTATION('',(#1205),#1209);
#1205 = LINE('',#1206,#1207);
#1206 = CARTESIAN_POINT('',(0.,0.));
#1207 = VECTOR('',#1208,1.);
#1208 = DIRECTION('',(0.,-1.));
#1209 = ( GEOMETRIC_REPRESENTATION_CONTEXT(2) 
PARAMETRIC_REPRESENTATION_CONTEXT() REPRESENTATION_CONTEXT('2D SPACE',''
  ) );
#1210 = ORIENTED_EDGE('',*,*,#1211,.T.);
#1211 = EDGE_CURVE('',#1184,#1212,#1214,.T.);
#1212 = VERTEX_POINT('',#1213);
#1213 = CARTESIAN_POINT('',(2.2,11.6,1.5));
#1214 = SURFACE_CURVE('',#1215,(#1219,#1226),.PCURVE_S1.);
#1215 = LINE('',#1216,#1217);
#1216 = CARTESIAN_POINT('',(-2.2,11.6,1.5));
#1217 = VECTOR('',#1218,1.);
#1218 = DIRECTION('',(1.,0.,0.));
#1219 = PCURVE('',#1139,#1220);
#1220 = DEFINITIONAL_REPRESENTATION('',(#1221),#1225);
#1221 = LINE('',#1222,#1223);
#1222 = CARTESIAN_POINT('',(0.,0.));
#1223 = VECTOR('',#1224,1.);
#1224 = DIRECTION('',(1.,0.));
#1225 = ( GEOMETRIC_REPRESENTATION_CONTEXT(2) 
PARAMETRIC_REPRESENTATION_CONTEXT() REPRESENTATION_CONTEXT('2D SPACE',''
  ) );
#1226 = PCURVE('',#1227,#1232);
#1227 = PLANE('',#1228);
#1228 = AXIS2_PLACEMENT_3D('',#1229,#1230,#1231);
#1229 = CARTESIAN_POINT('',(-2.2,11.6,1.5));
#1230 = DIRECTION('',(0.,1.,0.));
#1231 = DIRECTION('',(0.,0.,1.));
#1232 = DEFINITIONAL_REPRESENTATION('',(#1233),#1237);
#1233 = LINE('',#1234,#1235);
#1234 = CARTESIAN_POINT('',(0.,0.));
#1235 = VECTOR('',#1236,1.);
#1236 = DIRECTION('',(0.,1.));
#1237 = ( GEOMETRIC_REPRESENTATION_CONTEXT(2) 
PARAMETRIC_REPRESENTATION_CONTEXT() REPRESENTATION_CONTEXT('2D SPACE',''
  ) );
#1238 = ORIENTED_EDGE('',*,*,#1239,.T.);
#1239 = EDGE_CURVE('',#1212,#1240,#1242,.T.);
#1240 = VERTEX_POINT('',#1241);
#1241 = CARTESIAN_POINT('',(2.2,12.2,1.5));
#1242 = SURFACE_CURVE('',#1243,(#1247,#1254),.PCURVE_S1.);
#1243 = LINE('',#1244,#1245);
#1244 = CARTESIAN_POINT('',(2.2,11.6,1.5));
#1245 = VECTOR('',#1246,1.);
#1246 = DIRECTION('',(0.,1.,0.));
#1247 = PCURVE('',#1139,#1248);
#1248 = DEFINITIONAL_REPRESENTATION('',(#1249),#1253);
#1249 = LINE('',#1250,#1251);
#1250 = CARTESIAN_POINT('',(4.4,0.));
#1251 = VECTOR('',#1252,1.);
#1252 = DIRECTION('',(0.,1.));
#1253 = ( GEOMETRIC_REPRESENTATION_CONTEXT(2) 
PARAMETRIC_REPRESENTATION_CONTEXT() REPRESENTATION_CONTEXT('2D SPACE',''
  ) );
#1254 = PCURVE('',#1255,#1260);
#1255 = PLANE('',#1256);
#1256 = AXIS2_PLACEMENT_3D('',#1257,#1258,#1259);
#1257 = CARTESIAN_POINT('',(2.2,11.6,1.5));
#1258 = DIRECTION('',(1.,0.,0.));
#1259 = DIRECTION('',(0.,0.,1.));
#1260 = DEFINITIONAL_REPRESENTATION('',(#1261),#1265);
#1261 = LINE('',#1262,#1263);
#1262 = CARTESIAN_POINT('',(0.,0.));
#1263 = VECTOR('',#1264,1.);
#1264 = DIRECTION('',(0.,-1.));
#1265 = ( GEOMETRIC_REPRESENTATION_CONTEXT(2) 
PARAMETRIC_REPRESENTATION_CONTEXT() REPRESENTATION_CONTEXT('2D SPACE',''
  ) );
#1266 = ORIENTED_EDGE('',*,*,#1267,.F.);
#1267 = EDGE_CURVE('',#1268,#1240,#1270,.T.);
#1268 = VERTEX_POINT('',#1269);
#1269 = CARTESIAN_POINT('',(2.,12.2,1.5));
#1270 = SURFACE_CURVE('',#1271,(#1275,#1282),.PCURVE_S1.);
#1271 = LINE('',#1272,#1273);
#1272 = CARTESIAN_POINT('',(-10.3,12.2,1.5));
#1273 = VECTOR('',#1274,1.);
#1274 = DIRECTION('',(1.,0.,0.));
#1275 = PCURVE('',#1139,#1276);
#1276 = DEFINITIONAL_REPRESENTATION('',(#1277),#1281);
#1277 = LINE('',#1278,#1279);
#1278 = CARTESIAN_POINT('',(-8.1,0.6));
#1279 = VECTOR('',#1280,1.);
#1280 = DIRECTION('',(1.,0.));
#1281 = ( GEOMETRIC_REPRESENTATION_CONTEXT(2) 
PARAMETRIC_REPRESENTATION_CONTEXT() REPRESENTATION_CONTEXT('2D SPACE',''
  ) );
#1282 = PCURVE('',#758,#1283);
#1283 = DEFINITIONAL_REPRESENTATION('',(#1284),#1287);
#1284 = B_SPLINE_CURVE_WITH_KNOTS('',1,(#1285,#1286),.UNSPECIFIED.,.F.,
  .F.,(2,2),(8.1,12.5),.PIECEWISE_BEZIER_KNOTS.);
#1285 = CARTESIAN_POINT('',(1.5,16.2));
#1286 = CARTESIAN_POINT('',(1.5,20.6));
#1287 = ( GEOMETRIC_REPRESENTATION_CONTEXT(2) 
PARAMETRIC_REPRESENTATION_CONTEXT() REPRESENTATION_CONTEXT('2D SPACE',''
  ) );
#1288 = ORIENTED_EDGE('',*,*,#1289,.F.);
#1289 = EDGE_CURVE('',#1290,#1268,#1292,.T.);
#1290 = VERTEX_POINT('',#1291);
#1291 = CARTESIAN_POINT('',(4.,14.2,1.5));
#1292 = SURFACE_CURVE('',#1293,(#1298,#1309),.PCURVE_S1.);
#1293 = CIRCLE('',#1294,2.);
#1294 = AXIS2_PLACEMENT_3D('',#1295,#1296,#1297);
#1295 = CARTESIAN_POINT('',(2.,14.2,1.5));
#1296 = DIRECTION('',(0.,0.,-1.));
#1297 = DIRECTION('',(1.,0.,0.));
#1298 = PCURVE('',#1139,#1299);
#1299 = DEFINITIONAL_REPRESENTATION('',(#1300),#1308);
#1300 = ( BOUNDED_CURVE() B_SPLINE_CURVE(2,(#1301,#1302,#1303,#1304,
#1305,#1306,#1307),.UNSPECIFIED.,.T.,.F.) B_SPLINE_CURVE_WITH_KNOTS((1,2
    ,2,2,2,1),(-2.094395102393,0.,2.094395102393,4.188790204786,
6.28318530718,8.377580409573),.UNSPECIFIED.) CURVE() 
GEOMETRIC_REPRESENTATION_ITEM() RATIONAL_B_SPLINE_CURVE((1.,0.5,1.,0.5,
1.,0.5,1.)) REPRESENTATION_ITEM('') );
#1301 = CARTESIAN_POINT('',(6.2,2.6));
#1302 = CARTESIAN_POINT('',(6.2,-0.864101615138));
#1303 = CARTESIAN_POINT('',(3.2,0.867949192431));
#1304 = CARTESIAN_POINT('',(0.2,2.6));
#1305 = CARTESIAN_POINT('',(3.2,4.332050807569));
#1306 = CARTESIAN_POINT('',(6.2,6.064101615138));
#1307 = CARTESIAN_POINT('',(6.2,2.6));
#1308 = ( GEOMETRIC_REPRESENTATION_CONTEXT(2) 
PARAMETRIC_REPRESENTATION_CONTEXT() REPRESENTATION_CONTEXT('2D SPACE',''
  ) );
#1309 = PCURVE('',#791,#1310);
#1310 = DEFINITIONAL_REPRESENTATION('',(#1311),#1315);
#1311 = LINE('',#1312,#1313);
#1312 = CARTESIAN_POINT('',(-0.,1.5));
#1313 = VECTOR('',#1314,1.);
#1314 = DIRECTION('',(-1.,0.));
#1315 = ( GEOMETRIC_REPRESENTATION_CONTEXT(2) 
PARAMETRIC_REPRESENTATION_CONTEXT() REPRESENTATION_CONTEXT('2D SPACE',''
  ) );
#1316 = ORIENTED_EDGE('',*,*,#1317,.T.);
#1317 = EDGE_CURVE('',#1290,#1318,#1320,.T.);
#1318 = VERTEX_POINT('',#1319);
#1319 = CARTESIAN_POINT('',(4.,15.142135623731,1.5));
#1320 = SURFACE_CURVE('',#1321,(#1325,#1332),.PCURVE_S1.);
#1321 = LINE('',#1322,#1323);
#1322 = CARTESIAN_POINT('',(4.,12.2,1.5));
#1323 = VECTOR('',#1324,1.);
#1324 = DIRECTION('',(0.,1.,0.));
#1325 = PCURVE('',#1139,#1326);
#1326 = DEFINITIONAL_REPRESENTATION('',(#1327),#1331);
#1327 = LINE('',#1328,#1329);
#1328 = CARTESIAN_POINT('',(6.2,0.6));
#1329 = VECTOR('',#1330,1.);
#1330 = DIRECTION('',(0.,1.));
#1331 = ( GEOMETRIC_REPRESENTATION_CONTEXT(2) 
PARAMETRIC_REPRESENTATION_CONTEXT() REPRESENTATION_CONTEXT('2D SPACE',''
  ) );
#1332 = PCURVE('',#819,#1333);
#1333 = DEFINITIONAL_REPRESENTATION('',(#1334),#1338);
#1334 = LINE('',#1335,#1336);
#1335 = CARTESIAN_POINT('',(1.5,0.));
#1336 = VECTOR('',#1337,1.);
#1337 = DIRECTION('',(0.,-1.));
#1338 = ( GEOMETRIC_REPRESENTATION_CONTEXT(2) 
PARAMETRIC_REPRESENTATION_CONTEXT() REPRESENTATION_CONTEXT('2D SPACE',''
  ) );
#1339 = ORIENTED_EDGE('',*,*,#1340,.T.);
#1340 = EDGE_CURVE('',#1318,#1341,#1343,.T.);
#1341 = VERTEX_POINT('',#1342);
#1342 = CARTESIAN_POINT('',(2.,17.142135623731,1.5));
#1343 = SURFACE_CURVE('',#1344,(#1349,#1356),.PCURVE_S1.);
#1344 = CIRCLE('',#1345,2.);
#1345 = AXIS2_PLACEMENT_3D('',#1346,#1347,#1348);
#1346 = CARTESIAN_POINT('',(2.,15.142135623731,1.5));
#1347 = DIRECTION('',(0.,0.,1.));
#1348 = DIRECTION('',(0.,-1.,0.));
#1349 = PCURVE('',#1139,#1350);
#1350 = DEFINITIONAL_REPRESENTATION('',(#1351),#1355);
#1351 = CIRCLE('',#1352,2.);
#1352 = AXIS2_PLACEMENT_2D('',#1353,#1354);
#1353 = CARTESIAN_POINT('',(4.2,3.542135623731));
#1354 = DIRECTION('',(0.,-1.));
#1355 = ( GEOMETRIC_REPRESENTATION_CONTEXT(2) 
PARAMETRIC_REPRESENTATION_CONTEXT() REPRESENTATION_CONTEXT('2D SPACE',''
  ) );
#1356 = PCURVE('',#848,#1357);
#1357 = DEFINITIONAL_REPRESENTATION('',(#1358),#1362);
#1358 = LINE('',#1359,#1360);
#1359 = CARTESIAN_POINT('',(-1.570796326795,1.5));
#1360 = VECTOR('',#1361,1.);
#1361 = DIRECTION('',(1.,0.));
#1362 = ( GEOMETRIC_REPRESENTATION_CONTEXT(2) 
PARAMETRIC_REPRESENTATION_CONTEXT() REPRESENTATION_CONTEXT('2D SPACE',''
  ) );
#1363 = ORIENTED_EDGE('',*,*,#1364,.F.);
#1364 = EDGE_CURVE('',#1365,#1341,#1367,.T.);
#1365 = VERTEX_POINT('',#1366);
#1366 = CARTESIAN_POINT('',(-2.,17.142135623731,1.5));
#1367 = SURFACE_CURVE('',#1368,(#1372,#1379),.PCURVE_S1.);
#1368 = LINE('',#1369,#1370);
#1369 = CARTESIAN_POINT('',(-4.,17.142135623731,1.5));
#1370 = VECTOR('',#1371,1.);
#1371 = DIRECTION('',(1.,0.,0.));
#1372 = PCURVE('',#1139,#1373);
#1373 = DEFINITIONAL_REPRESENTATION('',(#1374),#1378);
#1374 = LINE('',#1375,#1376);
#1375 = CARTESIAN_POINT('',(-1.8,5.542135623731));
#1376 = VECTOR('',#1377,1.);
#1377 = DIRECTION('',(1.,0.));
#1378 = ( GEOMETRIC_REPRESENTATION_CONTEXT(2) 
PARAMETRIC_REPRESENTATION_CONTEXT() REPRESENTATION_CONTEXT('2D SPACE',''
  ) );
#1379 = PCURVE('',#876,#1380);
#1380 = DEFINITIONAL_REPRESENTATION('',(#1381),#1385);
#1381 = LINE('',#1382,#1383);
#1382 = CARTESIAN_POINT('',(1.5,0.));
#1383 = VECTOR('',#1384,1.);
#1384 = DIRECTION('',(0.,1.));
#1385 = ( GEOMETRIC_REPRESENTATION_CONTEXT(2) 
PARAMETRIC_REPRESENTATION_CONTEXT() REPRESENTATION_CONTEXT('2D SPACE',''
  ) );
#1386 = ORIENTED_EDGE('',*,*,#1387,.F.);
#1387 = EDGE_CURVE('',#1388,#1365,#1390,.T.);
#1388 = VERTEX_POINT('',#1389);
#1389 = CARTESIAN_POINT('',(-4.,15.142135623731,1.5));
#1390 = SURFACE_CURVE('',#1391,(#1396,#1407),.PCURVE_S1.);
#1391 = CIRCLE('',#1392,2.);
#1392 = AXIS2_PLACEMENT_3D('',#1393,#1394,#1395);
#1393 = CARTESIAN_POINT('',(-2.,15.142135623731,1.5));
#1394 = DIRECTION('',(-0.,-0.,-1.));
#1395 = DIRECTION('',(0.,-1.,0.));
#1396 = PCURVE('',#1139,#1397);
#1397 = DEFINITIONAL_REPRESENTATION('',(#1398),#1406);
#1398 = ( BOUNDED_CURVE() B_SPLINE_CURVE(2,(#1399,#1400,#1401,#1402,
#1403,#1404,#1405),.UNSPECIFIED.,.T.,.F.) B_SPLINE_CURVE_WITH_KNOTS((1,2
    ,2,2,2,1),(-2.094395102393,0.,2.094395102393,4.188790204786,
6.28318530718,8.377580409573),.UNSPECIFIED.) CURVE() 
GEOMETRIC_REPRESENTATION_ITEM() RATIONAL_B_SPLINE_CURVE((1.,0.5,1.,0.5,
1.,0.5,1.)) REPRESENTATION_ITEM('') );
#1399 = CARTESIAN_POINT('',(0.2,1.542135623731));
#1400 = CARTESIAN_POINT('',(-3.264101615138,1.542135623731));
#1401 = CARTESIAN_POINT('',(-1.532050807569,4.542135623731));
#1402 = CARTESIAN_POINT('',(0.2,7.542135623731));
#1403 = CARTESIAN_POINT('',(1.932050807569,4.542135623731));
#1404 = CARTESIAN_POINT('',(3.664101615138,1.542135623731));
#1405 = CARTESIAN_POINT('',(0.2,1.542135623731));
#1406 = ( GEOMETRIC_REPRESENTATION_CONTEXT(2) 
PARAMETRIC_REPRESENTATION_CONTEXT() REPRESENTATION_CONTEXT('2D SPACE',''
  ) );
#1407 = PCURVE('',#909,#1408);
#1408 = DEFINITIONAL_REPRESENTATION('',(#1409),#1413);
#1409 = LINE('',#1410,#1411);
#1410 = CARTESIAN_POINT('',(1.570796326795,1.5));
#1411 = VECTOR('',#1412,1.);
#1412 = DIRECTION('',(-1.,0.));
#1413 = ( GEOMETRIC_REPRESENTATION_CONTEXT(2) 
PARAMETRIC_REPRESENTATION_CONTEXT() REPRESENTATION_CONTEXT('2D SPACE',''
  ) );
#1414 = ORIENTED_EDGE('',*,*,#1415,.F.);
#1415 = EDGE_CURVE('',#1416,#1388,#1418,.T.);
#1416 = VERTEX_POINT('',#1417);
#1417 = CARTESIAN_POINT('',(-4.,14.2,1.5));
#1418 = SURFACE_CURVE('',#1419,(#1423,#1430),.PCURVE_S1.);
#1419 = LINE('',#1420,#1421);
#1420 = CARTESIAN_POINT('',(-4.,12.2,1.5));
#1421 = VECTOR('',#1422,1.);
#1422 = DIRECTION('',(0.,1.,0.));
#1423 = PCURVE('',#1139,#1424);
#1424 = DEFINITIONAL_REPRESENTATION('',(#1425),#1429);
#1425 = LINE('',#1426,#1427);
#1426 = CARTESIAN_POINT('',(-1.8,0.6));
#1427 = VECTOR('',#1428,1.);
#1428 = DIRECTION('',(0.,1.));
#1429 = ( GEOMETRIC_REPRESENTATION_CONTEXT(2) 
PARAMETRIC_REPRESENTATION_CONTEXT() REPRESENTATION_CONTEXT('2D SPACE',''
  ) );
#1430 = PCURVE('',#937,#1431);
#1431 = DEFINITIONAL_REPRESENTATION('',(#1432),#1436);
#1432 = LINE('',#1433,#1434);
#1433 = CARTESIAN_POINT('',(1.5,0.));
#1434 = VECTOR('',#1435,1.);
#1435 = DIRECTION('',(0.,-1.));
#1436 = ( GEOMETRIC_REPRESENTATION_CONTEXT(2) 
PARAMETRIC_REPRESENTATION_CONTEXT() REPRESENTATION_CONTEXT('2D SPACE',''
  ) );
#1437 = ORIENTED_EDGE('',*,*,#1438,.F.);
#1438 = EDGE_CURVE('',#1162,#1416,#1439,.T.);
#1439 = SURFACE_CURVE('',#1440,(#1445,#1456),.PCURVE_S1.);
#1440 = CIRCLE('',#1441,2.);
#1441 = AXIS2_PLACEMENT_3D('',#1442,#1443,#1444);
#1442 = CARTESIAN_POINT('',(-2.,14.2,1.5));
#1443 = DIRECTION('',(0.,-0.,-1.));
#1444 = DIRECTION('',(0.,-1.,0.));
#1445 = PCURVE('',#1139,#1446);
#1446 = DEFINITIONAL_REPRESENTATION('',(#1447),#1455);
#1447 = ( BOUNDED_CURVE() B_SPLINE_CURVE(2,(#1448,#1449,#1450,#1451,
#1452,#1453,#1454),.UNSPECIFIED.,.T.,.F.) B_SPLINE_CURVE_WITH_KNOTS((1,2
    ,2,2,2,1),(-2.094395102393,0.,2.094395102393,4.188790204786,
6.28318530718,8.377580409573),.UNSPECIFIED.) CURVE() 
GEOMETRIC_REPRESENTATION_ITEM() RATIONAL_B_SPLINE_CURVE((1.,0.5,1.,0.5,
1.,0.5,1.)) REPRESENTATION_ITEM('') );
#1448 = CARTESIAN_POINT('',(0.2,0.6));
#1449 = CARTESIAN_POINT('',(-3.264101615138,0.6));
#1450 = CARTESIAN_POINT('',(-1.532050807569,3.6));
#1451 = CARTESIAN_POINT('',(0.2,6.6));
#1452 = CARTESIAN_POINT('',(1.932050807569,3.6));
#1453 = CARTESIAN_POINT('',(3.664101615138,0.6));
#1454 = CARTESIAN_POINT('',(0.2,0.6));
#1455 = ( GEOMETRIC_REPRESENTATION_CONTEXT(2) 
PARAMETRIC_REPRESENTATION_CONTEXT() REPRESENTATION_CONTEXT('2D SPACE',''
  ) );
#1456 = PCURVE('',#966,#1457);
#1457 = DEFINITIONAL_REPRESENTATION('',(#1458),#1462);
#1458 = LINE('',#1459,#1460);
#1459 = CARTESIAN_POINT('',(1.570796326795,1.5));
#1460 = VECTOR('',#1461,1.);
#1461 = DIRECTION('',(-1.,-0.));
#1462 = ( GEOMETRIC_REPRESENTATION_CONTEXT(2) 
PARAMETRIC_REPRESENTATION_CONTEXT() REPRESENTATION_CONTEXT('2D SPACE',''
  ) );
#1463 = FACE_BOUND('',#1464,.T.);
#1464 = EDGE_LOOP('',(#1465));
#1465 = ORIENTED_EDGE('',*,*,#1124,.T.);
#1466 = ADVANCED_FACE('',(#1467),#1255,.F.);
#1467 = FACE_BOUND('',#1468,.F.);
#1468 = EDGE_LOOP('',(#1469,#1499,#1520,#1521));
#1469 = ORIENTED_EDGE('',*,*,#1470,.F.);
#1470 = EDGE_CURVE('',#1471,#1473,#1475,.T.);
#1471 = VERTEX_POINT('',#1472);
#1472 = CARTESIAN_POINT('',(2.2,11.6,4.));
#1473 = VERTEX_POINT('',#1474);
#1474 = CARTESIAN_POINT('',(2.2,12.2,4.));
#1475 = SURFACE_CURVE('',#1476,(#1480,#1487),.PCURVE_S1.);
#1476 = LINE('',#1477,#1478);
#1477 = CARTESIAN_POINT('',(2.2,11.6,4.));
#1478 = VECTOR('',#1479,1.);
#1479 = DIRECTION('',(0.,1.,0.));
#1480 = PCURVE('',#1255,#1481);
#1481 = DEFINITIONAL_REPRESENTATION('',(#1482),#1486);
#1482 = LINE('',#1483,#1484);
#1483 = CARTESIAN_POINT('',(2.5,0.));
#1484 = VECTOR('',#1485,1.);
#1485 = DIRECTION('',(0.,-1.));
#1486 = ( GEOMETRIC_REPRESENTATION_CONTEXT(2) 
PARAMETRIC_REPRESENTATION_CONTEXT() REPRESENTATION_CONTEXT('2D SPACE',''
  ) );
#1487 = PCURVE('',#1488,#1493);
#1488 = PLANE('',#1489);
#1489 = AXIS2_PLACEMENT_3D('',#1490,#1491,#1492);
#1490 = CARTESIAN_POINT('',(-2.2,11.6,4.));
#1491 = DIRECTION('',(0.,0.,1.));
#1492 = DIRECTION('',(1.,0.,0.));
#1493 = DEFINITIONAL_REPRESENTATION('',(#1494),#1498);
#1494 = LINE('',#1495,#1496);
#1495 = CARTESIAN_POINT('',(4.4,0.));
#1496 = VECTOR('',#1497,1.);
#1497 = DIRECTION('',(0.,1.));
#1498 = ( GEOMETRIC_REPRESENTATION_CONTEXT(2) 
PARAMETRIC_REPRESENTATION_CONTEXT() REPRESENTATION_CONTEXT('2D SPACE',''
  ) );
#1499 = ORIENTED_EDGE('',*,*,#1500,.F.);
#1500 = EDGE_CURVE('',#1212,#1471,#1501,.T.);
#1501 = SURFACE_CURVE('',#1502,(#1506,#1513),.PCURVE_S1.);
#1502 = LINE('',#1503,#1504);
#1503 = CARTESIAN_POINT('',(2.2,11.6,1.5));
#1504 = VECTOR('',#1505,1.);
#1505 = DIRECTION('',(0.,0.,1.));
#1506 = PCURVE('',#1255,#1507);
#1507 = DEFINITIONAL_REPRESENTATION('',(#1508),#1512);
#1508 = LINE('',#1509,#1510);
#1509 = CARTESIAN_POINT('',(0.,0.));
#1510 = VECTOR('',#1511,1.);
#1511 = DIRECTION('',(1.,0.));
#1512 = ( GEOMETRIC_REPRESENTATION_CONTEXT(2) 
PARAMETRIC_REPRESENTATION_CONTEXT() REPRESENTATION_CONTEXT('2D SPACE',''
  ) );
#1513 = PCURVE('',#1227,#1514);
#1514 = DEFINITIONAL_REPRESENTATION('',(#1515),#1519);
#1515 = LINE('',#1516,#1517);
#1516 = CARTESIAN_POINT('',(0.,4.4));
#1517 = VECTOR('',#1518,1.);
#1518 = DIRECTION('',(1.,0.));
#1519 = ( GEOMETRIC_REPRESENTATION_CONTEXT(2) 
PARAMETRIC_REPRESENTATION_CONTEXT() REPRESENTATION_CONTEXT('2D SPACE',''
  ) );
#1520 = ORIENTED_EDGE('',*,*,#1239,.T.);
#1521 = ORIENTED_EDGE('',*,*,#1522,.F.);
#1522 = EDGE_CURVE('',#1473,#1240,#1523,.T.);
#1523 = SURFACE_CURVE('',#1524,(#1528,#1534),.PCURVE_S1.);
#1524 = LINE('',#1525,#1526);
#1525 = CARTESIAN_POINT('',(2.2,12.2,0.75));
#1526 = VECTOR('',#1527,1.);
#1527 = DIRECTION('',(0.,0.,-1.));
#1528 = PCURVE('',#1255,#1529);
#1529 = DEFINITIONAL_REPRESENTATION('',(#1530),#1533);
#1530 = B_SPLINE_CURVE_WITH_KNOTS('',1,(#1531,#1532),.UNSPECIFIED.,.F.,
  .F.,(2,2),(-3.25,-0.75),.PIECEWISE_BEZIER_KNOTS.);
#1531 = CARTESIAN_POINT('',(2.5,-0.6));
#1532 = CARTESIAN_POINT('',(0.,-0.6));
#1533 = ( GEOMETRIC_REPRESENTATION_CONTEXT(2) 
PARAMETRIC_REPRESENTATION_CONTEXT() REPRESENTATION_CONTEXT('2D SPACE',''
  ) );
#1534 = PCURVE('',#758,#1535);
#1535 = DEFINITIONAL_REPRESENTATION('',(#1536),#1539);
#1536 = B_SPLINE_CURVE_WITH_KNOTS('',1,(#1537,#1538),.UNSPECIFIED.,.F.,
  .F.,(2,2),(-3.25,-0.75),.PIECEWISE_BEZIER_KNOTS.);
#1537 = CARTESIAN_POINT('',(4.,20.6));
#1538 = CARTESIAN_POINT('',(1.5,20.6));
#1539 = ( GEOMETRIC_REPRESENTATION_CONTEXT(2) 
PARAMETRIC_REPRESENTATION_CONTEXT() REPRESENTATION_CONTEXT('2D SPACE',''
  ) );
#1540 = ADVANCED_FACE('',(#1541),#1488,.F.);
#1541 = FACE_BOUND('',#1542,.F.);
#1542 = EDGE_LOOP('',(#1543,#1568,#1589,#1590));
#1543 = ORIENTED_EDGE('',*,*,#1544,.F.);
#1544 = EDGE_CURVE('',#1545,#1547,#1549,.T.);
#1545 = VERTEX_POINT('',#1546);
#1546 = CARTESIAN_POINT('',(-2.2,11.6,4.));
#1547 = VERTEX_POINT('',#1548);
#1548 = CARTESIAN_POINT('',(-2.2,12.2,4.));
#1549 = SURFACE_CURVE('',#1550,(#1554,#1561),.PCURVE_S1.);
#1550 = LINE('',#1551,#1552);
#1551 = CARTESIAN_POINT('',(-2.2,11.6,4.));
#1552 = VECTOR('',#1553,1.);
#1553 = DIRECTION('',(0.,1.,0.));
#1554 = PCURVE('',#1488,#1555);
#1555 = DEFINITIONAL_REPRESENTATION('',(#1556),#1560);
#1556 = LINE('',#1557,#1558);
#1557 = CARTESIAN_POINT('',(0.,0.));
#1558 = VECTOR('',#1559,1.);
#1559 = DIRECTION('',(0.,1.));
#1560 = ( GEOMETRIC_REPRESENTATION_CONTEXT(2) 
PARAMETRIC_REPRESENTATION_CONTEXT() REPRESENTATION_CONTEXT('2D SPACE',''
  ) );
#1561 = PCURVE('',#1199,#1562);
#1562 = DEFINITIONAL_REPRESENTATION('',(#1563),#1567);
#1563 = LINE('',#1564,#1565);
#1564 = CARTESIAN_POINT('',(2.5,0.));
#1565 = VECTOR('',#1566,1.);
#1566 = DIRECTION('',(0.,-1.));
#1567 = ( GEOMETRIC_REPRESENTATION_CONTEXT(2) 
PARAMETRIC_REPRESENTATION_CONTEXT() REPRESENTATION_CONTEXT('2D SPACE',''
  ) );
#1568 = ORIENTED_EDGE('',*,*,#1569,.T.);
#1569 = EDGE_CURVE('',#1545,#1471,#1570,.T.);
#1570 = SURFACE_CURVE('',#1571,(#1575,#1582),.PCURVE_S1.);
#1571 = LINE('',#1572,#1573);
#1572 = CARTESIAN_POINT('',(-2.2,11.6,4.));
#1573 = VECTOR('',#1574,1.);
#1574 = DIRECTION('',(1.,0.,0.));
#1575 = PCURVE('',#1488,#1576);
#1576 = DEFINITIONAL_REPRESENTATION('',(#1577),#1581);
#1577 = LINE('',#1578,#1579);
#1578 = CARTESIAN_POINT('',(0.,0.));
#1579 = VECTOR('',#1580,1.);
#1580 = DIRECTION('',(1.,0.));
#1581 = ( GEOMETRIC_REPRESENTATION_CONTEXT(2) 
PARAMETRIC_REPRESENTATION_CONTEXT() REPRESENTATION_CONTEXT('2D SPACE',''
  ) );
#1582 = PCURVE('',#1227,#1583);
#1583 = DEFINITIONAL_REPRESENTATION('',(#1584),#1588);
#1584 = LINE('',#1585,#1586);
#1585 = CARTESIAN_POINT('',(2.5,0.));
#1586 = VECTOR('',#1587,1.);
#1587 = DIRECTION('',(0.,1.));
#1588 = ( GEOMETRIC_REPRESENTATION_CONTEXT(2) 
PARAMETRIC_REPRESENTATION_CONTEXT() REPRESENTATION_CONTEXT('2D SPACE',''
  ) );
#1589 = ORIENTED_EDGE('',*,*,#1470,.T.);
#1590 = ORIENTED_EDGE('',*,*,#1591,.F.);
#1591 = EDGE_CURVE('',#1547,#1473,#1592,.T.);
#1592 = SURFACE_CURVE('',#1593,(#1597,#1603),.PCURVE_S1.);
#1593 = LINE('',#1594,#1595);
#1594 = CARTESIAN_POINT('',(-10.3,12.2,4.));
#1595 = VECTOR('',#1596,1.);
#1596 = DIRECTION('',(1.,0.,0.));
#1597 = PCURVE('',#1488,#1598);
#1598 = DEFINITIONAL_REPRESENTATION('',(#1599),#1602);
#1599 = B_SPLINE_CURVE_WITH_KNOTS('',1,(#1600,#1601),.UNSPECIFIED.,.F.,
  .F.,(2,2),(8.1,12.5),.PIECEWISE_BEZIER_KNOTS.);
#1600 = CARTESIAN_POINT('',(0.,0.6));
#1601 = CARTESIAN_POINT('',(4.4,0.6));
#1602 = ( GEOMETRIC_REPRESENTATION_CONTEXT(2) 
PARAMETRIC_REPRESENTATION_CONTEXT() REPRESENTATION_CONTEXT('2D SPACE',''
  ) );
#1603 = PCURVE('',#758,#1604);
#1604 = DEFINITIONAL_REPRESENTATION('',(#1605),#1608);
#1605 = B_SPLINE_CURVE_WITH_KNOTS('',1,(#1606,#1607),.UNSPECIFIED.,.F.,
  .F.,(2,2),(8.1,12.5),.PIECEWISE_BEZIER_KNOTS.);
#1606 = CARTESIAN_POINT('',(4.,16.2));
#1607 = CARTESIAN_POINT('',(4.,20.6));
#1608 = ( GEOMETRIC_REPRESENTATION_CONTEXT(2) 
PARAMETRIC_REPRESENTATION_CONTEXT() REPRESENTATION_CONTEXT('2D SPACE',''
  ) );
#1609 = ADVANCED_FACE('',(#1610),#1227,.T.);
#1610 = FACE_BOUND('',#1611,.T.);
#1611 = EDGE_LOOP('',(#1612,#1613,#1634,#1635));
#1612 = ORIENTED_EDGE('',*,*,#1211,.F.);
#1613 = ORIENTED_EDGE('',*,*,#1614,.T.);
#1614 = EDGE_CURVE('',#1184,#1545,#1615,.T.);
#1615 = SURFACE_CURVE('',#1616,(#1620,#1627),.PCURVE_S1.);
#1616 = LINE('',#1617,#1618);
#1617 = CARTESIAN_POINT('',(-2.2,11.6,1.5));
#1618 = VECTOR('',#1619,1.);
#1619 = DIRECTION('',(0.,0.,1.));
#1620 = PCURVE('',#1227,#1621);
#1621 = DEFINITIONAL_REPRESENTATION('',(#1622),#1626);
#1622 = LINE('',#1623,#1624);
#1623 = CARTESIAN_POINT('',(0.,0.));
#1624 = VECTOR('',#1625,1.);
#1625 = DIRECTION('',(1.,0.));
#1626 = ( GEOMETRIC_REPRESENTATION_CONTEXT(2) 
PARAMETRIC_REPRESENTATION_CONTEXT() REPRESENTATION_CONTEXT('2D SPACE',''
  ) );
#1627 = PCURVE('',#1199,#1628);
#1628 = DEFINITIONAL_REPRESENTATION('',(#1629),#1633);
#1629 = LINE('',#1630,#1631);
#1630 = CARTESIAN_POINT('',(0.,0.));
#1631 = VECTOR('',#1632,1.);
#1632 = DIRECTION('',(1.,0.));
#1633 = ( GEOMETRIC_REPRESENTATION_CONTEXT(2) 
PARAMETRIC_REPRESENTATION_CONTEXT() REPRESENTATION_CONTEXT('2D SPACE',''
  ) );
#1634 = ORIENTED_EDGE('',*,*,#1569,.T.);
#1635 = ORIENTED_EDGE('',*,*,#1500,.F.);
#1636 = ADVANCED_FACE('',(#1637),#1199,.T.);
#1637 = FACE_BOUND('',#1638,.T.);
#1638 = EDGE_LOOP('',(#1639,#1640,#1641,#1642));
#1639 = ORIENTED_EDGE('',*,*,#1544,.F.);
#1640 = ORIENTED_EDGE('',*,*,#1614,.F.);
#1641 = ORIENTED_EDGE('',*,*,#1183,.T.);
#1642 = ORIENTED_EDGE('',*,*,#1643,.F.);
#1643 = EDGE_CURVE('',#1547,#1160,#1644,.T.);
#1644 = SURFACE_CURVE('',#1645,(#1649,#1655),.PCURVE_S1.);
#1645 = LINE('',#1646,#1647);
#1646 = CARTESIAN_POINT('',(-2.2,12.2,0.75));
#1647 = VECTOR('',#1648,1.);
#1648 = DIRECTION('',(0.,0.,-1.));
#1649 = PCURVE('',#1199,#1650);
#1650 = DEFINITIONAL_REPRESENTATION('',(#1651),#1654);
#1651 = B_SPLINE_CURVE_WITH_KNOTS('',1,(#1652,#1653),.UNSPECIFIED.,.F.,
  .F.,(2,2),(-3.25,-0.75),.PIECEWISE_BEZIER_KNOTS.);
#1652 = CARTESIAN_POINT('',(2.5,-0.6));
#1653 = CARTESIAN_POINT('',(0.,-0.6));
#1654 = ( GEOMETRIC_REPRESENTATION_CONTEXT(2) 
PARAMETRIC_REPRESENTATION_CONTEXT() REPRESENTATION_CONTEXT('2D SPACE',''
  ) );
#1655 = PCURVE('',#758,#1656);
#1656 = DEFINITIONAL_REPRESENTATION('',(#1657),#1660);
#1657 = B_SPLINE_CURVE_WITH_KNOTS('',1,(#1658,#1659),.UNSPECIFIED.,.F.,
  .F.,(2,2),(-3.25,-0.75),.PIECEWISE_BEZIER_KNOTS.);
#1658 = CARTESIAN_POINT('',(4.,16.2));
#1659 = CARTESIAN_POINT('',(1.5,16.2));
#1660 = ( GEOMETRIC_REPRESENTATION_CONTEXT(2) 
PARAMETRIC_REPRESENTATION_CONTEXT() REPRESENTATION_CONTEXT('2D SPACE',''
  ) );
#1661 = ADVANCED_FACE('',(#1662),#1050,.F.);
#1662 = FACE_BOUND('',#1663,.T.);
#1663 = EDGE_LOOP('',(#1664,#1665,#1688,#1719));
#1664 = ORIENTED_EDGE('',*,*,#1029,.T.);
#1665 = ORIENTED_EDGE('',*,*,#1666,.T.);
#1666 = EDGE_CURVE('',#1030,#1667,#1669,.T.);
#1667 = VERTEX_POINT('',#1668);
#1668 = CARTESIAN_POINT('',(1.1,-14.14213562373,1.5));
#1669 = SEAM_CURVE('',#1670,(#1674,#1681),.PCURVE_S1.);
#1670 = LINE('',#1671,#1672);
#1671 = CARTESIAN_POINT('',(1.1,-14.14213562373,-1.));
#1672 = VECTOR('',#1673,1.);
#1673 = DIRECTION('',(0.,0.,1.));
#1674 = PCURVE('',#1050,#1675);
#1675 = DEFINITIONAL_REPRESENTATION('',(#1676),#1680);
#1676 = LINE('',#1677,#1678);
#1677 = CARTESIAN_POINT('',(-6.28318530718,0.));
#1678 = VECTOR('',#1679,1.);
#1679 = DIRECTION('',(-0.,-1.));
#1680 = ( GEOMETRIC_REPRESENTATION_CONTEXT(2) 
PARAMETRIC_REPRESENTATION_CONTEXT() REPRESENTATION_CONTEXT('2D SPACE',''
  ) );
#1681 = PCURVE('',#1050,#1682);
#1682 = DEFINITIONAL_REPRESENTATION('',(#1683),#1687);
#1683 = LINE('',#1684,#1685);
#1684 = CARTESIAN_POINT('',(-0.,0.));
#1685 = VECTOR('',#1686,1.);
#1686 = DIRECTION('',(-0.,-1.));
#1687 = ( GEOMETRIC_REPRESENTATION_CONTEXT(2) 
PARAMETRIC_REPRESENTATION_CONTEXT() REPRESENTATION_CONTEXT('2D SPACE',''
  ) );
#1688 = ORIENTED_EDGE('',*,*,#1689,.F.);
#1689 = EDGE_CURVE('',#1667,#1667,#1690,.T.);
#1690 = SURFACE_CURVE('',#1691,(#1696,#1703),.PCURVE_S1.);
#1691 = CIRCLE('',#1692,1.1);
#1692 = AXIS2_PLACEMENT_3D('',#1693,#1694,#1695);
#1693 = CARTESIAN_POINT('',(0.,-14.14213562373,1.5));
#1694 = DIRECTION('',(0.,0.,-1.));
#1695 = DIRECTION('',(1.,0.,0.));
#1696 = PCURVE('',#1050,#1697);
#1697 = DEFINITIONAL_REPRESENTATION('',(#1698),#1702);
#1698 = LINE('',#1699,#1700);
#1699 = CARTESIAN_POINT('',(-6.28318530718,-2.5));
#1700 = VECTOR('',#1701,1.);
#1701 = DIRECTION('',(1.,-0.));
#1702 = ( GEOMETRIC_REPRESENTATION_CONTEXT(2) 
PARAMETRIC_REPRESENTATION_CONTEXT() REPRESENTATION_CONTEXT('2D SPACE',''
  ) );
#1703 = PCURVE('',#1704,#1709);
#1704 = PLANE('',#1705);
#1705 = AXIS2_PLACEMENT_3D('',#1706,#1707,#1708);
#1706 = CARTESIAN_POINT('',(-2.2,-12.7,1.5));
#1707 = DIRECTION('',(0.,0.,1.));
#1708 = DIRECTION('',(1.,0.,0.));
#1709 = DEFINITIONAL_REPRESENTATION('',(#1710),#1718);
#1710 = ( BOUNDED_CURVE() B_SPLINE_CURVE(2,(#1711,#1712,#1713,#1714,
#1715,#1716,#1717),.UNSPECIFIED.,.T.,.F.) B_SPLINE_CURVE_WITH_KNOTS((1,2
    ,2,2,2,1),(-2.094395102393,0.,2.094395102393,4.188790204786,
6.28318530718,8.377580409573),.UNSPECIFIED.) CURVE() 
GEOMETRIC_REPRESENTATION_ITEM() RATIONAL_B_SPLINE_CURVE((1.,0.5,1.,0.5,
1.,0.5,1.)) REPRESENTATION_ITEM('') );
#1711 = CARTESIAN_POINT('',(3.3,-1.442135623731));
#1712 = CARTESIAN_POINT('',(3.3,-3.347391512057));
#1713 = CARTESIAN_POINT('',(1.65,-2.394763567894));
#1714 = CARTESIAN_POINT('',(0.,-1.442135623731));
#1715 = CARTESIAN_POINT('',(1.65,-0.489507679568));
#1716 = CARTESIAN_POINT('',(3.3,0.463120264595));
#1717 = CARTESIAN_POINT('',(3.3,-1.442135623731));
#1718 = ( GEOMETRIC_REPRESENTATION_CONTEXT(2) 
PARAMETRIC_REPRESENTATION_CONTEXT() REPRESENTATION_CONTEXT('2D SPACE',''
  ) );
#1719 = ORIENTED_EDGE('',*,*,#1666,.F.);
#1720 = ADVANCED_FACE('',(#1721,#2020),#1704,.T.);
#1721 = FACE_BOUND('',#1722,.T.);
#1722 = EDGE_LOOP('',(#1723,#1753,#1776,#1804,#1827,#1851,#1874,#1902,
    #1925,#1949,#1972,#1994));
#1723 = ORIENTED_EDGE('',*,*,#1724,.F.);
#1724 = EDGE_CURVE('',#1725,#1727,#1729,.T.);
#1725 = VERTEX_POINT('',#1726);
#1726 = CARTESIAN_POINT('',(-2.2,-12.2,1.5));
#1727 = VERTEX_POINT('',#1728);
#1728 = CARTESIAN_POINT('',(-2.2,-11.6,1.5));
#1729 = SURFACE_CURVE('',#1730,(#1734,#1741),.PCURVE_S1.);
#1730 = LINE('',#1731,#1732);
#1731 = CARTESIAN_POINT('',(-2.2,-12.7,1.5));
#1732 = VECTOR('',#1733,1.);
#1733 = DIRECTION('',(0.,1.,0.));
#1734 = PCURVE('',#1704,#1735);
#1735 = DEFINITIONAL_REPRESENTATION('',(#1736),#1740);
#1736 = LINE('',#1737,#1738);
#1737 = CARTESIAN_POINT('',(0.,0.));
#1738 = VECTOR('',#1739,1.);
#1739 = DIRECTION('',(0.,1.));
#1740 = ( GEOMETRIC_REPRESENTATION_CONTEXT(2) 
PARAMETRIC_REPRESENTATION_CONTEXT() REPRESENTATION_CONTEXT('2D SPACE',''
  ) );
#1741 = PCURVE('',#1742,#1747);
#1742 = PLANE('',#1743);
#1743 = AXIS2_PLACEMENT_3D('',#1744,#1745,#1746);
#1744 = CARTESIAN_POINT('',(-2.2,-12.7,1.5));
#1745 = DIRECTION('',(1.,0.,0.));
#1746 = DIRECTION('',(0.,0.,1.));
#1747 = DEFINITIONAL_REPRESENTATION('',(#1748),#1752);
#1748 = LINE('',#1749,#1750);
#1749 = CARTESIAN_POINT('',(0.,0.));
#1750 = VECTOR('',#1751,1.);
#1751 = DIRECTION('',(0.,-1.));
#1752 = ( GEOMETRIC_REPRESENTATION_CONTEXT(2) 
PARAMETRIC_REPRESENTATION_CONTEXT() REPRESENTATION_CONTEXT('2D SPACE',''
  ) );
#1753 = ORIENTED_EDGE('',*,*,#1754,.F.);
#1754 = EDGE_CURVE('',#1755,#1725,#1757,.T.);
#1755 = VERTEX_POINT('',#1756);
#1756 = CARTESIAN_POINT('',(-5.,-12.2,1.5));
#1757 = SURFACE_CURVE('',#1758,(#1762,#1769),.PCURVE_S1.);
#1758 = LINE('',#1759,#1760);
#1759 = CARTESIAN_POINT('',(-7.,-12.2,1.5));
#1760 = VECTOR('',#1761,1.);
#1761 = DIRECTION('',(1.,0.,0.));
#1762 = PCURVE('',#1704,#1763);
#1763 = DEFINITIONAL_REPRESENTATION('',(#1764),#1768);
#1764 = LINE('',#1765,#1766);
#1765 = CARTESIAN_POINT('',(-4.8,0.5));
#1766 = VECTOR('',#1767,1.);
#1767 = DIRECTION('',(1.,0.));
#1768 = ( GEOMETRIC_REPRESENTATION_CONTEXT(2) 
PARAMETRIC_REPRESENTATION_CONTEXT() REPRESENTATION_CONTEXT('2D SPACE',''
  ) );
#1769 = PCURVE('',#182,#1770);
#1770 = DEFINITIONAL_REPRESENTATION('',(#1771),#1775);
#1771 = LINE('',#1772,#1773);
#1772 = CARTESIAN_POINT('',(1.5,11.4));
#1773 = VECTOR('',#1774,1.);
#1774 = DIRECTION('',(0.,1.));
#1775 = ( GEOMETRIC_REPRESENTATION_CONTEXT(2) 
PARAMETRIC_REPRESENTATION_CONTEXT() REPRESENTATION_CONTEXT('2D SPACE',''
  ) );
#1776 = ORIENTED_EDGE('',*,*,#1777,.F.);
#1777 = EDGE_CURVE('',#1778,#1755,#1780,.T.);
#1778 = VERTEX_POINT('',#1779);
#1779 = CARTESIAN_POINT('',(-7.,-14.2,1.5));
#1780 = SURFACE_CURVE('',#1781,(#1786,#1797),.PCURVE_S1.);
#1781 = CIRCLE('',#1782,2.);
#1782 = AXIS2_PLACEMENT_3D('',#1783,#1784,#1785);
#1783 = CARTESIAN_POINT('',(-5.,-14.2,1.5));
#1784 = DIRECTION('',(-0.,-0.,-1.));
#1785 = DIRECTION('',(0.,-1.,0.));
#1786 = PCURVE('',#1704,#1787);
#1787 = DEFINITIONAL_REPRESENTATION('',(#1788),#1796);
#1788 = ( BOUNDED_CURVE() B_SPLINE_CURVE(2,(#1789,#1790,#1791,#1792,
#1793,#1794,#1795),.UNSPECIFIED.,.T.,.F.) B_SPLINE_CURVE_WITH_KNOTS((1,2
    ,2,2,2,1),(-2.094395102393,0.,2.094395102393,4.188790204786,
6.28318530718,8.377580409573),.UNSPECIFIED.) CURVE() 
GEOMETRIC_REPRESENTATION_ITEM() RATIONAL_B_SPLINE_CURVE((1.,0.5,1.,0.5,
1.,0.5,1.)) REPRESENTATION_ITEM('') );
#1789 = CARTESIAN_POINT('',(-2.8,-3.5));
#1790 = CARTESIAN_POINT('',(-6.264101615138,-3.5));
#1791 = CARTESIAN_POINT('',(-4.532050807569,-0.5));
#1792 = CARTESIAN_POINT('',(-2.8,2.5));
#1793 = CARTESIAN_POINT('',(-1.067949192431,-0.5));
#1794 = CARTESIAN_POINT('',(0.664101615138,-3.5));
#1795 = CARTESIAN_POINT('',(-2.8,-3.5));
#1796 = ( GEOMETRIC_REPRESENTATION_CONTEXT(2) 
PARAMETRIC_REPRESENTATION_CONTEXT() REPRESENTATION_CONTEXT('2D SPACE',''
  ) );
#1797 = PCURVE('',#215,#1798);
#1798 = DEFINITIONAL_REPRESENTATION('',(#1799),#1803);
#1799 = LINE('',#1800,#1801);
#1800 = CARTESIAN_POINT('',(1.570796326795,1.5));
#1801 = VECTOR('',#1802,1.);
#1802 = DIRECTION('',(-1.,0.));
#1803 = ( GEOMETRIC_REPRESENTATION_CONTEXT(2) 
PARAMETRIC_REPRESENTATION_CONTEXT() REPRESENTATION_CONTEXT('2D SPACE',''
  ) );
#1804 = ORIENTED_EDGE('',*,*,#1805,.F.);
#1805 = EDGE_CURVE('',#1806,#1778,#1808,.T.);
#1806 = VERTEX_POINT('',#1807);
#1807 = CARTESIAN_POINT('',(-7.,-15.14213562373,1.5));
#1808 = SURFACE_CURVE('',#1809,(#1813,#1820),.PCURVE_S1.);
#1809 = LINE('',#1810,#1811);
#1810 = CARTESIAN_POINT('',(-7.,-17.14213562373,1.5));
#1811 = VECTOR('',#1812,1.);
#1812 = DIRECTION('',(0.,1.,0.));
#1813 = PCURVE('',#1704,#1814);
#1814 = DEFINITIONAL_REPRESENTATION('',(#1815),#1819);
#1815 = LINE('',#1816,#1817);
#1816 = CARTESIAN_POINT('',(-4.8,-4.442135623731));
#1817 = VECTOR('',#1818,1.);
#1818 = DIRECTION('',(0.,1.));
#1819 = ( GEOMETRIC_REPRESENTATION_CONTEXT(2) 
PARAMETRIC_REPRESENTATION_CONTEXT() REPRESENTATION_CONTEXT('2D SPACE',''
  ) );
#1820 = PCURVE('',#243,#1821);
#1821 = DEFINITIONAL_REPRESENTATION('',(#1822),#1826);
#1822 = LINE('',#1823,#1824);
#1823 = CARTESIAN_POINT('',(1.5,0.));
#1824 = VECTOR('',#1825,1.);
#1825 = DIRECTION('',(0.,-1.));
#1826 = ( GEOMETRIC_REPRESENTATION_CONTEXT(2) 
PARAMETRIC_REPRESENTATION_CONTEXT() REPRESENTATION_CONTEXT('2D SPACE',''
  ) );
#1827 = ORIENTED_EDGE('',*,*,#1828,.T.);
#1828 = EDGE_CURVE('',#1806,#1829,#1831,.T.);
#1829 = VERTEX_POINT('',#1830);
#1830 = CARTESIAN_POINT('',(-5.,-17.14213562373,1.5));
#1831 = SURFACE_CURVE('',#1832,(#1837,#1844),.PCURVE_S1.);
#1832 = CIRCLE('',#1833,2.);
#1833 = AXIS2_PLACEMENT_3D('',#1834,#1835,#1836);
#1834 = CARTESIAN_POINT('',(-5.,-15.14213562373,1.5));
#1835 = DIRECTION('',(0.,0.,1.));
#1836 = DIRECTION('',(0.,-1.,0.));
#1837 = PCURVE('',#1704,#1838);
#1838 = DEFINITIONAL_REPRESENTATION('',(#1839),#1843);
#1839 = CIRCLE('',#1840,2.);
#1840 = AXIS2_PLACEMENT_2D('',#1841,#1842);
#1841 = CARTESIAN_POINT('',(-2.8,-2.442135623731));
#1842 = DIRECTION('',(0.,-1.));
#1843 = ( GEOMETRIC_REPRESENTATION_CONTEXT(2) 
PARAMETRIC_REPRESENTATION_CONTEXT() REPRESENTATION_CONTEXT('2D SPACE',''
  ) );
#1844 = PCURVE('',#272,#1845);
#1845 = DEFINITIONAL_REPRESENTATION('',(#1846),#1850);
#1846 = LINE('',#1847,#1848);
#1847 = CARTESIAN_POINT('',(-4.712388980385,1.5));
#1848 = VECTOR('',#1849,1.);
#1849 = DIRECTION('',(1.,0.));
#1850 = ( GEOMETRIC_REPRESENTATION_CONTEXT(2) 
PARAMETRIC_REPRESENTATION_CONTEXT() REPRESENTATION_CONTEXT('2D SPACE',''
  ) );
#1851 = ORIENTED_EDGE('',*,*,#1852,.T.);
#1852 = EDGE_CURVE('',#1829,#1853,#1855,.T.);
#1853 = VERTEX_POINT('',#1854);
#1854 = CARTESIAN_POINT('',(5.,-17.14213562373,1.5));
#1855 = SURFACE_CURVE('',#1856,(#1860,#1867),.PCURVE_S1.);
#1856 = LINE('',#1857,#1858);
#1857 = CARTESIAN_POINT('',(-7.,-17.14213562373,1.5));
#1858 = VECTOR('',#1859,1.);
#1859 = DIRECTION('',(1.,0.,0.));
#1860 = PCURVE('',#1704,#1861);
#1861 = DEFINITIONAL_REPRESENTATION('',(#1862),#1866);
#1862 = LINE('',#1863,#1864);
#1863 = CARTESIAN_POINT('',(-4.8,-4.442135623731));
#1864 = VECTOR('',#1865,1.);
#1865 = DIRECTION('',(1.,0.));
#1866 = ( GEOMETRIC_REPRESENTATION_CONTEXT(2) 
PARAMETRIC_REPRESENTATION_CONTEXT() REPRESENTATION_CONTEXT('2D SPACE',''
  ) );
#1867 = PCURVE('',#300,#1868);
#1868 = DEFINITIONAL_REPRESENTATION('',(#1869),#1873);
#1869 = LINE('',#1870,#1871);
#1870 = CARTESIAN_POINT('',(1.5,0.));
#1871 = VECTOR('',#1872,1.);
#1872 = DIRECTION('',(0.,1.));
#1873 = ( GEOMETRIC_REPRESENTATION_CONTEXT(2) 
PARAMETRIC_REPRESENTATION_CONTEXT() REPRESENTATION_CONTEXT('2D SPACE',''
  ) );
#1874 = ORIENTED_EDGE('',*,*,#1875,.F.);
#1875 = EDGE_CURVE('',#1876,#1853,#1878,.T.);
#1876 = VERTEX_POINT('',#1877);
#1877 = CARTESIAN_POINT('',(7.,-15.14213562373,1.5));
#1878 = SURFACE_CURVE('',#1879,(#1884,#1895),.PCURVE_S1.);
#1879 = CIRCLE('',#1880,2.);
#1880 = AXIS2_PLACEMENT_3D('',#1881,#1882,#1883);
#1881 = CARTESIAN_POINT('',(5.,-15.14213562373,1.5));
#1882 = DIRECTION('',(-0.,-0.,-1.));
#1883 = DIRECTION('',(0.,-1.,0.));
#1884 = PCURVE('',#1704,#1885);
#1885 = DEFINITIONAL_REPRESENTATION('',(#1886),#1894);
#1886 = ( BOUNDED_CURVE() B_SPLINE_CURVE(2,(#1887,#1888,#1889,#1890,
#1891,#1892,#1893),.UNSPECIFIED.,.T.,.F.) B_SPLINE_CURVE_WITH_KNOTS((1,2
    ,2,2,2,1),(-2.094395102393,0.,2.094395102393,4.188790204786,
6.28318530718,8.377580409573),.UNSPECIFIED.) CURVE() 
GEOMETRIC_REPRESENTATION_ITEM() RATIONAL_B_SPLINE_CURVE((1.,0.5,1.,0.5,
1.,0.5,1.)) REPRESENTATION_ITEM('') );
#1887 = CARTESIAN_POINT('',(7.2,-4.442135623731));
#1888 = CARTESIAN_POINT('',(3.735898384862,-4.442135623731));
#1889 = CARTESIAN_POINT('',(5.467949192431,-1.442135623731));
#1890 = CARTESIAN_POINT('',(7.2,1.557864376269));
#1891 = CARTESIAN_POINT('',(8.932050807569,-1.442135623731));
#1892 = CARTESIAN_POINT('',(10.664101615138,-4.442135623731));
#1893 = CARTESIAN_POINT('',(7.2,-4.442135623731));
#1894 = ( GEOMETRIC_REPRESENTATION_CONTEXT(2) 
PARAMETRIC_REPRESENTATION_CONTEXT() REPRESENTATION_CONTEXT('2D SPACE',''
  ) );
#1895 = PCURVE('',#333,#1896);
#1896 = DEFINITIONAL_REPRESENTATION('',(#1897),#1901);
#1897 = LINE('',#1898,#1899);
#1898 = CARTESIAN_POINT('',(4.712388980385,1.5));
#1899 = VECTOR('',#1900,1.);
#1900 = DIRECTION('',(-1.,0.));
#1901 = ( GEOMETRIC_REPRESENTATION_CONTEXT(2) 
PARAMETRIC_REPRESENTATION_CONTEXT() REPRESENTATION_CONTEXT('2D SPACE',''
  ) );
#1902 = ORIENTED_EDGE('',*,*,#1903,.T.);
#1903 = EDGE_CURVE('',#1876,#1904,#1906,.T.);
#1904 = VERTEX_POINT('',#1905);
#1905 = CARTESIAN_POINT('',(7.,-14.2,1.5));
#1906 = SURFACE_CURVE('',#1907,(#1911,#1918),.PCURVE_S1.);
#1907 = LINE('',#1908,#1909);
#1908 = CARTESIAN_POINT('',(7.,-17.14213562373,1.5));
#1909 = VECTOR('',#1910,1.);
#1910 = DIRECTION('',(0.,1.,0.));
#1911 = PCURVE('',#1704,#1912);
#1912 = DEFINITIONAL_REPRESENTATION('',(#1913),#1917);
#1913 = LINE('',#1914,#1915);
#1914 = CARTESIAN_POINT('',(9.2,-4.442135623731));
#1915 = VECTOR('',#1916,1.);
#1916 = DIRECTION('',(0.,1.));
#1917 = ( GEOMETRIC_REPRESENTATION_CONTEXT(2) 
PARAMETRIC_REPRESENTATION_CONTEXT() REPRESENTATION_CONTEXT('2D SPACE',''
  ) );
#1918 = PCURVE('',#361,#1919);
#1919 = DEFINITIONAL_REPRESENTATION('',(#1920),#1924);
#1920 = LINE('',#1921,#1922);
#1921 = CARTESIAN_POINT('',(1.5,0.));
#1922 = VECTOR('',#1923,1.);
#1923 = DIRECTION('',(0.,-1.));
#1924 = ( GEOMETRIC_REPRESENTATION_CONTEXT(2) 
PARAMETRIC_REPRESENTATION_CONTEXT() REPRESENTATION_CONTEXT('2D SPACE',''
  ) );
#1925 = ORIENTED_EDGE('',*,*,#1926,.T.);
#1926 = EDGE_CURVE('',#1904,#1927,#1929,.T.);
#1927 = VERTEX_POINT('',#1928);
#1928 = CARTESIAN_POINT('',(5.,-12.2,1.5));
#1929 = SURFACE_CURVE('',#1930,(#1935,#1942),.PCURVE_S1.);
#1930 = CIRCLE('',#1931,2.);
#1931 = AXIS2_PLACEMENT_3D('',#1932,#1933,#1934);
#1932 = CARTESIAN_POINT('',(5.,-14.2,1.5));
#1933 = DIRECTION('',(0.,0.,1.));
#1934 = DIRECTION('',(0.,-1.,0.));
#1935 = PCURVE('',#1704,#1936);
#1936 = DEFINITIONAL_REPRESENTATION('',(#1937),#1941);
#1937 = CIRCLE('',#1938,2.);
#1938 = AXIS2_PLACEMENT_2D('',#1939,#1940);
#1939 = CARTESIAN_POINT('',(7.2,-1.5));
#1940 = DIRECTION('',(0.,-1.));
#1941 = ( GEOMETRIC_REPRESENTATION_CONTEXT(2) 
PARAMETRIC_REPRESENTATION_CONTEXT() REPRESENTATION_CONTEXT('2D SPACE',''
  ) );
#1942 = PCURVE('',#390,#1943);
#1943 = DEFINITIONAL_REPRESENTATION('',(#1944),#1948);
#1944 = LINE('',#1945,#1946);
#1945 = CARTESIAN_POINT('',(-1.570796326795,1.5));
#1946 = VECTOR('',#1947,1.);
#1947 = DIRECTION('',(1.,0.));
#1948 = ( GEOMETRIC_REPRESENTATION_CONTEXT(2) 
PARAMETRIC_REPRESENTATION_CONTEXT() REPRESENTATION_CONTEXT('2D SPACE',''
  ) );
#1949 = ORIENTED_EDGE('',*,*,#1950,.F.);
#1950 = EDGE_CURVE('',#1951,#1927,#1953,.T.);
#1951 = VERTEX_POINT('',#1952);
#1952 = CARTESIAN_POINT('',(-0.5,-12.2,1.5));
#1953 = SURFACE_CURVE('',#1954,(#1958,#1965),.PCURVE_S1.);
#1954 = LINE('',#1955,#1956);
#1955 = CARTESIAN_POINT('',(-0.5,-12.2,1.5));
#1956 = VECTOR('',#1957,1.);
#1957 = DIRECTION('',(1.,0.,0.));
#1958 = PCURVE('',#1704,#1959);
#1959 = DEFINITIONAL_REPRESENTATION('',(#1960),#1964);
#1960 = LINE('',#1961,#1962);
#1961 = CARTESIAN_POINT('',(1.7,0.5));
#1962 = VECTOR('',#1963,1.);
#1963 = DIRECTION('',(1.,0.));
#1964 = ( GEOMETRIC_REPRESENTATION_CONTEXT(2) 
PARAMETRIC_REPRESENTATION_CONTEXT() REPRESENTATION_CONTEXT('2D SPACE',''
  ) );
#1965 = PCURVE('',#418,#1966);
#1966 = DEFINITIONAL_REPRESENTATION('',(#1967),#1971);
#1967 = LINE('',#1968,#1969);
#1968 = CARTESIAN_POINT('',(1.5,6.5));
#1969 = VECTOR('',#1970,1.);
#1970 = DIRECTION('',(0.,1.));
#1971 = ( GEOMETRIC_REPRESENTATION_CONTEXT(2) 
PARAMETRIC_REPRESENTATION_CONTEXT() REPRESENTATION_CONTEXT('2D SPACE',''
  ) );
#1972 = ORIENTED_EDGE('',*,*,#1973,.F.);
#1973 = EDGE_CURVE('',#1974,#1951,#1976,.T.);
#1974 = VERTEX_POINT('',#1975);
#1975 = CARTESIAN_POINT('',(-0.5,-11.6,1.5));
#1976 = SURFACE_CURVE('',#1977,(#1981,#1988),.PCURVE_S1.);
#1977 = LINE('',#1978,#1979);
#1978 = CARTESIAN_POINT('',(-0.5,-12.95,1.5));
#1979 = VECTOR('',#1980,1.);
#1980 = DIRECTION('',(0.,-1.,0.));
#1981 = PCURVE('',#1704,#1982);
#1982 = DEFINITIONAL_REPRESENTATION('',(#1983),#1987);
#1983 = LINE('',#1984,#1985);
#1984 = CARTESIAN_POINT('',(1.7,-0.25));
#1985 = VECTOR('',#1986,1.);
#1986 = DIRECTION('',(0.,-1.));
#1987 = ( GEOMETRIC_REPRESENTATION_CONTEXT(2) 
PARAMETRIC_REPRESENTATION_CONTEXT() REPRESENTATION_CONTEXT('2D SPACE',''
  ) );
#1988 = PCURVE('',#446,#1989);
#1989 = DEFINITIONAL_REPRESENTATION('',(#1990),#1993);
#1990 = B_SPLINE_CURVE_WITH_KNOTS('',1,(#1991,#1992),.UNSPECIFIED.,.F.,
  .F.,(2,2),(-1.35,-0.75),.PIECEWISE_BEZIER_KNOTS.);
#1991 = CARTESIAN_POINT('',(2.5,-1.6));
#1992 = CARTESIAN_POINT('',(2.5,-1.));
#1993 = ( GEOMETRIC_REPRESENTATION_CONTEXT(2) 
PARAMETRIC_REPRESENTATION_CONTEXT() REPRESENTATION_CONTEXT('2D SPACE',''
  ) );
#1994 = ORIENTED_EDGE('',*,*,#1995,.F.);
#1995 = EDGE_CURVE('',#1727,#1974,#1996,.T.);
#1996 = SURFACE_CURVE('',#1997,(#2001,#2008),.PCURVE_S1.);
#1997 = LINE('',#1998,#1999);
#1998 = CARTESIAN_POINT('',(-2.2,-11.6,1.5));
#1999 = VECTOR('',#2000,1.);
#2000 = DIRECTION('',(1.,0.,0.));
#2001 = PCURVE('',#1704,#2002);
#2002 = DEFINITIONAL_REPRESENTATION('',(#2003),#2007);
#2003 = LINE('',#2004,#2005);
#2004 = CARTESIAN_POINT('',(0.,1.1));
#2005 = VECTOR('',#2006,1.);
#2006 = DIRECTION('',(1.,0.));
#2007 = ( GEOMETRIC_REPRESENTATION_CONTEXT(2) 
PARAMETRIC_REPRESENTATION_CONTEXT() REPRESENTATION_CONTEXT('2D SPACE',''
  ) );
#2008 = PCURVE('',#2009,#2014);
#2009 = PLANE('',#2010);
#2010 = AXIS2_PLACEMENT_3D('',#2011,#2012,#2013);
#2011 = CARTESIAN_POINT('',(-2.2,-11.6,1.5));
#2012 = DIRECTION('',(0.,1.,0.));
#2013 = DIRECTION('',(0.,0.,1.));
#2014 = DEFINITIONAL_REPRESENTATION('',(#2015),#2019);
#2015 = LINE('',#2016,#2017);
#2016 = CARTESIAN_POINT('',(0.,0.));
#2017 = VECTOR('',#2018,1.);
#2018 = DIRECTION('',(0.,1.));
#2019 = ( GEOMETRIC_REPRESENTATION_CONTEXT(2) 
PARAMETRIC_REPRESENTATION_CONTEXT() REPRESENTATION_CONTEXT('2D SPACE',''
  ) );
#2020 = FACE_BOUND('',#2021,.T.);
#2021 = EDGE_LOOP('',(#2022));
#2022 = ORIENTED_EDGE('',*,*,#1689,.T.);
#2023 = ADVANCED_FACE('',(#2024),#2009,.F.);
#2024 = FACE_BOUND('',#2025,.F.);
#2025 = EDGE_LOOP('',(#2026,#2027,#2050,#2078));
#2026 = ORIENTED_EDGE('',*,*,#1995,.F.);
#2027 = ORIENTED_EDGE('',*,*,#2028,.T.);
#2028 = EDGE_CURVE('',#1727,#2029,#2031,.T.);
#2029 = VERTEX_POINT('',#2030);
#2030 = CARTESIAN_POINT('',(-2.2,-11.6,4.));
#2031 = SURFACE_CURVE('',#2032,(#2036,#2043),.PCURVE_S1.);
#2032 = LINE('',#2033,#2034);
#2033 = CARTESIAN_POINT('',(-2.2,-11.6,1.5));
#2034 = VECTOR('',#2035,1.);
#2035 = DIRECTION('',(0.,0.,1.));
#2036 = PCURVE('',#2009,#2037);
#2037 = DEFINITIONAL_REPRESENTATION('',(#2038),#2042);
#2038 = LINE('',#2039,#2040);
#2039 = CARTESIAN_POINT('',(0.,0.));
#2040 = VECTOR('',#2041,1.);
#2041 = DIRECTION('',(1.,0.));
#2042 = ( GEOMETRIC_REPRESENTATION_CONTEXT(2) 
PARAMETRIC_REPRESENTATION_CONTEXT() REPRESENTATION_CONTEXT('2D SPACE',''
  ) );
#2043 = PCURVE('',#1742,#2044);
#2044 = DEFINITIONAL_REPRESENTATION('',(#2045),#2049);
#2045 = LINE('',#2046,#2047);
#2046 = CARTESIAN_POINT('',(0.,-1.1));
#2047 = VECTOR('',#2048,1.);
#2048 = DIRECTION('',(1.,0.));
#2049 = ( GEOMETRIC_REPRESENTATION_CONTEXT(2) 
PARAMETRIC_REPRESENTATION_CONTEXT() REPRESENTATION_CONTEXT('2D SPACE',''
  ) );
#2050 = ORIENTED_EDGE('',*,*,#2051,.T.);
#2051 = EDGE_CURVE('',#2029,#2052,#2054,.T.);
#2052 = VERTEX_POINT('',#2053);
#2053 = CARTESIAN_POINT('',(-0.5,-11.6,4.));
#2054 = SURFACE_CURVE('',#2055,(#2059,#2066),.PCURVE_S1.);
#2055 = LINE('',#2056,#2057);
#2056 = CARTESIAN_POINT('',(-2.2,-11.6,4.));
#2057 = VECTOR('',#2058,1.);
#2058 = DIRECTION('',(1.,0.,0.));
#2059 = PCURVE('',#2009,#2060);
#2060 = DEFINITIONAL_REPRESENTATION('',(#2061),#2065);
#2061 = LINE('',#2062,#2063);
#2062 = CARTESIAN_POINT('',(2.5,0.));
#2063 = VECTOR('',#2064,1.);
#2064 = DIRECTION('',(0.,1.));
#2065 = ( GEOMETRIC_REPRESENTATION_CONTEXT(2) 
PARAMETRIC_REPRESENTATION_CONTEXT() REPRESENTATION_CONTEXT('2D SPACE',''
  ) );
#2066 = PCURVE('',#2067,#2072);
#2067 = PLANE('',#2068);
#2068 = AXIS2_PLACEMENT_3D('',#2069,#2070,#2071);
#2069 = CARTESIAN_POINT('',(-2.2,-12.7,4.));
#2070 = DIRECTION('',(0.,0.,1.));
#2071 = DIRECTION('',(1.,0.,0.));
#2072 = DEFINITIONAL_REPRESENTATION('',(#2073),#2077);
#2073 = LINE('',#2074,#2075);
#2074 = CARTESIAN_POINT('',(0.,1.1));
#2075 = VECTOR('',#2076,1.);
#2076 = DIRECTION('',(1.,0.));
#2077 = ( GEOMETRIC_REPRESENTATION_CONTEXT(2) 
PARAMETRIC_REPRESENTATION_CONTEXT() REPRESENTATION_CONTEXT('2D SPACE',''
  ) );
#2078 = ORIENTED_EDGE('',*,*,#2079,.F.);
#2079 = EDGE_CURVE('',#1974,#2052,#2080,.T.);
#2080 = SURFACE_CURVE('',#2081,(#2085,#2091),.PCURVE_S1.);
#2081 = LINE('',#2082,#2083);
#2082 = CARTESIAN_POINT('',(-0.5,-11.6,0.25));
#2083 = VECTOR('',#2084,1.);
#2084 = DIRECTION('',(0.,0.,1.));
#2085 = PCURVE('',#2009,#2086);
#2086 = DEFINITIONAL_REPRESENTATION('',(#2087),#2090);
#2087 = B_SPLINE_CURVE_WITH_KNOTS('',1,(#2088,#2089),.UNSPECIFIED.,.F.,
  .F.,(2,2),(1.25,3.75),.PIECEWISE_BEZIER_KNOTS.);
#2088 = CARTESIAN_POINT('',(0.,1.7));
#2089 = CARTESIAN_POINT('',(2.5,1.7));
#2090 = ( GEOMETRIC_REPRESENTATION_CONTEXT(2) 
PARAMETRIC_REPRESENTATION_CONTEXT() REPRESENTATION_CONTEXT('2D SPACE',''
  ) );
#2091 = PCURVE('',#446,#2092);
#2092 = DEFINITIONAL_REPRESENTATION('',(#2093),#2096);
#2093 = B_SPLINE_CURVE_WITH_KNOTS('',1,(#2094,#2095),.UNSPECIFIED.,.F.,
  .F.,(2,2),(1.25,3.75),.PIECEWISE_BEZIER_KNOTS.);
#2094 = CARTESIAN_POINT('',(2.5,-1.6));
#2095 = CARTESIAN_POINT('',(5.,-1.6));
#2096 = ( GEOMETRIC_REPRESENTATION_CONTEXT(2) 
PARAMETRIC_REPRESENTATION_CONTEXT() REPRESENTATION_CONTEXT('2D SPACE',''
  ) );
#2097 = ADVANCED_FACE('',(#2098),#2067,.F.);
#2098 = FACE_BOUND('',#2099,.F.);
#2099 = EDGE_LOOP('',(#2100,#2123,#2144,#2163));
#2100 = ORIENTED_EDGE('',*,*,#2101,.F.);
#2101 = EDGE_CURVE('',#2102,#2029,#2104,.T.);
#2102 = VERTEX_POINT('',#2103);
#2103 = CARTESIAN_POINT('',(-2.2,-12.2,4.));
#2104 = SURFACE_CURVE('',#2105,(#2109,#2116),.PCURVE_S1.);
#2105 = LINE('',#2106,#2107);
#2106 = CARTESIAN_POINT('',(-2.2,-12.7,4.));
#2107 = VECTOR('',#2108,1.);
#2108 = DIRECTION('',(0.,1.,0.));
#2109 = PCURVE('',#2067,#2110);
#2110 = DEFINITIONAL_REPRESENTATION('',(#2111),#2115);
#2111 = LINE('',#2112,#2113);
#2112 = CARTESIAN_POINT('',(0.,0.));
#2113 = VECTOR('',#2114,1.);
#2114 = DIRECTION('',(0.,1.));
#2115 = ( GEOMETRIC_REPRESENTATION_CONTEXT(2) 
PARAMETRIC_REPRESENTATION_CONTEXT() REPRESENTATION_CONTEXT('2D SPACE',''
  ) );
#2116 = PCURVE('',#1742,#2117);
#2117 = DEFINITIONAL_REPRESENTATION('',(#2118),#2122);
#2118 = LINE('',#2119,#2120);
#2119 = CARTESIAN_POINT('',(2.5,0.));
#2120 = VECTOR('',#2121,1.);
#2121 = DIRECTION('',(0.,-1.));
#2122 = ( GEOMETRIC_REPRESENTATION_CONTEXT(2) 
PARAMETRIC_REPRESENTATION_CONTEXT() REPRESENTATION_CONTEXT('2D SPACE',''
  ) );
#2123 = ORIENTED_EDGE('',*,*,#2124,.T.);
#2124 = EDGE_CURVE('',#2102,#2125,#2127,.T.);
#2125 = VERTEX_POINT('',#2126);
#2126 = CARTESIAN_POINT('',(-0.5,-12.2,4.));
#2127 = SURFACE_CURVE('',#2128,(#2132,#2138),.PCURVE_S1.);
#2128 = LINE('',#2129,#2130);
#2129 = CARTESIAN_POINT('',(-10.3,-12.2,4.));
#2130 = VECTOR('',#2131,1.);
#2131 = DIRECTION('',(1.,0.,0.));
#2132 = PCURVE('',#2067,#2133);
#2133 = DEFINITIONAL_REPRESENTATION('',(#2134),#2137);
#2134 = B_SPLINE_CURVE_WITH_KNOTS('',1,(#2135,#2136),.UNSPECIFIED.,.F.,
  .F.,(2,2),(8.1,9.8),.PIECEWISE_BEZIER_KNOTS.);
#2135 = CARTESIAN_POINT('',(0.,0.5));
#2136 = CARTESIAN_POINT('',(1.7,0.5));
#2137 = ( GEOMETRIC_REPRESENTATION_CONTEXT(2) 
PARAMETRIC_REPRESENTATION_CONTEXT() REPRESENTATION_CONTEXT('2D SPACE',''
  ) );
#2138 = PCURVE('',#182,#2139);
#2139 = DEFINITIONAL_REPRESENTATION('',(#2140),#2143);
#2140 = B_SPLINE_CURVE_WITH_KNOTS('',1,(#2141,#2142),.UNSPECIFIED.,.F.,
  .F.,(2,2),(8.1,9.8),.PIECEWISE_BEZIER_KNOTS.);
#2141 = CARTESIAN_POINT('',(4.,16.2));
#2142 = CARTESIAN_POINT('',(4.,17.9));
#2143 = ( GEOMETRIC_REPRESENTATION_CONTEXT(2) 
PARAMETRIC_REPRESENTATION_CONTEXT() REPRESENTATION_CONTEXT('2D SPACE',''
  ) );
#2144 = ORIENTED_EDGE('',*,*,#2145,.F.);
#2145 = EDGE_CURVE('',#2052,#2125,#2146,.T.);
#2146 = SURFACE_CURVE('',#2147,(#2151,#2157),.PCURVE_S1.);
#2147 = LINE('',#2148,#2149);
#2148 = CARTESIAN_POINT('',(-0.5,-12.95,4.));
#2149 = VECTOR('',#2150,1.);
#2150 = DIRECTION('',(0.,-1.,0.));
#2151 = PCURVE('',#2067,#2152);
#2152 = DEFINITIONAL_REPRESENTATION('',(#2153),#2156);
#2153 = B_SPLINE_CURVE_WITH_KNOTS('',1,(#2154,#2155),.UNSPECIFIED.,.F.,
  .F.,(2,2),(-1.35,-0.75),.PIECEWISE_BEZIER_KNOTS.);
#2154 = CARTESIAN_POINT('',(1.7,1.1));
#2155 = CARTESIAN_POINT('',(1.7,0.5));
#2156 = ( GEOMETRIC_REPRESENTATION_CONTEXT(2) 
PARAMETRIC_REPRESENTATION_CONTEXT() REPRESENTATION_CONTEXT('2D SPACE',''
  ) );
#2157 = PCURVE('',#446,#2158);
#2158 = DEFINITIONAL_REPRESENTATION('',(#2159),#2162);
#2159 = B_SPLINE_CURVE_WITH_KNOTS('',1,(#2160,#2161),.UNSPECIFIED.,.F.,
  .F.,(2,2),(-1.35,-0.75),.PIECEWISE_BEZIER_KNOTS.);
#2160 = CARTESIAN_POINT('',(5.,-1.6));
#2161 = CARTESIAN_POINT('',(5.,-1.));
#2162 = ( GEOMETRIC_REPRESENTATION_CONTEXT(2) 
PARAMETRIC_REPRESENTATION_CONTEXT() REPRESENTATION_CONTEXT('2D SPACE',''
  ) );
#2163 = ORIENTED_EDGE('',*,*,#2051,.F.);
#2164 = ADVANCED_FACE('',(#2165),#1742,.T.);
#2165 = FACE_BOUND('',#2166,.T.);
#2166 = EDGE_LOOP('',(#2167,#2168,#2187,#2188));
#2167 = ORIENTED_EDGE('',*,*,#2101,.F.);
#2168 = ORIENTED_EDGE('',*,*,#2169,.T.);
#2169 = EDGE_CURVE('',#2102,#1725,#2170,.T.);
#2170 = SURFACE_CURVE('',#2171,(#2175,#2181),.PCURVE_S1.);
#2171 = LINE('',#2172,#2173);
#2172 = CARTESIAN_POINT('',(-2.2,-12.2,0.75));
#2173 = VECTOR('',#2174,1.);
#2174 = DIRECTION('',(0.,0.,-1.));
#2175 = PCURVE('',#1742,#2176);
#2176 = DEFINITIONAL_REPRESENTATION('',(#2177),#2180);
#2177 = B_SPLINE_CURVE_WITH_KNOTS('',1,(#2178,#2179),.UNSPECIFIED.,.F.,
  .F.,(2,2),(-3.25,-0.75),.PIECEWISE_BEZIER_KNOTS.);
#2178 = CARTESIAN_POINT('',(2.5,-0.5));
#2179 = CARTESIAN_POINT('',(0.,-0.5));
#2180 = ( GEOMETRIC_REPRESENTATION_CONTEXT(2) 
PARAMETRIC_REPRESENTATION_CONTEXT() REPRESENTATION_CONTEXT('2D SPACE',''
  ) );
#2181 = PCURVE('',#182,#2182);
#2182 = DEFINITIONAL_REPRESENTATION('',(#2183),#2186);
#2183 = B_SPLINE_CURVE_WITH_KNOTS('',1,(#2184,#2185),.UNSPECIFIED.,.F.,
  .F.,(2,2),(-3.25,-0.75),.PIECEWISE_BEZIER_KNOTS.);
#2184 = CARTESIAN_POINT('',(4.,16.2));
#2185 = CARTESIAN_POINT('',(1.5,16.2));
#2186 = ( GEOMETRIC_REPRESENTATION_CONTEXT(2) 
PARAMETRIC_REPRESENTATION_CONTEXT() REPRESENTATION_CONTEXT('2D SPACE',''
  ) );
#2187 = ORIENTED_EDGE('',*,*,#1724,.T.);
#2188 = ORIENTED_EDGE('',*,*,#2028,.T.);
#2189 = ADVANCED_FACE('',(#2190),#585,.T.);
#2190 = FACE_BOUND('',#2191,.T.);
#2191 = EDGE_LOOP('',(#2192,#2215,#2216,#2237));
#2192 = ORIENTED_EDGE('',*,*,#2193,.T.);
#2193 = EDGE_CURVE('',#2194,#542,#2196,.T.);
#2194 = VERTEX_POINT('',#2195);
#2195 = CARTESIAN_POINT('',(16.9,-10.7,10.25));
#2196 = SURFACE_CURVE('',#2197,(#2201,#2208),.PCURVE_S1.);
#2197 = LINE('',#2198,#2199);
#2198 = CARTESIAN_POINT('',(16.9,-10.7,10.25));
#2199 = VECTOR('',#2200,1.);
#2200 = DIRECTION('',(0.,0.,-1.));
#2201 = PCURVE('',#585,#2202);
#2202 = DEFINITIONAL_REPRESENTATION('',(#2203),#2207);
#2203 = LINE('',#2204,#2205);
#2204 = CARTESIAN_POINT('',(11.25,33.8));
#2205 = VECTOR('',#2206,1.);
#2206 = DIRECTION('',(-1.,0.));
#2207 = ( GEOMETRIC_REPRESENTATION_CONTEXT(2) 
PARAMETRIC_REPRESENTATION_CONTEXT() REPRESENTATION_CONTEXT('2D SPACE',''
  ) );
#2208 = PCURVE('',#557,#2209);
#2209 = DEFINITIONAL_REPRESENTATION('',(#2210),#2214);
#2210 = LINE('',#2211,#2212);
#2211 = CARTESIAN_POINT('',(11.25,0.));
#2212 = VECTOR('',#2213,1.);
#2213 = DIRECTION('',(-1.,0.));
#2214 = ( GEOMETRIC_REPRESENTATION_CONTEXT(2) 
PARAMETRIC_REPRESENTATION_CONTEXT() REPRESENTATION_CONTEXT('2D SPACE',''
  ) );
#2215 = ORIENTED_EDGE('',*,*,#569,.T.);
#2216 = ORIENTED_EDGE('',*,*,#2217,.F.);
#2217 = EDGE_CURVE('',#2218,#570,#2220,.T.);
#2218 = VERTEX_POINT('',#2219);
#2219 = CARTESIAN_POINT('',(6.5,-10.7,10.25));
#2220 = SURFACE_CURVE('',#2221,(#2225,#2231),.PCURVE_S1.);
#2221 = LINE('',#2222,#2223);
#2222 = CARTESIAN_POINT('',(6.5,-10.7,-1.));
#2223 = VECTOR('',#2224,1.);
#2224 = DIRECTION('',(0.,0.,-1.));
#2225 = PCURVE('',#585,#2226);
#2226 = DEFINITIONAL_REPRESENTATION('',(#2227),#2230);
#2227 = B_SPLINE_CURVE_WITH_KNOTS('',1,(#2228,#2229),.UNSPECIFIED.,.F.,
  .F.,(2,2),(-11.25,-1.),.PIECEWISE_BEZIER_KNOTS.);
#2228 = CARTESIAN_POINT('',(11.25,23.4));
#2229 = CARTESIAN_POINT('',(1.,23.4));
#2230 = ( GEOMETRIC_REPRESENTATION_CONTEXT(2) 
PARAMETRIC_REPRESENTATION_CONTEXT() REPRESENTATION_CONTEXT('2D SPACE',''
  ) );
#2231 = PCURVE('',#613,#2232);
#2232 = DEFINITIONAL_REPRESENTATION('',(#2233),#2236);
#2233 = B_SPLINE_CURVE_WITH_KNOTS('',1,(#2234,#2235),.UNSPECIFIED.,.F.,
  .F.,(2,2),(-11.25,-1.),.PIECEWISE_BEZIER_KNOTS.);
#2234 = CARTESIAN_POINT('',(11.25,-2.5));
#2235 = CARTESIAN_POINT('',(1.,-2.5));
#2236 = ( GEOMETRIC_REPRESENTATION_CONTEXT(2) 
PARAMETRIC_REPRESENTATION_CONTEXT() REPRESENTATION_CONTEXT('2D SPACE',''
  ) );
#2237 = ORIENTED_EDGE('',*,*,#2238,.T.);
#2238 = EDGE_CURVE('',#2218,#2194,#2239,.T.);
#2239 = SURFACE_CURVE('',#2240,(#2244,#2251),.PCURVE_S1.);
#2240 = LINE('',#2241,#2242);
#2241 = CARTESIAN_POINT('',(-16.9,-10.7,10.25));
#2242 = VECTOR('',#2243,1.);
#2243 = DIRECTION('',(1.,0.,0.));
#2244 = PCURVE('',#585,#2245);
#2245 = DEFINITIONAL_REPRESENTATION('',(#2246),#2250);
#2246 = LINE('',#2247,#2248);
#2247 = CARTESIAN_POINT('',(11.25,0.));
#2248 = VECTOR('',#2249,1.);
#2249 = DIRECTION('',(0.,1.));
#2250 = ( GEOMETRIC_REPRESENTATION_CONTEXT(2) 
PARAMETRIC_REPRESENTATION_CONTEXT() REPRESENTATION_CONTEXT('2D SPACE',''
  ) );
#2251 = PCURVE('',#2252,#2257);
#2252 = PLANE('',#2253);
#2253 = AXIS2_PLACEMENT_3D('',#2254,#2255,#2256);
#2254 = CARTESIAN_POINT('',(-16.9,-10.7,10.25));
#2255 = DIRECTION('',(0.,0.,1.));
#2256 = DIRECTION('',(1.,0.,0.));
#2257 = DEFINITIONAL_REPRESENTATION('',(#2258),#2262);
#2258 = LINE('',#2259,#2260);
#2259 = CARTESIAN_POINT('',(0.,0.));
#2260 = VECTOR('',#2261,1.);
#2261 = DIRECTION('',(1.,0.));
#2262 = ( GEOMETRIC_REPRESENTATION_CONTEXT(2) 
PARAMETRIC_REPRESENTATION_CONTEXT() REPRESENTATION_CONTEXT('2D SPACE',''
  ) );
#2263 = ADVANCED_FACE('',(#2264,#2425),#2252,.F.);
#2264 = FACE_BOUND('',#2265,.F.);
#2265 = EDGE_LOOP('',(#2266,#2291,#2314,#2337,#2358,#2384,#2403,#2404));
#2266 = ORIENTED_EDGE('',*,*,#2267,.F.);
#2267 = EDGE_CURVE('',#2268,#2270,#2272,.T.);
#2268 = VERTEX_POINT('',#2269);
#2269 = CARTESIAN_POINT('',(-16.9,10.7,10.25));
#2270 = VERTEX_POINT('',#2271);
#2271 = CARTESIAN_POINT('',(16.9,10.7,10.25));
#2272 = SURFACE_CURVE('',#2273,(#2277,#2284),.PCURVE_S1.);
#2273 = LINE('',#2274,#2275);
#2274 = CARTESIAN_POINT('',(-16.9,10.7,10.25));
#2275 = VECTOR('',#2276,1.);
#2276 = DIRECTION('',(1.,0.,0.));
#2277 = PCURVE('',#2252,#2278);
#2278 = DEFINITIONAL_REPRESENTATION('',(#2279),#2283);
#2279 = LINE('',#2280,#2281);
#2280 = CARTESIAN_POINT('',(0.,21.4));
#2281 = VECTOR('',#2282,1.);
#2282 = DIRECTION('',(1.,0.));
#2283 = ( GEOMETRIC_REPRESENTATION_CONTEXT(2) 
PARAMETRIC_REPRESENTATION_CONTEXT() REPRESENTATION_CONTEXT('2D SPACE',''
  ) );
#2284 = PCURVE('',#529,#2285);
#2285 = DEFINITIONAL_REPRESENTATION('',(#2286),#2290);
#2286 = LINE('',#2287,#2288);
#2287 = CARTESIAN_POINT('',(11.25,0.));
#2288 = VECTOR('',#2289,1.);
#2289 = DIRECTION('',(0.,1.));
#2290 = ( GEOMETRIC_REPRESENTATION_CONTEXT(2) 
PARAMETRIC_REPRESENTATION_CONTEXT() REPRESENTATION_CONTEXT('2D SPACE',''
  ) );
#2291 = ORIENTED_EDGE('',*,*,#2292,.F.);
#2292 = EDGE_CURVE('',#2293,#2268,#2295,.T.);
#2293 = VERTEX_POINT('',#2294);
#2294 = CARTESIAN_POINT('',(-16.9,-10.7,10.25));
#2295 = SURFACE_CURVE('',#2296,(#2300,#2307),.PCURVE_S1.);
#2296 = LINE('',#2297,#2298);
#2297 = CARTESIAN_POINT('',(-16.9,-10.7,10.25));
#2298 = VECTOR('',#2299,1.);
#2299 = DIRECTION('',(0.,1.,0.));
#2300 = PCURVE('',#2252,#2301);
#2301 = DEFINITIONAL_REPRESENTATION('',(#2302),#2306);
#2302 = LINE('',#2303,#2304);
#2303 = CARTESIAN_POINT('',(0.,0.));
#2304 = VECTOR('',#2305,1.);
#2305 = DIRECTION('',(0.,1.));
#2306 = ( GEOMETRIC_REPRESENTATION_CONTEXT(2) 
PARAMETRIC_REPRESENTATION_CONTEXT() REPRESENTATION_CONTEXT('2D SPACE',''
  ) );
#2307 = PCURVE('',#501,#2308);
#2308 = DEFINITIONAL_REPRESENTATION('',(#2309),#2313);
#2309 = LINE('',#2310,#2311);
#2310 = CARTESIAN_POINT('',(11.25,0.));
#2311 = VECTOR('',#2312,1.);
#2312 = DIRECTION('',(0.,-1.));
#2313 = ( GEOMETRIC_REPRESENTATION_CONTEXT(2) 
PARAMETRIC_REPRESENTATION_CONTEXT() REPRESENTATION_CONTEXT('2D SPACE',''
  ) );
#2314 = ORIENTED_EDGE('',*,*,#2315,.T.);
#2315 = EDGE_CURVE('',#2293,#2316,#2318,.T.);
#2316 = VERTEX_POINT('',#2317);
#2317 = CARTESIAN_POINT('',(-0.5,-10.7,10.25));
#2318 = SURFACE_CURVE('',#2319,(#2323,#2330),.PCURVE_S1.);
#2319 = LINE('',#2320,#2321);
#2320 = CARTESIAN_POINT('',(-16.9,-10.7,10.25));
#2321 = VECTOR('',#2322,1.);
#2322 = DIRECTION('',(1.,0.,0.));
#2323 = PCURVE('',#2252,#2324);
#2324 = DEFINITIONAL_REPRESENTATION('',(#2325),#2329);
#2325 = LINE('',#2326,#2327);
#2326 = CARTESIAN_POINT('',(0.,0.));
#2327 = VECTOR('',#2328,1.);
#2328 = DIRECTION('',(1.,0.));
#2329 = ( GEOMETRIC_REPRESENTATION_CONTEXT(2) 
PARAMETRIC_REPRESENTATION_CONTEXT() REPRESENTATION_CONTEXT('2D SPACE',''
  ) );
#2330 = PCURVE('',#473,#2331);
#2331 = DEFINITIONAL_REPRESENTATION('',(#2332),#2336);
#2332 = LINE('',#2333,#2334);
#2333 = CARTESIAN_POINT('',(11.25,0.));
#2334 = VECTOR('',#2335,1.);
#2335 = DIRECTION('',(0.,1.));
#2336 = ( GEOMETRIC_REPRESENTATION_CONTEXT(2) 
PARAMETRIC_REPRESENTATION_CONTEXT() REPRESENTATION_CONTEXT('2D SPACE',''
  ) );
#2337 = ORIENTED_EDGE('',*,*,#2338,.T.);
#2338 = EDGE_CURVE('',#2316,#2339,#2341,.T.);
#2339 = VERTEX_POINT('',#2340);
#2340 = CARTESIAN_POINT('',(-0.5,-9.7,10.25));
#2341 = SURFACE_CURVE('',#2342,(#2346,#2352),.PCURVE_S1.);
#2342 = LINE('',#2343,#2344);
#2343 = CARTESIAN_POINT('',(-0.5,-11.95,10.25));
#2344 = VECTOR('',#2345,1.);
#2345 = DIRECTION('',(0.,1.,0.));
#2346 = PCURVE('',#2252,#2347);
#2347 = DEFINITIONAL_REPRESENTATION('',(#2348),#2351);
#2348 = B_SPLINE_CURVE_WITH_KNOTS('',1,(#2349,#2350),.UNSPECIFIED.,.F.,
  .F.,(2,2),(1.25,2.25),.PIECEWISE_BEZIER_KNOTS.);
#2349 = CARTESIAN_POINT('',(16.4,0.));
#2350 = CARTESIAN_POINT('',(16.4,1.));
#2351 = ( GEOMETRIC_REPRESENTATION_CONTEXT(2) 
PARAMETRIC_REPRESENTATION_CONTEXT() REPRESENTATION_CONTEXT('2D SPACE',''
  ) );
#2352 = PCURVE('',#446,#2353);
#2353 = DEFINITIONAL_REPRESENTATION('',(#2354),#2357);
#2354 = B_SPLINE_CURVE_WITH_KNOTS('',1,(#2355,#2356),.UNSPECIFIED.,.F.,
  .F.,(2,2),(1.25,2.25),.PIECEWISE_BEZIER_KNOTS.);
#2355 = CARTESIAN_POINT('',(11.25,-2.5));
#2356 = CARTESIAN_POINT('',(11.25,-3.5));
#2357 = ( GEOMETRIC_REPRESENTATION_CONTEXT(2) 
PARAMETRIC_REPRESENTATION_CONTEXT() REPRESENTATION_CONTEXT('2D SPACE',''
  ) );
#2358 = ORIENTED_EDGE('',*,*,#2359,.F.);
#2359 = EDGE_CURVE('',#2360,#2339,#2362,.T.);
#2360 = VERTEX_POINT('',#2361);
#2361 = CARTESIAN_POINT('',(6.5,-9.7,10.25));
#2362 = SURFACE_CURVE('',#2363,(#2367,#2373),.PCURVE_S1.);
#2363 = LINE('',#2364,#2365);
#2364 = CARTESIAN_POINT('',(-8.7,-9.7,10.25));
#2365 = VECTOR('',#2366,1.);
#2366 = DIRECTION('',(-1.,0.,0.));
#2367 = PCURVE('',#2252,#2368);
#2368 = DEFINITIONAL_REPRESENTATION('',(#2369),#2372);
#2369 = B_SPLINE_CURVE_WITH_KNOTS('',1,(#2370,#2371),.UNSPECIFIED.,.F.,
  .F.,(2,2),(-15.2,-8.2),.PIECEWISE_BEZIER_KNOTS.);
#2370 = CARTESIAN_POINT('',(23.4,1.));
#2371 = CARTESIAN_POINT('',(16.4,1.));
#2372 = ( GEOMETRIC_REPRESENTATION_CONTEXT(2) 
PARAMETRIC_REPRESENTATION_CONTEXT() REPRESENTATION_CONTEXT('2D SPACE',''
  ) );
#2373 = PCURVE('',#2374,#2379);
#2374 = PLANE('',#2375);
#2375 = AXIS2_PLACEMENT_3D('',#2376,#2377,#2378);
#2376 = CARTESIAN_POINT('',(-0.5,-9.7,-1.));
#2377 = DIRECTION('',(0.,1.,0.));
#2378 = DIRECTION('',(0.,0.,1.));
#2379 = DEFINITIONAL_REPRESENTATION('',(#2380),#2383);
#2380 = B_SPLINE_CURVE_WITH_KNOTS('',1,(#2381,#2382),.UNSPECIFIED.,.F.,
  .F.,(2,2),(-15.2,-8.2),.PIECEWISE_BEZIER_KNOTS.);
#2381 = CARTESIAN_POINT('',(11.25,7.));
#2382 = CARTESIAN_POINT('',(11.25,0.));
#2383 = ( GEOMETRIC_REPRESENTATION_CONTEXT(2) 
PARAMETRIC_REPRESENTATION_CONTEXT() REPRESENTATION_CONTEXT('2D SPACE',''
  ) );
#2384 = ORIENTED_EDGE('',*,*,#2385,.F.);
#2385 = EDGE_CURVE('',#2218,#2360,#2386,.T.);
#2386 = SURFACE_CURVE('',#2387,(#2391,#2397),.PCURVE_S1.);
#2387 = LINE('',#2388,#2389);
#2388 = CARTESIAN_POINT('',(6.5,-11.95,10.25));
#2389 = VECTOR('',#2390,1.);
#2390 = DIRECTION('',(0.,1.,0.));
#2391 = PCURVE('',#2252,#2392);
#2392 = DEFINITIONAL_REPRESENTATION('',(#2393),#2396);
#2393 = B_SPLINE_CURVE_WITH_KNOTS('',1,(#2394,#2395),.UNSPECIFIED.,.F.,
  .F.,(2,2),(1.25,2.25),.PIECEWISE_BEZIER_KNOTS.);
#2394 = CARTESIAN_POINT('',(23.4,0.));
#2395 = CARTESIAN_POINT('',(23.4,1.));
#2396 = ( GEOMETRIC_REPRESENTATION_CONTEXT(2) 
PARAMETRIC_REPRESENTATION_CONTEXT() REPRESENTATION_CONTEXT('2D SPACE',''
  ) );
#2397 = PCURVE('',#613,#2398);
#2398 = DEFINITIONAL_REPRESENTATION('',(#2399),#2402);
#2399 = B_SPLINE_CURVE_WITH_KNOTS('',1,(#2400,#2401),.UNSPECIFIED.,.F.,
  .F.,(2,2),(1.25,2.25),.PIECEWISE_BEZIER_KNOTS.);
#2400 = CARTESIAN_POINT('',(11.25,-2.5));
#2401 = CARTESIAN_POINT('',(11.25,-3.5));
#2402 = ( GEOMETRIC_REPRESENTATION_CONTEXT(2) 
PARAMETRIC_REPRESENTATION_CONTEXT() REPRESENTATION_CONTEXT('2D SPACE',''
  ) );
#2403 = ORIENTED_EDGE('',*,*,#2238,.T.);
#2404 = ORIENTED_EDGE('',*,*,#2405,.T.);
#2405 = EDGE_CURVE('',#2194,#2270,#2406,.T.);
#2406 = SURFACE_CURVE('',#2407,(#2411,#2418),.PCURVE_S1.);
#2407 = LINE('',#2408,#2409);
#2408 = CARTESIAN_POINT('',(16.9,-10.7,10.25));
#2409 = VECTOR('',#2410,1.);
#2410 = DIRECTION('',(0.,1.,0.));
#2411 = PCURVE('',#2252,#2412);
#2412 = DEFINITIONAL_REPRESENTATION('',(#2413),#2417);
#2413 = LINE('',#2414,#2415);
#2414 = CARTESIAN_POINT('',(33.8,0.));
#2415 = VECTOR('',#2416,1.);
#2416 = DIRECTION('',(0.,1.));
#2417 = ( GEOMETRIC_REPRESENTATION_CONTEXT(2) 
PARAMETRIC_REPRESENTATION_CONTEXT() REPRESENTATION_CONTEXT('2D SPACE',''
  ) );
#2418 = PCURVE('',#557,#2419);
#2419 = DEFINITIONAL_REPRESENTATION('',(#2420),#2424);
#2420 = LINE('',#2421,#2422);
#2421 = CARTESIAN_POINT('',(11.25,0.));
#2422 = VECTOR('',#2423,1.);
#2423 = DIRECTION('',(0.,-1.));
#2424 = ( GEOMETRIC_REPRESENTATION_CONTEXT(2) 
PARAMETRIC_REPRESENTATION_CONTEXT() REPRESENTATION_CONTEXT('2D SPACE',''
  ) );
#2425 = FACE_BOUND('',#2426,.F.);
#2426 = EDGE_LOOP('',(#2427,#2455,#2481,#2507));
#2427 = ORIENTED_EDGE('',*,*,#2428,.T.);
#2428 = EDGE_CURVE('',#2429,#2431,#2433,.T.);
#2429 = VERTEX_POINT('',#2430);
#2430 = CARTESIAN_POINT('',(14.9,-8.7,10.25));
#2431 = VERTEX_POINT('',#2432);
#2432 = CARTESIAN_POINT('',(-14.9,-8.7,10.25));
#2433 = SURFACE_CURVE('',#2434,(#2438,#2444),.PCURVE_S1.);
#2434 = LINE('',#2435,#2436);
#2435 = CARTESIAN_POINT('',(-15.9,-8.7,10.25));
#2436 = VECTOR('',#2437,1.);
#2437 = DIRECTION('',(-1.,0.,0.));
#2438 = PCURVE('',#2252,#2439);
#2439 = DEFINITIONAL_REPRESENTATION('',(#2440),#2443);
#2440 = B_SPLINE_CURVE_WITH_KNOTS('',1,(#2441,#2442),.UNSPECIFIED.,.F.,
  .F.,(2,2),(-30.8,-1.),.PIECEWISE_BEZIER_KNOTS.);
#2441 = CARTESIAN_POINT('',(31.8,2.));
#2442 = CARTESIAN_POINT('',(2.,2.));
#2443 = ( GEOMETRIC_REPRESENTATION_CONTEXT(2) 
PARAMETRIC_REPRESENTATION_CONTEXT() REPRESENTATION_CONTEXT('2D SPACE',''
  ) );
#2444 = PCURVE('',#2445,#2450);
#2445 = PLANE('',#2446);
#2446 = AXIS2_PLACEMENT_3D('',#2447,#2448,#2449);
#2447 = CARTESIAN_POINT('',(-14.9,-8.7,9.25));
#2448 = DIRECTION('',(0.,1.,0.));
#2449 = DIRECTION('',(0.,0.,1.));
#2450 = DEFINITIONAL_REPRESENTATION('',(#2451),#2454);
#2451 = B_SPLINE_CURVE_WITH_KNOTS('',1,(#2452,#2453),.UNSPECIFIED.,.F.,
  .F.,(2,2),(-30.8,-1.),.PIECEWISE_BEZIER_KNOTS.);
#2452 = CARTESIAN_POINT('',(1.,29.8));
#2453 = CARTESIAN_POINT('',(1.,0.));
#2454 = ( GEOMETRIC_REPRESENTATION_CONTEXT(2) 
PARAMETRIC_REPRESENTATION_CONTEXT() REPRESENTATION_CONTEXT('2D SPACE',''
  ) );
#2455 = ORIENTED_EDGE('',*,*,#2456,.T.);
#2456 = EDGE_CURVE('',#2431,#2457,#2459,.T.);
#2457 = VERTEX_POINT('',#2458);
#2458 = CARTESIAN_POINT('',(-14.9,8.7,10.25));
#2459 = SURFACE_CURVE('',#2460,(#2464,#2470),.PCURVE_S1.);
#2460 = LINE('',#2461,#2462);
#2461 = CARTESIAN_POINT('',(-14.9,-9.7,10.25));
#2462 = VECTOR('',#2463,1.);
#2463 = DIRECTION('',(0.,1.,0.));
#2464 = PCURVE('',#2252,#2465);
#2465 = DEFINITIONAL_REPRESENTATION('',(#2466),#2469);
#2466 = B_SPLINE_CURVE_WITH_KNOTS('',1,(#2467,#2468),.UNSPECIFIED.,.F.,
  .F.,(2,2),(1.,18.4),.PIECEWISE_BEZIER_KNOTS.);
#2467 = CARTESIAN_POINT('',(2.,2.));
#2468 = CARTESIAN_POINT('',(2.,19.4));
#2469 = ( GEOMETRIC_REPRESENTATION_CONTEXT(2) 
PARAMETRIC_REPRESENTATION_CONTEXT() REPRESENTATION_CONTEXT('2D SPACE',''
  ) );
#2470 = PCURVE('',#2471,#2476);
#2471 = PLANE('',#2472);
#2472 = AXIS2_PLACEMENT_3D('',#2473,#2474,#2475);
#2473 = CARTESIAN_POINT('',(-14.9,-8.7,9.25));
#2474 = DIRECTION('',(1.,0.,0.));
#2475 = DIRECTION('',(0.,0.,1.));
#2476 = DEFINITIONAL_REPRESENTATION('',(#2477),#2480);
#2477 = B_SPLINE_CURVE_WITH_KNOTS('',1,(#2478,#2479),.UNSPECIFIED.,.F.,
  .F.,(2,2),(1.,18.4),.PIECEWISE_BEZIER_KNOTS.);
#2478 = CARTESIAN_POINT('',(1.,0.));
#2479 = CARTESIAN_POINT('',(1.,-17.4));
#2480 = ( GEOMETRIC_REPRESENTATION_CONTEXT(2) 
PARAMETRIC_REPRESENTATION_CONTEXT() REPRESENTATION_CONTEXT('2D SPACE',''
  ) );
#2481 = ORIENTED_EDGE('',*,*,#2482,.F.);
#2482 = EDGE_CURVE('',#2483,#2457,#2485,.T.);
#2483 = VERTEX_POINT('',#2484);
#2484 = CARTESIAN_POINT('',(14.9,8.7,10.25));
#2485 = SURFACE_CURVE('',#2486,(#2490,#2496),.PCURVE_S1.);
#2486 = LINE('',#2487,#2488);
#2487 = CARTESIAN_POINT('',(-15.9,8.7,10.25));
#2488 = VECTOR('',#2489,1.);
#2489 = DIRECTION('',(-1.,0.,0.));
#2490 = PCURVE('',#2252,#2491);
#2491 = DEFINITIONAL_REPRESENTATION('',(#2492),#2495);
#2492 = B_SPLINE_CURVE_WITH_KNOTS('',1,(#2493,#2494),.UNSPECIFIED.,.F.,
  .F.,(2,2),(-30.8,-1.),.PIECEWISE_BEZIER_KNOTS.);
#2493 = CARTESIAN_POINT('',(31.8,19.4));
#2494 = CARTESIAN_POINT('',(2.,19.4));
#2495 = ( GEOMETRIC_REPRESENTATION_CONTEXT(2) 
PARAMETRIC_REPRESENTATION_CONTEXT() REPRESENTATION_CONTEXT('2D SPACE',''
  ) );
#2496 = PCURVE('',#2497,#2502);
#2497 = PLANE('',#2498);
#2498 = AXIS2_PLACEMENT_3D('',#2499,#2500,#2501);
#2499 = CARTESIAN_POINT('',(-14.9,8.7,9.25));
#2500 = DIRECTION('',(0.,1.,0.));
#2501 = DIRECTION('',(0.,0.,1.));
#2502 = DEFINITIONAL_REPRESENTATION('',(#2503),#2506);
#2503 = B_SPLINE_CURVE_WITH_KNOTS('',1,(#2504,#2505),.UNSPECIFIED.,.F.,
  .F.,(2,2),(-30.8,-1.),.PIECEWISE_BEZIER_KNOTS.);
#2504 = CARTESIAN_POINT('',(1.,29.8));
#2505 = CARTESIAN_POINT('',(1.,0.));
#2506 = ( GEOMETRIC_REPRESENTATION_CONTEXT(2) 
PARAMETRIC_REPRESENTATION_CONTEXT() REPRESENTATION_CONTEXT('2D SPACE',''
  ) );
#2507 = ORIENTED_EDGE('',*,*,#2508,.F.);
#2508 = EDGE_CURVE('',#2429,#2483,#2509,.T.);
#2509 = SURFACE_CURVE('',#2510,(#2514,#2520),.PCURVE_S1.);
#2510 = LINE('',#2511,#2512);
#2511 = CARTESIAN_POINT('',(14.9,-9.7,10.25));
#2512 = VECTOR('',#2513,1.);
#2513 = DIRECTION('',(0.,1.,0.));
#2514 = PCURVE('',#2252,#2515);
#2515 = DEFINITIONAL_REPRESENTATION('',(#2516),#2519);
#2516 = B_SPLINE_CURVE_WITH_KNOTS('',1,(#2517,#2518),.UNSPECIFIED.,.F.,
  .F.,(2,2),(1.,18.4),.PIECEWISE_BEZIER_KNOTS.);
#2517 = CARTESIAN_POINT('',(31.8,2.));
#2518 = CARTESIAN_POINT('',(31.8,19.4));
#2519 = ( GEOMETRIC_REPRESENTATION_CONTEXT(2) 
PARAMETRIC_REPRESENTATION_CONTEXT() REPRESENTATION_CONTEXT('2D SPACE',''
  ) );
#2520 = PCURVE('',#2521,#2526);
#2521 = PLANE('',#2522);
#2522 = AXIS2_PLACEMENT_3D('',#2523,#2524,#2525);
#2523 = CARTESIAN_POINT('',(14.9,-8.7,9.25));
#2524 = DIRECTION('',(1.,0.,0.));
#2525 = DIRECTION('',(0.,0.,1.));
#2526 = DEFINITIONAL_REPRESENTATION('',(#2527),#2530);
#2527 = B_SPLINE_CURVE_WITH_KNOTS('',1,(#2528,#2529),.UNSPECIFIED.,.F.,
  .F.,(2,2),(1.,18.4),.PIECEWISE_BEZIER_KNOTS.);
#2528 = CARTESIAN_POINT('',(1.,0.));
#2529 = CARTESIAN_POINT('',(1.,-17.4));
#2530 = ( GEOMETRIC_REPRESENTATION_CONTEXT(2) 
PARAMETRIC_REPRESENTATION_CONTEXT() REPRESENTATION_CONTEXT('2D SPACE',''
  ) );
#2531 = ADVANCED_FACE('',(#2532),#2497,.F.);
#2532 = FACE_BOUND('',#2533,.F.);
#2533 = EDGE_LOOP('',(#2534,#2557,#2558,#2581));
#2534 = ORIENTED_EDGE('',*,*,#2535,.F.);
#2535 = EDGE_CURVE('',#2483,#2536,#2538,.T.);
#2536 = VERTEX_POINT('',#2537);
#2537 = CARTESIAN_POINT('',(14.9,8.7,11.75));
#2538 = SURFACE_CURVE('',#2539,(#2543,#2550),.PCURVE_S1.);
#2539 = LINE('',#2540,#2541);
#2540 = CARTESIAN_POINT('',(14.9,8.7,9.25));
#2541 = VECTOR('',#2542,1.);
#2542 = DIRECTION('',(0.,0.,1.));
#2543 = PCURVE('',#2497,#2544);
#2544 = DEFINITIONAL_REPRESENTATION('',(#2545),#2549);
#2545 = LINE('',#2546,#2547);
#2546 = CARTESIAN_POINT('',(0.,29.8));
#2547 = VECTOR('',#2548,1.);
#2548 = DIRECTION('',(1.,0.));
#2549 = ( GEOMETRIC_REPRESENTATION_CONTEXT(2) 
PARAMETRIC_REPRESENTATION_CONTEXT() REPRESENTATION_CONTEXT('2D SPACE',''
  ) );
#2550 = PCURVE('',#2521,#2551);
#2551 = DEFINITIONAL_REPRESENTATION('',(#2552),#2556);
#2552 = LINE('',#2553,#2554);
#2553 = CARTESIAN_POINT('',(0.,-17.4));
#2554 = VECTOR('',#2555,1.);
#2555 = DIRECTION('',(1.,0.));
#2556 = ( GEOMETRIC_REPRESENTATION_CONTEXT(2) 
PARAMETRIC_REPRESENTATION_CONTEXT() REPRESENTATION_CONTEXT('2D SPACE',''
  ) );
#2557 = ORIENTED_EDGE('',*,*,#2482,.T.);
#2558 = ORIENTED_EDGE('',*,*,#2559,.T.);
#2559 = EDGE_CURVE('',#2457,#2560,#2562,.T.);
#2560 = VERTEX_POINT('',#2561);
#2561 = CARTESIAN_POINT('',(-14.9,8.7,11.75));
#2562 = SURFACE_CURVE('',#2563,(#2567,#2574),.PCURVE_S1.);
#2563 = LINE('',#2564,#2565);
#2564 = CARTESIAN_POINT('',(-14.9,8.7,9.25));
#2565 = VECTOR('',#2566,1.);
#2566 = DIRECTION('',(0.,0.,1.));
#2567 = PCURVE('',#2497,#2568);
#2568 = DEFINITIONAL_REPRESENTATION('',(#2569),#2573);
#2569 = LINE('',#2570,#2571);
#2570 = CARTESIAN_POINT('',(0.,0.));
#2571 = VECTOR('',#2572,1.);
#2572 = DIRECTION('',(1.,0.));
#2573 = ( GEOMETRIC_REPRESENTATION_CONTEXT(2) 
PARAMETRIC_REPRESENTATION_CONTEXT() REPRESENTATION_CONTEXT('2D SPACE',''
  ) );
#2574 = PCURVE('',#2471,#2575);
#2575 = DEFINITIONAL_REPRESENTATION('',(#2576),#2580);
#2576 = LINE('',#2577,#2578);
#2577 = CARTESIAN_POINT('',(0.,-17.4));
#2578 = VECTOR('',#2579,1.);
#2579 = DIRECTION('',(1.,0.));
#2580 = ( GEOMETRIC_REPRESENTATION_CONTEXT(2) 
PARAMETRIC_REPRESENTATION_CONTEXT() REPRESENTATION_CONTEXT('2D SPACE',''
  ) );
#2581 = ORIENTED_EDGE('',*,*,#2582,.F.);
#2582 = EDGE_CURVE('',#2536,#2560,#2583,.T.);
#2583 = SURFACE_CURVE('',#2584,(#2588,#2594),.PCURVE_S1.);
#2584 = LINE('',#2585,#2586);
#2585 = CARTESIAN_POINT('',(-16.65,8.7,11.75));
#2586 = VECTOR('',#2587,1.);
#2587 = DIRECTION('',(-1.,0.,0.));
#2588 = PCURVE('',#2497,#2589);
#2589 = DEFINITIONAL_REPRESENTATION('',(#2590),#2593);
#2590 = B_SPLINE_CURVE_WITH_KNOTS('',1,(#2591,#2592),.UNSPECIFIED.,.F.,
  .F.,(2,2),(-31.55,-1.75),.PIECEWISE_BEZIER_KNOTS.);
#2591 = CARTESIAN_POINT('',(2.5,29.8));
#2592 = CARTESIAN_POINT('',(2.5,0.));
#2593 = ( GEOMETRIC_REPRESENTATION_CONTEXT(2) 
PARAMETRIC_REPRESENTATION_CONTEXT() REPRESENTATION_CONTEXT('2D SPACE',''
  ) );
#2594 = PCURVE('',#44,#2595);
#2595 = DEFINITIONAL_REPRESENTATION('',(#2596),#2599);
#2596 = B_SPLINE_CURVE_WITH_KNOTS('',1,(#2597,#2598),.UNSPECIFIED.,.F.,
  .F.,(2,2),(-31.55,-1.75),.PIECEWISE_BEZIER_KNOTS.);
#2597 = CARTESIAN_POINT('',(33.3,20.9));
#2598 = CARTESIAN_POINT('',(3.5,20.9));
#2599 = ( GEOMETRIC_REPRESENTATION_CONTEXT(2) 
PARAMETRIC_REPRESENTATION_CONTEXT() REPRESENTATION_CONTEXT('2D SPACE',''
  ) );
#2600 = ADVANCED_FACE('',(#2601),#2471,.T.);
#2601 = FACE_BOUND('',#2602,.T.);
#2602 = EDGE_LOOP('',(#2603,#2626,#2627,#2628));
#2603 = ORIENTED_EDGE('',*,*,#2604,.F.);
#2604 = EDGE_CURVE('',#2431,#2605,#2607,.T.);
#2605 = VERTEX_POINT('',#2606);
#2606 = CARTESIAN_POINT('',(-14.9,-8.7,11.75));
#2607 = SURFACE_CURVE('',#2608,(#2612,#2619),.PCURVE_S1.);
#2608 = LINE('',#2609,#2610);
#2609 = CARTESIAN_POINT('',(-14.9,-8.7,9.25));
#2610 = VECTOR('',#2611,1.);
#2611 = DIRECTION('',(0.,0.,1.));
#2612 = PCURVE('',#2471,#2613);
#2613 = DEFINITIONAL_REPRESENTATION('',(#2614),#2618);
#2614 = LINE('',#2615,#2616);
#2615 = CARTESIAN_POINT('',(0.,0.));
#2616 = VECTOR('',#2617,1.);
#2617 = DIRECTION('',(1.,0.));
#2618 = ( GEOMETRIC_REPRESENTATION_CONTEXT(2) 
PARAMETRIC_REPRESENTATION_CONTEXT() REPRESENTATION_CONTEXT('2D SPACE',''
  ) );
#2619 = PCURVE('',#2445,#2620);
#2620 = DEFINITIONAL_REPRESENTATION('',(#2621),#2625);
#2621 = LINE('',#2622,#2623);
#2622 = CARTESIAN_POINT('',(0.,0.));
#2623 = VECTOR('',#2624,1.);
#2624 = DIRECTION('',(1.,0.));
#2625 = ( GEOMETRIC_REPRESENTATION_CONTEXT(2) 
PARAMETRIC_REPRESENTATION_CONTEXT() REPRESENTATION_CONTEXT('2D SPACE',''
  ) );
#2626 = ORIENTED_EDGE('',*,*,#2456,.T.);
#2627 = ORIENTED_EDGE('',*,*,#2559,.T.);
#2628 = ORIENTED_EDGE('',*,*,#2629,.F.);
#2629 = EDGE_CURVE('',#2605,#2560,#2630,.T.);
#2630 = SURFACE_CURVE('',#2631,(#2635,#2641),.PCURVE_S1.);
#2631 = LINE('',#2632,#2633);
#2632 = CARTESIAN_POINT('',(-14.9,-10.45,11.75));
#2633 = VECTOR('',#2634,1.);
#2634 = DIRECTION('',(0.,1.,0.));
#2635 = PCURVE('',#2471,#2636);
#2636 = DEFINITIONAL_REPRESENTATION('',(#2637),#2640);
#2637 = B_SPLINE_CURVE_WITH_KNOTS('',1,(#2638,#2639),.UNSPECIFIED.,.F.,
  .F.,(2,2),(1.75,19.15),.PIECEWISE_BEZIER_KNOTS.);
#2638 = CARTESIAN_POINT('',(2.5,0.));
#2639 = CARTESIAN_POINT('',(2.5,-17.4));
#2640 = ( GEOMETRIC_REPRESENTATION_CONTEXT(2) 
PARAMETRIC_REPRESENTATION_CONTEXT() REPRESENTATION_CONTEXT('2D SPACE',''
  ) );
#2641 = PCURVE('',#44,#2642);
#2642 = DEFINITIONAL_REPRESENTATION('',(#2643),#2646);
#2643 = B_SPLINE_CURVE_WITH_KNOTS('',1,(#2644,#2645),.UNSPECIFIED.,.F.,
  .F.,(2,2),(1.75,19.15),.PIECEWISE_BEZIER_KNOTS.);
#2644 = CARTESIAN_POINT('',(3.5,3.5));
#2645 = CARTESIAN_POINT('',(3.5,20.9));
#2646 = ( GEOMETRIC_REPRESENTATION_CONTEXT(2) 
PARAMETRIC_REPRESENTATION_CONTEXT() REPRESENTATION_CONTEXT('2D SPACE',''
  ) );
#2647 = ADVANCED_FACE('',(#2648),#2521,.F.);
#2648 = FACE_BOUND('',#2649,.F.);
#2649 = EDGE_LOOP('',(#2650,#2673,#2674,#2675));
#2650 = ORIENTED_EDGE('',*,*,#2651,.F.);
#2651 = EDGE_CURVE('',#2429,#2652,#2654,.T.);
#2652 = VERTEX_POINT('',#2653);
#2653 = CARTESIAN_POINT('',(14.9,-8.7,11.75));
#2654 = SURFACE_CURVE('',#2655,(#2659,#2666),.PCURVE_S1.);
#2655 = LINE('',#2656,#2657);
#2656 = CARTESIAN_POINT('',(14.9,-8.7,9.25));
#2657 = VECTOR('',#2658,1.);
#2658 = DIRECTION('',(0.,0.,1.));
#2659 = PCURVE('',#2521,#2660);
#2660 = DEFINITIONAL_REPRESENTATION('',(#2661),#2665);
#2661 = LINE('',#2662,#2663);
#2662 = CARTESIAN_POINT('',(0.,0.));
#2663 = VECTOR('',#2664,1.);
#2664 = DIRECTION('',(1.,0.));
#2665 = ( GEOMETRIC_REPRESENTATION_CONTEXT(2) 
PARAMETRIC_REPRESENTATION_CONTEXT() REPRESENTATION_CONTEXT('2D SPACE',''
  ) );
#2666 = PCURVE('',#2445,#2667);
#2667 = DEFINITIONAL_REPRESENTATION('',(#2668),#2672);
#2668 = LINE('',#2669,#2670);
#2669 = CARTESIAN_POINT('',(0.,29.8));
#2670 = VECTOR('',#2671,1.);
#2671 = DIRECTION('',(1.,0.));
#2672 = ( GEOMETRIC_REPRESENTATION_CONTEXT(2) 
PARAMETRIC_REPRESENTATION_CONTEXT() REPRESENTATION_CONTEXT('2D SPACE',''
  ) );
#2673 = ORIENTED_EDGE('',*,*,#2508,.T.);
#2674 = ORIENTED_EDGE('',*,*,#2535,.T.);
#2675 = ORIENTED_EDGE('',*,*,#2676,.F.);
#2676 = EDGE_CURVE('',#2652,#2536,#2677,.T.);
#2677 = SURFACE_CURVE('',#2678,(#2682,#2688),.PCURVE_S1.);
#2678 = LINE('',#2679,#2680);
#2679 = CARTESIAN_POINT('',(14.9,-10.45,11.75));
#2680 = VECTOR('',#2681,1.);
#2681 = DIRECTION('',(0.,1.,0.));
#2682 = PCURVE('',#2521,#2683);
#2683 = DEFINITIONAL_REPRESENTATION('',(#2684),#2687);
#2684 = B_SPLINE_CURVE_WITH_KNOTS('',1,(#2685,#2686),.UNSPECIFIED.,.F.,
  .F.,(2,2),(1.75,19.15),.PIECEWISE_BEZIER_KNOTS.);
#2685 = CARTESIAN_POINT('',(2.5,0.));
#2686 = CARTESIAN_POINT('',(2.5,-17.4));
#2687 = ( GEOMETRIC_REPRESENTATION_CONTEXT(2) 
PARAMETRIC_REPRESENTATION_CONTEXT() REPRESENTATION_CONTEXT('2D SPACE',''
  ) );
#2688 = PCURVE('',#44,#2689);
#2689 = DEFINITIONAL_REPRESENTATION('',(#2690),#2693);
#2690 = B_SPLINE_CURVE_WITH_KNOTS('',1,(#2691,#2692),.UNSPECIFIED.,.F.,
  .F.,(2,2),(1.75,19.15),.PIECEWISE_BEZIER_KNOTS.);
#2691 = CARTESIAN_POINT('',(33.3,3.5));
#2692 = CARTESIAN_POINT('',(33.3,20.9));
#2693 = ( GEOMETRIC_REPRESENTATION_CONTEXT(2) 
PARAMETRIC_REPRESENTATION_CONTEXT() REPRESENTATION_CONTEXT('2D SPACE',''
  ) );
#2694 = ADVANCED_FACE('',(#2695),#2445,.T.);
#2695 = FACE_BOUND('',#2696,.T.);
#2696 = EDGE_LOOP('',(#2697,#2698,#2699,#2700));
#2697 = ORIENTED_EDGE('',*,*,#2651,.F.);
#2698 = ORIENTED_EDGE('',*,*,#2428,.T.);
#2699 = ORIENTED_EDGE('',*,*,#2604,.T.);
#2700 = ORIENTED_EDGE('',*,*,#2701,.F.);
#2701 = EDGE_CURVE('',#2652,#2605,#2702,.T.);
#2702 = SURFACE_CURVE('',#2703,(#2707,#2713),.PCURVE_S1.);
#2703 = LINE('',#2704,#2705);
#2704 = CARTESIAN_POINT('',(-16.65,-8.7,11.75));
#2705 = VECTOR('',#2706,1.);
#2706 = DIRECTION('',(-1.,0.,0.));
#2707 = PCURVE('',#2445,#2708);
#2708 = DEFINITIONAL_REPRESENTATION('',(#2709),#2712);
#2709 = B_SPLINE_CURVE_WITH_KNOTS('',1,(#2710,#2711),.UNSPECIFIED.,.F.,
  .F.,(2,2),(-31.55,-1.75),.PIECEWISE_BEZIER_KNOTS.);
#2710 = CARTESIAN_POINT('',(2.5,29.8));
#2711 = CARTESIAN_POINT('',(2.5,0.));
#2712 = ( GEOMETRIC_REPRESENTATION_CONTEXT(2) 
PARAMETRIC_REPRESENTATION_CONTEXT() REPRESENTATION_CONTEXT('2D SPACE',''
  ) );
#2713 = PCURVE('',#44,#2714);
#2714 = DEFINITIONAL_REPRESENTATION('',(#2715),#2718);
#2715 = B_SPLINE_CURVE_WITH_KNOTS('',1,(#2716,#2717),.UNSPECIFIED.,.F.,
  .F.,(2,2),(-31.55,-1.75),.PIECEWISE_BEZIER_KNOTS.);
#2716 = CARTESIAN_POINT('',(33.3,3.5));
#2717 = CARTESIAN_POINT('',(3.5,3.5));
#2718 = ( GEOMETRIC_REPRESENTATION_CONTEXT(2) 
PARAMETRIC_REPRESENTATION_CONTEXT() REPRESENTATION_CONTEXT('2D SPACE',''
  ) );
#2719 = ADVANCED_FACE('',(#2720),#2374,.F.);
#2720 = FACE_BOUND('',#2721,.F.);
#2721 = EDGE_LOOP('',(#2722,#2745,#2746,#2769));
#2722 = ORIENTED_EDGE('',*,*,#2723,.F.);
#2723 = EDGE_CURVE('',#2360,#2724,#2726,.T.);
#2724 = VERTEX_POINT('',#2725);
#2725 = CARTESIAN_POINT('',(6.5,-9.7,11.75));
#2726 = SURFACE_CURVE('',#2727,(#2731,#2738),.PCURVE_S1.);
#2727 = LINE('',#2728,#2729);
#2728 = CARTESIAN_POINT('',(6.5,-9.7,-1.));
#2729 = VECTOR('',#2730,1.);
#2730 = DIRECTION('',(0.,0.,1.));
#2731 = PCURVE('',#2374,#2732);
#2732 = DEFINITIONAL_REPRESENTATION('',(#2733),#2737);
#2733 = LINE('',#2734,#2735);
#2734 = CARTESIAN_POINT('',(0.,7.));
#2735 = VECTOR('',#2736,1.);
#2736 = DIRECTION('',(1.,0.));
#2737 = ( GEOMETRIC_REPRESENTATION_CONTEXT(2) 
PARAMETRIC_REPRESENTATION_CONTEXT() REPRESENTATION_CONTEXT('2D SPACE',''
  ) );
#2738 = PCURVE('',#613,#2739);
#2739 = DEFINITIONAL_REPRESENTATION('',(#2740),#2744);
#2740 = LINE('',#2741,#2742);
#2741 = CARTESIAN_POINT('',(0.,-3.5));
#2742 = VECTOR('',#2743,1.);
#2743 = DIRECTION('',(1.,0.));
#2744 = ( GEOMETRIC_REPRESENTATION_CONTEXT(2) 
PARAMETRIC_REPRESENTATION_CONTEXT() REPRESENTATION_CONTEXT('2D SPACE',''
  ) );
#2745 = ORIENTED_EDGE('',*,*,#2359,.T.);
#2746 = ORIENTED_EDGE('',*,*,#2747,.T.);
#2747 = EDGE_CURVE('',#2339,#2748,#2750,.T.);
#2748 = VERTEX_POINT('',#2749);
#2749 = CARTESIAN_POINT('',(-0.5,-9.7,11.75));
#2750 = SURFACE_CURVE('',#2751,(#2755,#2762),.PCURVE_S1.);
#2751 = LINE('',#2752,#2753);
#2752 = CARTESIAN_POINT('',(-0.5,-9.7,-1.));
#2753 = VECTOR('',#2754,1.);
#2754 = DIRECTION('',(0.,0.,1.));
#2755 = PCURVE('',#2374,#2756);
#2756 = DEFINITIONAL_REPRESENTATION('',(#2757),#2761);
#2757 = LINE('',#2758,#2759);
#2758 = CARTESIAN_POINT('',(0.,0.));
#2759 = VECTOR('',#2760,1.);
#2760 = DIRECTION('',(1.,0.));
#2761 = ( GEOMETRIC_REPRESENTATION_CONTEXT(2) 
PARAMETRIC_REPRESENTATION_CONTEXT() REPRESENTATION_CONTEXT('2D SPACE',''
  ) );
#2762 = PCURVE('',#446,#2763);
#2763 = DEFINITIONAL_REPRESENTATION('',(#2764),#2768);
#2764 = LINE('',#2765,#2766);
#2765 = CARTESIAN_POINT('',(0.,-3.5));
#2766 = VECTOR('',#2767,1.);
#2767 = DIRECTION('',(1.,0.));
#2768 = ( GEOMETRIC_REPRESENTATION_CONTEXT(2) 
PARAMETRIC_REPRESENTATION_CONTEXT() REPRESENTATION_CONTEXT('2D SPACE',''
  ) );
#2769 = ORIENTED_EDGE('',*,*,#2770,.F.);
#2770 = EDGE_CURVE('',#2724,#2748,#2771,.T.);
#2771 = SURFACE_CURVE('',#2772,(#2776,#2782),.PCURVE_S1.);
#2772 = LINE('',#2773,#2774);
#2773 = CARTESIAN_POINT('',(-9.45,-9.7,11.75));
#2774 = VECTOR('',#2775,1.);
#2775 = DIRECTION('',(-1.,0.,0.));
#2776 = PCURVE('',#2374,#2777);
#2777 = DEFINITIONAL_REPRESENTATION('',(#2778),#2781);
#2778 = B_SPLINE_CURVE_WITH_KNOTS('',1,(#2779,#2780),.UNSPECIFIED.,.F.,
  .F.,(2,2),(-15.95,-8.95),.PIECEWISE_BEZIER_KNOTS.);
#2779 = CARTESIAN_POINT('',(12.75,7.));
#2780 = CARTESIAN_POINT('',(12.75,0.));
#2781 = ( GEOMETRIC_REPRESENTATION_CONTEXT(2) 
PARAMETRIC_REPRESENTATION_CONTEXT() REPRESENTATION_CONTEXT('2D SPACE',''
  ) );
#2782 = PCURVE('',#44,#2783);
#2783 = DEFINITIONAL_REPRESENTATION('',(#2784),#2787);
#2784 = B_SPLINE_CURVE_WITH_KNOTS('',1,(#2785,#2786),.UNSPECIFIED.,.F.,
  .F.,(2,2),(-15.95,-8.95),.PIECEWISE_BEZIER_KNOTS.);
#2785 = CARTESIAN_POINT('',(24.9,2.5));
#2786 = CARTESIAN_POINT('',(17.9,2.5));
#2787 = ( GEOMETRIC_REPRESENTATION_CONTEXT(2) 
PARAMETRIC_REPRESENTATION_CONTEXT() REPRESENTATION_CONTEXT('2D SPACE',''
  ) );
#2788 = ADVANCED_FACE('',(#2789),#613,.F.);
#2789 = FACE_BOUND('',#2790,.F.);
#2790 = EDGE_LOOP('',(#2791,#2792,#2813,#2832,#2833,#2834));
#2791 = ORIENTED_EDGE('',*,*,#2723,.T.);
#2792 = ORIENTED_EDGE('',*,*,#2793,.F.);
#2793 = EDGE_CURVE('',#2794,#2724,#2796,.T.);
#2794 = VERTEX_POINT('',#2795);
#2795 = CARTESIAN_POINT('',(6.5,-12.2,11.75));
#2796 = SURFACE_CURVE('',#2797,(#2801,#2807),.PCURVE_S1.);
#2797 = LINE('',#2798,#2799);
#2798 = CARTESIAN_POINT('',(6.5,-12.7,11.75));
#2799 = VECTOR('',#2800,1.);
#2800 = DIRECTION('',(0.,1.,0.));
#2801 = PCURVE('',#613,#2802);
#2802 = DEFINITIONAL_REPRESENTATION('',(#2803),#2806);
#2803 = B_SPLINE_CURVE_WITH_KNOTS('',1,(#2804,#2805),.UNSPECIFIED.,.F.,
  .F.,(2,2),(0.5,3.),.PIECEWISE_BEZIER_KNOTS.);
#2804 = CARTESIAN_POINT('',(12.75,-1.));
#2805 = CARTESIAN_POINT('',(12.75,-3.5));
#2806 = ( GEOMETRIC_REPRESENTATION_CONTEXT(2) 
PARAMETRIC_REPRESENTATION_CONTEXT() REPRESENTATION_CONTEXT('2D SPACE',''
  ) );
#2807 = PCURVE('',#44,#2808);
#2808 = DEFINITIONAL_REPRESENTATION('',(#2809),#2812);
#2809 = B_SPLINE_CURVE_WITH_KNOTS('',1,(#2810,#2811),.UNSPECIFIED.,.F.,
  .F.,(2,2),(0.5,3.),.PIECEWISE_BEZIER_KNOTS.);
#2810 = CARTESIAN_POINT('',(24.9,0.));
#2811 = CARTESIAN_POINT('',(24.9,2.5));
#2812 = ( GEOMETRIC_REPRESENTATION_CONTEXT(2) 
PARAMETRIC_REPRESENTATION_CONTEXT() REPRESENTATION_CONTEXT('2D SPACE',''
  ) );
#2813 = ORIENTED_EDGE('',*,*,#2814,.T.);
#2814 = EDGE_CURVE('',#2794,#598,#2815,.T.);
#2815 = SURFACE_CURVE('',#2816,(#2820,#2826),.PCURVE_S1.);
#2816 = LINE('',#2817,#2818);
#2817 = CARTESIAN_POINT('',(6.5,-12.2,-0.5));
#2818 = VECTOR('',#2819,1.);
#2819 = DIRECTION('',(0.,0.,-1.));
#2820 = PCURVE('',#613,#2821);
#2821 = DEFINITIONAL_REPRESENTATION('',(#2822),#2825);
#2822 = B_SPLINE_CURVE_WITH_KNOTS('',1,(#2823,#2824),.UNSPECIFIED.,.F.,
  .F.,(2,2),(-12.25,-0.5),.PIECEWISE_BEZIER_KNOTS.);
#2823 = CARTESIAN_POINT('',(12.75,-1.));
#2824 = CARTESIAN_POINT('',(1.,-1.));
#2825 = ( GEOMETRIC_REPRESENTATION_CONTEXT(2) 
PARAMETRIC_REPRESENTATION_CONTEXT() REPRESENTATION_CONTEXT('2D SPACE',''
  ) );
#2826 = PCURVE('',#640,#2827);
#2827 = DEFINITIONAL_REPRESENTATION('',(#2828),#2831);
#2828 = B_SPLINE_CURVE_WITH_KNOTS('',1,(#2829,#2830),.UNSPECIFIED.,.F.,
  .F.,(2,2),(-12.25,-0.5),.PIECEWISE_BEZIER_KNOTS.);
#2829 = CARTESIAN_POINT('',(11.75,24.9));
#2830 = CARTESIAN_POINT('',(0.,24.9));
#2831 = ( GEOMETRIC_REPRESENTATION_CONTEXT(2) 
PARAMETRIC_REPRESENTATION_CONTEXT() REPRESENTATION_CONTEXT('2D SPACE',''
  ) );
#2832 = ORIENTED_EDGE('',*,*,#597,.T.);
#2833 = ORIENTED_EDGE('',*,*,#2217,.F.);
#2834 = ORIENTED_EDGE('',*,*,#2385,.T.);
#2835 = ADVANCED_FACE('',(#2836),#557,.F.);
#2836 = FACE_BOUND('',#2837,.F.);
#2837 = EDGE_LOOP('',(#2838,#2839,#2860,#2861));
#2838 = ORIENTED_EDGE('',*,*,#541,.T.);
#2839 = ORIENTED_EDGE('',*,*,#2840,.F.);
#2840 = EDGE_CURVE('',#2270,#514,#2841,.T.);
#2841 = SURFACE_CURVE('',#2842,(#2846,#2853),.PCURVE_S1.);
#2842 = LINE('',#2843,#2844);
#2843 = CARTESIAN_POINT('',(16.9,10.7,10.25));
#2844 = VECTOR('',#2845,1.);
#2845 = DIRECTION('',(0.,0.,-1.));
#2846 = PCURVE('',#557,#2847);
#2847 = DEFINITIONAL_REPRESENTATION('',(#2848),#2852);
#2848 = LINE('',#2849,#2850);
#2849 = CARTESIAN_POINT('',(11.25,-21.4));
#2850 = VECTOR('',#2851,1.);
#2851 = DIRECTION('',(-1.,0.));
#2852 = ( GEOMETRIC_REPRESENTATION_CONTEXT(2) 
PARAMETRIC_REPRESENTATION_CONTEXT() REPRESENTATION_CONTEXT('2D SPACE',''
  ) );
#2853 = PCURVE('',#529,#2854);
#2854 = DEFINITIONAL_REPRESENTATION('',(#2855),#2859);
#2855 = LINE('',#2856,#2857);
#2856 = CARTESIAN_POINT('',(11.25,33.8));
#2857 = VECTOR('',#2858,1.);
#2858 = DIRECTION('',(-1.,0.));
#2859 = ( GEOMETRIC_REPRESENTATION_CONTEXT(2) 
PARAMETRIC_REPRESENTATION_CONTEXT() REPRESENTATION_CONTEXT('2D SPACE',''
  ) );
#2860 = ORIENTED_EDGE('',*,*,#2405,.F.);
#2861 = ORIENTED_EDGE('',*,*,#2193,.T.);
#2862 = ADVANCED_FACE('',(#2863),#640,.F.);
#2863 = FACE_BOUND('',#2864,.F.);
#2864 = EDGE_LOOP('',(#2865,#2866,#2867,#2890));
#2865 = ORIENTED_EDGE('',*,*,#624,.F.);
#2866 = ORIENTED_EDGE('',*,*,#2814,.F.);
#2867 = ORIENTED_EDGE('',*,*,#2868,.T.);
#2868 = EDGE_CURVE('',#2794,#2869,#2871,.T.);
#2869 = VERTEX_POINT('',#2870);
#2870 = CARTESIAN_POINT('',(16.4,-12.2,11.75));
#2871 = SURFACE_CURVE('',#2872,(#2876,#2883),.PCURVE_S1.);
#2872 = LINE('',#2873,#2874);
#2873 = CARTESIAN_POINT('',(-18.4,-12.2,11.75));
#2874 = VECTOR('',#2875,1.);
#2875 = DIRECTION('',(1.,0.,0.));
#2876 = PCURVE('',#640,#2877);
#2877 = DEFINITIONAL_REPRESENTATION('',(#2878),#2882);
#2878 = LINE('',#2879,#2880);
#2879 = CARTESIAN_POINT('',(11.75,0.));
#2880 = VECTOR('',#2881,1.);
#2881 = DIRECTION('',(0.,1.));
#2882 = ( GEOMETRIC_REPRESENTATION_CONTEXT(2) 
PARAMETRIC_REPRESENTATION_CONTEXT() REPRESENTATION_CONTEXT('2D SPACE',''
  ) );
#2883 = PCURVE('',#44,#2884);
#2884 = DEFINITIONAL_REPRESENTATION('',(#2885),#2889);
#2885 = LINE('',#2886,#2887);
#2886 = CARTESIAN_POINT('',(0.,0.));
#2887 = VECTOR('',#2888,1.);
#2888 = DIRECTION('',(1.,0.));
#2889 = ( GEOMETRIC_REPRESENTATION_CONTEXT(2) 
PARAMETRIC_REPRESENTATION_CONTEXT() REPRESENTATION_CONTEXT('2D SPACE',''
  ) );
#2890 = ORIENTED_EDGE('',*,*,#2891,.F.);
#2891 = EDGE_CURVE('',#625,#2869,#2892,.T.);
#2892 = SURFACE_CURVE('',#2893,(#2897,#2904),.PCURVE_S1.);
#2893 = LINE('',#2894,#2895);
#2894 = CARTESIAN_POINT('',(16.4,-12.2,0.));
#2895 = VECTOR('',#2896,1.);
#2896 = DIRECTION('',(0.,0.,1.));
#2897 = PCURVE('',#640,#2898);
#2898 = DEFINITIONAL_REPRESENTATION('',(#2899),#2903);
#2899 = LINE('',#2900,#2901);
#2900 = CARTESIAN_POINT('',(0.,34.8));
#2901 = VECTOR('',#2902,1.);
#2902 = DIRECTION('',(1.,0.));
#2903 = ( GEOMETRIC_REPRESENTATION_CONTEXT(2) 
PARAMETRIC_REPRESENTATION_CONTEXT() REPRESENTATION_CONTEXT('2D SPACE',''
  ) );
#2904 = PCURVE('',#673,#2905);
#2905 = DEFINITIONAL_REPRESENTATION('',(#2906),#2910);
#2906 = LINE('',#2907,#2908);
#2907 = CARTESIAN_POINT('',(-1.570796326795,0.));
#2908 = VECTOR('',#2909,1.);
#2909 = DIRECTION('',(-0.,1.));
#2910 = ( GEOMETRIC_REPRESENTATION_CONTEXT(2) 
PARAMETRIC_REPRESENTATION_CONTEXT() REPRESENTATION_CONTEXT('2D SPACE',''
  ) );
#2911 = ADVANCED_FACE('',(#2912),#529,.F.);
#2912 = FACE_BOUND('',#2913,.F.);
#2913 = EDGE_LOOP('',(#2914,#2915,#2936,#2937));
#2914 = ORIENTED_EDGE('',*,*,#513,.T.);
#2915 = ORIENTED_EDGE('',*,*,#2916,.F.);
#2916 = EDGE_CURVE('',#2268,#486,#2917,.T.);
#2917 = SURFACE_CURVE('',#2918,(#2922,#2929),.PCURVE_S1.);
#2918 = LINE('',#2919,#2920);
#2919 = CARTESIAN_POINT('',(-16.9,10.7,10.25));
#2920 = VECTOR('',#2921,1.);
#2921 = DIRECTION('',(0.,0.,-1.));
#2922 = PCURVE('',#529,#2923);
#2923 = DEFINITIONAL_REPRESENTATION('',(#2924),#2928);
#2924 = LINE('',#2925,#2926);
#2925 = CARTESIAN_POINT('',(11.25,0.));
#2926 = VECTOR('',#2927,1.);
#2927 = DIRECTION('',(-1.,0.));
#2928 = ( GEOMETRIC_REPRESENTATION_CONTEXT(2) 
PARAMETRIC_REPRESENTATION_CONTEXT() REPRESENTATION_CONTEXT('2D SPACE',''
  ) );
#2929 = PCURVE('',#501,#2930);
#2930 = DEFINITIONAL_REPRESENTATION('',(#2931),#2935);
#2931 = LINE('',#2932,#2933);
#2932 = CARTESIAN_POINT('',(11.25,-21.4));
#2933 = VECTOR('',#2934,1.);
#2934 = DIRECTION('',(-1.,0.));
#2935 = ( GEOMETRIC_REPRESENTATION_CONTEXT(2) 
PARAMETRIC_REPRESENTATION_CONTEXT() REPRESENTATION_CONTEXT('2D SPACE',''
  ) );
#2936 = ORIENTED_EDGE('',*,*,#2267,.T.);
#2937 = ORIENTED_EDGE('',*,*,#2840,.T.);
#2938 = ADVANCED_FACE('',(#2939),#673,.T.);
#2939 = FACE_BOUND('',#2940,.F.);
#2940 = EDGE_LOOP('',(#2941,#2942,#2943,#2971));
#2941 = ORIENTED_EDGE('',*,*,#652,.T.);
#2942 = ORIENTED_EDGE('',*,*,#2891,.T.);
#2943 = ORIENTED_EDGE('',*,*,#2944,.F.);
#2944 = EDGE_CURVE('',#2945,#2869,#2947,.T.);
#2945 = VERTEX_POINT('',#2946);
#2946 = CARTESIAN_POINT('',(18.4,-10.2,11.75));
#2947 = SURFACE_CURVE('',#2948,(#2953,#2960),.PCURVE_S1.);
#2948 = CIRCLE('',#2949,2.);
#2949 = AXIS2_PLACEMENT_3D('',#2950,#2951,#2952);
#2950 = CARTESIAN_POINT('',(16.4,-10.2,11.75));
#2951 = DIRECTION('',(-0.,-0.,-1.));
#2952 = DIRECTION('',(0.,-1.,0.));
#2953 = PCURVE('',#673,#2954);
#2954 = DEFINITIONAL_REPRESENTATION('',(#2955),#2959);
#2955 = LINE('',#2956,#2957);
#2956 = CARTESIAN_POINT('',(4.712388980385,11.75));
#2957 = VECTOR('',#2958,1.);
#2958 = DIRECTION('',(-1.,0.));
#2959 = ( GEOMETRIC_REPRESENTATION_CONTEXT(2) 
PARAMETRIC_REPRESENTATION_CONTEXT() REPRESENTATION_CONTEXT('2D SPACE',''
  ) );
#2960 = PCURVE('',#44,#2961);
#2961 = DEFINITIONAL_REPRESENTATION('',(#2962),#2970);
#2962 = ( BOUNDED_CURVE() B_SPLINE_CURVE(2,(#2963,#2964,#2965,#2966,
#2967,#2968,#2969),.UNSPECIFIED.,.T.,.F.) B_SPLINE_CURVE_WITH_KNOTS((1,2
    ,2,2,2,1),(-2.094395102393,0.,2.094395102393,4.188790204786,
6.28318530718,8.377580409573),.UNSPECIFIED.) CURVE() 
GEOMETRIC_REPRESENTATION_ITEM() RATIONAL_B_SPLINE_CURVE((1.,0.5,1.,0.5,
1.,0.5,1.)) REPRESENTATION_ITEM('') );
#2963 = CARTESIAN_POINT('',(34.8,0.));
#2964 = CARTESIAN_POINT('',(31.335898384862,0.));
#2965 = CARTESIAN_POINT('',(33.067949192431,3.));
#2966 = CARTESIAN_POINT('',(34.8,6.));
#2967 = CARTESIAN_POINT('',(36.532050807569,3.));
#2968 = CARTESIAN_POINT('',(38.264101615138,3.10862446895E-15));
#2969 = CARTESIAN_POINT('',(34.8,0.));
#2970 = ( GEOMETRIC_REPRESENTATION_CONTEXT(2) 
PARAMETRIC_REPRESENTATION_CONTEXT() REPRESENTATION_CONTEXT('2D SPACE',''
  ) );
#2971 = ORIENTED_EDGE('',*,*,#2972,.F.);
#2972 = EDGE_CURVE('',#653,#2945,#2973,.T.);
#2973 = SURFACE_CURVE('',#2974,(#2978,#2985),.PCURVE_S1.);
#2974 = LINE('',#2975,#2976);
#2975 = CARTESIAN_POINT('',(18.4,-10.2,0.));
#2976 = VECTOR('',#2977,1.);
#2977 = DIRECTION('',(0.,0.,1.));
#2978 = PCURVE('',#673,#2979);
#2979 = DEFINITIONAL_REPRESENTATION('',(#2980),#2984);
#2980 = LINE('',#2981,#2982);
#2981 = CARTESIAN_POINT('',(-0.,0.));
#2982 = VECTOR('',#2983,1.);
#2983 = DIRECTION('',(-0.,1.));
#2984 = ( GEOMETRIC_REPRESENTATION_CONTEXT(2) 
PARAMETRIC_REPRESENTATION_CONTEXT() REPRESENTATION_CONTEXT('2D SPACE',''
  ) );
#2985 = PCURVE('',#701,#2986);
#2986 = DEFINITIONAL_REPRESENTATION('',(#2987),#2991);
#2987 = LINE('',#2988,#2989);
#2988 = CARTESIAN_POINT('',(0.,-2.));
#2989 = VECTOR('',#2990,1.);
#2990 = DIRECTION('',(1.,0.));
#2991 = ( GEOMETRIC_REPRESENTATION_CONTEXT(2) 
PARAMETRIC_REPRESENTATION_CONTEXT() REPRESENTATION_CONTEXT('2D SPACE',''
  ) );
#2992 = ADVANCED_FACE('',(#2993),#501,.T.);
#2993 = FACE_BOUND('',#2994,.T.);
#2994 = EDGE_LOOP('',(#2995,#3016,#3017,#3018));
#2995 = ORIENTED_EDGE('',*,*,#2996,.F.);
#2996 = EDGE_CURVE('',#458,#2293,#2997,.T.);
#2997 = SURFACE_CURVE('',#2998,(#3002,#3009),.PCURVE_S1.);
#2998 = LINE('',#2999,#3000);
#2999 = CARTESIAN_POINT('',(-16.9,-10.7,0.));
#3000 = VECTOR('',#3001,1.);
#3001 = DIRECTION('',(0.,0.,1.));
#3002 = PCURVE('',#501,#3003);
#3003 = DEFINITIONAL_REPRESENTATION('',(#3004),#3008);
#3004 = LINE('',#3005,#3006);
#3005 = CARTESIAN_POINT('',(1.,0.));
#3006 = VECTOR('',#3007,1.);
#3007 = DIRECTION('',(1.,0.));
#3008 = ( GEOMETRIC_REPRESENTATION_CONTEXT(2) 
PARAMETRIC_REPRESENTATION_CONTEXT() REPRESENTATION_CONTEXT('2D SPACE',''
  ) );
#3009 = PCURVE('',#473,#3010);
#3010 = DEFINITIONAL_REPRESENTATION('',(#3011),#3015);
#3011 = LINE('',#3012,#3013);
#3012 = CARTESIAN_POINT('',(1.,0.));
#3013 = VECTOR('',#3014,1.);
#3014 = DIRECTION('',(1.,0.));
#3015 = ( GEOMETRIC_REPRESENTATION_CONTEXT(2) 
PARAMETRIC_REPRESENTATION_CONTEXT() REPRESENTATION_CONTEXT('2D SPACE',''
  ) );
#3016 = ORIENTED_EDGE('',*,*,#485,.T.);
#3017 = ORIENTED_EDGE('',*,*,#2916,.F.);
#3018 = ORIENTED_EDGE('',*,*,#2292,.F.);
#3019 = ADVANCED_FACE('',(#3020),#701,.T.);
#3020 = FACE_BOUND('',#3021,.T.);
#3021 = EDGE_LOOP('',(#3022,#3045,#3046,#3047));
#3022 = ORIENTED_EDGE('',*,*,#3023,.F.);
#3023 = EDGE_CURVE('',#2945,#3024,#3026,.T.);
#3024 = VERTEX_POINT('',#3025);
#3025 = CARTESIAN_POINT('',(18.4,10.2,11.75));
#3026 = SURFACE_CURVE('',#3027,(#3031,#3038),.PCURVE_S1.);
#3027 = LINE('',#3028,#3029);
#3028 = CARTESIAN_POINT('',(18.4,-12.2,11.75));
#3029 = VECTOR('',#3030,1.);
#3030 = DIRECTION('',(0.,1.,0.));
#3031 = PCURVE('',#701,#3032);
#3032 = DEFINITIONAL_REPRESENTATION('',(#3033),#3037);
#3033 = LINE('',#3034,#3035);
#3034 = CARTESIAN_POINT('',(11.75,0.));
#3035 = VECTOR('',#3036,1.);
#3036 = DIRECTION('',(0.,-1.));
#3037 = ( GEOMETRIC_REPRESENTATION_CONTEXT(2) 
PARAMETRIC_REPRESENTATION_CONTEXT() REPRESENTATION_CONTEXT('2D SPACE',''
  ) );
#3038 = PCURVE('',#44,#3039);
#3039 = DEFINITIONAL_REPRESENTATION('',(#3040),#3044);
#3040 = LINE('',#3041,#3042);
#3041 = CARTESIAN_POINT('',(36.8,0.));
#3042 = VECTOR('',#3043,1.);
#3043 = DIRECTION('',(0.,1.));
#3044 = ( GEOMETRIC_REPRESENTATION_CONTEXT(2) 
PARAMETRIC_REPRESENTATION_CONTEXT() REPRESENTATION_CONTEXT('2D SPACE',''
  ) );
#3045 = ORIENTED_EDGE('',*,*,#2972,.F.);
#3046 = ORIENTED_EDGE('',*,*,#685,.T.);
#3047 = ORIENTED_EDGE('',*,*,#3048,.T.);
#3048 = EDGE_CURVE('',#686,#3024,#3049,.T.);
#3049 = SURFACE_CURVE('',#3050,(#3054,#3061),.PCURVE_S1.);
#3050 = LINE('',#3051,#3052);
#3051 = CARTESIAN_POINT('',(18.4,10.2,0.));
#3052 = VECTOR('',#3053,1.);
#3053 = DIRECTION('',(0.,0.,1.));
#3054 = PCURVE('',#701,#3055);
#3055 = DEFINITIONAL_REPRESENTATION('',(#3056),#3060);
#3056 = LINE('',#3057,#3058);
#3057 = CARTESIAN_POINT('',(0.,-22.4));
#3058 = VECTOR('',#3059,1.);
#3059 = DIRECTION('',(1.,0.));
#3060 = ( GEOMETRIC_REPRESENTATION_CONTEXT(2) 
PARAMETRIC_REPRESENTATION_CONTEXT() REPRESENTATION_CONTEXT('2D SPACE',''
  ) );
#3061 = PCURVE('',#730,#3062);
#3062 = DEFINITIONAL_REPRESENTATION('',(#3063),#3067);
#3063 = LINE('',#3064,#3065);
#3064 = CARTESIAN_POINT('',(0.,0.));
#3065 = VECTOR('',#3066,1.);
#3066 = DIRECTION('',(0.,1.));
#3067 = ( GEOMETRIC_REPRESENTATION_CONTEXT(2) 
PARAMETRIC_REPRESENTATION_CONTEXT() REPRESENTATION_CONTEXT('2D SPACE',''
  ) );
#3068 = ADVANCED_FACE('',(#3069),#473,.T.);
#3069 = FACE_BOUND('',#3070,.T.);
#3070 = EDGE_LOOP('',(#3071,#3090,#3091,#3092));
#3071 = ORIENTED_EDGE('',*,*,#3072,.T.);
#3072 = EDGE_CURVE('',#2316,#431,#3073,.T.);
#3073 = SURFACE_CURVE('',#3074,(#3078,#3084),.PCURVE_S1.);
#3074 = LINE('',#3075,#3076);
#3075 = CARTESIAN_POINT('',(-0.5,-10.7,-1.));
#3076 = VECTOR('',#3077,1.);
#3077 = DIRECTION('',(0.,0.,-1.));
#3078 = PCURVE('',#473,#3079);
#3079 = DEFINITIONAL_REPRESENTATION('',(#3080),#3083);
#3080 = B_SPLINE_CURVE_WITH_KNOTS('',1,(#3081,#3082),.UNSPECIFIED.,.F.,
  .F.,(2,2),(-11.25,-1.),.PIECEWISE_BEZIER_KNOTS.);
#3081 = CARTESIAN_POINT('',(11.25,16.4));
#3082 = CARTESIAN_POINT('',(1.,16.4));
#3083 = ( GEOMETRIC_REPRESENTATION_CONTEXT(2) 
PARAMETRIC_REPRESENTATION_CONTEXT() REPRESENTATION_CONTEXT('2D SPACE',''
  ) );
#3084 = PCURVE('',#446,#3085);
#3085 = DEFINITIONAL_REPRESENTATION('',(#3086),#3089);
#3086 = B_SPLINE_CURVE_WITH_KNOTS('',1,(#3087,#3088),.UNSPECIFIED.,.F.,
  .F.,(2,2),(-11.25,-1.),.PIECEWISE_BEZIER_KNOTS.);
#3087 = CARTESIAN_POINT('',(11.25,-2.5));
#3088 = CARTESIAN_POINT('',(1.,-2.5));
#3089 = ( GEOMETRIC_REPRESENTATION_CONTEXT(2) 
PARAMETRIC_REPRESENTATION_CONTEXT() REPRESENTATION_CONTEXT('2D SPACE',''
  ) );
#3090 = ORIENTED_EDGE('',*,*,#457,.T.);
#3091 = ORIENTED_EDGE('',*,*,#2996,.T.);
#3092 = ORIENTED_EDGE('',*,*,#2315,.T.);
#3093 = ADVANCED_FACE('',(#3094),#730,.T.);
#3094 = FACE_BOUND('',#3095,.T.);
#3095 = EDGE_LOOP('',(#3096,#3097,#3120,#3142));
#3096 = ORIENTED_EDGE('',*,*,#713,.T.);
#3097 = ORIENTED_EDGE('',*,*,#3098,.T.);
#3098 = EDGE_CURVE('',#714,#3099,#3101,.T.);
#3099 = VERTEX_POINT('',#3100);
#3100 = CARTESIAN_POINT('',(16.4,12.2,11.75));
#3101 = SURFACE_CURVE('',#3102,(#3106,#3113),.PCURVE_S1.);
#3102 = LINE('',#3103,#3104);
#3103 = CARTESIAN_POINT('',(16.4,12.2,0.));
#3104 = VECTOR('',#3105,1.);
#3105 = DIRECTION('',(0.,0.,1.));
#3106 = PCURVE('',#730,#3107);
#3107 = DEFINITIONAL_REPRESENTATION('',(#3108),#3112);
#3108 = LINE('',#3109,#3110);
#3109 = CARTESIAN_POINT('',(1.570796326795,0.));
#3110 = VECTOR('',#3111,1.);
#3111 = DIRECTION('',(0.,1.));
#3112 = ( GEOMETRIC_REPRESENTATION_CONTEXT(2) 
PARAMETRIC_REPRESENTATION_CONTEXT() REPRESENTATION_CONTEXT('2D SPACE',''
  ) );
#3113 = PCURVE('',#758,#3114);
#3114 = DEFINITIONAL_REPRESENTATION('',(#3115),#3119);
#3115 = LINE('',#3116,#3117);
#3116 = CARTESIAN_POINT('',(0.,34.8));
#3117 = VECTOR('',#3118,1.);
#3118 = DIRECTION('',(1.,0.));
#3119 = ( GEOMETRIC_REPRESENTATION_CONTEXT(2) 
PARAMETRIC_REPRESENTATION_CONTEXT() REPRESENTATION_CONTEXT('2D SPACE',''
  ) );
#3120 = ORIENTED_EDGE('',*,*,#3121,.F.);
#3121 = EDGE_CURVE('',#3024,#3099,#3122,.T.);
#3122 = SURFACE_CURVE('',#3123,(#3128,#3135),.PCURVE_S1.);
#3123 = CIRCLE('',#3124,2.);
#3124 = AXIS2_PLACEMENT_3D('',#3125,#3126,#3127);
#3125 = CARTESIAN_POINT('',(16.4,10.2,11.75));
#3126 = DIRECTION('',(0.,0.,1.));
#3127 = DIRECTION('',(0.,-1.,0.));
#3128 = PCURVE('',#730,#3129);
#3129 = DEFINITIONAL_REPRESENTATION('',(#3130),#3134);
#3130 = LINE('',#3131,#3132);
#3131 = CARTESIAN_POINT('',(-1.570796326795,11.75));
#3132 = VECTOR('',#3133,1.);
#3133 = DIRECTION('',(1.,0.));
#3134 = ( GEOMETRIC_REPRESENTATION_CONTEXT(2) 
PARAMETRIC_REPRESENTATION_CONTEXT() REPRESENTATION_CONTEXT('2D SPACE',''
  ) );
#3135 = PCURVE('',#44,#3136);
#3136 = DEFINITIONAL_REPRESENTATION('',(#3137),#3141);
#3137 = CIRCLE('',#3138,2.);
#3138 = AXIS2_PLACEMENT_2D('',#3139,#3140);
#3139 = CARTESIAN_POINT('',(34.8,22.4));
#3140 = DIRECTION('',(0.,-1.));
#3141 = ( GEOMETRIC_REPRESENTATION_CONTEXT(2) 
PARAMETRIC_REPRESENTATION_CONTEXT() REPRESENTATION_CONTEXT('2D SPACE',''
  ) );
#3142 = ORIENTED_EDGE('',*,*,#3048,.F.);
#3143 = ADVANCED_FACE('',(#3144),#446,.T.);
#3144 = FACE_BOUND('',#3145,.T.);
#3145 = EDGE_LOOP('',(#3146,#3147,#3148,#3169,#3188,#3189,#3190,#3191,
    #3211,#3212));
#3146 = ORIENTED_EDGE('',*,*,#2338,.T.);
#3147 = ORIENTED_EDGE('',*,*,#2747,.T.);
#3148 = ORIENTED_EDGE('',*,*,#3149,.F.);
#3149 = EDGE_CURVE('',#3150,#2748,#3152,.T.);
#3150 = VERTEX_POINT('',#3151);
#3151 = CARTESIAN_POINT('',(-0.5,-12.2,11.75));
#3152 = SURFACE_CURVE('',#3153,(#3157,#3163),.PCURVE_S1.);
#3153 = LINE('',#3154,#3155);
#3154 = CARTESIAN_POINT('',(-0.5,-12.7,11.75));
#3155 = VECTOR('',#3156,1.);
#3156 = DIRECTION('',(0.,1.,0.));
#3157 = PCURVE('',#446,#3158);
#3158 = DEFINITIONAL_REPRESENTATION('',(#3159),#3162);
#3159 = B_SPLINE_CURVE_WITH_KNOTS('',1,(#3160,#3161),.UNSPECIFIED.,.F.,
  .F.,(2,2),(0.5,3.),.PIECEWISE_BEZIER_KNOTS.);
#3160 = CARTESIAN_POINT('',(12.75,-1.));
#3161 = CARTESIAN_POINT('',(12.75,-3.5));
#3162 = ( GEOMETRIC_REPRESENTATION_CONTEXT(2) 
PARAMETRIC_REPRESENTATION_CONTEXT() REPRESENTATION_CONTEXT('2D SPACE',''
  ) );
#3163 = PCURVE('',#44,#3164);
#3164 = DEFINITIONAL_REPRESENTATION('',(#3165),#3168);
#3165 = B_SPLINE_CURVE_WITH_KNOTS('',1,(#3166,#3167),.UNSPECIFIED.,.F.,
  .F.,(2,2),(0.5,3.),.PIECEWISE_BEZIER_KNOTS.);
#3166 = CARTESIAN_POINT('',(17.9,0.));
#3167 = CARTESIAN_POINT('',(17.9,2.5));
#3168 = ( GEOMETRIC_REPRESENTATION_CONTEXT(2) 
PARAMETRIC_REPRESENTATION_CONTEXT() REPRESENTATION_CONTEXT('2D SPACE',''
  ) );
#3169 = ORIENTED_EDGE('',*,*,#3170,.T.);
#3170 = EDGE_CURVE('',#3150,#2125,#3171,.T.);
#3171 = SURFACE_CURVE('',#3172,(#3176,#3182),.PCURVE_S1.);
#3172 = LINE('',#3173,#3174);
#3173 = CARTESIAN_POINT('',(-0.5,-12.2,-0.5));
#3174 = VECTOR('',#3175,1.);
#3175 = DIRECTION('',(0.,0.,-1.));
#3176 = PCURVE('',#446,#3177);
#3177 = DEFINITIONAL_REPRESENTATION('',(#3178),#3181);
#3178 = B_SPLINE_CURVE_WITH_KNOTS('',1,(#3179,#3180),.UNSPECIFIED.,.F.,
  .F.,(2,2),(-12.25,-0.5),.PIECEWISE_BEZIER_KNOTS.);
#3179 = CARTESIAN_POINT('',(12.75,-1.));
#3180 = CARTESIAN_POINT('',(1.,-1.));
#3181 = ( GEOMETRIC_REPRESENTATION_CONTEXT(2) 
PARAMETRIC_REPRESENTATION_CONTEXT() REPRESENTATION_CONTEXT('2D SPACE',''
  ) );
#3182 = PCURVE('',#182,#3183);
#3183 = DEFINITIONAL_REPRESENTATION('',(#3184),#3187);
#3184 = B_SPLINE_CURVE_WITH_KNOTS('',1,(#3185,#3186),.UNSPECIFIED.,.F.,
  .F.,(2,2),(-12.25,-0.5),.PIECEWISE_BEZIER_KNOTS.);
#3185 = CARTESIAN_POINT('',(11.75,17.9));
#3186 = CARTESIAN_POINT('',(0.,17.9));
#3187 = ( GEOMETRIC_REPRESENTATION_CONTEXT(2) 
PARAMETRIC_REPRESENTATION_CONTEXT() REPRESENTATION_CONTEXT('2D SPACE',''
  ) );
#3188 = ORIENTED_EDGE('',*,*,#2145,.F.);
#3189 = ORIENTED_EDGE('',*,*,#2079,.F.);
#3190 = ORIENTED_EDGE('',*,*,#1973,.T.);
#3191 = ORIENTED_EDGE('',*,*,#3192,.T.);
#3192 = EDGE_CURVE('',#1951,#403,#3193,.T.);
#3193 = SURFACE_CURVE('',#3194,(#3198,#3204),.PCURVE_S1.);
#3194 = LINE('',#3195,#3196);
#3195 = CARTESIAN_POINT('',(-0.5,-12.2,-0.5));
#3196 = VECTOR('',#3197,1.);
#3197 = DIRECTION('',(0.,0.,-1.));
#3198 = PCURVE('',#446,#3199);
#3199 = DEFINITIONAL_REPRESENTATION('',(#3200),#3203);
#3200 = B_SPLINE_CURVE_WITH_KNOTS('',1,(#3201,#3202),.UNSPECIFIED.,.F.,
  .F.,(2,2),(-12.25,-0.5),.PIECEWISE_BEZIER_KNOTS.);
#3201 = CARTESIAN_POINT('',(12.75,-1.));
#3202 = CARTESIAN_POINT('',(1.,-1.));
#3203 = ( GEOMETRIC_REPRESENTATION_CONTEXT(2) 
PARAMETRIC_REPRESENTATION_CONTEXT() REPRESENTATION_CONTEXT('2D SPACE',''
  ) );
#3204 = PCURVE('',#418,#3205);
#3205 = DEFINITIONAL_REPRESENTATION('',(#3206),#3210);
#3206 = LINE('',#3207,#3208);
#3207 = CARTESIAN_POINT('',(-0.5,6.5));
#3208 = VECTOR('',#3209,1.);
#3209 = DIRECTION('',(-1.,0.));
#3210 = ( GEOMETRIC_REPRESENTATION_CONTEXT(2) 
PARAMETRIC_REPRESENTATION_CONTEXT() REPRESENTATION_CONTEXT('2D SPACE',''
  ) );
#3211 = ORIENTED_EDGE('',*,*,#430,.T.);
#3212 = ORIENTED_EDGE('',*,*,#3072,.F.);
#3213 = ADVANCED_FACE('',(#3214),#418,.T.);
#3214 = FACE_BOUND('',#3215,.T.);
#3215 = EDGE_LOOP('',(#3216,#3217,#3218,#3219));
#3216 = ORIENTED_EDGE('',*,*,#402,.F.);
#3217 = ORIENTED_EDGE('',*,*,#3192,.F.);
#3218 = ORIENTED_EDGE('',*,*,#1950,.T.);
#3219 = ORIENTED_EDGE('',*,*,#3220,.F.);
#3220 = EDGE_CURVE('',#374,#1927,#3221,.T.);
#3221 = SURFACE_CURVE('',#3222,(#3226,#3233),.PCURVE_S1.);
#3222 = LINE('',#3223,#3224);
#3223 = CARTESIAN_POINT('',(5.,-12.2,0.));
#3224 = VECTOR('',#3225,1.);
#3225 = DIRECTION('',(0.,0.,1.));
#3226 = PCURVE('',#418,#3227);
#3227 = DEFINITIONAL_REPRESENTATION('',(#3228),#3232);
#3228 = LINE('',#3229,#3230);
#3229 = CARTESIAN_POINT('',(0.,12.));
#3230 = VECTOR('',#3231,1.);
#3231 = DIRECTION('',(1.,0.));
#3232 = ( GEOMETRIC_REPRESENTATION_CONTEXT(2) 
PARAMETRIC_REPRESENTATION_CONTEXT() REPRESENTATION_CONTEXT('2D SPACE',''
  ) );
#3233 = PCURVE('',#390,#3234);
#3234 = DEFINITIONAL_REPRESENTATION('',(#3235),#3239);
#3235 = LINE('',#3236,#3237);
#3236 = CARTESIAN_POINT('',(1.570796326795,0.));
#3237 = VECTOR('',#3238,1.);
#3238 = DIRECTION('',(0.,1.));
#3239 = ( GEOMETRIC_REPRESENTATION_CONTEXT(2) 
PARAMETRIC_REPRESENTATION_CONTEXT() REPRESENTATION_CONTEXT('2D SPACE',''
  ) );
#3240 = ADVANCED_FACE('',(#3241),#791,.T.);
#3241 = FACE_BOUND('',#3242,.F.);
#3242 = EDGE_LOOP('',(#3243,#3244,#3265,#3266));
#3243 = ORIENTED_EDGE('',*,*,#770,.T.);
#3244 = ORIENTED_EDGE('',*,*,#3245,.T.);
#3245 = EDGE_CURVE('',#743,#1268,#3246,.T.);
#3246 = SURFACE_CURVE('',#3247,(#3251,#3258),.PCURVE_S1.);
#3247 = LINE('',#3248,#3249);
#3248 = CARTESIAN_POINT('',(2.,12.2,0.));
#3249 = VECTOR('',#3250,1.);
#3250 = DIRECTION('',(0.,0.,1.));
#3251 = PCURVE('',#791,#3252);
#3252 = DEFINITIONAL_REPRESENTATION('',(#3253),#3257);
#3253 = LINE('',#3254,#3255);
#3254 = CARTESIAN_POINT('',(-1.570796326795,0.));
#3255 = VECTOR('',#3256,1.);
#3256 = DIRECTION('',(-0.,1.));
#3257 = ( GEOMETRIC_REPRESENTATION_CONTEXT(2) 
PARAMETRIC_REPRESENTATION_CONTEXT() REPRESENTATION_CONTEXT('2D SPACE',''
  ) );
#3258 = PCURVE('',#758,#3259);
#3259 = DEFINITIONAL_REPRESENTATION('',(#3260),#3264);
#3260 = LINE('',#3261,#3262);
#3261 = CARTESIAN_POINT('',(0.,20.4));
#3262 = VECTOR('',#3263,1.);
#3263 = DIRECTION('',(1.,0.));
#3264 = ( GEOMETRIC_REPRESENTATION_CONTEXT(2) 
PARAMETRIC_REPRESENTATION_CONTEXT() REPRESENTATION_CONTEXT('2D SPACE',''
  ) );
#3265 = ORIENTED_EDGE('',*,*,#1289,.F.);
#3266 = ORIENTED_EDGE('',*,*,#3267,.F.);
#3267 = EDGE_CURVE('',#771,#1290,#3268,.T.);
#3268 = SURFACE_CURVE('',#3269,(#3273,#3280),.PCURVE_S1.);
#3269 = LINE('',#3270,#3271);
#3270 = CARTESIAN_POINT('',(4.,14.2,0.));
#3271 = VECTOR('',#3272,1.);
#3272 = DIRECTION('',(0.,0.,1.));
#3273 = PCURVE('',#791,#3274);
#3274 = DEFINITIONAL_REPRESENTATION('',(#3275),#3279);
#3275 = LINE('',#3276,#3277);
#3276 = CARTESIAN_POINT('',(-0.,0.));
#3277 = VECTOR('',#3278,1.);
#3278 = DIRECTION('',(-0.,1.));
#3279 = ( GEOMETRIC_REPRESENTATION_CONTEXT(2) 
PARAMETRIC_REPRESENTATION_CONTEXT() REPRESENTATION_CONTEXT('2D SPACE',''
  ) );
#3280 = PCURVE('',#819,#3281);
#3281 = DEFINITIONAL_REPRESENTATION('',(#3282),#3286);
#3282 = LINE('',#3283,#3284);
#3283 = CARTESIAN_POINT('',(0.,-2.));
#3284 = VECTOR('',#3285,1.);
#3285 = DIRECTION('',(1.,0.));
#3286 = ( GEOMETRIC_REPRESENTATION_CONTEXT(2) 
PARAMETRIC_REPRESENTATION_CONTEXT() REPRESENTATION_CONTEXT('2D SPACE',''
  ) );
#3287 = ADVANCED_FACE('',(#3288),#390,.T.);
#3288 = FACE_BOUND('',#3289,.T.);
#3289 = EDGE_LOOP('',(#3290,#3291,#3292,#3293));
#3290 = ORIENTED_EDGE('',*,*,#373,.T.);
#3291 = ORIENTED_EDGE('',*,*,#3220,.T.);
#3292 = ORIENTED_EDGE('',*,*,#1926,.F.);
#3293 = ORIENTED_EDGE('',*,*,#3294,.F.);
#3294 = EDGE_CURVE('',#346,#1904,#3295,.T.);
#3295 = SURFACE_CURVE('',#3296,(#3300,#3307),.PCURVE_S1.);
#3296 = LINE('',#3297,#3298);
#3297 = CARTESIAN_POINT('',(7.,-14.2,0.));
#3298 = VECTOR('',#3299,1.);
#3299 = DIRECTION('',(0.,0.,1.));
#3300 = PCURVE('',#390,#3301);
#3301 = DEFINITIONAL_REPRESENTATION('',(#3302),#3306);
#3302 = LINE('',#3303,#3304);
#3303 = CARTESIAN_POINT('',(0.,0.));
#3304 = VECTOR('',#3305,1.);
#3305 = DIRECTION('',(0.,1.));
#3306 = ( GEOMETRIC_REPRESENTATION_CONTEXT(2) 
PARAMETRIC_REPRESENTATION_CONTEXT() REPRESENTATION_CONTEXT('2D SPACE',''
  ) );
#3307 = PCURVE('',#361,#3308);
#3308 = DEFINITIONAL_REPRESENTATION('',(#3309),#3313);
#3309 = LINE('',#3310,#3311);
#3310 = CARTESIAN_POINT('',(0.,-2.942135623731));
#3311 = VECTOR('',#3312,1.);
#3312 = DIRECTION('',(1.,0.));
#3313 = ( GEOMETRIC_REPRESENTATION_CONTEXT(2) 
PARAMETRIC_REPRESENTATION_CONTEXT() REPRESENTATION_CONTEXT('2D SPACE',''
  ) );
#3314 = ADVANCED_FACE('',(#3315),#819,.T.);
#3315 = FACE_BOUND('',#3316,.T.);
#3316 = EDGE_LOOP('',(#3317,#3318,#3319,#3320));
#3317 = ORIENTED_EDGE('',*,*,#1317,.F.);
#3318 = ORIENTED_EDGE('',*,*,#3267,.F.);
#3319 = ORIENTED_EDGE('',*,*,#803,.T.);
#3320 = ORIENTED_EDGE('',*,*,#3321,.T.);
#3321 = EDGE_CURVE('',#804,#1318,#3322,.T.);
#3322 = SURFACE_CURVE('',#3323,(#3327,#3334),.PCURVE_S1.);
#3323 = LINE('',#3324,#3325);
#3324 = CARTESIAN_POINT('',(4.,15.142135623731,0.));
#3325 = VECTOR('',#3326,1.);
#3326 = DIRECTION('',(0.,0.,1.));
#3327 = PCURVE('',#819,#3328);
#3328 = DEFINITIONAL_REPRESENTATION('',(#3329),#3333);
#3329 = LINE('',#3330,#3331);
#3330 = CARTESIAN_POINT('',(0.,-2.942135623731));
#3331 = VECTOR('',#3332,1.);
#3332 = DIRECTION('',(1.,0.));
#3333 = ( GEOMETRIC_REPRESENTATION_CONTEXT(2) 
PARAMETRIC_REPRESENTATION_CONTEXT() REPRESENTATION_CONTEXT('2D SPACE',''
  ) );
#3334 = PCURVE('',#848,#3335);
#3335 = DEFINITIONAL_REPRESENTATION('',(#3336),#3340);
#3336 = LINE('',#3337,#3338);
#3337 = CARTESIAN_POINT('',(0.,0.));
#3338 = VECTOR('',#3339,1.);
#3339 = DIRECTION('',(0.,1.));
#3340 = ( GEOMETRIC_REPRESENTATION_CONTEXT(2) 
PARAMETRIC_REPRESENTATION_CONTEXT() REPRESENTATION_CONTEXT('2D SPACE',''
  ) );
#3341 = ADVANCED_FACE('',(#3342),#361,.T.);
#3342 = FACE_BOUND('',#3343,.T.);
#3343 = EDGE_LOOP('',(#3344,#3345,#3366,#3367));
#3344 = ORIENTED_EDGE('',*,*,#1903,.F.);
#3345 = ORIENTED_EDGE('',*,*,#3346,.F.);
#3346 = EDGE_CURVE('',#313,#1876,#3347,.T.);
#3347 = SURFACE_CURVE('',#3348,(#3352,#3359),.PCURVE_S1.);
#3348 = LINE('',#3349,#3350);
#3349 = CARTESIAN_POINT('',(7.,-15.14213562373,0.));
#3350 = VECTOR('',#3351,1.);
#3351 = DIRECTION('',(0.,0.,1.));
#3352 = PCURVE('',#361,#3353);
#3353 = DEFINITIONAL_REPRESENTATION('',(#3354),#3358);
#3354 = LINE('',#3355,#3356);
#3355 = CARTESIAN_POINT('',(0.,-2.));
#3356 = VECTOR('',#3357,1.);
#3357 = DIRECTION('',(1.,0.));
#3358 = ( GEOMETRIC_REPRESENTATION_CONTEXT(2) 
PARAMETRIC_REPRESENTATION_CONTEXT() REPRESENTATION_CONTEXT('2D SPACE',''
  ) );
#3359 = PCURVE('',#333,#3360);
#3360 = DEFINITIONAL_REPRESENTATION('',(#3361),#3365);
#3361 = LINE('',#3362,#3363);
#3362 = CARTESIAN_POINT('',(-0.,0.));
#3363 = VECTOR('',#3364,1.);
#3364 = DIRECTION('',(-0.,1.));
#3365 = ( GEOMETRIC_REPRESENTATION_CONTEXT(2) 
PARAMETRIC_REPRESENTATION_CONTEXT() REPRESENTATION_CONTEXT('2D SPACE',''
  ) );
#3366 = ORIENTED_EDGE('',*,*,#345,.T.);
#3367 = ORIENTED_EDGE('',*,*,#3294,.T.);
#3368 = ADVANCED_FACE('',(#3369),#848,.T.);
#3369 = FACE_BOUND('',#3370,.T.);
#3370 = EDGE_LOOP('',(#3371,#3372,#3393,#3394));
#3371 = ORIENTED_EDGE('',*,*,#831,.T.);
#3372 = ORIENTED_EDGE('',*,*,#3373,.T.);
#3373 = EDGE_CURVE('',#832,#1341,#3374,.T.);
#3374 = SURFACE_CURVE('',#3375,(#3379,#3386),.PCURVE_S1.);
#3375 = LINE('',#3376,#3377);
#3376 = CARTESIAN_POINT('',(2.,17.142135623731,0.));
#3377 = VECTOR('',#3378,1.);
#3378 = DIRECTION('',(0.,0.,1.));
#3379 = PCURVE('',#848,#3380);
#3380 = DEFINITIONAL_REPRESENTATION('',(#3381),#3385);
#3381 = LINE('',#3382,#3383);
#3382 = CARTESIAN_POINT('',(1.570796326795,0.));
#3383 = VECTOR('',#3384,1.);
#3384 = DIRECTION('',(0.,1.));
#3385 = ( GEOMETRIC_REPRESENTATION_CONTEXT(2) 
PARAMETRIC_REPRESENTATION_CONTEXT() REPRESENTATION_CONTEXT('2D SPACE',''
  ) );
#3386 = PCURVE('',#876,#3387);
#3387 = DEFINITIONAL_REPRESENTATION('',(#3388),#3392);
#3388 = LINE('',#3389,#3390);
#3389 = CARTESIAN_POINT('',(0.,6.));
#3390 = VECTOR('',#3391,1.);
#3391 = DIRECTION('',(1.,0.));
#3392 = ( GEOMETRIC_REPRESENTATION_CONTEXT(2) 
PARAMETRIC_REPRESENTATION_CONTEXT() REPRESENTATION_CONTEXT('2D SPACE',''
  ) );
#3393 = ORIENTED_EDGE('',*,*,#1340,.F.);
#3394 = ORIENTED_EDGE('',*,*,#3321,.F.);
#3395 = ADVANCED_FACE('',(#3396),#333,.T.);
#3396 = FACE_BOUND('',#3397,.F.);
#3397 = EDGE_LOOP('',(#3398,#3399,#3420,#3421));
#3398 = ORIENTED_EDGE('',*,*,#312,.T.);
#3399 = ORIENTED_EDGE('',*,*,#3400,.T.);
#3400 = EDGE_CURVE('',#285,#1853,#3401,.T.);
#3401 = SURFACE_CURVE('',#3402,(#3406,#3413),.PCURVE_S1.);
#3402 = LINE('',#3403,#3404);
#3403 = CARTESIAN_POINT('',(5.,-17.14213562373,0.));
#3404 = VECTOR('',#3405,1.);
#3405 = DIRECTION('',(0.,0.,1.));
#3406 = PCURVE('',#333,#3407);
#3407 = DEFINITIONAL_REPRESENTATION('',(#3408),#3412);
#3408 = LINE('',#3409,#3410);
#3409 = CARTESIAN_POINT('',(-1.570796326795,0.));
#3410 = VECTOR('',#3411,1.);
#3411 = DIRECTION('',(-0.,1.));
#3412 = ( GEOMETRIC_REPRESENTATION_CONTEXT(2) 
PARAMETRIC_REPRESENTATION_CONTEXT() REPRESENTATION_CONTEXT('2D SPACE',''
  ) );
#3413 = PCURVE('',#300,#3414);
#3414 = DEFINITIONAL_REPRESENTATION('',(#3415),#3419);
#3415 = LINE('',#3416,#3417);
#3416 = CARTESIAN_POINT('',(0.,12.));
#3417 = VECTOR('',#3418,1.);
#3418 = DIRECTION('',(1.,0.));
#3419 = ( GEOMETRIC_REPRESENTATION_CONTEXT(2) 
PARAMETRIC_REPRESENTATION_CONTEXT() REPRESENTATION_CONTEXT('2D SPACE',''
  ) );
#3420 = ORIENTED_EDGE('',*,*,#1875,.F.);
#3421 = ORIENTED_EDGE('',*,*,#3346,.F.);
#3422 = ADVANCED_FACE('',(#3423),#876,.T.);
#3423 = FACE_BOUND('',#3424,.T.);
#3424 = EDGE_LOOP('',(#3425,#3426,#3447,#3448));
#3425 = ORIENTED_EDGE('',*,*,#860,.F.);
#3426 = ORIENTED_EDGE('',*,*,#3427,.T.);
#3427 = EDGE_CURVE('',#861,#1365,#3428,.T.);
#3428 = SURFACE_CURVE('',#3429,(#3433,#3440),.PCURVE_S1.);
#3429 = LINE('',#3430,#3431);
#3430 = CARTESIAN_POINT('',(-2.,17.142135623731,0.));
#3431 = VECTOR('',#3432,1.);
#3432 = DIRECTION('',(0.,0.,1.));
#3433 = PCURVE('',#876,#3434);
#3434 = DEFINITIONAL_REPRESENTATION('',(#3435),#3439);
#3435 = LINE('',#3436,#3437);
#3436 = CARTESIAN_POINT('',(0.,2.));
#3437 = VECTOR('',#3438,1.);
#3438 = DIRECTION('',(1.,0.));
#3439 = ( GEOMETRIC_REPRESENTATION_CONTEXT(2) 
PARAMETRIC_REPRESENTATION_CONTEXT() REPRESENTATION_CONTEXT('2D SPACE',''
  ) );
#3440 = PCURVE('',#909,#3441);
#3441 = DEFINITIONAL_REPRESENTATION('',(#3442),#3446);
#3442 = LINE('',#3443,#3444);
#3443 = CARTESIAN_POINT('',(-1.570796326795,0.));
#3444 = VECTOR('',#3445,1.);
#3445 = DIRECTION('',(-0.,1.));
#3446 = ( GEOMETRIC_REPRESENTATION_CONTEXT(2) 
PARAMETRIC_REPRESENTATION_CONTEXT() REPRESENTATION_CONTEXT('2D SPACE',''
  ) );
#3447 = ORIENTED_EDGE('',*,*,#1364,.T.);
#3448 = ORIENTED_EDGE('',*,*,#3373,.F.);
#3449 = ADVANCED_FACE('',(#3450),#300,.F.);
#3450 = FACE_BOUND('',#3451,.F.);
#3451 = EDGE_LOOP('',(#3452,#3453,#3474,#3475));
#3452 = ORIENTED_EDGE('',*,*,#284,.F.);
#3453 = ORIENTED_EDGE('',*,*,#3454,.T.);
#3454 = EDGE_CURVE('',#256,#1829,#3455,.T.);
#3455 = SURFACE_CURVE('',#3456,(#3460,#3467),.PCURVE_S1.);
#3456 = LINE('',#3457,#3458);
#3457 = CARTESIAN_POINT('',(-5.,-17.14213562373,0.));
#3458 = VECTOR('',#3459,1.);
#3459 = DIRECTION('',(0.,0.,1.));
#3460 = PCURVE('',#300,#3461);
#3461 = DEFINITIONAL_REPRESENTATION('',(#3462),#3466);
#3462 = LINE('',#3463,#3464);
#3463 = CARTESIAN_POINT('',(0.,2.));
#3464 = VECTOR('',#3465,1.);
#3465 = DIRECTION('',(1.,0.));
#3466 = ( GEOMETRIC_REPRESENTATION_CONTEXT(2) 
PARAMETRIC_REPRESENTATION_CONTEXT() REPRESENTATION_CONTEXT('2D SPACE',''
  ) );
#3467 = PCURVE('',#272,#3468);
#3468 = DEFINITIONAL_REPRESENTATION('',(#3469),#3473);
#3469 = LINE('',#3470,#3471);
#3470 = CARTESIAN_POINT('',(1.570796326795,0.));
#3471 = VECTOR('',#3472,1.);
#3472 = DIRECTION('',(0.,1.));
#3473 = ( GEOMETRIC_REPRESENTATION_CONTEXT(2) 
PARAMETRIC_REPRESENTATION_CONTEXT() REPRESENTATION_CONTEXT('2D SPACE',''
  ) );
#3474 = ORIENTED_EDGE('',*,*,#1852,.T.);
#3475 = ORIENTED_EDGE('',*,*,#3400,.F.);
#3476 = ADVANCED_FACE('',(#3477),#909,.T.);
#3477 = FACE_BOUND('',#3478,.F.);
#3478 = EDGE_LOOP('',(#3479,#3480,#3481,#3482));
#3479 = ORIENTED_EDGE('',*,*,#888,.T.);
#3480 = ORIENTED_EDGE('',*,*,#3427,.T.);
#3481 = ORIENTED_EDGE('',*,*,#1387,.F.);
#3482 = ORIENTED_EDGE('',*,*,#3483,.F.);
#3483 = EDGE_CURVE('',#889,#1388,#3484,.T.);
#3484 = SURFACE_CURVE('',#3485,(#3489,#3496),.PCURVE_S1.);
#3485 = LINE('',#3486,#3487);
#3486 = CARTESIAN_POINT('',(-4.,15.142135623731,0.));
#3487 = VECTOR('',#3488,1.);
#3488 = DIRECTION('',(0.,0.,1.));
#3489 = PCURVE('',#909,#3490);
#3490 = DEFINITIONAL_REPRESENTATION('',(#3491),#3495);
#3491 = LINE('',#3492,#3493);
#3492 = CARTESIAN_POINT('',(-0.,0.));
#3493 = VECTOR('',#3494,1.);
#3494 = DIRECTION('',(-0.,1.));
#3495 = ( GEOMETRIC_REPRESENTATION_CONTEXT(2) 
PARAMETRIC_REPRESENTATION_CONTEXT() REPRESENTATION_CONTEXT('2D SPACE',''
  ) );
#3496 = PCURVE('',#937,#3497);
#3497 = DEFINITIONAL_REPRESENTATION('',(#3498),#3502);
#3498 = LINE('',#3499,#3500);
#3499 = CARTESIAN_POINT('',(0.,-2.942135623731));
#3500 = VECTOR('',#3501,1.);
#3501 = DIRECTION('',(1.,0.));
#3502 = ( GEOMETRIC_REPRESENTATION_CONTEXT(2) 
PARAMETRIC_REPRESENTATION_CONTEXT() REPRESENTATION_CONTEXT('2D SPACE',''
  ) );
#3503 = ADVANCED_FACE('',(#3504),#272,.T.);
#3504 = FACE_BOUND('',#3505,.T.);
#3505 = EDGE_LOOP('',(#3506,#3507,#3508,#3509));
#3506 = ORIENTED_EDGE('',*,*,#255,.T.);
#3507 = ORIENTED_EDGE('',*,*,#3454,.T.);
#3508 = ORIENTED_EDGE('',*,*,#1828,.F.);
#3509 = ORIENTED_EDGE('',*,*,#3510,.F.);
#3510 = EDGE_CURVE('',#228,#1806,#3511,.T.);
#3511 = SURFACE_CURVE('',#3512,(#3516,#3523),.PCURVE_S1.);
#3512 = LINE('',#3513,#3514);
#3513 = CARTESIAN_POINT('',(-7.,-15.14213562373,0.));
#3514 = VECTOR('',#3515,1.);
#3515 = DIRECTION('',(0.,0.,1.));
#3516 = PCURVE('',#272,#3517);
#3517 = DEFINITIONAL_REPRESENTATION('',(#3518),#3522);
#3518 = LINE('',#3519,#3520);
#3519 = CARTESIAN_POINT('',(0.,0.));
#3520 = VECTOR('',#3521,1.);
#3521 = DIRECTION('',(0.,1.));
#3522 = ( GEOMETRIC_REPRESENTATION_CONTEXT(2) 
PARAMETRIC_REPRESENTATION_CONTEXT() REPRESENTATION_CONTEXT('2D SPACE',''
  ) );
#3523 = PCURVE('',#243,#3524);
#3524 = DEFINITIONAL_REPRESENTATION('',(#3525),#3529);
#3525 = LINE('',#3526,#3527);
#3526 = CARTESIAN_POINT('',(0.,-2.));
#3527 = VECTOR('',#3528,1.);
#3528 = DIRECTION('',(1.,0.));
#3529 = ( GEOMETRIC_REPRESENTATION_CONTEXT(2) 
PARAMETRIC_REPRESENTATION_CONTEXT() REPRESENTATION_CONTEXT('2D SPACE',''
  ) );
#3530 = ADVANCED_FACE('',(#3531),#937,.F.);
#3531 = FACE_BOUND('',#3532,.F.);
#3532 = EDGE_LOOP('',(#3533,#3534,#3555,#3556));
#3533 = ORIENTED_EDGE('',*,*,#1415,.F.);
#3534 = ORIENTED_EDGE('',*,*,#3535,.F.);
#3535 = EDGE_CURVE('',#922,#1416,#3536,.T.);
#3536 = SURFACE_CURVE('',#3537,(#3541,#3548),.PCURVE_S1.);
#3537 = LINE('',#3538,#3539);
#3538 = CARTESIAN_POINT('',(-4.,14.2,0.));
#3539 = VECTOR('',#3540,1.);
#3540 = DIRECTION('',(0.,0.,1.));
#3541 = PCURVE('',#937,#3542);
#3542 = DEFINITIONAL_REPRESENTATION('',(#3543),#3547);
#3543 = LINE('',#3544,#3545);
#3544 = CARTESIAN_POINT('',(0.,-2.));
#3545 = VECTOR('',#3546,1.);
#3546 = DIRECTION('',(1.,0.));
#3547 = ( GEOMETRIC_REPRESENTATION_CONTEXT(2) 
PARAMETRIC_REPRESENTATION_CONTEXT() REPRESENTATION_CONTEXT('2D SPACE',''
  ) );
#3548 = PCURVE('',#966,#3549);
#3549 = DEFINITIONAL_REPRESENTATION('',(#3550),#3554);
#3550 = LINE('',#3551,#3552);
#3551 = CARTESIAN_POINT('',(0.,0.));
#3552 = VECTOR('',#3553,1.);
#3553 = DIRECTION('',(0.,1.));
#3554 = ( GEOMETRIC_REPRESENTATION_CONTEXT(2) 
PARAMETRIC_REPRESENTATION_CONTEXT() REPRESENTATION_CONTEXT('2D SPACE',''
  ) );
#3555 = ORIENTED_EDGE('',*,*,#921,.T.);
#3556 = ORIENTED_EDGE('',*,*,#3483,.T.);
#3557 = ADVANCED_FACE('',(#3558),#243,.F.);
#3558 = FACE_BOUND('',#3559,.F.);
#3559 = EDGE_LOOP('',(#3560,#3561,#3562,#3563));
#3560 = ORIENTED_EDGE('',*,*,#1805,.F.);
#3561 = ORIENTED_EDGE('',*,*,#3510,.F.);
#3562 = ORIENTED_EDGE('',*,*,#227,.T.);
#3563 = ORIENTED_EDGE('',*,*,#3564,.T.);
#3564 = EDGE_CURVE('',#195,#1778,#3565,.T.);
#3565 = SURFACE_CURVE('',#3566,(#3570,#3577),.PCURVE_S1.);
#3566 = LINE('',#3567,#3568);
#3567 = CARTESIAN_POINT('',(-7.,-14.2,0.));
#3568 = VECTOR('',#3569,1.);
#3569 = DIRECTION('',(0.,0.,1.));
#3570 = PCURVE('',#243,#3571);
#3571 = DEFINITIONAL_REPRESENTATION('',(#3572),#3576);
#3572 = LINE('',#3573,#3574);
#3573 = CARTESIAN_POINT('',(0.,-2.942135623731));
#3574 = VECTOR('',#3575,1.);
#3575 = DIRECTION('',(1.,0.));
#3576 = ( GEOMETRIC_REPRESENTATION_CONTEXT(2) 
PARAMETRIC_REPRESENTATION_CONTEXT() REPRESENTATION_CONTEXT('2D SPACE',''
  ) );
#3577 = PCURVE('',#215,#3578);
#3578 = DEFINITIONAL_REPRESENTATION('',(#3579),#3583);
#3579 = LINE('',#3580,#3581);
#3580 = CARTESIAN_POINT('',(-0.,0.));
#3581 = VECTOR('',#3582,1.);
#3582 = DIRECTION('',(-0.,1.));
#3583 = ( GEOMETRIC_REPRESENTATION_CONTEXT(2) 
PARAMETRIC_REPRESENTATION_CONTEXT() REPRESENTATION_CONTEXT('2D SPACE',''
  ) );
#3584 = ADVANCED_FACE('',(#3585),#966,.T.);
#3585 = FACE_BOUND('',#3586,.T.);
#3586 = EDGE_LOOP('',(#3587,#3588,#3609,#3610));
#3587 = ORIENTED_EDGE('',*,*,#949,.T.);
#3588 = ORIENTED_EDGE('',*,*,#3589,.T.);
#3589 = EDGE_CURVE('',#950,#1162,#3590,.T.);
#3590 = SURFACE_CURVE('',#3591,(#3595,#3602),.PCURVE_S1.);
#3591 = LINE('',#3592,#3593);
#3592 = CARTESIAN_POINT('',(-2.,12.2,0.));
#3593 = VECTOR('',#3594,1.);
#3594 = DIRECTION('',(0.,0.,1.));
#3595 = PCURVE('',#966,#3596);
#3596 = DEFINITIONAL_REPRESENTATION('',(#3597),#3601);
#3597 = LINE('',#3598,#3599);
#3598 = CARTESIAN_POINT('',(1.570796326795,0.));
#3599 = VECTOR('',#3600,1.);
#3600 = DIRECTION('',(0.,1.));
#3601 = ( GEOMETRIC_REPRESENTATION_CONTEXT(2) 
PARAMETRIC_REPRESENTATION_CONTEXT() REPRESENTATION_CONTEXT('2D SPACE',''
  ) );
#3602 = PCURVE('',#758,#3603);
#3603 = DEFINITIONAL_REPRESENTATION('',(#3604),#3608);
#3604 = LINE('',#3605,#3606);
#3605 = CARTESIAN_POINT('',(0.,16.4));
#3606 = VECTOR('',#3607,1.);
#3607 = DIRECTION('',(1.,0.));
#3608 = ( GEOMETRIC_REPRESENTATION_CONTEXT(2) 
PARAMETRIC_REPRESENTATION_CONTEXT() REPRESENTATION_CONTEXT('2D SPACE',''
  ) );
#3609 = ORIENTED_EDGE('',*,*,#1438,.T.);
#3610 = ORIENTED_EDGE('',*,*,#3535,.F.);
#3611 = ADVANCED_FACE('',(#3612),#215,.T.);
#3612 = FACE_BOUND('',#3613,.F.);
#3613 = EDGE_LOOP('',(#3614,#3615,#3636,#3637));
#3614 = ORIENTED_EDGE('',*,*,#194,.T.);
#3615 = ORIENTED_EDGE('',*,*,#3616,.T.);
#3616 = EDGE_CURVE('',#167,#1755,#3617,.T.);
#3617 = SURFACE_CURVE('',#3618,(#3622,#3629),.PCURVE_S1.);
#3618 = LINE('',#3619,#3620);
#3619 = CARTESIAN_POINT('',(-5.,-12.2,0.));
#3620 = VECTOR('',#3621,1.);
#3621 = DIRECTION('',(0.,0.,1.));
#3622 = PCURVE('',#215,#3623);
#3623 = DEFINITIONAL_REPRESENTATION('',(#3624),#3628);
#3624 = LINE('',#3625,#3626);
#3625 = CARTESIAN_POINT('',(-1.570796326795,0.));
#3626 = VECTOR('',#3627,1.);
#3627 = DIRECTION('',(-0.,1.));
#3628 = ( GEOMETRIC_REPRESENTATION_CONTEXT(2) 
PARAMETRIC_REPRESENTATION_CONTEXT() REPRESENTATION_CONTEXT('2D SPACE',''
  ) );
#3629 = PCURVE('',#182,#3630);
#3630 = DEFINITIONAL_REPRESENTATION('',(#3631),#3635);
#3631 = LINE('',#3632,#3633);
#3632 = CARTESIAN_POINT('',(0.,13.4));
#3633 = VECTOR('',#3634,1.);
#3634 = DIRECTION('',(1.,0.));
#3635 = ( GEOMETRIC_REPRESENTATION_CONTEXT(2) 
PARAMETRIC_REPRESENTATION_CONTEXT() REPRESENTATION_CONTEXT('2D SPACE',''
  ) );
#3636 = ORIENTED_EDGE('',*,*,#1777,.F.);
#3637 = ORIENTED_EDGE('',*,*,#3564,.F.);
#3638 = ADVANCED_FACE('',(#3639),#758,.T.);
#3639 = FACE_BOUND('',#3640,.T.);
#3640 = EDGE_LOOP('',(#3641,#3642,#3665,#3686,#3687,#3688,#3689,#3690,
    #3691,#3692,#3693,#3694));
#3641 = ORIENTED_EDGE('',*,*,#978,.F.);
#3642 = ORIENTED_EDGE('',*,*,#3643,.T.);
#3643 = EDGE_CURVE('',#979,#3644,#3646,.T.);
#3644 = VERTEX_POINT('',#3645);
#3645 = CARTESIAN_POINT('',(-16.4,12.2,11.75));
#3646 = SURFACE_CURVE('',#3647,(#3651,#3658),.PCURVE_S1.);
#3647 = LINE('',#3648,#3649);
#3648 = CARTESIAN_POINT('',(-16.4,12.2,0.));
#3649 = VECTOR('',#3650,1.);
#3650 = DIRECTION('',(0.,0.,1.));
#3651 = PCURVE('',#758,#3652);
#3652 = DEFINITIONAL_REPRESENTATION('',(#3653),#3657);
#3653 = LINE('',#3654,#3655);
#3654 = CARTESIAN_POINT('',(0.,2.));
#3655 = VECTOR('',#3656,1.);
#3656 = DIRECTION('',(1.,0.));
#3657 = ( GEOMETRIC_REPRESENTATION_CONTEXT(2) 
PARAMETRIC_REPRESENTATION_CONTEXT() REPRESENTATION_CONTEXT('2D SPACE',''
  ) );
#3658 = PCURVE('',#126,#3659);
#3659 = DEFINITIONAL_REPRESENTATION('',(#3660),#3664);
#3660 = LINE('',#3661,#3662);
#3661 = CARTESIAN_POINT('',(-1.570796326795,0.));
#3662 = VECTOR('',#3663,1.);
#3663 = DIRECTION('',(-0.,1.));
#3664 = ( GEOMETRIC_REPRESENTATION_CONTEXT(2) 
PARAMETRIC_REPRESENTATION_CONTEXT() REPRESENTATION_CONTEXT('2D SPACE',''
  ) );
#3665 = ORIENTED_EDGE('',*,*,#3666,.T.);
#3666 = EDGE_CURVE('',#3644,#3099,#3667,.T.);
#3667 = SURFACE_CURVE('',#3668,(#3672,#3679),.PCURVE_S1.);
#3668 = LINE('',#3669,#3670);
#3669 = CARTESIAN_POINT('',(-18.4,12.2,11.75));
#3670 = VECTOR('',#3671,1.);
#3671 = DIRECTION('',(1.,0.,0.));
#3672 = PCURVE('',#758,#3673);
#3673 = DEFINITIONAL_REPRESENTATION('',(#3674),#3678);
#3674 = LINE('',#3675,#3676);
#3675 = CARTESIAN_POINT('',(11.75,0.));
#3676 = VECTOR('',#3677,1.);
#3677 = DIRECTION('',(0.,1.));
#3678 = ( GEOMETRIC_REPRESENTATION_CONTEXT(2) 
PARAMETRIC_REPRESENTATION_CONTEXT() REPRESENTATION_CONTEXT('2D SPACE',''
  ) );
#3679 = PCURVE('',#44,#3680);
#3680 = DEFINITIONAL_REPRESENTATION('',(#3681),#3685);
#3681 = LINE('',#3682,#3683);
#3682 = CARTESIAN_POINT('',(0.,24.4));
#3683 = VECTOR('',#3684,1.);
#3684 = DIRECTION('',(1.,0.));
#3685 = ( GEOMETRIC_REPRESENTATION_CONTEXT(2) 
PARAMETRIC_REPRESENTATION_CONTEXT() REPRESENTATION_CONTEXT('2D SPACE',''
  ) );
#3686 = ORIENTED_EDGE('',*,*,#3098,.F.);
#3687 = ORIENTED_EDGE('',*,*,#742,.F.);
#3688 = ORIENTED_EDGE('',*,*,#3245,.T.);
#3689 = ORIENTED_EDGE('',*,*,#1267,.T.);
#3690 = ORIENTED_EDGE('',*,*,#1522,.F.);
#3691 = ORIENTED_EDGE('',*,*,#1591,.F.);
#3692 = ORIENTED_EDGE('',*,*,#1643,.T.);
#3693 = ORIENTED_EDGE('',*,*,#1159,.T.);
#3694 = ORIENTED_EDGE('',*,*,#3589,.F.);
#3695 = ADVANCED_FACE('',(#3696),#182,.F.);
#3696 = FACE_BOUND('',#3697,.F.);
#3697 = EDGE_LOOP('',(#3698,#3699,#3722,#3743,#3744,#3745,#3746,#3747));
#3698 = ORIENTED_EDGE('',*,*,#166,.F.);
#3699 = ORIENTED_EDGE('',*,*,#3700,.T.);
#3700 = EDGE_CURVE('',#143,#3701,#3703,.T.);
#3701 = VERTEX_POINT('',#3702);
#3702 = CARTESIAN_POINT('',(-16.4,-12.2,11.75));
#3703 = SURFACE_CURVE('',#3704,(#3708,#3715),.PCURVE_S1.);
#3704 = LINE('',#3705,#3706);
#3705 = CARTESIAN_POINT('',(-16.4,-12.2,0.));
#3706 = VECTOR('',#3707,1.);
#3707 = DIRECTION('',(0.,0.,1.));
#3708 = PCURVE('',#182,#3709);
#3709 = DEFINITIONAL_REPRESENTATION('',(#3710),#3714);
#3710 = LINE('',#3711,#3712);
#3711 = CARTESIAN_POINT('',(0.,2.));
#3712 = VECTOR('',#3713,1.);
#3713 = DIRECTION('',(1.,0.));
#3714 = ( GEOMETRIC_REPRESENTATION_CONTEXT(2) 
PARAMETRIC_REPRESENTATION_CONTEXT() REPRESENTATION_CONTEXT('2D SPACE',''
  ) );
#3715 = PCURVE('',#72,#3716);
#3716 = DEFINITIONAL_REPRESENTATION('',(#3717),#3721);
#3717 = LINE('',#3718,#3719);
#3718 = CARTESIAN_POINT('',(1.570796326795,0.));
#3719 = VECTOR('',#3720,1.);
#3720 = DIRECTION('',(0.,1.));
#3721 = ( GEOMETRIC_REPRESENTATION_CONTEXT(2) 
PARAMETRIC_REPRESENTATION_CONTEXT() REPRESENTATION_CONTEXT('2D SPACE',''
  ) );
#3722 = ORIENTED_EDGE('',*,*,#3723,.T.);
#3723 = EDGE_CURVE('',#3701,#3150,#3724,.T.);
#3724 = SURFACE_CURVE('',#3725,(#3729,#3736),.PCURVE_S1.);
#3725 = LINE('',#3726,#3727);
#3726 = CARTESIAN_POINT('',(-18.4,-12.2,11.75));
#3727 = VECTOR('',#3728,1.);
#3728 = DIRECTION('',(1.,0.,0.));
#3729 = PCURVE('',#182,#3730);
#3730 = DEFINITIONAL_REPRESENTATION('',(#3731),#3735);
#3731 = LINE('',#3732,#3733);
#3732 = CARTESIAN_POINT('',(11.75,0.));
#3733 = VECTOR('',#3734,1.);
#3734 = DIRECTION('',(0.,1.));
#3735 = ( GEOMETRIC_REPRESENTATION_CONTEXT(2) 
PARAMETRIC_REPRESENTATION_CONTEXT() REPRESENTATION_CONTEXT('2D SPACE',''
  ) );
#3736 = PCURVE('',#44,#3737);
#3737 = DEFINITIONAL_REPRESENTATION('',(#3738),#3742);
#3738 = LINE('',#3739,#3740);
#3739 = CARTESIAN_POINT('',(0.,0.));
#3740 = VECTOR('',#3741,1.);
#3741 = DIRECTION('',(1.,0.));
#3742 = ( GEOMETRIC_REPRESENTATION_CONTEXT(2) 
PARAMETRIC_REPRESENTATION_CONTEXT() REPRESENTATION_CONTEXT('2D SPACE',''
  ) );
#3743 = ORIENTED_EDGE('',*,*,#3170,.T.);
#3744 = ORIENTED_EDGE('',*,*,#2124,.F.);
#3745 = ORIENTED_EDGE('',*,*,#2169,.T.);
#3746 = ORIENTED_EDGE('',*,*,#1754,.F.);
#3747 = ORIENTED_EDGE('',*,*,#3616,.F.);
#3748 = ADVANCED_FACE('',(#3749),#126,.T.);
#3749 = FACE_BOUND('',#3750,.F.);
#3750 = EDGE_LOOP('',(#3751,#3752,#3753,#3779));
#3751 = ORIENTED_EDGE('',*,*,#1001,.T.);
#3752 = ORIENTED_EDGE('',*,*,#3643,.T.);
#3753 = ORIENTED_EDGE('',*,*,#3754,.F.);
#3754 = EDGE_CURVE('',#24,#3644,#3755,.T.);
#3755 = SURFACE_CURVE('',#3756,(#3761,#3768),.PCURVE_S1.);
#3756 = CIRCLE('',#3757,2.);
#3757 = AXIS2_PLACEMENT_3D('',#3758,#3759,#3760);
#3758 = CARTESIAN_POINT('',(-16.4,10.2,11.75));
#3759 = DIRECTION('',(-0.,-0.,-1.));
#3760 = DIRECTION('',(0.,-1.,0.));
#3761 = PCURVE('',#126,#3762);
#3762 = DEFINITIONAL_REPRESENTATION('',(#3763),#3767);
#3763 = LINE('',#3764,#3765);
#3764 = CARTESIAN_POINT('',(1.570796326795,11.75));
#3765 = VECTOR('',#3766,1.);
#3766 = DIRECTION('',(-1.,0.));
#3767 = ( GEOMETRIC_REPRESENTATION_CONTEXT(2) 
PARAMETRIC_REPRESENTATION_CONTEXT() REPRESENTATION_CONTEXT('2D SPACE',''
  ) );
#3768 = PCURVE('',#44,#3769);
#3769 = DEFINITIONAL_REPRESENTATION('',(#3770),#3778);
#3770 = ( BOUNDED_CURVE() B_SPLINE_CURVE(2,(#3771,#3772,#3773,#3774,
#3775,#3776,#3777),.UNSPECIFIED.,.T.,.F.) B_SPLINE_CURVE_WITH_KNOTS((1,2
    ,2,2,2,1),(-2.094395102393,0.,2.094395102393,4.188790204786,
6.28318530718,8.377580409573),.UNSPECIFIED.) CURVE() 
GEOMETRIC_REPRESENTATION_ITEM() RATIONAL_B_SPLINE_CURVE((1.,0.5,1.,0.5,
1.,0.5,1.)) REPRESENTATION_ITEM('') );
#3771 = CARTESIAN_POINT('',(2.,20.4));
#3772 = CARTESIAN_POINT('',(-1.464101615138,20.4));
#3773 = CARTESIAN_POINT('',(0.267949192431,23.4));
#3774 = CARTESIAN_POINT('',(2.,26.4));
#3775 = CARTESIAN_POINT('',(3.732050807569,23.4));
#3776 = CARTESIAN_POINT('',(5.464101615138,20.4));
#3777 = CARTESIAN_POINT('',(2.,20.4));
#3778 = ( GEOMETRIC_REPRESENTATION_CONTEXT(2) 
PARAMETRIC_REPRESENTATION_CONTEXT() REPRESENTATION_CONTEXT('2D SPACE',''
  ) );
#3779 = ORIENTED_EDGE('',*,*,#112,.F.);
#3780 = ADVANCED_FACE('',(#3781),#72,.T.);
#3781 = FACE_BOUND('',#3782,.T.);
#3782 = EDGE_LOOP('',(#3783,#3784,#3785,#3807));
#3783 = ORIENTED_EDGE('',*,*,#142,.T.);
#3784 = ORIENTED_EDGE('',*,*,#3700,.T.);
#3785 = ORIENTED_EDGE('',*,*,#3786,.F.);
#3786 = EDGE_CURVE('',#22,#3701,#3787,.T.);
#3787 = SURFACE_CURVE('',#3788,(#3793,#3800),.PCURVE_S1.);
#3788 = CIRCLE('',#3789,2.);
#3789 = AXIS2_PLACEMENT_3D('',#3790,#3791,#3792);
#3790 = CARTESIAN_POINT('',(-16.4,-10.2,11.75));
#3791 = DIRECTION('',(0.,0.,1.));
#3792 = DIRECTION('',(0.,-1.,0.));
#3793 = PCURVE('',#72,#3794);
#3794 = DEFINITIONAL_REPRESENTATION('',(#3795),#3799);
#3795 = LINE('',#3796,#3797);
#3796 = CARTESIAN_POINT('',(-4.712388980385,11.75));
#3797 = VECTOR('',#3798,1.);
#3798 = DIRECTION('',(1.,0.));
#3799 = ( GEOMETRIC_REPRESENTATION_CONTEXT(2) 
PARAMETRIC_REPRESENTATION_CONTEXT() REPRESENTATION_CONTEXT('2D SPACE',''
  ) );
#3800 = PCURVE('',#44,#3801);
#3801 = DEFINITIONAL_REPRESENTATION('',(#3802),#3806);
#3802 = CIRCLE('',#3803,2.);
#3803 = AXIS2_PLACEMENT_2D('',#3804,#3805);
#3804 = CARTESIAN_POINT('',(2.,2.));
#3805 = DIRECTION('',(0.,-1.));
#3806 = ( GEOMETRIC_REPRESENTATION_CONTEXT(2) 
PARAMETRIC_REPRESENTATION_CONTEXT() REPRESENTATION_CONTEXT('2D SPACE',''
  ) );
#3807 = ORIENTED_EDGE('',*,*,#56,.F.);
#3808 = ADVANCED_FACE('',(#3809,#3823),#44,.T.);
#3809 = FACE_BOUND('',#3810,.T.);
#3810 = EDGE_LOOP('',(#3811,#3812,#3813,#3814,#3815,#3816,#3817,#3818,
    #3819,#3820,#3821,#3822));
#3811 = ORIENTED_EDGE('',*,*,#21,.F.);
#3812 = ORIENTED_EDGE('',*,*,#3786,.T.);
#3813 = ORIENTED_EDGE('',*,*,#3723,.T.);
#3814 = ORIENTED_EDGE('',*,*,#3149,.T.);
#3815 = ORIENTED_EDGE('',*,*,#2770,.F.);
#3816 = ORIENTED_EDGE('',*,*,#2793,.F.);
#3817 = ORIENTED_EDGE('',*,*,#2868,.T.);
#3818 = ORIENTED_EDGE('',*,*,#2944,.F.);
#3819 = ORIENTED_EDGE('',*,*,#3023,.T.);
#3820 = ORIENTED_EDGE('',*,*,#3121,.T.);
#3821 = ORIENTED_EDGE('',*,*,#3666,.F.);
#3822 = ORIENTED_EDGE('',*,*,#3754,.F.);
#3823 = FACE_BOUND('',#3824,.T.);
#3824 = EDGE_LOOP('',(#3825,#3826,#3827,#3828));
#3825 = ORIENTED_EDGE('',*,*,#2701,.T.);
#3826 = ORIENTED_EDGE('',*,*,#2629,.T.);
#3827 = ORIENTED_EDGE('',*,*,#2582,.F.);
#3828 = ORIENTED_EDGE('',*,*,#2676,.F.);
#3829 = ( GEOMETRIC_REPRESENTATION_CONTEXT(3) 
GLOBAL_UNCERTAINTY_ASSIGNED_CONTEXT((#3833)) 
GLOBAL_UNIT_ASSIGNED_CONTEXT((#3830,#3831,#3832)) REPRESENTATION_CONTEXT
('Context #1','3D Context with UNIT and UNCERTAINTY') );
#3830 = ( LENGTH_UNIT() NAMED_UNIT(*) SI_UNIT(.MILLI.,.METRE.) );
#3831 = ( NAMED_UNIT(*) PLANE_ANGLE_UNIT() SI_UNIT($,.RADIAN.) );
#3832 = ( NAMED_UNIT(*) SI_UNIT($,.STERADIAN.) SOLID_ANGLE_UNIT() );
#3833 = UNCERTAINTY_MEASURE_WITH_UNIT(LENGTH_MEASURE(1.E-07),#3830,
  'distance_accuracy_value','confusion accuracy');
#3834 = PRODUCT_RELATED_PRODUCT_CATEGORY('part',$,(#7));
ENDSEC;
END-ISO-10303-21;
