ISO-10303-21;
HEADER;
FILE_DESCRIPTION(('Open CASCADE Model'),'2;1');
FILE_NAME('Open CASCADE Shape Model','2026-09-17T22:20:52',('Author'),(
    'Open CASCADE'),'Open CASCADE STEP processor 7.9','Open CASCADE 7.9'
  ,'Unknown');
FILE_SCHEMA(('AUTOMOTIVE_DESIGN { 1 0 10303 214 1 1 1 1 }'));
ENDSEC;
DATA;
#1 = APPLICATION_PROTOCOL_DEFINITION('international standard',
  'automotive_design',2000,#2);
#2 = APPLICATION_CONTEXT(
  'core data for automotive mechanical design processes');
#3 = SHAPE_DEFINITION_REPRESENTATION(#4,#10);
#4 = PRODUCT_DEFINITION_SHAPE('','',#5);
#5 = PRODUCT_DEFINITION('design','',#6,#9);
#6 = PRODUCT_DEFINITION_FORMATION('','',#7);
#7 = PRODUCT('Open CASCADE STEP translator 7.9 1',
  'Open CASCADE STEP translator 7.9 1','',(#8));
#8 = PRODUCT_CONTEXT('',#2,'mechanical');
#9 = PRODUCT_DEFINITION_CONTEXT('part definition',#2,'design');
#10 = ADVANCED_BREP_SHAPE_REPRESENTATION('',(#11,#15),#18793);
#11 = AXIS2_PLACEMENT_3D('',#12,#13,#14);
#12 = CARTESIAN_POINT('',(0.,0.,0.));
#13 = DIRECTION('',(0.,0.,1.));
#14 = DIRECTION('',(1.,0.,-0.));
#15 = MANIFOLD_SOLID_BREP('',#16);
#16 = CLOSED_SHELL('',(#17,#1285,#1458,#1597,#1750,#1809,#1977,#2110,
    #2248,#2401,#2860,#3013,#3166,#3300,#3468,#3527,#3665,#3798,#3951,
    #4104,#4270,#4441,#4574,#4712,#4865,#5324,#5477,#5630,#5796,#5967,
    #6100,#6218,#6277,#6336,#6395,#6454,#6513,#6843,#6981,#7119,#7409,
    #7468,#7527,#7586,#7700,#7825,#7852,#7947,#7994,#8949,#8996,#9090,
    #9266,#9315,#9454,#9501,#9570,#9595,#9602,#9629,#9743,#9868,#9895,
    #9990,#10270,#10449,#10473,#10571,#10598,#10693,#10818,#10845,#10940
    ,#11065,#11092,#11205,#11232,#11363,#11457,#11582,#11609,#11704,
    #11798,#11974,#12023,#12162,#12187,#12234,#12303,#12328,#12353,
    #12400,#12427,#12521,#12646,#12673,#12768,#12862,#13038,#13087,
    #13226,#13295,#13320,#13327,#13334,#13381,#13428,#13455,#13569,
    #13694,#13721,#13816,#14142,#14298,#14322,#14420,#14447,#14542,
    #14667,#14694,#14789,#14914,#14941,#15054,#15081,#15189,#15283,
    #15408,#15435,#15530,#15624,#15800,#15849,#15988,#16057,#16082,
    #16107,#16132,#16159,#16188,#16215,#16245,#16275,#16305,#16335,
    #16365,#16498,#16567,#16636,#16729,#16759,#16789,#16819,#16846,
    #16873,#16880,#16887,#16894,#16901,#16908,#16935,#16962,#17017,
    #17044,#17099,#17126,#17153,#17208,#17235,#17278,#17303,#17328,
    #17335,#17390,#17417,#17444,#17471,#17498,#17505,#17512,#17539,
    #17566,#17573,#17600,#17627,#17654,#17683,#17722,#17729,#17756,
    #17763,#17792,#17799,#17838,#17865,#17892,#17899,#17926,#17953,
    #17960,#17967,#17994,#18021,#18028,#18055,#18082,#18089,#18096,
    #18123,#18150,#18157,#18184,#18211,#18238,#18266,#18305,#18312,
    #18339,#18346,#18373,#18381,#18420,#18447,#18474,#18481,#18508,
    #18535,#18542,#18549,#18583,#18617,#18651,#18685,#18712,#18739,
    #18766));
#17 = ADVANCED_FACE('',(#18,#891,#926,#961,#996,#1031,#1066,#1180,#1215,
    #1250),#32,.F.);
#18 = FACE_BOUND('',#19,.F.);
#19 = EDGE_LOOP('',(#20,#55,#84,#113,#141,#169,#197,#226,#255,#283,#311,
    #344,#372,#400,#428,#461,#489,#517,#550,#578,#606,#634,#667,#695,
    #723,#752,#780,#808,#836,#865));
#20 = ORIENTED_EDGE('',*,*,#21,.F.);
#21 = EDGE_CURVE('',#22,#24,#26,.T.);
#22 = VERTEX_POINT('',#23);
#23 = CARTESIAN_POINT('',(-14.7,-37.63250523987,0.));
#24 = VERTEX_POINT('',#25);
#25 = CARTESIAN_POINT('',(-14.7,-22.7,0.));
#26 = SURFACE_CURVE('',#27,(#31,#43),.PCURVE_S1.);
#27 = LINE('',#28,#29);
#28 = CARTESIAN_POINT('',(-14.7,-43.,0.));
#29 = VECTOR('',#30,1.);
#30 = DIRECTION('',(0.,1.,0.));
#31 = PCURVE('',#32,#37);
#32 = PLANE('',#33);
#33 = AXIS2_PLACEMENT_3D('',#34,#35,#36);
#34 = CARTESIAN_POINT('',(-14.7,-43.,0.));
#35 = DIRECTION('',(0.,0.,1.));
#36 = DIRECTION('',(1.,0.,0.));
#37 = DEFINITIONAL_REPRESENTATION('',(#38),#42);
#38 = LINE('',#39,#40);
#39 = CARTESIAN_POINT('',(0.,0.));
#40 = VECTOR('',#41,1.);
#41 = DIRECTION('',(0.,1.));
#42 = ( GEOMETRIC_REPRESENTATION_CONTEXT(2) 
PARAMETRIC_REPRESENTATION_CONTEXT() REPRESENTATION_CONTEXT('2D SPACE',''
  ) );
#43 = PCURVE('',#44,#49);
#44 = PLANE('',#45);
#45 = AXIS2_PLACEMENT_3D('',#46,#47,#48);
#46 = CARTESIAN_POINT('',(-14.7,-43.,0.));
#47 = DIRECTION('',(1.,0.,0.));
#48 = DIRECTION('',(0.,0.,1.));
#49 = DEFINITIONAL_REPRESENTATION('',(#50),#54);
#50 = LINE('',#51,#52);
#51 = CARTESIAN_POINT('',(0.,0.));
#52 = VECTOR('',#53,1.);
#53 = DIRECTION('',(0.,-1.));
#54 = ( GEOMETRIC_REPRESENTATION_CONTEXT(2) 
PARAMETRIC_REPRESENTATION_CONTEXT() REPRESENTATION_CONTEXT('2D SPACE',''
  ) );
#55 = ORIENTED_EDGE('',*,*,#56,.T.);
#56 = EDGE_CURVE('',#22,#57,#59,.T.);
#57 = VERTEX_POINT('',#58);
#58 = CARTESIAN_POINT('',(-8.,-43.,0.));
#59 = SURFACE_CURVE('',#60,(#65,#72),.PCURVE_S1.);
#60 = CIRCLE('',#61,5.5);
#61 = AXIS2_PLACEMENT_3D('',#62,#63,#64);
#62 = CARTESIAN_POINT('',(-13.5,-43.,0.));
#63 = DIRECTION('',(0.,0.,1.));
#64 = DIRECTION('',(1.,0.,0.));
#65 = PCURVE('',#32,#66);
#66 = DEFINITIONAL_REPRESENTATION('',(#67),#71);
#67 = CIRCLE('',#68,5.5);
#68 = AXIS2_PLACEMENT_2D('',#69,#70);
#69 = CARTESIAN_POINT('',(1.2,0.));
#70 = DIRECTION('',(1.,0.));
#71 = ( GEOMETRIC_REPRESENTATION_CONTEXT(2) 
PARAMETRIC_REPRESENTATION_CONTEXT() REPRESENTATION_CONTEXT('2D SPACE',''
  ) );
#72 = PCURVE('',#73,#78);
#73 = CYLINDRICAL_SURFACE('',#74,5.5);
#74 = AXIS2_PLACEMENT_3D('',#75,#76,#77);
#75 = CARTESIAN_POINT('',(-13.5,-43.,0.));
#76 = DIRECTION('',(-0.,-0.,-1.));
#77 = DIRECTION('',(1.,0.,0.));
#78 = DEFINITIONAL_REPRESENTATION('',(#79),#83);
#79 = LINE('',#80,#81);
#80 = CARTESIAN_POINT('',(-0.,0.));
#81 = VECTOR('',#82,1.);
#82 = DIRECTION('',(-1.,0.));
#83 = ( GEOMETRIC_REPRESENTATION_CONTEXT(2) 
PARAMETRIC_REPRESENTATION_CONTEXT() REPRESENTATION_CONTEXT('2D SPACE',''
  ) );
#84 = ORIENTED_EDGE('',*,*,#85,.T.);
#85 = EDGE_CURVE('',#57,#86,#88,.T.);
#86 = VERTEX_POINT('',#87);
#87 = CARTESIAN_POINT('',(-12.3,-37.63250523987,0.));
#88 = SURFACE_CURVE('',#89,(#94,#101),.PCURVE_S1.);
#89 = CIRCLE('',#90,5.5);
#90 = AXIS2_PLACEMENT_3D('',#91,#92,#93);
#91 = CARTESIAN_POINT('',(-13.5,-43.,0.));
#92 = DIRECTION('',(0.,0.,1.));
#93 = DIRECTION('',(1.,0.,0.));
#94 = PCURVE('',#32,#95);
#95 = DEFINITIONAL_REPRESENTATION('',(#96),#100);
#96 = CIRCLE('',#97,5.5);
#97 = AXIS2_PLACEMENT_2D('',#98,#99);
#98 = CARTESIAN_POINT('',(1.2,0.));
#99 = DIRECTION('',(1.,0.));
#100 = ( GEOMETRIC_REPRESENTATION_CONTEXT(2) 
PARAMETRIC_REPRESENTATION_CONTEXT() REPRESENTATION_CONTEXT('2D SPACE',''
  ) );
#101 = PCURVE('',#102,#107);
#102 = CYLINDRICAL_SURFACE('',#103,5.5);
#103 = AXIS2_PLACEMENT_3D('',#104,#105,#106);
#104 = CARTESIAN_POINT('',(-13.5,-43.,0.));
#105 = DIRECTION('',(-0.,-0.,-1.));
#106 = DIRECTION('',(1.,0.,0.));
#107 = DEFINITIONAL_REPRESENTATION('',(#108),#112);
#108 = LINE('',#109,#110);
#109 = CARTESIAN_POINT('',(-0.,0.));
#110 = VECTOR('',#111,1.);
#111 = DIRECTION('',(-1.,0.));
#112 = ( GEOMETRIC_REPRESENTATION_CONTEXT(2) 
PARAMETRIC_REPRESENTATION_CONTEXT() REPRESENTATION_CONTEXT('2D SPACE',''
  ) );
#113 = ORIENTED_EDGE('',*,*,#114,.T.);
#114 = EDGE_CURVE('',#86,#115,#117,.T.);
#115 = VERTEX_POINT('',#116);
#116 = CARTESIAN_POINT('',(-12.3,-22.7,0.));
#117 = SURFACE_CURVE('',#118,(#122,#129),.PCURVE_S1.);
#118 = LINE('',#119,#120);
#119 = CARTESIAN_POINT('',(-12.3,-43.,0.));
#120 = VECTOR('',#121,1.);
#121 = DIRECTION('',(0.,1.,0.));
#122 = PCURVE('',#32,#123);
#123 = DEFINITIONAL_REPRESENTATION('',(#124),#128);
#124 = LINE('',#125,#126);
#125 = CARTESIAN_POINT('',(2.4,0.));
#126 = VECTOR('',#127,1.);
#127 = DIRECTION('',(0.,1.));
#128 = ( GEOMETRIC_REPRESENTATION_CONTEXT(2) 
PARAMETRIC_REPRESENTATION_CONTEXT() REPRESENTATION_CONTEXT('2D SPACE',''
  ) );
#129 = PCURVE('',#130,#135);
#130 = PLANE('',#131);
#131 = AXIS2_PLACEMENT_3D('',#132,#133,#134);
#132 = CARTESIAN_POINT('',(-12.3,-43.,0.));
#133 = DIRECTION('',(1.,0.,0.));
#134 = DIRECTION('',(0.,0.,1.));
#135 = DEFINITIONAL_REPRESENTATION('',(#136),#140);
#136 = LINE('',#137,#138);
#137 = CARTESIAN_POINT('',(0.,0.));
#138 = VECTOR('',#139,1.);
#139 = DIRECTION('',(0.,-1.));
#140 = ( GEOMETRIC_REPRESENTATION_CONTEXT(2) 
PARAMETRIC_REPRESENTATION_CONTEXT() REPRESENTATION_CONTEXT('2D SPACE',''
  ) );
#141 = ORIENTED_EDGE('',*,*,#142,.T.);
#142 = EDGE_CURVE('',#115,#143,#145,.T.);
#143 = VERTEX_POINT('',#144);
#144 = CARTESIAN_POINT('',(12.3,-22.7,0.));
#145 = SURFACE_CURVE('',#146,(#150,#157),.PCURVE_S1.);
#146 = LINE('',#147,#148);
#147 = CARTESIAN_POINT('',(-29.,-22.7,0.));
#148 = VECTOR('',#149,1.);
#149 = DIRECTION('',(1.,0.,0.));
#150 = PCURVE('',#32,#151);
#151 = DEFINITIONAL_REPRESENTATION('',(#152),#156);
#152 = LINE('',#153,#154);
#153 = CARTESIAN_POINT('',(-14.3,20.3));
#154 = VECTOR('',#155,1.);
#155 = DIRECTION('',(1.,0.));
#156 = ( GEOMETRIC_REPRESENTATION_CONTEXT(2) 
PARAMETRIC_REPRESENTATION_CONTEXT() REPRESENTATION_CONTEXT('2D SPACE',''
  ) );
#157 = PCURVE('',#158,#163);
#158 = PLANE('',#159);
#159 = AXIS2_PLACEMENT_3D('',#160,#161,#162);
#160 = CARTESIAN_POINT('',(-29.,-22.7,0.));
#161 = DIRECTION('',(0.,1.,0.));
#162 = DIRECTION('',(0.,0.,1.));
#163 = DEFINITIONAL_REPRESENTATION('',(#164),#168);
#164 = LINE('',#165,#166);
#165 = CARTESIAN_POINT('',(0.,0.));
#166 = VECTOR('',#167,1.);
#167 = DIRECTION('',(0.,1.));
#168 = ( GEOMETRIC_REPRESENTATION_CONTEXT(2) 
PARAMETRIC_REPRESENTATION_CONTEXT() REPRESENTATION_CONTEXT('2D SPACE',''
  ) );
#169 = ORIENTED_EDGE('',*,*,#170,.F.);
#170 = EDGE_CURVE('',#171,#143,#173,.T.);
#171 = VERTEX_POINT('',#172);
#172 = CARTESIAN_POINT('',(12.3,-37.63250523987,0.));
#173 = SURFACE_CURVE('',#174,(#178,#185),.PCURVE_S1.);
#174 = LINE('',#175,#176);
#175 = CARTESIAN_POINT('',(12.3,-43.,0.));
#176 = VECTOR('',#177,1.);
#177 = DIRECTION('',(0.,1.,0.));
#178 = PCURVE('',#32,#179);
#179 = DEFINITIONAL_REPRESENTATION('',(#180),#184);
#180 = LINE('',#181,#182);
#181 = CARTESIAN_POINT('',(27.,0.));
#182 = VECTOR('',#183,1.);
#183 = DIRECTION('',(0.,1.));
#184 = ( GEOMETRIC_REPRESENTATION_CONTEXT(2) 
PARAMETRIC_REPRESENTATION_CONTEXT() REPRESENTATION_CONTEXT('2D SPACE',''
  ) );
#185 = PCURVE('',#186,#191);
#186 = PLANE('',#187);
#187 = AXIS2_PLACEMENT_3D('',#188,#189,#190);
#188 = CARTESIAN_POINT('',(12.3,-43.,0.));
#189 = DIRECTION('',(1.,0.,0.));
#190 = DIRECTION('',(0.,0.,1.));
#191 = DEFINITIONAL_REPRESENTATION('',(#192),#196);
#192 = LINE('',#193,#194);
#193 = CARTESIAN_POINT('',(0.,0.));
#194 = VECTOR('',#195,1.);
#195 = DIRECTION('',(0.,-1.));
#196 = ( GEOMETRIC_REPRESENTATION_CONTEXT(2) 
PARAMETRIC_REPRESENTATION_CONTEXT() REPRESENTATION_CONTEXT('2D SPACE',''
  ) );
#197 = ORIENTED_EDGE('',*,*,#198,.T.);
#198 = EDGE_CURVE('',#171,#199,#201,.T.);
#199 = VERTEX_POINT('',#200);
#200 = CARTESIAN_POINT('',(19.,-43.,0.));
#201 = SURFACE_CURVE('',#202,(#207,#214),.PCURVE_S1.);
#202 = CIRCLE('',#203,5.5);
#203 = AXIS2_PLACEMENT_3D('',#204,#205,#206);
#204 = CARTESIAN_POINT('',(13.5,-43.,0.));
#205 = DIRECTION('',(0.,0.,1.));
#206 = DIRECTION('',(1.,0.,0.));
#207 = PCURVE('',#32,#208);
#208 = DEFINITIONAL_REPRESENTATION('',(#209),#213);
#209 = CIRCLE('',#210,5.5);
#210 = AXIS2_PLACEMENT_2D('',#211,#212);
#211 = CARTESIAN_POINT('',(28.2,0.));
#212 = DIRECTION('',(1.,0.));
#213 = ( GEOMETRIC_REPRESENTATION_CONTEXT(2) 
PARAMETRIC_REPRESENTATION_CONTEXT() REPRESENTATION_CONTEXT('2D SPACE',''
  ) );
#214 = PCURVE('',#215,#220);
#215 = CYLINDRICAL_SURFACE('',#216,5.5);
#216 = AXIS2_PLACEMENT_3D('',#217,#218,#219);
#217 = CARTESIAN_POINT('',(13.5,-43.,0.));
#218 = DIRECTION('',(-0.,-0.,-1.));
#219 = DIRECTION('',(1.,0.,0.));
#220 = DEFINITIONAL_REPRESENTATION('',(#221),#225);
#221 = LINE('',#222,#223);
#222 = CARTESIAN_POINT('',(-0.,0.));
#223 = VECTOR('',#224,1.);
#224 = DIRECTION('',(-1.,0.));
#225 = ( GEOMETRIC_REPRESENTATION_CONTEXT(2) 
PARAMETRIC_REPRESENTATION_CONTEXT() REPRESENTATION_CONTEXT('2D SPACE',''
  ) );
#226 = ORIENTED_EDGE('',*,*,#227,.T.);
#227 = EDGE_CURVE('',#199,#228,#230,.T.);
#228 = VERTEX_POINT('',#229);
#229 = CARTESIAN_POINT('',(14.7,-37.63250523987,0.));
#230 = SURFACE_CURVE('',#231,(#236,#243),.PCURVE_S1.);
#231 = CIRCLE('',#232,5.5);
#232 = AXIS2_PLACEMENT_3D('',#233,#234,#235);
#233 = CARTESIAN_POINT('',(13.5,-43.,0.));
#234 = DIRECTION('',(0.,0.,1.));
#235 = DIRECTION('',(1.,0.,0.));
#236 = PCURVE('',#32,#237);
#237 = DEFINITIONAL_REPRESENTATION('',(#238),#242);
#238 = CIRCLE('',#239,5.5);
#239 = AXIS2_PLACEMENT_2D('',#240,#241);
#240 = CARTESIAN_POINT('',(28.2,0.));
#241 = DIRECTION('',(1.,0.));
#242 = ( GEOMETRIC_REPRESENTATION_CONTEXT(2) 
PARAMETRIC_REPRESENTATION_CONTEXT() REPRESENTATION_CONTEXT('2D SPACE',''
  ) );
#243 = PCURVE('',#244,#249);
#244 = CYLINDRICAL_SURFACE('',#245,5.5);
#245 = AXIS2_PLACEMENT_3D('',#246,#247,#248);
#246 = CARTESIAN_POINT('',(13.5,-43.,0.));
#247 = DIRECTION('',(-0.,-0.,-1.));
#248 = DIRECTION('',(1.,0.,0.));
#249 = DEFINITIONAL_REPRESENTATION('',(#250),#254);
#250 = LINE('',#251,#252);
#251 = CARTESIAN_POINT('',(-0.,0.));
#252 = VECTOR('',#253,1.);
#253 = DIRECTION('',(-1.,0.));
#254 = ( GEOMETRIC_REPRESENTATION_CONTEXT(2) 
PARAMETRIC_REPRESENTATION_CONTEXT() REPRESENTATION_CONTEXT('2D SPACE',''
  ) );
#255 = ORIENTED_EDGE('',*,*,#256,.T.);
#256 = EDGE_CURVE('',#228,#257,#259,.T.);
#257 = VERTEX_POINT('',#258);
#258 = CARTESIAN_POINT('',(14.7,-22.7,0.));
#259 = SURFACE_CURVE('',#260,(#264,#271),.PCURVE_S1.);
#260 = LINE('',#261,#262);
#261 = CARTESIAN_POINT('',(14.7,-43.,0.));
#262 = VECTOR('',#263,1.);
#263 = DIRECTION('',(0.,1.,0.));
#264 = PCURVE('',#32,#265);
#265 = DEFINITIONAL_REPRESENTATION('',(#266),#270);
#266 = LINE('',#267,#268);
#267 = CARTESIAN_POINT('',(29.4,0.));
#268 = VECTOR('',#269,1.);
#269 = DIRECTION('',(0.,1.));
#270 = ( GEOMETRIC_REPRESENTATION_CONTEXT(2) 
PARAMETRIC_REPRESENTATION_CONTEXT() REPRESENTATION_CONTEXT('2D SPACE',''
  ) );
#271 = PCURVE('',#272,#277);
#272 = PLANE('',#273);
#273 = AXIS2_PLACEMENT_3D('',#274,#275,#276);
#274 = CARTESIAN_POINT('',(14.7,-43.,0.));
#275 = DIRECTION('',(1.,0.,0.));
#276 = DIRECTION('',(0.,0.,1.));
#277 = DEFINITIONAL_REPRESENTATION('',(#278),#282);
#278 = LINE('',#279,#280);
#279 = CARTESIAN_POINT('',(0.,0.));
#280 = VECTOR('',#281,1.);
#281 = DIRECTION('',(0.,-1.));
#282 = ( GEOMETRIC_REPRESENTATION_CONTEXT(2) 
PARAMETRIC_REPRESENTATION_CONTEXT() REPRESENTATION_CONTEXT('2D SPACE',''
  ) );
#283 = ORIENTED_EDGE('',*,*,#284,.T.);
#284 = EDGE_CURVE('',#257,#285,#287,.T.);
#285 = VERTEX_POINT('',#286);
#286 = CARTESIAN_POINT('',(23.632505239872,-22.7,0.));
#287 = SURFACE_CURVE('',#288,(#292,#299),.PCURVE_S1.);
#288 = LINE('',#289,#290);
#289 = CARTESIAN_POINT('',(-29.,-22.7,0.));
#290 = VECTOR('',#291,1.);
#291 = DIRECTION('',(1.,0.,0.));
#292 = PCURVE('',#32,#293);
#293 = DEFINITIONAL_REPRESENTATION('',(#294),#298);
#294 = LINE('',#295,#296);
#295 = CARTESIAN_POINT('',(-14.3,20.3));
#296 = VECTOR('',#297,1.);
#297 = DIRECTION('',(1.,0.));
#298 = ( GEOMETRIC_REPRESENTATION_CONTEXT(2) 
PARAMETRIC_REPRESENTATION_CONTEXT() REPRESENTATION_CONTEXT('2D SPACE',''
  ) );
#299 = PCURVE('',#300,#305);
#300 = PLANE('',#301);
#301 = AXIS2_PLACEMENT_3D('',#302,#303,#304);
#302 = CARTESIAN_POINT('',(-29.,-22.7,0.));
#303 = DIRECTION('',(0.,1.,0.));
#304 = DIRECTION('',(0.,0.,1.));
#305 = DEFINITIONAL_REPRESENTATION('',(#306),#310);
#306 = LINE('',#307,#308);
#307 = CARTESIAN_POINT('',(0.,0.));
#308 = VECTOR('',#309,1.);
#309 = DIRECTION('',(0.,1.));
#310 = ( GEOMETRIC_REPRESENTATION_CONTEXT(2) 
PARAMETRIC_REPRESENTATION_CONTEXT() REPRESENTATION_CONTEXT('2D SPACE',''
  ) );
#311 = ORIENTED_EDGE('',*,*,#312,.F.);
#312 = EDGE_CURVE('',#313,#285,#315,.T.);
#313 = VERTEX_POINT('',#314);
#314 = CARTESIAN_POINT('',(23.632505239872,-20.3,0.));
#315 = SURFACE_CURVE('',#316,(#321,#332),.PCURVE_S1.);
#316 = CIRCLE('',#317,5.5);
#317 = AXIS2_PLACEMENT_3D('',#318,#319,#320);
#318 = CARTESIAN_POINT('',(29.,-21.5,0.));
#319 = DIRECTION('',(0.,0.,-1.));
#320 = DIRECTION('',(-0.975908138205,0.218181818182,0.));
#321 = PCURVE('',#32,#322);
#322 = DEFINITIONAL_REPRESENTATION('',(#323),#331);
#323 = ( BOUNDED_CURVE() B_SPLINE_CURVE(2,(#324,#325,#326,#327,#328,#329
,#330),.UNSPECIFIED.,.T.,.F.) B_SPLINE_CURVE_WITH_KNOTS((1,2,2,2,2,1),(
    -2.094395102393,0.,2.094395102393,4.188790204786,6.28318530718,
8.377580409573),.UNSPECIFIED.) CURVE() GEOMETRIC_REPRESENTATION_ITEM() 
RATIONAL_B_SPLINE_CURVE((1.,0.5,1.,0.5,1.,0.5,1.)) REPRESENTATION_ITEM(
  '') );
#324 = CARTESIAN_POINT('',(38.332505239872,22.7));
#325 = CARTESIAN_POINT('',(40.410966208955,31.996773633901));
#326 = CARTESIAN_POINT('',(47.422977864605,25.548386816951));
#327 = CARTESIAN_POINT('',(54.434989520256,19.1));
#328 = CARTESIAN_POINT('',(45.344516895523,16.251613183049));
#329 = CARTESIAN_POINT('',(36.25404427079,13.403226366099));
#330 = CARTESIAN_POINT('',(38.332505239872,22.7));
#331 = ( GEOMETRIC_REPRESENTATION_CONTEXT(2) 
PARAMETRIC_REPRESENTATION_CONTEXT() REPRESENTATION_CONTEXT('2D SPACE',''
  ) );
#332 = PCURVE('',#333,#338);
#333 = CYLINDRICAL_SURFACE('',#334,5.5);
#334 = AXIS2_PLACEMENT_3D('',#335,#336,#337);
#335 = CARTESIAN_POINT('',(29.,-21.5,0.));
#336 = DIRECTION('',(-0.,-0.,-1.));
#337 = DIRECTION('',(1.,0.,0.));
#338 = DEFINITIONAL_REPRESENTATION('',(#339),#343);
#339 = LINE('',#340,#341);
#340 = CARTESIAN_POINT('',(-9.204826946078,0.));
#341 = VECTOR('',#342,1.);
#342 = DIRECTION('',(1.,-0.));
#343 = ( GEOMETRIC_REPRESENTATION_CONTEXT(2) 
PARAMETRIC_REPRESENTATION_CONTEXT() REPRESENTATION_CONTEXT('2D SPACE',''
  ) );
#344 = ORIENTED_EDGE('',*,*,#345,.F.);
#345 = EDGE_CURVE('',#346,#313,#348,.T.);
#346 = VERTEX_POINT('',#347);
#347 = CARTESIAN_POINT('',(14.7,-20.3,0.));
#348 = SURFACE_CURVE('',#349,(#353,#360),.PCURVE_S1.);
#349 = LINE('',#350,#351);
#350 = CARTESIAN_POINT('',(-29.,-20.3,0.));
#351 = VECTOR('',#352,1.);
#352 = DIRECTION('',(1.,0.,0.));
#353 = PCURVE('',#32,#354);
#354 = DEFINITIONAL_REPRESENTATION('',(#355),#359);
#355 = LINE('',#356,#357);
#356 = CARTESIAN_POINT('',(-14.3,22.7));
#357 = VECTOR('',#358,1.);
#358 = DIRECTION('',(1.,0.));
#359 = ( GEOMETRIC_REPRESENTATION_CONTEXT(2) 
PARAMETRIC_REPRESENTATION_CONTEXT() REPRESENTATION_CONTEXT('2D SPACE',''
  ) );
#360 = PCURVE('',#361,#366);
#361 = PLANE('',#362);
#362 = AXIS2_PLACEMENT_3D('',#363,#364,#365);
#363 = CARTESIAN_POINT('',(-29.,-20.3,0.));
#364 = DIRECTION('',(0.,1.,0.));
#365 = DIRECTION('',(0.,0.,1.));
#366 = DEFINITIONAL_REPRESENTATION('',(#367),#371);
#367 = LINE('',#368,#369);
#368 = CARTESIAN_POINT('',(0.,0.));
#369 = VECTOR('',#370,1.);
#370 = DIRECTION('',(0.,1.));
#371 = ( GEOMETRIC_REPRESENTATION_CONTEXT(2) 
PARAMETRIC_REPRESENTATION_CONTEXT() REPRESENTATION_CONTEXT('2D SPACE',''
  ) );
#372 = ORIENTED_EDGE('',*,*,#373,.T.);
#373 = EDGE_CURVE('',#346,#374,#376,.T.);
#374 = VERTEX_POINT('',#375);
#375 = CARTESIAN_POINT('',(14.7,20.3,0.));
#376 = SURFACE_CURVE('',#377,(#381,#388),.PCURVE_S1.);
#377 = LINE('',#378,#379);
#378 = CARTESIAN_POINT('',(14.7,-43.,0.));
#379 = VECTOR('',#380,1.);
#380 = DIRECTION('',(0.,1.,0.));
#381 = PCURVE('',#32,#382);
#382 = DEFINITIONAL_REPRESENTATION('',(#383),#387);
#383 = LINE('',#384,#385);
#384 = CARTESIAN_POINT('',(29.4,0.));
#385 = VECTOR('',#386,1.);
#386 = DIRECTION('',(0.,1.));
#387 = ( GEOMETRIC_REPRESENTATION_CONTEXT(2) 
PARAMETRIC_REPRESENTATION_CONTEXT() REPRESENTATION_CONTEXT('2D SPACE',''
  ) );
#388 = PCURVE('',#389,#394);
#389 = PLANE('',#390);
#390 = AXIS2_PLACEMENT_3D('',#391,#392,#393);
#391 = CARTESIAN_POINT('',(14.7,-43.,0.));
#392 = DIRECTION('',(1.,0.,0.));
#393 = DIRECTION('',(0.,0.,1.));
#394 = DEFINITIONAL_REPRESENTATION('',(#395),#399);
#395 = LINE('',#396,#397);
#396 = CARTESIAN_POINT('',(0.,0.));
#397 = VECTOR('',#398,1.);
#398 = DIRECTION('',(0.,-1.));
#399 = ( GEOMETRIC_REPRESENTATION_CONTEXT(2) 
PARAMETRIC_REPRESENTATION_CONTEXT() REPRESENTATION_CONTEXT('2D SPACE',''
  ) );
#400 = ORIENTED_EDGE('',*,*,#401,.T.);
#401 = EDGE_CURVE('',#374,#402,#404,.T.);
#402 = VERTEX_POINT('',#403);
#403 = CARTESIAN_POINT('',(23.632505239872,20.3,0.));
#404 = SURFACE_CURVE('',#405,(#409,#416),.PCURVE_S1.);
#405 = LINE('',#406,#407);
#406 = CARTESIAN_POINT('',(-29.,20.3,0.));
#407 = VECTOR('',#408,1.);
#408 = DIRECTION('',(1.,0.,0.));
#409 = PCURVE('',#32,#410);
#410 = DEFINITIONAL_REPRESENTATION('',(#411),#415);
#411 = LINE('',#412,#413);
#412 = CARTESIAN_POINT('',(-14.3,63.3));
#413 = VECTOR('',#414,1.);
#414 = DIRECTION('',(1.,0.));
#415 = ( GEOMETRIC_REPRESENTATION_CONTEXT(2) 
PARAMETRIC_REPRESENTATION_CONTEXT() REPRESENTATION_CONTEXT('2D SPACE',''
  ) );
#416 = PCURVE('',#417,#422);
#417 = PLANE('',#418);
#418 = AXIS2_PLACEMENT_3D('',#419,#420,#421);
#419 = CARTESIAN_POINT('',(-29.,20.3,0.));
#420 = DIRECTION('',(0.,1.,0.));
#421 = DIRECTION('',(0.,0.,1.));
#422 = DEFINITIONAL_REPRESENTATION('',(#423),#427);
#423 = LINE('',#424,#425);
#424 = CARTESIAN_POINT('',(0.,0.));
#425 = VECTOR('',#426,1.);
#426 = DIRECTION('',(0.,1.));
#427 = ( GEOMETRIC_REPRESENTATION_CONTEXT(2) 
PARAMETRIC_REPRESENTATION_CONTEXT() REPRESENTATION_CONTEXT('2D SPACE',''
  ) );
#428 = ORIENTED_EDGE('',*,*,#429,.F.);
#429 = EDGE_CURVE('',#430,#402,#432,.T.);
#430 = VERTEX_POINT('',#431);
#431 = CARTESIAN_POINT('',(23.632505239872,22.7,0.));
#432 = SURFACE_CURVE('',#433,(#438,#449),.PCURVE_S1.);
#433 = CIRCLE('',#434,5.5);
#434 = AXIS2_PLACEMENT_3D('',#435,#436,#437);
#435 = CARTESIAN_POINT('',(29.,21.5,0.));
#436 = DIRECTION('',(0.,0.,-1.));
#437 = DIRECTION('',(-0.975908138205,0.218181818182,0.));
#438 = PCURVE('',#32,#439);
#439 = DEFINITIONAL_REPRESENTATION('',(#440),#448);
#440 = ( BOUNDED_CURVE() B_SPLINE_CURVE(2,(#441,#442,#443,#444,#445,#446
,#447),.UNSPECIFIED.,.T.,.F.) B_SPLINE_CURVE_WITH_KNOTS((1,2,2,2,2,1),(
    -2.094395102393,0.,2.094395102393,4.188790204786,6.28318530718,
8.377580409573),.UNSPECIFIED.) CURVE() GEOMETRIC_REPRESENTATION_ITEM() 
RATIONAL_B_SPLINE_CURVE((1.,0.5,1.,0.5,1.,0.5,1.)) REPRESENTATION_ITEM(
  '') );
#441 = CARTESIAN_POINT('',(38.332505239872,65.7));
#442 = CARTESIAN_POINT('',(40.410966208955,74.996773633901));
#443 = CARTESIAN_POINT('',(47.422977864605,68.548386816951));
#444 = CARTESIAN_POINT('',(54.434989520256,62.1));
#445 = CARTESIAN_POINT('',(45.344516895523,59.251613183049));
#446 = CARTESIAN_POINT('',(36.25404427079,56.403226366099));
#447 = CARTESIAN_POINT('',(38.332505239872,65.7));
#448 = ( GEOMETRIC_REPRESENTATION_CONTEXT(2) 
PARAMETRIC_REPRESENTATION_CONTEXT() REPRESENTATION_CONTEXT('2D SPACE',''
  ) );
#449 = PCURVE('',#450,#455);
#450 = CYLINDRICAL_SURFACE('',#451,5.5);
#451 = AXIS2_PLACEMENT_3D('',#452,#453,#454);
#452 = CARTESIAN_POINT('',(29.,21.5,0.));
#453 = DIRECTION('',(-0.,-0.,-1.));
#454 = DIRECTION('',(1.,0.,0.));
#455 = DEFINITIONAL_REPRESENTATION('',(#456),#460);
#456 = LINE('',#457,#458);
#457 = CARTESIAN_POINT('',(-9.204826946078,0.));
#458 = VECTOR('',#459,1.);
#459 = DIRECTION('',(1.,-0.));
#460 = ( GEOMETRIC_REPRESENTATION_CONTEXT(2) 
PARAMETRIC_REPRESENTATION_CONTEXT() REPRESENTATION_CONTEXT('2D SPACE',''
  ) );
#461 = ORIENTED_EDGE('',*,*,#462,.F.);
#462 = EDGE_CURVE('',#463,#430,#465,.T.);
#463 = VERTEX_POINT('',#464);
#464 = CARTESIAN_POINT('',(14.7,22.7,0.));
#465 = SURFACE_CURVE('',#466,(#470,#477),.PCURVE_S1.);
#466 = LINE('',#467,#468);
#467 = CARTESIAN_POINT('',(-29.,22.7,0.));
#468 = VECTOR('',#469,1.);
#469 = DIRECTION('',(1.,0.,0.));
#470 = PCURVE('',#32,#471);
#471 = DEFINITIONAL_REPRESENTATION('',(#472),#476);
#472 = LINE('',#473,#474);
#473 = CARTESIAN_POINT('',(-14.3,65.7));
#474 = VECTOR('',#475,1.);
#475 = DIRECTION('',(1.,0.));
#476 = ( GEOMETRIC_REPRESENTATION_CONTEXT(2) 
PARAMETRIC_REPRESENTATION_CONTEXT() REPRESENTATION_CONTEXT('2D SPACE',''
  ) );
#477 = PCURVE('',#478,#483);
#478 = PLANE('',#479);
#479 = AXIS2_PLACEMENT_3D('',#480,#481,#482);
#480 = CARTESIAN_POINT('',(-29.,22.7,0.));
#481 = DIRECTION('',(0.,1.,0.));
#482 = DIRECTION('',(0.,0.,1.));
#483 = DEFINITIONAL_REPRESENTATION('',(#484),#488);
#484 = LINE('',#485,#486);
#485 = CARTESIAN_POINT('',(0.,0.));
#486 = VECTOR('',#487,1.);
#487 = DIRECTION('',(0.,1.));
#488 = ( GEOMETRIC_REPRESENTATION_CONTEXT(2) 
PARAMETRIC_REPRESENTATION_CONTEXT() REPRESENTATION_CONTEXT('2D SPACE',''
  ) );
#489 = ORIENTED_EDGE('',*,*,#490,.T.);
#490 = EDGE_CURVE('',#463,#491,#493,.T.);
#491 = VERTEX_POINT('',#492);
#492 = CARTESIAN_POINT('',(14.7,37.632505239872,0.));
#493 = SURFACE_CURVE('',#494,(#498,#505),.PCURVE_S1.);
#494 = LINE('',#495,#496);
#495 = CARTESIAN_POINT('',(14.7,-43.,0.));
#496 = VECTOR('',#497,1.);
#497 = DIRECTION('',(0.,1.,0.));
#498 = PCURVE('',#32,#499);
#499 = DEFINITIONAL_REPRESENTATION('',(#500),#504);
#500 = LINE('',#501,#502);
#501 = CARTESIAN_POINT('',(29.4,0.));
#502 = VECTOR('',#503,1.);
#503 = DIRECTION('',(0.,1.));
#504 = ( GEOMETRIC_REPRESENTATION_CONTEXT(2) 
PARAMETRIC_REPRESENTATION_CONTEXT() REPRESENTATION_CONTEXT('2D SPACE',''
  ) );
#505 = PCURVE('',#506,#511);
#506 = PLANE('',#507);
#507 = AXIS2_PLACEMENT_3D('',#508,#509,#510);
#508 = CARTESIAN_POINT('',(14.7,-43.,0.));
#509 = DIRECTION('',(1.,0.,0.));
#510 = DIRECTION('',(0.,0.,1.));
#511 = DEFINITIONAL_REPRESENTATION('',(#512),#516);
#512 = LINE('',#513,#514);
#513 = CARTESIAN_POINT('',(0.,0.));
#514 = VECTOR('',#515,1.);
#515 = DIRECTION('',(0.,-1.));
#516 = ( GEOMETRIC_REPRESENTATION_CONTEXT(2) 
PARAMETRIC_REPRESENTATION_CONTEXT() REPRESENTATION_CONTEXT('2D SPACE',''
  ) );
#517 = ORIENTED_EDGE('',*,*,#518,.F.);
#518 = EDGE_CURVE('',#519,#491,#521,.T.);
#519 = VERTEX_POINT('',#520);
#520 = CARTESIAN_POINT('',(12.3,37.632505239872,0.));
#521 = SURFACE_CURVE('',#522,(#527,#538),.PCURVE_S1.);
#522 = CIRCLE('',#523,5.5);
#523 = AXIS2_PLACEMENT_3D('',#524,#525,#526);
#524 = CARTESIAN_POINT('',(13.5,43.,0.));
#525 = DIRECTION('',(-0.,0.,-1.));
#526 = DIRECTION('',(-0.218181818182,-0.975908138205,0.));
#527 = PCURVE('',#32,#528);
#528 = DEFINITIONAL_REPRESENTATION('',(#529),#537);
#529 = ( BOUNDED_CURVE() B_SPLINE_CURVE(2,(#530,#531,#532,#533,#534,#535
,#536),.UNSPECIFIED.,.T.,.F.) B_SPLINE_CURVE_WITH_KNOTS((1,2,2,2,2,1),(
    -2.094395102393,0.,2.094395102393,4.188790204786,6.28318530718,
8.377580409573),.UNSPECIFIED.) CURVE() GEOMETRIC_REPRESENTATION_ITEM() 
RATIONAL_B_SPLINE_CURVE((1.,0.5,1.,0.5,1.,0.5,1.)) REPRESENTATION_ITEM(
  '') );
#530 = CARTESIAN_POINT('',(27.,80.632505239872));
#531 = CARTESIAN_POINT('',(17.703226366099,82.710966208955));
#532 = CARTESIAN_POINT('',(24.151613183049,89.722977864605));
#533 = CARTESIAN_POINT('',(30.6,96.734989520256));
#534 = CARTESIAN_POINT('',(33.448386816951,87.644516895523));
#535 = CARTESIAN_POINT('',(36.296773633901,78.55404427079));
#536 = CARTESIAN_POINT('',(27.,80.632505239872));
#537 = ( GEOMETRIC_REPRESENTATION_CONTEXT(2) 
PARAMETRIC_REPRESENTATION_CONTEXT() REPRESENTATION_CONTEXT('2D SPACE',''
  ) );
#538 = PCURVE('',#539,#544);
#539 = CYLINDRICAL_SURFACE('',#540,5.5);
#540 = AXIS2_PLACEMENT_3D('',#541,#542,#543);
#541 = CARTESIAN_POINT('',(13.5,43.,0.));
#542 = DIRECTION('',(-0.,-0.,-1.));
#543 = DIRECTION('',(1.,0.,0.));
#544 = DEFINITIONAL_REPRESENTATION('',(#545),#549);
#545 = LINE('',#546,#547);
#546 = CARTESIAN_POINT('',(-4.492437965693,0.));
#547 = VECTOR('',#548,1.);
#548 = DIRECTION('',(1.,-0.));
#549 = ( GEOMETRIC_REPRESENTATION_CONTEXT(2) 
PARAMETRIC_REPRESENTATION_CONTEXT() REPRESENTATION_CONTEXT('2D SPACE',''
  ) );
#550 = ORIENTED_EDGE('',*,*,#551,.F.);
#551 = EDGE_CURVE('',#552,#519,#554,.T.);
#552 = VERTEX_POINT('',#553);
#553 = CARTESIAN_POINT('',(12.3,22.7,0.));
#554 = SURFACE_CURVE('',#555,(#559,#566),.PCURVE_S1.);
#555 = LINE('',#556,#557);
#556 = CARTESIAN_POINT('',(12.3,-43.,0.));
#557 = VECTOR('',#558,1.);
#558 = DIRECTION('',(0.,1.,0.));
#559 = PCURVE('',#32,#560);
#560 = DEFINITIONAL_REPRESENTATION('',(#561),#565);
#561 = LINE('',#562,#563);
#562 = CARTESIAN_POINT('',(27.,0.));
#563 = VECTOR('',#564,1.);
#564 = DIRECTION('',(0.,1.));
#565 = ( GEOMETRIC_REPRESENTATION_CONTEXT(2) 
PARAMETRIC_REPRESENTATION_CONTEXT() REPRESENTATION_CONTEXT('2D SPACE',''
  ) );
#566 = PCURVE('',#567,#572);
#567 = PLANE('',#568);
#568 = AXIS2_PLACEMENT_3D('',#569,#570,#571);
#569 = CARTESIAN_POINT('',(12.3,-43.,0.));
#570 = DIRECTION('',(1.,0.,0.));
#571 = DIRECTION('',(0.,0.,1.));
#572 = DEFINITIONAL_REPRESENTATION('',(#573),#577);
#573 = LINE('',#574,#575);
#574 = CARTESIAN_POINT('',(0.,0.));
#575 = VECTOR('',#576,1.);
#576 = DIRECTION('',(0.,-1.));
#577 = ( GEOMETRIC_REPRESENTATION_CONTEXT(2) 
PARAMETRIC_REPRESENTATION_CONTEXT() REPRESENTATION_CONTEXT('2D SPACE',''
  ) );
#578 = ORIENTED_EDGE('',*,*,#579,.F.);
#579 = EDGE_CURVE('',#580,#552,#582,.T.);
#580 = VERTEX_POINT('',#581);
#581 = CARTESIAN_POINT('',(-12.3,22.7,0.));
#582 = SURFACE_CURVE('',#583,(#587,#594),.PCURVE_S1.);
#583 = LINE('',#584,#585);
#584 = CARTESIAN_POINT('',(-29.,22.7,0.));
#585 = VECTOR('',#586,1.);
#586 = DIRECTION('',(1.,0.,0.));
#587 = PCURVE('',#32,#588);
#588 = DEFINITIONAL_REPRESENTATION('',(#589),#593);
#589 = LINE('',#590,#591);
#590 = CARTESIAN_POINT('',(-14.3,65.7));
#591 = VECTOR('',#592,1.);
#592 = DIRECTION('',(1.,0.));
#593 = ( GEOMETRIC_REPRESENTATION_CONTEXT(2) 
PARAMETRIC_REPRESENTATION_CONTEXT() REPRESENTATION_CONTEXT('2D SPACE',''
  ) );
#594 = PCURVE('',#595,#600);
#595 = PLANE('',#596);
#596 = AXIS2_PLACEMENT_3D('',#597,#598,#599);
#597 = CARTESIAN_POINT('',(-29.,22.7,0.));
#598 = DIRECTION('',(0.,1.,0.));
#599 = DIRECTION('',(0.,0.,1.));
#600 = DEFINITIONAL_REPRESENTATION('',(#601),#605);
#601 = LINE('',#602,#603);
#602 = CARTESIAN_POINT('',(0.,0.));
#603 = VECTOR('',#604,1.);
#604 = DIRECTION('',(0.,1.));
#605 = ( GEOMETRIC_REPRESENTATION_CONTEXT(2) 
PARAMETRIC_REPRESENTATION_CONTEXT() REPRESENTATION_CONTEXT('2D SPACE',''
  ) );
#606 = ORIENTED_EDGE('',*,*,#607,.T.);
#607 = EDGE_CURVE('',#580,#608,#610,.T.);
#608 = VERTEX_POINT('',#609);
#609 = CARTESIAN_POINT('',(-12.3,37.632505239872,0.));
#610 = SURFACE_CURVE('',#611,(#615,#622),.PCURVE_S1.);
#611 = LINE('',#612,#613);
#612 = CARTESIAN_POINT('',(-12.3,-43.,0.));
#613 = VECTOR('',#614,1.);
#614 = DIRECTION('',(0.,1.,0.));
#615 = PCURVE('',#32,#616);
#616 = DEFINITIONAL_REPRESENTATION('',(#617),#621);
#617 = LINE('',#618,#619);
#618 = CARTESIAN_POINT('',(2.4,0.));
#619 = VECTOR('',#620,1.);
#620 = DIRECTION('',(0.,1.));
#621 = ( GEOMETRIC_REPRESENTATION_CONTEXT(2) 
PARAMETRIC_REPRESENTATION_CONTEXT() REPRESENTATION_CONTEXT('2D SPACE',''
  ) );
#622 = PCURVE('',#623,#628);
#623 = PLANE('',#624);
#624 = AXIS2_PLACEMENT_3D('',#625,#626,#627);
#625 = CARTESIAN_POINT('',(-12.3,-43.,0.));
#626 = DIRECTION('',(1.,0.,0.));
#627 = DIRECTION('',(0.,0.,1.));
#628 = DEFINITIONAL_REPRESENTATION('',(#629),#633);
#629 = LINE('',#630,#631);
#630 = CARTESIAN_POINT('',(0.,0.));
#631 = VECTOR('',#632,1.);
#632 = DIRECTION('',(0.,-1.));
#633 = ( GEOMETRIC_REPRESENTATION_CONTEXT(2) 
PARAMETRIC_REPRESENTATION_CONTEXT() REPRESENTATION_CONTEXT('2D SPACE',''
  ) );
#634 = ORIENTED_EDGE('',*,*,#635,.F.);
#635 = EDGE_CURVE('',#636,#608,#638,.T.);
#636 = VERTEX_POINT('',#637);
#637 = CARTESIAN_POINT('',(-14.7,37.632505239872,0.));
#638 = SURFACE_CURVE('',#639,(#644,#655),.PCURVE_S1.);
#639 = CIRCLE('',#640,5.5);
#640 = AXIS2_PLACEMENT_3D('',#641,#642,#643);
#641 = CARTESIAN_POINT('',(-13.5,43.,0.));
#642 = DIRECTION('',(-0.,0.,-1.));
#643 = DIRECTION('',(-0.218181818182,-0.975908138205,0.));
#644 = PCURVE('',#32,#645);
#645 = DEFINITIONAL_REPRESENTATION('',(#646),#654);
#646 = ( BOUNDED_CURVE() B_SPLINE_CURVE(2,(#647,#648,#649,#650,#651,#652
,#653),.UNSPECIFIED.,.T.,.F.) B_SPLINE_CURVE_WITH_KNOTS((1,2,2,2,2,1),(
    -2.094395102393,0.,2.094395102393,4.188790204786,6.28318530718,
8.377580409573),.UNSPECIFIED.) CURVE() GEOMETRIC_REPRESENTATION_ITEM() 
RATIONAL_B_SPLINE_CURVE((1.,0.5,1.,0.5,1.,0.5,1.)) REPRESENTATION_ITEM(
  '') );
#647 = CARTESIAN_POINT('',(5.639932965096E-14,80.632505239872));
#648 = CARTESIAN_POINT('',(-9.296773633901,82.710966208955));
#649 = CARTESIAN_POINT('',(-2.848386816951,89.722977864605));
#650 = CARTESIAN_POINT('',(3.6,96.734989520256));
#651 = CARTESIAN_POINT('',(6.448386816951,87.644516895523));
#652 = CARTESIAN_POINT('',(9.296773633901,78.55404427079));
#653 = CARTESIAN_POINT('',(5.639932965096E-14,80.632505239872));
#654 = ( GEOMETRIC_REPRESENTATION_CONTEXT(2) 
PARAMETRIC_REPRESENTATION_CONTEXT() REPRESENTATION_CONTEXT('2D SPACE',''
  ) );
#655 = PCURVE('',#656,#661);
#656 = CYLINDRICAL_SURFACE('',#657,5.5);
#657 = AXIS2_PLACEMENT_3D('',#658,#659,#660);
#658 = CARTESIAN_POINT('',(-13.5,43.,0.));
#659 = DIRECTION('',(-0.,-0.,-1.));
#660 = DIRECTION('',(1.,0.,0.));
#661 = DEFINITIONAL_REPRESENTATION('',(#662),#666);
#662 = LINE('',#663,#664);
#663 = CARTESIAN_POINT('',(-4.492437965693,0.));
#664 = VECTOR('',#665,1.);
#665 = DIRECTION('',(1.,-0.));
#666 = ( GEOMETRIC_REPRESENTATION_CONTEXT(2) 
PARAMETRIC_REPRESENTATION_CONTEXT() REPRESENTATION_CONTEXT('2D SPACE',''
  ) );
#667 = ORIENTED_EDGE('',*,*,#668,.F.);
#668 = EDGE_CURVE('',#669,#636,#671,.T.);
#669 = VERTEX_POINT('',#670);
#670 = CARTESIAN_POINT('',(-14.7,22.7,0.));
#671 = SURFACE_CURVE('',#672,(#676,#683),.PCURVE_S1.);
#672 = LINE('',#673,#674);
#673 = CARTESIAN_POINT('',(-14.7,-43.,0.));
#674 = VECTOR('',#675,1.);
#675 = DIRECTION('',(0.,1.,0.));
#676 = PCURVE('',#32,#677);
#677 = DEFINITIONAL_REPRESENTATION('',(#678),#682);
#678 = LINE('',#679,#680);
#679 = CARTESIAN_POINT('',(0.,0.));
#680 = VECTOR('',#681,1.);
#681 = DIRECTION('',(0.,1.));
#682 = ( GEOMETRIC_REPRESENTATION_CONTEXT(2) 
PARAMETRIC_REPRESENTATION_CONTEXT() REPRESENTATION_CONTEXT('2D SPACE',''
  ) );
#683 = PCURVE('',#684,#689);
#684 = PLANE('',#685);
#685 = AXIS2_PLACEMENT_3D('',#686,#687,#688);
#686 = CARTESIAN_POINT('',(-14.7,-43.,0.));
#687 = DIRECTION('',(1.,0.,0.));
#688 = DIRECTION('',(0.,0.,1.));
#689 = DEFINITIONAL_REPRESENTATION('',(#690),#694);
#690 = LINE('',#691,#692);
#691 = CARTESIAN_POINT('',(0.,0.));
#692 = VECTOR('',#693,1.);
#693 = DIRECTION('',(0.,-1.));
#694 = ( GEOMETRIC_REPRESENTATION_CONTEXT(2) 
PARAMETRIC_REPRESENTATION_CONTEXT() REPRESENTATION_CONTEXT('2D SPACE',''
  ) );
#695 = ORIENTED_EDGE('',*,*,#696,.F.);
#696 = EDGE_CURVE('',#697,#669,#699,.T.);
#697 = VERTEX_POINT('',#698);
#698 = CARTESIAN_POINT('',(-23.63250523987,22.7,0.));
#699 = SURFACE_CURVE('',#700,(#704,#711),.PCURVE_S1.);
#700 = LINE('',#701,#702);
#701 = CARTESIAN_POINT('',(-29.,22.7,0.));
#702 = VECTOR('',#703,1.);
#703 = DIRECTION('',(1.,0.,0.));
#704 = PCURVE('',#32,#705);
#705 = DEFINITIONAL_REPRESENTATION('',(#706),#710);
#706 = LINE('',#707,#708);
#707 = CARTESIAN_POINT('',(-14.3,65.7));
#708 = VECTOR('',#709,1.);
#709 = DIRECTION('',(1.,0.));
#710 = ( GEOMETRIC_REPRESENTATION_CONTEXT(2) 
PARAMETRIC_REPRESENTATION_CONTEXT() REPRESENTATION_CONTEXT('2D SPACE',''
  ) );
#711 = PCURVE('',#712,#717);
#712 = PLANE('',#713);
#713 = AXIS2_PLACEMENT_3D('',#714,#715,#716);
#714 = CARTESIAN_POINT('',(-29.,22.7,0.));
#715 = DIRECTION('',(0.,1.,0.));
#716 = DIRECTION('',(0.,0.,1.));
#717 = DEFINITIONAL_REPRESENTATION('',(#718),#722);
#718 = LINE('',#719,#720);
#719 = CARTESIAN_POINT('',(0.,0.));
#720 = VECTOR('',#721,1.);
#721 = DIRECTION('',(0.,1.));
#722 = ( GEOMETRIC_REPRESENTATION_CONTEXT(2) 
PARAMETRIC_REPRESENTATION_CONTEXT() REPRESENTATION_CONTEXT('2D SPACE',''
  ) );
#723 = ORIENTED_EDGE('',*,*,#724,.T.);
#724 = EDGE_CURVE('',#697,#725,#727,.T.);
#725 = VERTEX_POINT('',#726);
#726 = CARTESIAN_POINT('',(-23.63250523987,20.3,0.));
#727 = SURFACE_CURVE('',#728,(#733,#740),.PCURVE_S1.);
#728 = CIRCLE('',#729,5.5);
#729 = AXIS2_PLACEMENT_3D('',#730,#731,#732);
#730 = CARTESIAN_POINT('',(-29.,21.5,0.));
#731 = DIRECTION('',(0.,0.,1.));
#732 = DIRECTION('',(1.,0.,0.));
#733 = PCURVE('',#32,#734);
#734 = DEFINITIONAL_REPRESENTATION('',(#735),#739);
#735 = CIRCLE('',#736,5.5);
#736 = AXIS2_PLACEMENT_2D('',#737,#738);
#737 = CARTESIAN_POINT('',(-14.3,64.5));
#738 = DIRECTION('',(1.,0.));
#739 = ( GEOMETRIC_REPRESENTATION_CONTEXT(2) 
PARAMETRIC_REPRESENTATION_CONTEXT() REPRESENTATION_CONTEXT('2D SPACE',''
  ) );
#740 = PCURVE('',#741,#746);
#741 = CYLINDRICAL_SURFACE('',#742,5.5);
#742 = AXIS2_PLACEMENT_3D('',#743,#744,#745);
#743 = CARTESIAN_POINT('',(-29.,21.5,0.));
#744 = DIRECTION('',(-0.,-0.,-1.));
#745 = DIRECTION('',(1.,0.,0.));
#746 = DEFINITIONAL_REPRESENTATION('',(#747),#751);
#747 = LINE('',#748,#749);
#748 = CARTESIAN_POINT('',(-0.,0.));
#749 = VECTOR('',#750,1.);
#750 = DIRECTION('',(-1.,0.));
#751 = ( GEOMETRIC_REPRESENTATION_CONTEXT(2) 
PARAMETRIC_REPRESENTATION_CONTEXT() REPRESENTATION_CONTEXT('2D SPACE',''
  ) );
#752 = ORIENTED_EDGE('',*,*,#753,.T.);
#753 = EDGE_CURVE('',#725,#754,#756,.T.);
#754 = VERTEX_POINT('',#755);
#755 = CARTESIAN_POINT('',(-14.7,20.3,0.));
#756 = SURFACE_CURVE('',#757,(#761,#768),.PCURVE_S1.);
#757 = LINE('',#758,#759);
#758 = CARTESIAN_POINT('',(-29.,20.3,0.));
#759 = VECTOR('',#760,1.);
#760 = DIRECTION('',(1.,0.,0.));
#761 = PCURVE('',#32,#762);
#762 = DEFINITIONAL_REPRESENTATION('',(#763),#767);
#763 = LINE('',#764,#765);
#764 = CARTESIAN_POINT('',(-14.3,63.3));
#765 = VECTOR('',#766,1.);
#766 = DIRECTION('',(1.,0.));
#767 = ( GEOMETRIC_REPRESENTATION_CONTEXT(2) 
PARAMETRIC_REPRESENTATION_CONTEXT() REPRESENTATION_CONTEXT('2D SPACE',''
  ) );
#768 = PCURVE('',#769,#774);
#769 = PLANE('',#770);
#770 = AXIS2_PLACEMENT_3D('',#771,#772,#773);
#771 = CARTESIAN_POINT('',(-29.,20.3,0.));
#772 = DIRECTION('',(0.,1.,0.));
#773 = DIRECTION('',(0.,0.,1.));
#774 = DEFINITIONAL_REPRESENTATION('',(#775),#779);
#775 = LINE('',#776,#777);
#776 = CARTESIAN_POINT('',(0.,0.));
#777 = VECTOR('',#778,1.);
#778 = DIRECTION('',(0.,1.));
#779 = ( GEOMETRIC_REPRESENTATION_CONTEXT(2) 
PARAMETRIC_REPRESENTATION_CONTEXT() REPRESENTATION_CONTEXT('2D SPACE',''
  ) );
#780 = ORIENTED_EDGE('',*,*,#781,.F.);
#781 = EDGE_CURVE('',#782,#754,#784,.T.);
#782 = VERTEX_POINT('',#783);
#783 = CARTESIAN_POINT('',(-14.7,-20.3,0.));
#784 = SURFACE_CURVE('',#785,(#789,#796),.PCURVE_S1.);
#785 = LINE('',#786,#787);
#786 = CARTESIAN_POINT('',(-14.7,-43.,0.));
#787 = VECTOR('',#788,1.);
#788 = DIRECTION('',(0.,1.,0.));
#789 = PCURVE('',#32,#790);
#790 = DEFINITIONAL_REPRESENTATION('',(#791),#795);
#791 = LINE('',#792,#793);
#792 = CARTESIAN_POINT('',(0.,0.));
#793 = VECTOR('',#794,1.);
#794 = DIRECTION('',(0.,1.));
#795 = ( GEOMETRIC_REPRESENTATION_CONTEXT(2) 
PARAMETRIC_REPRESENTATION_CONTEXT() REPRESENTATION_CONTEXT('2D SPACE',''
  ) );
#796 = PCURVE('',#797,#802);
#797 = PLANE('',#798);
#798 = AXIS2_PLACEMENT_3D('',#799,#800,#801);
#799 = CARTESIAN_POINT('',(-14.7,-43.,0.));
#800 = DIRECTION('',(1.,0.,0.));
#801 = DIRECTION('',(0.,0.,1.));
#802 = DEFINITIONAL_REPRESENTATION('',(#803),#807);
#803 = LINE('',#804,#805);
#804 = CARTESIAN_POINT('',(0.,0.));
#805 = VECTOR('',#806,1.);
#806 = DIRECTION('',(0.,-1.));
#807 = ( GEOMETRIC_REPRESENTATION_CONTEXT(2) 
PARAMETRIC_REPRESENTATION_CONTEXT() REPRESENTATION_CONTEXT('2D SPACE',''
  ) );
#808 = ORIENTED_EDGE('',*,*,#809,.F.);
#809 = EDGE_CURVE('',#810,#782,#812,.T.);
#810 = VERTEX_POINT('',#811);
#811 = CARTESIAN_POINT('',(-23.63250523987,-20.3,0.));
#812 = SURFACE_CURVE('',#813,(#817,#824),.PCURVE_S1.);
#813 = LINE('',#814,#815);
#814 = CARTESIAN_POINT('',(-29.,-20.3,0.));
#815 = VECTOR('',#816,1.);
#816 = DIRECTION('',(1.,0.,0.));
#817 = PCURVE('',#32,#818);
#818 = DEFINITIONAL_REPRESENTATION('',(#819),#823);
#819 = LINE('',#820,#821);
#820 = CARTESIAN_POINT('',(-14.3,22.7));
#821 = VECTOR('',#822,1.);
#822 = DIRECTION('',(1.,0.));
#823 = ( GEOMETRIC_REPRESENTATION_CONTEXT(2) 
PARAMETRIC_REPRESENTATION_CONTEXT() REPRESENTATION_CONTEXT('2D SPACE',''
  ) );
#824 = PCURVE('',#825,#830);
#825 = PLANE('',#826);
#826 = AXIS2_PLACEMENT_3D('',#827,#828,#829);
#827 = CARTESIAN_POINT('',(-29.,-20.3,0.));
#828 = DIRECTION('',(0.,1.,0.));
#829 = DIRECTION('',(0.,0.,1.));
#830 = DEFINITIONAL_REPRESENTATION('',(#831),#835);
#831 = LINE('',#832,#833);
#832 = CARTESIAN_POINT('',(0.,0.));
#833 = VECTOR('',#834,1.);
#834 = DIRECTION('',(0.,1.));
#835 = ( GEOMETRIC_REPRESENTATION_CONTEXT(2) 
PARAMETRIC_REPRESENTATION_CONTEXT() REPRESENTATION_CONTEXT('2D SPACE',''
  ) );
#836 = ORIENTED_EDGE('',*,*,#837,.T.);
#837 = EDGE_CURVE('',#810,#838,#840,.T.);
#838 = VERTEX_POINT('',#839);
#839 = CARTESIAN_POINT('',(-23.63250523987,-22.7,0.));
#840 = SURFACE_CURVE('',#841,(#846,#853),.PCURVE_S1.);
#841 = CIRCLE('',#842,5.5);
#842 = AXIS2_PLACEMENT_3D('',#843,#844,#845);
#843 = CARTESIAN_POINT('',(-29.,-21.5,0.));
#844 = DIRECTION('',(0.,0.,1.));
#845 = DIRECTION('',(1.,0.,0.));
#846 = PCURVE('',#32,#847);
#847 = DEFINITIONAL_REPRESENTATION('',(#848),#852);
#848 = CIRCLE('',#849,5.5);
#849 = AXIS2_PLACEMENT_2D('',#850,#851);
#850 = CARTESIAN_POINT('',(-14.3,21.5));
#851 = DIRECTION('',(1.,0.));
#852 = ( GEOMETRIC_REPRESENTATION_CONTEXT(2) 
PARAMETRIC_REPRESENTATION_CONTEXT() REPRESENTATION_CONTEXT('2D SPACE',''
  ) );
#853 = PCURVE('',#854,#859);
#854 = CYLINDRICAL_SURFACE('',#855,5.5);
#855 = AXIS2_PLACEMENT_3D('',#856,#857,#858);
#856 = CARTESIAN_POINT('',(-29.,-21.5,0.));
#857 = DIRECTION('',(-0.,-0.,-1.));
#858 = DIRECTION('',(1.,0.,0.));
#859 = DEFINITIONAL_REPRESENTATION('',(#860),#864);
#860 = LINE('',#861,#862);
#861 = CARTESIAN_POINT('',(-0.,0.));
#862 = VECTOR('',#863,1.);
#863 = DIRECTION('',(-1.,0.));
#864 = ( GEOMETRIC_REPRESENTATION_CONTEXT(2) 
PARAMETRIC_REPRESENTATION_CONTEXT() REPRESENTATION_CONTEXT('2D SPACE',''
  ) );
#865 = ORIENTED_EDGE('',*,*,#866,.T.);
#866 = EDGE_CURVE('',#838,#24,#867,.T.);
#867 = SURFACE_CURVE('',#868,(#872,#879),.PCURVE_S1.);
#868 = LINE('',#869,#870);
#869 = CARTESIAN_POINT('',(-29.,-22.7,0.));
#870 = VECTOR('',#871,1.);
#871 = DIRECTION('',(1.,0.,0.));
#872 = PCURVE('',#32,#873);
#873 = DEFINITIONAL_REPRESENTATION('',(#874),#878);
#874 = LINE('',#875,#876);
#875 = CARTESIAN_POINT('',(-14.3,20.3));
#876 = VECTOR('',#877,1.);
#877 = DIRECTION('',(1.,0.));
#878 = ( GEOMETRIC_REPRESENTATION_CONTEXT(2) 
PARAMETRIC_REPRESENTATION_CONTEXT() REPRESENTATION_CONTEXT('2D SPACE',''
  ) );
#879 = PCURVE('',#880,#885);
#880 = PLANE('',#881);
#881 = AXIS2_PLACEMENT_3D('',#882,#883,#884);
#882 = CARTESIAN_POINT('',(-29.,-22.7,0.));
#883 = DIRECTION('',(0.,1.,0.));
#884 = DIRECTION('',(0.,0.,1.));
#885 = DEFINITIONAL_REPRESENTATION('',(#886),#890);
#886 = LINE('',#887,#888);
#887 = CARTESIAN_POINT('',(0.,0.));
#888 = VECTOR('',#889,1.);
#889 = DIRECTION('',(0.,1.));
#890 = ( GEOMETRIC_REPRESENTATION_CONTEXT(2) 
PARAMETRIC_REPRESENTATION_CONTEXT() REPRESENTATION_CONTEXT('2D SPACE',''
  ) );
#891 = FACE_BOUND('',#892,.F.);
#892 = EDGE_LOOP('',(#893));
#893 = ORIENTED_EDGE('',*,*,#894,.T.);
#894 = EDGE_CURVE('',#895,#895,#897,.T.);
#895 = VERTEX_POINT('',#896);
#896 = CARTESIAN_POINT('',(-11.8,-43.,0.));
#897 = SURFACE_CURVE('',#898,(#903,#914),.PCURVE_S1.);
#898 = CIRCLE('',#899,1.7);
#899 = AXIS2_PLACEMENT_3D('',#900,#901,#902);
#900 = CARTESIAN_POINT('',(-13.5,-43.,0.));
#901 = DIRECTION('',(0.,0.,-1.));
#902 = DIRECTION('',(1.,0.,0.));
#903 = PCURVE('',#32,#904);
#904 = DEFINITIONAL_REPRESENTATION('',(#905),#913);
#905 = ( BOUNDED_CURVE() B_SPLINE_CURVE(2,(#906,#907,#908,#909,#910,#911
,#912),.UNSPECIFIED.,.T.,.F.) B_SPLINE_CURVE_WITH_KNOTS((1,2,2,2,2,1),(
    -2.094395102393,0.,2.094395102393,4.188790204786,6.28318530718,
8.377580409573),.UNSPECIFIED.) CURVE() GEOMETRIC_REPRESENTATION_ITEM() 
RATIONAL_B_SPLINE_CURVE((1.,0.5,1.,0.5,1.,0.5,1.)) REPRESENTATION_ITEM(
  '') );
#906 = CARTESIAN_POINT('',(2.9,0.));
#907 = CARTESIAN_POINT('',(2.9,-2.944486372867));
#908 = CARTESIAN_POINT('',(0.35,-1.472243186434));
#909 = CARTESIAN_POINT('',(-2.2,-4.163799117101E-16));
#910 = CARTESIAN_POINT('',(0.35,1.472243186434));
#911 = CARTESIAN_POINT('',(2.9,2.944486372867));
#912 = CARTESIAN_POINT('',(2.9,0.));
#913 = ( GEOMETRIC_REPRESENTATION_CONTEXT(2) 
PARAMETRIC_REPRESENTATION_CONTEXT() REPRESENTATION_CONTEXT('2D SPACE',''
  ) );
#914 = PCURVE('',#915,#920);
#915 = CYLINDRICAL_SURFACE('',#916,1.7);
#916 = AXIS2_PLACEMENT_3D('',#917,#918,#919);
#917 = CARTESIAN_POINT('',(-13.5,-43.,-0.5));
#918 = DIRECTION('',(-0.,-0.,-1.));
#919 = DIRECTION('',(1.,0.,0.));
#920 = DEFINITIONAL_REPRESENTATION('',(#921),#925);
#921 = LINE('',#922,#923);
#922 = CARTESIAN_POINT('',(-6.28318530718,-0.5));
#923 = VECTOR('',#924,1.);
#924 = DIRECTION('',(1.,-0.));
#925 = ( GEOMETRIC_REPRESENTATION_CONTEXT(2) 
PARAMETRIC_REPRESENTATION_CONTEXT() REPRESENTATION_CONTEXT('2D SPACE',''
  ) );
#926 = FACE_BOUND('',#927,.F.);
#927 = EDGE_LOOP('',(#928));
#928 = ORIENTED_EDGE('',*,*,#929,.T.);
#929 = EDGE_CURVE('',#930,#930,#932,.T.);
#930 = VERTEX_POINT('',#931);
#931 = CARTESIAN_POINT('',(-27.8,-21.5,0.));
#932 = SURFACE_CURVE('',#933,(#938,#949),.PCURVE_S1.);
#933 = CIRCLE('',#934,1.2);
#934 = AXIS2_PLACEMENT_3D('',#935,#936,#937);
#935 = CARTESIAN_POINT('',(-29.,-21.5,0.));
#936 = DIRECTION('',(0.,0.,-1.));
#937 = DIRECTION('',(1.,0.,0.));
#938 = PCURVE('',#32,#939);
#939 = DEFINITIONAL_REPRESENTATION('',(#940),#948);
#940 = ( BOUNDED_CURVE() B_SPLINE_CURVE(2,(#941,#942,#943,#944,#945,#946
,#947),.UNSPECIFIED.,.T.,.F.) B_SPLINE_CURVE_WITH_KNOTS((1,2,2,2,2,1),(
    -2.094395102393,0.,2.094395102393,4.188790204786,6.28318530718,
8.377580409573),.UNSPECIFIED.) CURVE() GEOMETRIC_REPRESENTATION_ITEM() 
RATIONAL_B_SPLINE_CURVE((1.,0.5,1.,0.5,1.,0.5,1.)) REPRESENTATION_ITEM(
  '') );
#941 = CARTESIAN_POINT('',(-13.1,21.5));
#942 = CARTESIAN_POINT('',(-13.1,19.421539030917));
#943 = CARTESIAN_POINT('',(-14.9,20.460769515459));
#944 = CARTESIAN_POINT('',(-16.7,21.5));
#945 = CARTESIAN_POINT('',(-14.9,22.539230484541));
#946 = CARTESIAN_POINT('',(-13.1,23.578460969083));
#947 = CARTESIAN_POINT('',(-13.1,21.5));
#948 = ( GEOMETRIC_REPRESENTATION_CONTEXT(2) 
PARAMETRIC_REPRESENTATION_CONTEXT() REPRESENTATION_CONTEXT('2D SPACE',''
  ) );
#949 = PCURVE('',#950,#955);
#950 = CYLINDRICAL_SURFACE('',#951,1.2);
#951 = AXIS2_PLACEMENT_3D('',#952,#953,#954);
#952 = CARTESIAN_POINT('',(-29.,-21.5,-0.5));
#953 = DIRECTION('',(-0.,-0.,-1.));
#954 = DIRECTION('',(1.,0.,0.));
#955 = DEFINITIONAL_REPRESENTATION('',(#956),#960);
#956 = LINE('',#957,#958);
#957 = CARTESIAN_POINT('',(-6.28318530718,-0.5));
#958 = VECTOR('',#959,1.);
#959 = DIRECTION('',(1.,-0.));
#960 = ( GEOMETRIC_REPRESENTATION_CONTEXT(2) 
PARAMETRIC_REPRESENTATION_CONTEXT() REPRESENTATION_CONTEXT('2D SPACE',''
  ) );
#961 = FACE_BOUND('',#962,.F.);
#962 = EDGE_LOOP('',(#963));
#963 = ORIENTED_EDGE('',*,*,#964,.T.);
#964 = EDGE_CURVE('',#965,#965,#967,.T.);
#965 = VERTEX_POINT('',#966);
#966 = CARTESIAN_POINT('',(15.2,-43.,0.));
#967 = SURFACE_CURVE('',#968,(#973,#984),.PCURVE_S1.);
#968 = CIRCLE('',#969,1.7);
#969 = AXIS2_PLACEMENT_3D('',#970,#971,#972);
#970 = CARTESIAN_POINT('',(13.5,-43.,0.));
#971 = DIRECTION('',(0.,0.,-1.));
#972 = DIRECTION('',(1.,0.,0.));
#973 = PCURVE('',#32,#974);
#974 = DEFINITIONAL_REPRESENTATION('',(#975),#983);
#975 = ( BOUNDED_CURVE() B_SPLINE_CURVE(2,(#976,#977,#978,#979,#980,#981
,#982),.UNSPECIFIED.,.T.,.F.) B_SPLINE_CURVE_WITH_KNOTS((1,2,2,2,2,1),(
    -2.094395102393,0.,2.094395102393,4.188790204786,6.28318530718,
8.377580409573),.UNSPECIFIED.) CURVE() GEOMETRIC_REPRESENTATION_ITEM() 
RATIONAL_B_SPLINE_CURVE((1.,0.5,1.,0.5,1.,0.5,1.)) REPRESENTATION_ITEM(
  '') );
#976 = CARTESIAN_POINT('',(29.9,0.));
#977 = CARTESIAN_POINT('',(29.9,-2.944486372867));
#978 = CARTESIAN_POINT('',(27.35,-1.472243186434));
#979 = CARTESIAN_POINT('',(24.8,-4.163799117101E-16));
#980 = CARTESIAN_POINT('',(27.35,1.472243186434));
#981 = CARTESIAN_POINT('',(29.9,2.944486372867));
#982 = CARTESIAN_POINT('',(29.9,0.));
#983 = ( GEOMETRIC_REPRESENTATION_CONTEXT(2) 
PARAMETRIC_REPRESENTATION_CONTEXT() REPRESENTATION_CONTEXT('2D SPACE',''
  ) );
#984 = PCURVE('',#985,#990);
#985 = CYLINDRICAL_SURFACE('',#986,1.7);
#986 = AXIS2_PLACEMENT_3D('',#987,#988,#989);
#987 = CARTESIAN_POINT('',(13.5,-43.,-0.5));
#988 = DIRECTION('',(-0.,-0.,-1.));
#989 = DIRECTION('',(1.,0.,0.));
#990 = DEFINITIONAL_REPRESENTATION('',(#991),#995);
#991 = LINE('',#992,#993);
#992 = CARTESIAN_POINT('',(-6.28318530718,-0.5));
#993 = VECTOR('',#994,1.);
#994 = DIRECTION('',(1.,-0.));
#995 = ( GEOMETRIC_REPRESENTATION_CONTEXT(2) 
PARAMETRIC_REPRESENTATION_CONTEXT() REPRESENTATION_CONTEXT('2D SPACE',''
  ) );
#996 = FACE_BOUND('',#997,.F.);
#997 = EDGE_LOOP('',(#998));
#998 = ORIENTED_EDGE('',*,*,#999,.T.);
#999 = EDGE_CURVE('',#1000,#1000,#1002,.T.);
#1000 = VERTEX_POINT('',#1001);
#1001 = CARTESIAN_POINT('',(30.2,-21.5,0.));
#1002 = SURFACE_CURVE('',#1003,(#1008,#1019),.PCURVE_S1.);
#1003 = CIRCLE('',#1004,1.2);
#1004 = AXIS2_PLACEMENT_3D('',#1005,#1006,#1007);
#1005 = CARTESIAN_POINT('',(29.,-21.5,0.));
#1006 = DIRECTION('',(0.,0.,-1.));
#1007 = DIRECTION('',(1.,0.,0.));
#1008 = PCURVE('',#32,#1009);
#1009 = DEFINITIONAL_REPRESENTATION('',(#1010),#1018);
#1010 = ( BOUNDED_CURVE() B_SPLINE_CURVE(2,(#1011,#1012,#1013,#1014,
#1015,#1016,#1017),.UNSPECIFIED.,.T.,.F.) B_SPLINE_CURVE_WITH_KNOTS((1,2
    ,2,2,2,1),(-2.094395102393,0.,2.094395102393,4.188790204786,
6.28318530718,8.377580409573),.UNSPECIFIED.) CURVE() 
GEOMETRIC_REPRESENTATION_ITEM() RATIONAL_B_SPLINE_CURVE((1.,0.5,1.,0.5,
1.,0.5,1.)) REPRESENTATION_ITEM('') );
#1011 = CARTESIAN_POINT('',(44.9,21.5));
#1012 = CARTESIAN_POINT('',(44.9,19.421539030917));
#1013 = CARTESIAN_POINT('',(43.1,20.460769515459));
#1014 = CARTESIAN_POINT('',(41.3,21.5));
#1015 = CARTESIAN_POINT('',(43.1,22.539230484541));
#1016 = CARTESIAN_POINT('',(44.9,23.578460969083));
#1017 = CARTESIAN_POINT('',(44.9,21.5));
#1018 = ( GEOMETRIC_REPRESENTATION_CONTEXT(2) 
PARAMETRIC_REPRESENTATION_CONTEXT() REPRESENTATION_CONTEXT('2D SPACE',''
  ) );
#1019 = PCURVE('',#1020,#1025);
#1020 = CYLINDRICAL_SURFACE('',#1021,1.2);
#1021 = AXIS2_PLACEMENT_3D('',#1022,#1023,#1024);
#1022 = CARTESIAN_POINT('',(29.,-21.5,-0.5));
#1023 = DIRECTION('',(-0.,-0.,-1.));
#1024 = DIRECTION('',(1.,0.,0.));
#1025 = DEFINITIONAL_REPRESENTATION('',(#1026),#1030);
#1026 = LINE('',#1027,#1028);
#1027 = CARTESIAN_POINT('',(-6.28318530718,-0.5));
#1028 = VECTOR('',#1029,1.);
#1029 = DIRECTION('',(1.,-0.));
#1030 = ( GEOMETRIC_REPRESENTATION_CONTEXT(2) 
PARAMETRIC_REPRESENTATION_CONTEXT() REPRESENTATION_CONTEXT('2D SPACE',''
  ) );
#1031 = FACE_BOUND('',#1032,.F.);
#1032 = EDGE_LOOP('',(#1033));
#1033 = ORIENTED_EDGE('',*,*,#1034,.T.);
#1034 = EDGE_CURVE('',#1035,#1035,#1037,.T.);
#1035 = VERTEX_POINT('',#1036);
#1036 = CARTESIAN_POINT('',(-27.8,21.5,0.));
#1037 = SURFACE_CURVE('',#1038,(#1043,#1054),.PCURVE_S1.);
#1038 = CIRCLE('',#1039,1.2);
#1039 = AXIS2_PLACEMENT_3D('',#1040,#1041,#1042);
#1040 = CARTESIAN_POINT('',(-29.,21.5,0.));
#1041 = DIRECTION('',(0.,0.,-1.));
#1042 = DIRECTION('',(1.,0.,0.));
#1043 = PCURVE('',#32,#1044);
#1044 = DEFINITIONAL_REPRESENTATION('',(#1045),#1053);
#1045 = ( BOUNDED_CURVE() B_SPLINE_CURVE(2,(#1046,#1047,#1048,#1049,
#1050,#1051,#1052),.UNSPECIFIED.,.T.,.F.) B_SPLINE_CURVE_WITH_KNOTS((1,2
    ,2,2,2,1),(-2.094395102393,0.,2.094395102393,4.188790204786,
6.28318530718,8.377580409573),.UNSPECIFIED.) CURVE() 
GEOMETRIC_REPRESENTATION_ITEM() RATIONAL_B_SPLINE_CURVE((1.,0.5,1.,0.5,
1.,0.5,1.)) REPRESENTATION_ITEM('') );
#1046 = CARTESIAN_POINT('',(-13.1,64.5));
#1047 = CARTESIAN_POINT('',(-13.1,62.421539030917));
#1048 = CARTESIAN_POINT('',(-14.9,63.460769515459));
#1049 = CARTESIAN_POINT('',(-16.7,64.5));
#1050 = CARTESIAN_POINT('',(-14.9,65.539230484541));
#1051 = CARTESIAN_POINT('',(-13.1,66.578460969083));
#1052 = CARTESIAN_POINT('',(-13.1,64.5));
#1053 = ( GEOMETRIC_REPRESENTATION_CONTEXT(2) 
PARAMETRIC_REPRESENTATION_CONTEXT() REPRESENTATION_CONTEXT('2D SPACE',''
  ) );
#1054 = PCURVE('',#1055,#1060);
#1055 = CYLINDRICAL_SURFACE('',#1056,1.2);
#1056 = AXIS2_PLACEMENT_3D('',#1057,#1058,#1059);
#1057 = CARTESIAN_POINT('',(-29.,21.5,-0.5));
#1058 = DIRECTION('',(-0.,-0.,-1.));
#1059 = DIRECTION('',(1.,0.,0.));
#1060 = DEFINITIONAL_REPRESENTATION('',(#1061),#1065);
#1061 = LINE('',#1062,#1063);
#1062 = CARTESIAN_POINT('',(-6.28318530718,-0.5));
#1063 = VECTOR('',#1064,1.);
#1064 = DIRECTION('',(1.,-0.));
#1065 = ( GEOMETRIC_REPRESENTATION_CONTEXT(2) 
PARAMETRIC_REPRESENTATION_CONTEXT() REPRESENTATION_CONTEXT('2D SPACE',''
  ) );
#1066 = FACE_BOUND('',#1067,.F.);
#1067 = EDGE_LOOP('',(#1068,#1098,#1126,#1154));
#1068 = ORIENTED_EDGE('',*,*,#1069,.F.);
#1069 = EDGE_CURVE('',#1070,#1072,#1074,.T.);
#1070 = VERTEX_POINT('',#1071);
#1071 = CARTESIAN_POINT('',(12.3,-20.3,0.));
#1072 = VERTEX_POINT('',#1073);
#1073 = CARTESIAN_POINT('',(12.3,20.3,0.));
#1074 = SURFACE_CURVE('',#1075,(#1079,#1086),.PCURVE_S1.);
#1075 = LINE('',#1076,#1077);
#1076 = CARTESIAN_POINT('',(12.3,-43.,0.));
#1077 = VECTOR('',#1078,1.);
#1078 = DIRECTION('',(0.,1.,0.));
#1079 = PCURVE('',#32,#1080);
#1080 = DEFINITIONAL_REPRESENTATION('',(#1081),#1085);
#1081 = LINE('',#1082,#1083);
#1082 = CARTESIAN_POINT('',(27.,0.));
#1083 = VECTOR('',#1084,1.);
#1084 = DIRECTION('',(0.,1.));
#1085 = ( GEOMETRIC_REPRESENTATION_CONTEXT(2) 
PARAMETRIC_REPRESENTATION_CONTEXT() REPRESENTATION_CONTEXT('2D SPACE',''
  ) );
#1086 = PCURVE('',#1087,#1092);
#1087 = PLANE('',#1088);
#1088 = AXIS2_PLACEMENT_3D('',#1089,#1090,#1091);
#1089 = CARTESIAN_POINT('',(12.3,-43.,0.));
#1090 = DIRECTION('',(1.,0.,0.));
#1091 = DIRECTION('',(0.,0.,1.));
#1092 = DEFINITIONAL_REPRESENTATION('',(#1093),#1097);
#1093 = LINE('',#1094,#1095);
#1094 = CARTESIAN_POINT('',(0.,0.));
#1095 = VECTOR('',#1096,1.);
#1096 = DIRECTION('',(0.,-1.));
#1097 = ( GEOMETRIC_REPRESENTATION_CONTEXT(2) 
PARAMETRIC_REPRESENTATION_CONTEXT() REPRESENTATION_CONTEXT('2D SPACE',''
  ) );
#1098 = ORIENTED_EDGE('',*,*,#1099,.F.);
#1099 = EDGE_CURVE('',#1100,#1070,#1102,.T.);
#1100 = VERTEX_POINT('',#1101);
#1101 = CARTESIAN_POINT('',(-12.3,-20.3,0.));
#1102 = SURFACE_CURVE('',#1103,(#1107,#1114),.PCURVE_S1.);
#1103 = LINE('',#1104,#1105);
#1104 = CARTESIAN_POINT('',(-29.,-20.3,0.));
#1105 = VECTOR('',#1106,1.);
#1106 = DIRECTION('',(1.,0.,0.));
#1107 = PCURVE('',#32,#1108);
#1108 = DEFINITIONAL_REPRESENTATION('',(#1109),#1113);
#1109 = LINE('',#1110,#1111);
#1110 = CARTESIAN_POINT('',(-14.3,22.7));
#1111 = VECTOR('',#1112,1.);
#1112 = DIRECTION('',(1.,0.));
#1113 = ( GEOMETRIC_REPRESENTATION_CONTEXT(2) 
PARAMETRIC_REPRESENTATION_CONTEXT() REPRESENTATION_CONTEXT('2D SPACE',''
  ) );
#1114 = PCURVE('',#1115,#1120);
#1115 = PLANE('',#1116);
#1116 = AXIS2_PLACEMENT_3D('',#1117,#1118,#1119);
#1117 = CARTESIAN_POINT('',(-29.,-20.3,0.));
#1118 = DIRECTION('',(0.,1.,0.));
#1119 = DIRECTION('',(0.,0.,1.));
#1120 = DEFINITIONAL_REPRESENTATION('',(#1121),#1125);
#1121 = LINE('',#1122,#1123);
#1122 = CARTESIAN_POINT('',(0.,0.));
#1123 = VECTOR('',#1124,1.);
#1124 = DIRECTION('',(0.,1.));
#1125 = ( GEOMETRIC_REPRESENTATION_CONTEXT(2) 
PARAMETRIC_REPRESENTATION_CONTEXT() REPRESENTATION_CONTEXT('2D SPACE',''
  ) );
#1126 = ORIENTED_EDGE('',*,*,#1127,.T.);
#1127 = EDGE_CURVE('',#1100,#1128,#1130,.T.);
#1128 = VERTEX_POINT('',#1129);
#1129 = CARTESIAN_POINT('',(-12.3,20.3,0.));
#1130 = SURFACE_CURVE('',#1131,(#1135,#1142),.PCURVE_S1.);
#1131 = LINE('',#1132,#1133);
#1132 = CARTESIAN_POINT('',(-12.3,-43.,0.));
#1133 = VECTOR('',#1134,1.);
#1134 = DIRECTION('',(0.,1.,0.));
#1135 = PCURVE('',#32,#1136);
#1136 = DEFINITIONAL_REPRESENTATION('',(#1137),#1141);
#1137 = LINE('',#1138,#1139);
#1138 = CARTESIAN_POINT('',(2.4,0.));
#1139 = VECTOR('',#1140,1.);
#1140 = DIRECTION('',(0.,1.));
#1141 = ( GEOMETRIC_REPRESENTATION_CONTEXT(2) 
PARAMETRIC_REPRESENTATION_CONTEXT() REPRESENTATION_CONTEXT('2D SPACE',''
  ) );
#1142 = PCURVE('',#1143,#1148);
#1143 = PLANE('',#1144);
#1144 = AXIS2_PLACEMENT_3D('',#1145,#1146,#1147);
#1145 = CARTESIAN_POINT('',(-12.3,-43.,0.));
#1146 = DIRECTION('',(1.,0.,0.));
#1147 = DIRECTION('',(0.,0.,1.));
#1148 = DEFINITIONAL_REPRESENTATION('',(#1149),#1153);
#1149 = LINE('',#1150,#1151);
#1150 = CARTESIAN_POINT('',(0.,0.));
#1151 = VECTOR('',#1152,1.);
#1152 = DIRECTION('',(0.,-1.));
#1153 = ( GEOMETRIC_REPRESENTATION_CONTEXT(2) 
PARAMETRIC_REPRESENTATION_CONTEXT() REPRESENTATION_CONTEXT('2D SPACE',''
  ) );
#1154 = ORIENTED_EDGE('',*,*,#1155,.T.);
#1155 = EDGE_CURVE('',#1128,#1072,#1156,.T.);
#1156 = SURFACE_CURVE('',#1157,(#1161,#1168),.PCURVE_S1.);
#1157 = LINE('',#1158,#1159);
#1158 = CARTESIAN_POINT('',(-29.,20.3,0.));
#1159 = VECTOR('',#1160,1.);
#1160 = DIRECTION('',(1.,0.,0.));
#1161 = PCURVE('',#32,#1162);
#1162 = DEFINITIONAL_REPRESENTATION('',(#1163),#1167);
#1163 = LINE('',#1164,#1165);
#1164 = CARTESIAN_POINT('',(-14.3,63.3));
#1165 = VECTOR('',#1166,1.);
#1166 = DIRECTION('',(1.,0.));
#1167 = ( GEOMETRIC_REPRESENTATION_CONTEXT(2) 
PARAMETRIC_REPRESENTATION_CONTEXT() REPRESENTATION_CONTEXT('2D SPACE',''
  ) );
#1168 = PCURVE('',#1169,#1174);
#1169 = PLANE('',#1170);
#1170 = AXIS2_PLACEMENT_3D('',#1171,#1172,#1173);
#1171 = CARTESIAN_POINT('',(-29.,20.3,0.));
#1172 = DIRECTION('',(0.,1.,0.));
#1173 = DIRECTION('',(0.,0.,1.));
#1174 = DEFINITIONAL_REPRESENTATION('',(#1175),#1179);
#1175 = LINE('',#1176,#1177);
#1176 = CARTESIAN_POINT('',(0.,0.));
#1177 = VECTOR('',#1178,1.);
#1178 = DIRECTION('',(0.,1.));
#1179 = ( GEOMETRIC_REPRESENTATION_CONTEXT(2) 
PARAMETRIC_REPRESENTATION_CONTEXT() REPRESENTATION_CONTEXT('2D SPACE',''
  ) );
#1180 = FACE_BOUND('',#1181,.F.);
#1181 = EDGE_LOOP('',(#1182));
#1182 = ORIENTED_EDGE('',*,*,#1183,.T.);
#1183 = EDGE_CURVE('',#1184,#1184,#1186,.T.);
#1184 = VERTEX_POINT('',#1185);
#1185 = CARTESIAN_POINT('',(-11.8,43.,0.));
#1186 = SURFACE_CURVE('',#1187,(#1192,#1203),.PCURVE_S1.);
#1187 = CIRCLE('',#1188,1.7);
#1188 = AXIS2_PLACEMENT_3D('',#1189,#1190,#1191);
#1189 = CARTESIAN_POINT('',(-13.5,43.,0.));
#1190 = DIRECTION('',(0.,0.,-1.));
#1191 = DIRECTION('',(1.,0.,0.));
#1192 = PCURVE('',#32,#1193);
#1193 = DEFINITIONAL_REPRESENTATION('',(#1194),#1202);
#1194 = ( BOUNDED_CURVE() B_SPLINE_CURVE(2,(#1195,#1196,#1197,#1198,
#1199,#1200,#1201),.UNSPECIFIED.,.T.,.F.) B_SPLINE_CURVE_WITH_KNOTS((1,2
    ,2,2,2,1),(-2.094395102393,0.,2.094395102393,4.188790204786,
6.28318530718,8.377580409573),.UNSPECIFIED.) CURVE() 
GEOMETRIC_REPRESENTATION_ITEM() RATIONAL_B_SPLINE_CURVE((1.,0.5,1.,0.5,
1.,0.5,1.)) REPRESENTATION_ITEM('') );
#1195 = CARTESIAN_POINT('',(2.9,86.));
#1196 = CARTESIAN_POINT('',(2.9,83.055513627133));
#1197 = CARTESIAN_POINT('',(0.35,84.527756813566));
#1198 = CARTESIAN_POINT('',(-2.2,86.));
#1199 = CARTESIAN_POINT('',(0.35,87.472243186434));
#1200 = CARTESIAN_POINT('',(2.9,88.944486372867));
#1201 = CARTESIAN_POINT('',(2.9,86.));
#1202 = ( GEOMETRIC_REPRESENTATION_CONTEXT(2) 
PARAMETRIC_REPRESENTATION_CONTEXT() REPRESENTATION_CONTEXT('2D SPACE',''
  ) );
#1203 = PCURVE('',#1204,#1209);
#1204 = CYLINDRICAL_SURFACE('',#1205,1.7);
#1205 = AXIS2_PLACEMENT_3D('',#1206,#1207,#1208);
#1206 = CARTESIAN_POINT('',(-13.5,43.,-0.5));
#1207 = DIRECTION('',(-0.,-0.,-1.));
#1208 = DIRECTION('',(1.,0.,0.));
#1209 = DEFINITIONAL_REPRESENTATION('',(#1210),#1214);
#1210 = LINE('',#1211,#1212);
#1211 = CARTESIAN_POINT('',(-6.28318530718,-0.5));
#1212 = VECTOR('',#1213,1.);
#1213 = DIRECTION('',(1.,-0.));
#1214 = ( GEOMETRIC_REPRESENTATION_CONTEXT(2) 
PARAMETRIC_REPRESENTATION_CONTEXT() REPRESENTATION_CONTEXT('2D SPACE',''
  ) );
#1215 = FACE_BOUND('',#1216,.F.);
#1216 = EDGE_LOOP('',(#1217));
#1217 = ORIENTED_EDGE('',*,*,#1218,.T.);
#1218 = EDGE_CURVE('',#1219,#1219,#1221,.T.);
#1219 = VERTEX_POINT('',#1220);
#1220 = CARTESIAN_POINT('',(30.2,21.5,0.));
#1221 = SURFACE_CURVE('',#1222,(#1227,#1238),.PCURVE_S1.);
#1222 = CIRCLE('',#1223,1.2);
#1223 = AXIS2_PLACEMENT_3D('',#1224,#1225,#1226);
#1224 = CARTESIAN_POINT('',(29.,21.5,0.));
#1225 = DIRECTION('',(0.,0.,-1.));
#1226 = DIRECTION('',(1.,0.,0.));
#1227 = PCURVE('',#32,#1228);
#1228 = DEFINITIONAL_REPRESENTATION('',(#1229),#1237);
#1229 = ( BOUNDED_CURVE() B_SPLINE_CURVE(2,(#1230,#1231,#1232,#1233,
#1234,#1235,#1236),.UNSPECIFIED.,.T.,.F.) B_SPLINE_CURVE_WITH_KNOTS((1,2
    ,2,2,2,1),(-2.094395102393,0.,2.094395102393,4.188790204786,
6.28318530718,8.377580409573),.UNSPECIFIED.) CURVE() 
GEOMETRIC_REPRESENTATION_ITEM() RATIONAL_B_SPLINE_CURVE((1.,0.5,1.,0.5,
1.,0.5,1.)) REPRESENTATION_ITEM('') );
#1230 = CARTESIAN_POINT('',(44.9,64.5));
#1231 = CARTESIAN_POINT('',(44.9,62.421539030917));
#1232 = CARTESIAN_POINT('',(43.1,63.460769515459));
#1233 = CARTESIAN_POINT('',(41.3,64.5));
#1234 = CARTESIAN_POINT('',(43.1,65.539230484541));
#1235 = CARTESIAN_POINT('',(44.9,66.578460969083));
#1236 = CARTESIAN_POINT('',(44.9,64.5));
#1237 = ( GEOMETRIC_REPRESENTATION_CONTEXT(2) 
PARAMETRIC_REPRESENTATION_CONTEXT() REPRESENTATION_CONTEXT('2D SPACE',''
  ) );
#1238 = PCURVE('',#1239,#1244);
#1239 = CYLINDRICAL_SURFACE('',#1240,1.2);
#1240 = AXIS2_PLACEMENT_3D('',#1241,#1242,#1243);
#1241 = CARTESIAN_POINT('',(29.,21.5,-0.5));
#1242 = DIRECTION('',(-0.,-0.,-1.));
#1243 = DIRECTION('',(1.,0.,0.));
#1244 = DEFINITIONAL_REPRESENTATION('',(#1245),#1249);
#1245 = LINE('',#1246,#1247);
#1246 = CARTESIAN_POINT('',(-6.28318530718,-0.5));
#1247 = VECTOR('',#1248,1.);
#1248 = DIRECTION('',(1.,-0.));
#1249 = ( GEOMETRIC_REPRESENTATION_CONTEXT(2) 
PARAMETRIC_REPRESENTATION_CONTEXT() REPRESENTATION_CONTEXT('2D SPACE',''
  ) );
#1250 = FACE_BOUND('',#1251,.F.);
#1251 = EDGE_LOOP('',(#1252));
#1252 = ORIENTED_EDGE('',*,*,#1253,.T.);
#1253 = EDGE_CURVE('',#1254,#1254,#1256,.T.);
#1254 = VERTEX_POINT('',#1255);
#1255 = CARTESIAN_POINT('',(15.2,43.,0.));
#1256 = SURFACE_CURVE('',#1257,(#1262,#1273),.PCURVE_S1.);
#1257 = CIRCLE('',#1258,1.7);
#1258 = AXIS2_PLACEMENT_3D('',#1259,#1260,#1261);
#1259 = CARTESIAN_POINT('',(13.5,43.,0.));
#1260 = DIRECTION('',(0.,0.,-1.));
#1261 = DIRECTION('',(1.,0.,0.));
#1262 = PCURVE('',#32,#1263);
#1263 = DEFINITIONAL_REPRESENTATION('',(#1264),#1272);
#1264 = ( BOUNDED_CURVE() B_SPLINE_CURVE(2,(#1265,#1266,#1267,#1268,
#1269,#1270,#1271),.UNSPECIFIED.,.T.,.F.) B_SPLINE_CURVE_WITH_KNOTS((1,2
    ,2,2,2,1),(-2.094395102393,0.,2.094395102393,4.188790204786,
6.28318530718,8.377580409573),.UNSPECIFIED.) CURVE() 
GEOMETRIC_REPRESENTATION_ITEM() RATIONAL_B_SPLINE_CURVE((1.,0.5,1.,0.5,
1.,0.5,1.)) REPRESENTATION_ITEM('') );
#1265 = CARTESIAN_POINT('',(29.9,86.));
#1266 = CARTESIAN_POINT('',(29.9,83.055513627133));
#1267 = CARTESIAN_POINT('',(27.35,84.527756813566));
#1268 = CARTESIAN_POINT('',(24.8,86.));
#1269 = CARTESIAN_POINT('',(27.35,87.472243186434));
#1270 = CARTESIAN_POINT('',(29.9,88.944486372867));
#1271 = CARTESIAN_POINT('',(29.9,86.));
#1272 = ( GEOMETRIC_REPRESENTATION_CONTEXT(2) 
PARAMETRIC_REPRESENTATION_CONTEXT() REPRESENTATION_CONTEXT('2D SPACE',''
  ) );
#1273 = PCURVE('',#1274,#1279);
#1274 = CYLINDRICAL_SURFACE('',#1275,1.7);
#1275 = AXIS2_PLACEMENT_3D('',#1276,#1277,#1278);
#1276 = CARTESIAN_POINT('',(13.5,43.,-0.5));
#1277 = DIRECTION('',(-0.,-0.,-1.));
#1278 = DIRECTION('',(1.,0.,0.));
#1279 = DEFINITIONAL_REPRESENTATION('',(#1280),#1284);
#1280 = LINE('',#1281,#1282);
#1281 = CARTESIAN_POINT('',(-6.28318530718,-0.5));
#1282 = VECTOR('',#1283,1.);
#1283 = DIRECTION('',(1.,-0.));
#1284 = ( GEOMETRIC_REPRESENTATION_CONTEXT(2) 
PARAMETRIC_REPRESENTATION_CONTEXT() REPRESENTATION_CONTEXT('2D SPACE',''
  ) );
#1285 = ADVANCED_FACE('',(#1286),#44,.F.);
#1286 = FACE_BOUND('',#1287,.F.);
#1287 = EDGE_LOOP('',(#1288,#1318,#1337,#1338,#1359,#1382,#1408,#1434));
#1288 = ORIENTED_EDGE('',*,*,#1289,.F.);
#1289 = EDGE_CURVE('',#1290,#1292,#1294,.T.);
#1290 = VERTEX_POINT('',#1291);
#1291 = CARTESIAN_POINT('',(-14.7,-37.63250523987,10.055));
#1292 = VERTEX_POINT('',#1293);
#1293 = CARTESIAN_POINT('',(-14.7,-33.7,10.055));
#1294 = SURFACE_CURVE('',#1295,(#1299,#1306),.PCURVE_S1.);
#1295 = LINE('',#1296,#1297);
#1296 = CARTESIAN_POINT('',(-14.7,-43.,10.055));
#1297 = VECTOR('',#1298,1.);
#1298 = DIRECTION('',(0.,1.,0.));
#1299 = PCURVE('',#44,#1300);
#1300 = DEFINITIONAL_REPRESENTATION('',(#1301),#1305);
#1301 = LINE('',#1302,#1303);
#1302 = CARTESIAN_POINT('',(10.055,0.));
#1303 = VECTOR('',#1304,1.);
#1304 = DIRECTION('',(0.,-1.));
#1305 = ( GEOMETRIC_REPRESENTATION_CONTEXT(2) 
PARAMETRIC_REPRESENTATION_CONTEXT() REPRESENTATION_CONTEXT('2D SPACE',''
  ) );
#1306 = PCURVE('',#1307,#1312);
#1307 = PLANE('',#1308);
#1308 = AXIS2_PLACEMENT_3D('',#1309,#1310,#1311);
#1309 = CARTESIAN_POINT('',(-19.,0.,15.));
#1310 = DIRECTION('',(0.754605522164,0.,0.656178714925));
#1311 = DIRECTION('',(0.656178714925,0.,-0.754605522164));
#1312 = DEFINITIONAL_REPRESENTATION('',(#1313),#1317);
#1313 = LINE('',#1314,#1315);
#1314 = CARTESIAN_POINT('',(6.553092781275,-43.));
#1315 = VECTOR('',#1316,1.);
#1316 = DIRECTION('',(0.,1.));
#1317 = ( GEOMETRIC_REPRESENTATION_CONTEXT(2) 
PARAMETRIC_REPRESENTATION_CONTEXT() REPRESENTATION_CONTEXT('2D SPACE',''
  ) );
#1318 = ORIENTED_EDGE('',*,*,#1319,.T.);
#1319 = EDGE_CURVE('',#1290,#22,#1320,.T.);
#1320 = SURFACE_CURVE('',#1321,(#1325,#1331),.PCURVE_S1.);
#1321 = LINE('',#1322,#1323);
#1322 = CARTESIAN_POINT('',(-14.7,-37.63250523987,0.));
#1323 = VECTOR('',#1324,1.);
#1324 = DIRECTION('',(-0.,-0.,-1.));
#1325 = PCURVE('',#44,#1326);
#1326 = DEFINITIONAL_REPRESENTATION('',(#1327),#1330);
#1327 = B_SPLINE_CURVE_WITH_KNOTS('',1,(#1328,#1329),.UNSPECIFIED.,.F.,
  .F.,(2,2),(-11.0605,6.E-07),.PIECEWISE_BEZIER_KNOTS.);
#1328 = CARTESIAN_POINT('',(11.0605,-5.367494760128));
#1329 = CARTESIAN_POINT('',(-6.E-07,-5.367494760128));
#1330 = ( GEOMETRIC_REPRESENTATION_CONTEXT(2) 
PARAMETRIC_REPRESENTATION_CONTEXT() REPRESENTATION_CONTEXT('2D SPACE',''
  ) );
#1331 = PCURVE('',#73,#1332);
#1332 = DEFINITIONAL_REPRESENTATION('',(#1333),#1336);
#1333 = B_SPLINE_CURVE_WITH_KNOTS('',1,(#1334,#1335),.UNSPECIFIED.,.F.,
  .F.,(2,2),(-11.0605,6.E-07),.PIECEWISE_BEZIER_KNOTS.);
#1334 = CARTESIAN_POINT('',(-1.790747341487,-11.0605));
#1335 = CARTESIAN_POINT('',(-1.790747341487,6.E-07));
#1336 = ( GEOMETRIC_REPRESENTATION_CONTEXT(2) 
PARAMETRIC_REPRESENTATION_CONTEXT() REPRESENTATION_CONTEXT('2D SPACE',''
  ) );
#1337 = ORIENTED_EDGE('',*,*,#21,.T.);
#1338 = ORIENTED_EDGE('',*,*,#1339,.T.);
#1339 = EDGE_CURVE('',#24,#1340,#1342,.T.);
#1340 = VERTEX_POINT('',#1341);
#1341 = CARTESIAN_POINT('',(-14.7,-22.7,10.055));
#1342 = SURFACE_CURVE('',#1343,(#1347,#1353),.PCURVE_S1.);
#1343 = LINE('',#1344,#1345);
#1344 = CARTESIAN_POINT('',(-14.7,-22.7,0.));
#1345 = VECTOR('',#1346,1.);
#1346 = DIRECTION('',(0.,0.,1.));
#1347 = PCURVE('',#44,#1348);
#1348 = DEFINITIONAL_REPRESENTATION('',(#1349),#1352);
#1349 = B_SPLINE_CURVE_WITH_KNOTS('',1,(#1350,#1351),.UNSPECIFIED.,.F.,
  .F.,(2,2),(0.,15.),.PIECEWISE_BEZIER_KNOTS.);
#1350 = CARTESIAN_POINT('',(0.,-20.3));
#1351 = CARTESIAN_POINT('',(15.,-20.3));
#1352 = ( GEOMETRIC_REPRESENTATION_CONTEXT(2) 
PARAMETRIC_REPRESENTATION_CONTEXT() REPRESENTATION_CONTEXT('2D SPACE',''
  ) );
#1353 = PCURVE('',#880,#1354);
#1354 = DEFINITIONAL_REPRESENTATION('',(#1355),#1358);
#1355 = B_SPLINE_CURVE_WITH_KNOTS('',1,(#1356,#1357),.UNSPECIFIED.,.F.,
  .F.,(2,2),(0.,15.),.PIECEWISE_BEZIER_KNOTS.);
#1356 = CARTESIAN_POINT('',(0.,14.3));
#1357 = CARTESIAN_POINT('',(15.,14.3));
#1358 = ( GEOMETRIC_REPRESENTATION_CONTEXT(2) 
PARAMETRIC_REPRESENTATION_CONTEXT() REPRESENTATION_CONTEXT('2D SPACE',''
  ) );
#1359 = ORIENTED_EDGE('',*,*,#1360,.F.);
#1360 = EDGE_CURVE('',#1361,#1340,#1363,.T.);
#1361 = VERTEX_POINT('',#1362);
#1362 = CARTESIAN_POINT('',(-14.7,-27.3,10.055));
#1363 = SURFACE_CURVE('',#1364,(#1368,#1375),.PCURVE_S1.);
#1364 = LINE('',#1365,#1366);
#1365 = CARTESIAN_POINT('',(-14.7,-43.,10.055));
#1366 = VECTOR('',#1367,1.);
#1367 = DIRECTION('',(0.,1.,0.));
#1368 = PCURVE('',#44,#1369);
#1369 = DEFINITIONAL_REPRESENTATION('',(#1370),#1374);
#1370 = LINE('',#1371,#1372);
#1371 = CARTESIAN_POINT('',(10.055,0.));
#1372 = VECTOR('',#1373,1.);
#1373 = DIRECTION('',(0.,-1.));
#1374 = ( GEOMETRIC_REPRESENTATION_CONTEXT(2) 
PARAMETRIC_REPRESENTATION_CONTEXT() REPRESENTATION_CONTEXT('2D SPACE',''
  ) );
#1375 = PCURVE('',#1307,#1376);
#1376 = DEFINITIONAL_REPRESENTATION('',(#1377),#1381);
#1377 = LINE('',#1378,#1379);
#1378 = CARTESIAN_POINT('',(6.553092781275,-43.));
#1379 = VECTOR('',#1380,1.);
#1380 = DIRECTION('',(0.,1.));
#1381 = ( GEOMETRIC_REPRESENTATION_CONTEXT(2) 
PARAMETRIC_REPRESENTATION_CONTEXT() REPRESENTATION_CONTEXT('2D SPACE',''
  ) );
#1382 = ORIENTED_EDGE('',*,*,#1383,.T.);
#1383 = EDGE_CURVE('',#1361,#1384,#1386,.T.);
#1384 = VERTEX_POINT('',#1385);
#1385 = CARTESIAN_POINT('',(-14.7,-27.3,3.));
#1386 = SURFACE_CURVE('',#1387,(#1391,#1397),.PCURVE_S1.);
#1387 = LINE('',#1388,#1389);
#1388 = CARTESIAN_POINT('',(-14.7,-27.3,3.75));
#1389 = VECTOR('',#1390,1.);
#1390 = DIRECTION('',(0.,0.,-1.));
#1391 = PCURVE('',#44,#1392);
#1392 = DEFINITIONAL_REPRESENTATION('',(#1393),#1396);
#1393 = B_SPLINE_CURVE_WITH_KNOTS('',1,(#1394,#1395),.UNSPECIFIED.,.F.,
  .F.,(2,2),(-6.305,0.75),.PIECEWISE_BEZIER_KNOTS.);
#1394 = CARTESIAN_POINT('',(10.055,-15.7));
#1395 = CARTESIAN_POINT('',(3.,-15.7));
#1396 = ( GEOMETRIC_REPRESENTATION_CONTEXT(2) 
PARAMETRIC_REPRESENTATION_CONTEXT() REPRESENTATION_CONTEXT('2D SPACE',''
  ) );
#1397 = PCURVE('',#1398,#1403);
#1398 = PLANE('',#1399);
#1399 = AXIS2_PLACEMENT_3D('',#1400,#1401,#1402);
#1400 = CARTESIAN_POINT('',(-13.5,-27.3,7.5));
#1401 = DIRECTION('',(-0.,-1.,-0.));
#1402 = DIRECTION('',(0.,0.,-1.));
#1403 = DEFINITIONAL_REPRESENTATION('',(#1404),#1407);
#1404 = B_SPLINE_CURVE_WITH_KNOTS('',1,(#1405,#1406),.UNSPECIFIED.,.F.,
  .F.,(2,2),(-6.305,0.75),.PIECEWISE_BEZIER_KNOTS.);
#1405 = CARTESIAN_POINT('',(-2.555,-1.2));
#1406 = CARTESIAN_POINT('',(4.5,-1.2));
#1407 = ( GEOMETRIC_REPRESENTATION_CONTEXT(2) 
PARAMETRIC_REPRESENTATION_CONTEXT() REPRESENTATION_CONTEXT('2D SPACE',''
  ) );
#1408 = ORIENTED_EDGE('',*,*,#1409,.T.);
#1409 = EDGE_CURVE('',#1384,#1410,#1412,.T.);
#1410 = VERTEX_POINT('',#1411);
#1411 = CARTESIAN_POINT('',(-14.7,-33.7,3.));
#1412 = SURFACE_CURVE('',#1413,(#1417,#1423),.PCURVE_S1.);
#1413 = LINE('',#1414,#1415);
#1414 = CARTESIAN_POINT('',(-14.7,-36.75,3.));
#1415 = VECTOR('',#1416,1.);
#1416 = DIRECTION('',(0.,-1.,0.));
#1417 = PCURVE('',#44,#1418);
#1418 = DEFINITIONAL_REPRESENTATION('',(#1419),#1422);
#1419 = B_SPLINE_CURVE_WITH_KNOTS('',1,(#1420,#1421),.UNSPECIFIED.,.F.,
  .F.,(2,2),(-9.45,-3.05),.PIECEWISE_BEZIER_KNOTS.);
#1420 = CARTESIAN_POINT('',(3.,-15.7));
#1421 = CARTESIAN_POINT('',(3.,-9.3));
#1422 = ( GEOMETRIC_REPRESENTATION_CONTEXT(2) 
PARAMETRIC_REPRESENTATION_CONTEXT() REPRESENTATION_CONTEXT('2D SPACE',''
  ) );
#1423 = PCURVE('',#1424,#1429);
#1424 = PLANE('',#1425);
#1425 = AXIS2_PLACEMENT_3D('',#1426,#1427,#1428);
#1426 = CARTESIAN_POINT('',(-15.5,-30.5,3.));
#1427 = DIRECTION('',(-0.,0.,1.));
#1428 = DIRECTION('',(1.,0.,0.));
#1429 = DEFINITIONAL_REPRESENTATION('',(#1430),#1433);
#1430 = B_SPLINE_CURVE_WITH_KNOTS('',1,(#1431,#1432),.UNSPECIFIED.,.F.,
  .F.,(2,2),(-9.45,-3.05),.PIECEWISE_BEZIER_KNOTS.);
#1431 = CARTESIAN_POINT('',(0.8,3.2));
#1432 = CARTESIAN_POINT('',(0.8,-3.2));
#1433 = ( GEOMETRIC_REPRESENTATION_CONTEXT(2) 
PARAMETRIC_REPRESENTATION_CONTEXT() REPRESENTATION_CONTEXT('2D SPACE',''
  ) );
#1434 = ORIENTED_EDGE('',*,*,#1435,.F.);
#1435 = EDGE_CURVE('',#1292,#1410,#1436,.T.);
#1436 = SURFACE_CURVE('',#1437,(#1441,#1447),.PCURVE_S1.);
#1437 = LINE('',#1438,#1439);
#1438 = CARTESIAN_POINT('',(-14.7,-33.7,3.75));
#1439 = VECTOR('',#1440,1.);
#1440 = DIRECTION('',(0.,0.,-1.));
#1441 = PCURVE('',#44,#1442);
#1442 = DEFINITIONAL_REPRESENTATION('',(#1443),#1446);
#1443 = B_SPLINE_CURVE_WITH_KNOTS('',1,(#1444,#1445),.UNSPECIFIED.,.F.,
  .F.,(2,2),(-6.305,0.75),.PIECEWISE_BEZIER_KNOTS.);
#1444 = CARTESIAN_POINT('',(10.055,-9.3));
#1445 = CARTESIAN_POINT('',(3.,-9.3));
#1446 = ( GEOMETRIC_REPRESENTATION_CONTEXT(2) 
PARAMETRIC_REPRESENTATION_CONTEXT() REPRESENTATION_CONTEXT('2D SPACE',''
  ) );
#1447 = PCURVE('',#1448,#1453);
#1448 = PLANE('',#1449);
#1449 = AXIS2_PLACEMENT_3D('',#1450,#1451,#1452);
#1450 = CARTESIAN_POINT('',(-13.5,-33.7,7.5));
#1451 = DIRECTION('',(-0.,-1.,-0.));
#1452 = DIRECTION('',(0.,0.,-1.));
#1453 = DEFINITIONAL_REPRESENTATION('',(#1454),#1457);
#1454 = B_SPLINE_CURVE_WITH_KNOTS('',1,(#1455,#1456),.UNSPECIFIED.,.F.,
  .F.,(2,2),(-6.305,0.75),.PIECEWISE_BEZIER_KNOTS.);
#1455 = CARTESIAN_POINT('',(-2.555,-1.2));
#1456 = CARTESIAN_POINT('',(4.5,-1.2));
#1457 = ( GEOMETRIC_REPRESENTATION_CONTEXT(2) 
PARAMETRIC_REPRESENTATION_CONTEXT() REPRESENTATION_CONTEXT('2D SPACE',''
  ) );
#1458 = ADVANCED_FACE('',(#1459),#73,.T.);
#1459 = FACE_BOUND('',#1460,.F.);
#1460 = EDGE_LOOP('',(#1461,#1491,#1519,#1547,#1574,#1595,#1596));
#1461 = ORIENTED_EDGE('',*,*,#1462,.T.);
#1462 = EDGE_CURVE('',#1290,#1463,#1465,.T.);
#1463 = VERTEX_POINT('',#1464);
#1464 = CARTESIAN_POINT('',(-19.,-43.,15.));
#1465 = SURFACE_CURVE('',#1466,(#1471,#1484),.PCURVE_S1.);
#1466 = ELLIPSE('',#1467,8.38186285977,5.5);
#1467 = AXIS2_PLACEMENT_3D('',#1468,#1469,#1470);
#1468 = CARTESIAN_POINT('',(-13.5,-43.,8.675));
#1469 = DIRECTION('',(0.754605522164,0.,0.656178714925));
#1470 = DIRECTION('',(0.656178714925,0.,-0.754605522164));
#1471 = PCURVE('',#73,#1472);
#1472 = DEFINITIONAL_REPRESENTATION('',(#1473),#1483);
#1473 = B_SPLINE_CURVE_WITH_KNOTS('',8,(#1474,#1475,#1476,#1477,#1478,
    #1479,#1480,#1481,#1482),.UNSPECIFIED.,.F.,.F.,(9,9),(1.711257741505
    ,3.519623328846),.PIECEWISE_BEZIER_KNOTS.);
#1474 = CARTESIAN_POINT('',(-1.711257741505,-9.5605));
#1475 = CARTESIAN_POINT('',(-1.937303439922,-10.97615826262));
#1476 = CARTESIAN_POINT('',(-2.163349138339,-12.34010748212));
#1477 = CARTESIAN_POINT('',(-2.389394836751,-13.54211507814));
#1478 = CARTESIAN_POINT('',(-2.615440535184,-14.47762466027));
#1479 = CARTESIAN_POINT('',(-2.841486233583,-15.06560890549));
#1480 = CARTESIAN_POINT('',(-3.067531932011,-15.26554249709));
#1481 = CARTESIAN_POINT('',(-3.293577630429,-15.08111628756));
#1482 = CARTESIAN_POINT('',(-3.519623328846,-14.5534126046));
#1483 = ( GEOMETRIC_REPRESENTATION_CONTEXT(2) 
PARAMETRIC_REPRESENTATION_CONTEXT() REPRESENTATION_CONTEXT('2D SPACE',''
  ) );
#1484 = PCURVE('',#1307,#1485);
#1485 = DEFINITIONAL_REPRESENTATION('',(#1486),#1490);
#1486 = ELLIPSE('',#1487,8.38186285977,5.5);
#1487 = AXIS2_PLACEMENT_2D('',#1488,#1489);
#1488 = CARTESIAN_POINT('',(8.38186285977,-43.));
#1489 = DIRECTION('',(1.,0.));
#1490 = ( GEOMETRIC_REPRESENTATION_CONTEXT(2) 
PARAMETRIC_REPRESENTATION_CONTEXT() REPRESENTATION_CONTEXT('2D SPACE',''
  ) );
#1491 = ORIENTED_EDGE('',*,*,#1492,.T.);
#1492 = EDGE_CURVE('',#1463,#1493,#1495,.T.);
#1493 = VERTEX_POINT('',#1494);
#1494 = CARTESIAN_POINT('',(-19.,-43.,18.));
#1495 = SURFACE_CURVE('',#1496,(#1500,#1507),.PCURVE_S1.);
#1496 = LINE('',#1497,#1498);
#1497 = CARTESIAN_POINT('',(-19.,-43.,15.));
#1498 = VECTOR('',#1499,1.);
#1499 = DIRECTION('',(0.,0.,1.));
#1500 = PCURVE('',#73,#1501);
#1501 = DEFINITIONAL_REPRESENTATION('',(#1502),#1506);
#1502 = LINE('',#1503,#1504);
#1503 = CARTESIAN_POINT('',(-3.14159265359,-15.));
#1504 = VECTOR('',#1505,1.);
#1505 = DIRECTION('',(-0.,-1.));
#1506 = ( GEOMETRIC_REPRESENTATION_CONTEXT(2) 
PARAMETRIC_REPRESENTATION_CONTEXT() REPRESENTATION_CONTEXT('2D SPACE',''
  ) );
#1507 = PCURVE('',#1508,#1513);
#1508 = PLANE('',#1509);
#1509 = AXIS2_PLACEMENT_3D('',#1510,#1511,#1512);
#1510 = CARTESIAN_POINT('',(-19.,-43.,15.));
#1511 = DIRECTION('',(-1.,1.110223024625E-16,0.));
#1512 = DIRECTION('',(1.110223024625E-16,1.,0.));
#1513 = DEFINITIONAL_REPRESENTATION('',(#1514),#1518);
#1514 = LINE('',#1515,#1516);
#1515 = CARTESIAN_POINT('',(0.,0.));
#1516 = VECTOR('',#1517,1.);
#1517 = DIRECTION('',(0.,-1.));
#1518 = ( GEOMETRIC_REPRESENTATION_CONTEXT(2) 
PARAMETRIC_REPRESENTATION_CONTEXT() REPRESENTATION_CONTEXT('2D SPACE',''
  ) );
#1519 = ORIENTED_EDGE('',*,*,#1520,.F.);
#1520 = EDGE_CURVE('',#1521,#1493,#1523,.T.);
#1521 = VERTEX_POINT('',#1522);
#1522 = CARTESIAN_POINT('',(-8.,-43.,18.));
#1523 = SURFACE_CURVE('',#1524,(#1529,#1535),.PCURVE_S1.);
#1524 = CIRCLE('',#1525,5.5);
#1525 = AXIS2_PLACEMENT_3D('',#1526,#1527,#1528);
#1526 = CARTESIAN_POINT('',(-13.5,-43.,18.));
#1527 = DIRECTION('',(0.,-0.,-1.));
#1528 = DIRECTION('',(1.,-1.110223024625E-16,0.));
#1529 = PCURVE('',#73,#1530);
#1530 = DEFINITIONAL_REPRESENTATION('',(#1531),#1534);
#1531 = B_SPLINE_CURVE_WITH_KNOTS('',1,(#1532,#1533),.UNSPECIFIED.,.F.,
  .F.,(2,2),(0.,3.14159265359),.PIECEWISE_BEZIER_KNOTS.);
#1532 = CARTESIAN_POINT('',(-6.28318530718,-18.));
#1533 = CARTESIAN_POINT('',(-3.14159265359,-18.));
#1534 = ( GEOMETRIC_REPRESENTATION_CONTEXT(2) 
PARAMETRIC_REPRESENTATION_CONTEXT() REPRESENTATION_CONTEXT('2D SPACE',''
  ) );
#1535 = PCURVE('',#1536,#1541);
#1536 = PLANE('',#1537);
#1537 = AXIS2_PLACEMENT_3D('',#1538,#1539,#1540);
#1538 = CARTESIAN_POINT('',(-13.5,-8.318549101582E-16,18.));
#1539 = DIRECTION('',(-0.,-0.,-1.));
#1540 = DIRECTION('',(-1.,0.,0.));
#1541 = DEFINITIONAL_REPRESENTATION('',(#1542),#1546);
#1542 = CIRCLE('',#1543,5.5);
#1543 = AXIS2_PLACEMENT_2D('',#1544,#1545);
#1544 = CARTESIAN_POINT('',(5.329070518201E-15,-43.));
#1545 = DIRECTION('',(-1.,-1.110223024625E-16));
#1546 = ( GEOMETRIC_REPRESENTATION_CONTEXT(2) 
PARAMETRIC_REPRESENTATION_CONTEXT() REPRESENTATION_CONTEXT('2D SPACE',''
  ) );
#1547 = ORIENTED_EDGE('',*,*,#1548,.F.);
#1548 = EDGE_CURVE('',#1549,#1521,#1551,.T.);
#1549 = VERTEX_POINT('',#1550);
#1550 = CARTESIAN_POINT('',(-8.,-43.,15.));
#1551 = SURFACE_CURVE('',#1552,(#1556,#1562),.PCURVE_S1.);
#1552 = LINE('',#1553,#1554);
#1553 = CARTESIAN_POINT('',(-8.,-43.,15.));
#1554 = VECTOR('',#1555,1.);
#1555 = DIRECTION('',(0.,0.,1.));
#1556 = PCURVE('',#73,#1557);
#1557 = DEFINITIONAL_REPRESENTATION('',(#1558),#1561);
#1558 = B_SPLINE_CURVE_WITH_KNOTS('',1,(#1559,#1560),.UNSPECIFIED.,.F.,
  .F.,(2,2),(0.,3.),.PIECEWISE_BEZIER_KNOTS.);
#1559 = CARTESIAN_POINT('',(-6.28318530718,-15.));
#1560 = CARTESIAN_POINT('',(-6.28318530718,-18.));
#1561 = ( GEOMETRIC_REPRESENTATION_CONTEXT(2) 
PARAMETRIC_REPRESENTATION_CONTEXT() REPRESENTATION_CONTEXT('2D SPACE',''
  ) );
#1562 = PCURVE('',#1563,#1568);
#1563 = PLANE('',#1564);
#1564 = AXIS2_PLACEMENT_3D('',#1565,#1566,#1567);
#1565 = CARTESIAN_POINT('',(-8.,43.,15.));
#1566 = DIRECTION('',(1.,-1.110223024625E-16,0.));
#1567 = DIRECTION('',(-1.110223024625E-16,-1.,0.));
#1568 = DEFINITIONAL_REPRESENTATION('',(#1569),#1573);
#1569 = LINE('',#1570,#1571);
#1570 = CARTESIAN_POINT('',(86.,0.));
#1571 = VECTOR('',#1572,1.);
#1572 = DIRECTION('',(0.,-1.));
#1573 = ( GEOMETRIC_REPRESENTATION_CONTEXT(2) 
PARAMETRIC_REPRESENTATION_CONTEXT() REPRESENTATION_CONTEXT('2D SPACE',''
  ) );
#1574 = ORIENTED_EDGE('',*,*,#1575,.F.);
#1575 = EDGE_CURVE('',#57,#1549,#1576,.T.);
#1576 = SURFACE_CURVE('',#1577,(#1581,#1588),.PCURVE_S1.);
#1577 = LINE('',#1578,#1579);
#1578 = CARTESIAN_POINT('',(-8.,-43.,0.));
#1579 = VECTOR('',#1580,1.);
#1580 = DIRECTION('',(0.,0.,1.));
#1581 = PCURVE('',#73,#1582);
#1582 = DEFINITIONAL_REPRESENTATION('',(#1583),#1587);
#1583 = LINE('',#1584,#1585);
#1584 = CARTESIAN_POINT('',(-6.28318530718,0.));
#1585 = VECTOR('',#1586,1.);
#1586 = DIRECTION('',(-0.,-1.));
#1587 = ( GEOMETRIC_REPRESENTATION_CONTEXT(2) 
PARAMETRIC_REPRESENTATION_CONTEXT() REPRESENTATION_CONTEXT('2D SPACE',''
  ) );
#1588 = PCURVE('',#102,#1589);
#1589 = DEFINITIONAL_REPRESENTATION('',(#1590),#1594);
#1590 = LINE('',#1591,#1592);
#1591 = CARTESIAN_POINT('',(-0.,0.));
#1592 = VECTOR('',#1593,1.);
#1593 = DIRECTION('',(-0.,-1.));
#1594 = ( GEOMETRIC_REPRESENTATION_CONTEXT(2) 
PARAMETRIC_REPRESENTATION_CONTEXT() REPRESENTATION_CONTEXT('2D SPACE',''
  ) );
#1595 = ORIENTED_EDGE('',*,*,#56,.F.);
#1596 = ORIENTED_EDGE('',*,*,#1319,.F.);
#1597 = ADVANCED_FACE('',(#1598),#880,.F.);
#1598 = FACE_BOUND('',#1599,.F.);
#1599 = EDGE_LOOP('',(#1600,#1601,#1622,#1650,#1676,#1702,#1728,#1749));
#1600 = ORIENTED_EDGE('',*,*,#866,.F.);
#1601 = ORIENTED_EDGE('',*,*,#1602,.F.);
#1602 = EDGE_CURVE('',#1603,#838,#1605,.T.);
#1603 = VERTEX_POINT('',#1604);
#1604 = CARTESIAN_POINT('',(-23.63250523987,-22.7,10.055));
#1605 = SURFACE_CURVE('',#1606,(#1610,#1616),.PCURVE_S1.);
#1606 = LINE('',#1607,#1608);
#1607 = CARTESIAN_POINT('',(-23.63250523987,-22.7,0.));
#1608 = VECTOR('',#1609,1.);
#1609 = DIRECTION('',(-0.,-0.,-1.));
#1610 = PCURVE('',#880,#1611);
#1611 = DEFINITIONAL_REPRESENTATION('',(#1612),#1615);
#1612 = B_SPLINE_CURVE_WITH_KNOTS('',1,(#1613,#1614),.UNSPECIFIED.,.F.,
  .F.,(2,2),(-11.0605,6.E-07),.PIECEWISE_BEZIER_KNOTS.);
#1613 = CARTESIAN_POINT('',(11.0605,5.367494760128));
#1614 = CARTESIAN_POINT('',(-6.E-07,5.367494760128));
#1615 = ( GEOMETRIC_REPRESENTATION_CONTEXT(2) 
PARAMETRIC_REPRESENTATION_CONTEXT() REPRESENTATION_CONTEXT('2D SPACE',''
  ) );
#1616 = PCURVE('',#854,#1617);
#1617 = DEFINITIONAL_REPRESENTATION('',(#1618),#1621);
#1618 = B_SPLINE_CURVE_WITH_KNOTS('',1,(#1619,#1620),.UNSPECIFIED.,.F.,
  .F.,(2,2),(-11.0605,6.E-07),.PIECEWISE_BEZIER_KNOTS.);
#1619 = CARTESIAN_POINT('',(-6.063234292488,-11.0605));
#1620 = CARTESIAN_POINT('',(-6.063234292488,6.E-07));
#1621 = ( GEOMETRIC_REPRESENTATION_CONTEXT(2) 
PARAMETRIC_REPRESENTATION_CONTEXT() REPRESENTATION_CONTEXT('2D SPACE',''
  ) );
#1622 = ORIENTED_EDGE('',*,*,#1623,.F.);
#1623 = EDGE_CURVE('',#1624,#1603,#1626,.T.);
#1624 = VERTEX_POINT('',#1625);
#1625 = CARTESIAN_POINT('',(-22.2,-22.7,10.055));
#1626 = SURFACE_CURVE('',#1627,(#1631,#1638),.PCURVE_S1.);
#1627 = LINE('',#1628,#1629);
#1628 = CARTESIAN_POINT('',(29.,-22.7,10.055));
#1629 = VECTOR('',#1630,1.);
#1630 = DIRECTION('',(-1.,0.,0.));
#1631 = PCURVE('',#880,#1632);
#1632 = DEFINITIONAL_REPRESENTATION('',(#1633),#1637);
#1633 = LINE('',#1634,#1635);
#1634 = CARTESIAN_POINT('',(10.055,58.));
#1635 = VECTOR('',#1636,1.);
#1636 = DIRECTION('',(0.,-1.));
#1637 = ( GEOMETRIC_REPRESENTATION_CONTEXT(2) 
PARAMETRIC_REPRESENTATION_CONTEXT() REPRESENTATION_CONTEXT('2D SPACE',''
  ) );
#1638 = PCURVE('',#1639,#1644);
#1639 = PLANE('',#1640);
#1640 = AXIS2_PLACEMENT_3D('',#1641,#1642,#1643);
#1641 = CARTESIAN_POINT('',(0.,-27.,15.));
#1642 = DIRECTION('',(-0.,0.754605522164,0.656178714925));
#1643 = DIRECTION('',(0.,0.656178714925,-0.754605522164));
#1644 = DEFINITIONAL_REPRESENTATION('',(#1645),#1649);
#1645 = LINE('',#1646,#1647);
#1646 = CARTESIAN_POINT('',(6.553092781275,-29.));
#1647 = VECTOR('',#1648,1.);
#1648 = DIRECTION('',(0.,1.));
#1649 = ( GEOMETRIC_REPRESENTATION_CONTEXT(2) 
PARAMETRIC_REPRESENTATION_CONTEXT() REPRESENTATION_CONTEXT('2D SPACE',''
  ) );
#1650 = ORIENTED_EDGE('',*,*,#1651,.T.);
#1651 = EDGE_CURVE('',#1624,#1652,#1654,.T.);
#1652 = VERTEX_POINT('',#1653);
#1653 = CARTESIAN_POINT('',(-22.2,-22.7,3.7));
#1654 = SURFACE_CURVE('',#1655,(#1659,#1665),.PCURVE_S1.);
#1655 = LINE('',#1656,#1657);
#1656 = CARTESIAN_POINT('',(-22.2,-22.7,3.75));
#1657 = VECTOR('',#1658,1.);
#1658 = DIRECTION('',(0.,0.,-1.));
#1659 = PCURVE('',#880,#1660);
#1660 = DEFINITIONAL_REPRESENTATION('',(#1661),#1664);
#1661 = B_SPLINE_CURVE_WITH_KNOTS('',1,(#1662,#1663),.UNSPECIFIED.,.F.,
  .F.,(2,2),(-6.305,0.75),.PIECEWISE_BEZIER_KNOTS.);
#1662 = CARTESIAN_POINT('',(10.055,6.8));
#1663 = CARTESIAN_POINT('',(3.,6.8));
#1664 = ( GEOMETRIC_REPRESENTATION_CONTEXT(2) 
PARAMETRIC_REPRESENTATION_CONTEXT() REPRESENTATION_CONTEXT('2D SPACE',''
  ) );
#1665 = PCURVE('',#1666,#1671);
#1666 = PLANE('',#1667);
#1667 = AXIS2_PLACEMENT_3D('',#1668,#1669,#1670);
#1668 = CARTESIAN_POINT('',(-22.2,-21.5,7.5));
#1669 = DIRECTION('',(1.,0.,0.));
#1670 = DIRECTION('',(-0.,0.,1.));
#1671 = DEFINITIONAL_REPRESENTATION('',(#1672),#1675);
#1672 = B_SPLINE_CURVE_WITH_KNOTS('',1,(#1673,#1674),.UNSPECIFIED.,.F.,
  .F.,(2,2),(-6.305,0.75),.PIECEWISE_BEZIER_KNOTS.);
#1673 = CARTESIAN_POINT('',(2.555,1.2));
#1674 = CARTESIAN_POINT('',(-4.5,1.2));
#1675 = ( GEOMETRIC_REPRESENTATION_CONTEXT(2) 
PARAMETRIC_REPRESENTATION_CONTEXT() REPRESENTATION_CONTEXT('2D SPACE',''
  ) );
#1676 = ORIENTED_EDGE('',*,*,#1677,.T.);
#1677 = EDGE_CURVE('',#1652,#1678,#1680,.T.);
#1678 = VERTEX_POINT('',#1679);
#1679 = CARTESIAN_POINT('',(-15.8,-22.7,3.7));
#1680 = SURFACE_CURVE('',#1681,(#1685,#1691),.PCURVE_S1.);
#1681 = LINE('',#1682,#1683);
#1682 = CARTESIAN_POINT('',(-24.,-22.7,3.7));
#1683 = VECTOR('',#1684,1.);
#1684 = DIRECTION('',(1.,-0.,0.));
#1685 = PCURVE('',#880,#1686);
#1686 = DEFINITIONAL_REPRESENTATION('',(#1687),#1690);
#1687 = B_SPLINE_CURVE_WITH_KNOTS('',1,(#1688,#1689),.UNSPECIFIED.,.F.,
  .F.,(2,2),(1.8,8.2),.PIECEWISE_BEZIER_KNOTS.);
#1688 = CARTESIAN_POINT('',(3.7,6.8));
#1689 = CARTESIAN_POINT('',(3.7,13.2));
#1690 = ( GEOMETRIC_REPRESENTATION_CONTEXT(2) 
PARAMETRIC_REPRESENTATION_CONTEXT() REPRESENTATION_CONTEXT('2D SPACE',''
  ) );
#1691 = PCURVE('',#1692,#1697);
#1692 = PLANE('',#1693);
#1693 = AXIS2_PLACEMENT_3D('',#1694,#1695,#1696);
#1694 = CARTESIAN_POINT('',(-19.,-25.,6.));
#1695 = DIRECTION('',(-0.,0.707106781187,0.707106781187));
#1696 = DIRECTION('',(0.,0.707106781187,-0.707106781187));
#1697 = DEFINITIONAL_REPRESENTATION('',(#1698),#1701);
#1698 = B_SPLINE_CURVE_WITH_KNOTS('',1,(#1699,#1700),.UNSPECIFIED.,.F.,
  .F.,(2,2),(1.8,8.2),.PIECEWISE_BEZIER_KNOTS.);
#1699 = CARTESIAN_POINT('',(3.252691193458,3.2));
#1700 = CARTESIAN_POINT('',(3.252691193458,-3.2));
#1701 = ( GEOMETRIC_REPRESENTATION_CONTEXT(2) 
PARAMETRIC_REPRESENTATION_CONTEXT() REPRESENTATION_CONTEXT('2D SPACE',''
  ) );
#1702 = ORIENTED_EDGE('',*,*,#1703,.F.);
#1703 = EDGE_CURVE('',#1704,#1678,#1706,.T.);
#1704 = VERTEX_POINT('',#1705);
#1705 = CARTESIAN_POINT('',(-15.8,-22.7,10.055));
#1706 = SURFACE_CURVE('',#1707,(#1711,#1717),.PCURVE_S1.);
#1707 = LINE('',#1708,#1709);
#1708 = CARTESIAN_POINT('',(-15.8,-22.7,3.75));
#1709 = VECTOR('',#1710,1.);
#1710 = DIRECTION('',(0.,0.,-1.));
#1711 = PCURVE('',#880,#1712);
#1712 = DEFINITIONAL_REPRESENTATION('',(#1713),#1716);
#1713 = B_SPLINE_CURVE_WITH_KNOTS('',1,(#1714,#1715),.UNSPECIFIED.,.F.,
  .F.,(2,2),(-6.305,0.75),.PIECEWISE_BEZIER_KNOTS.);
#1714 = CARTESIAN_POINT('',(10.055,13.2));
#1715 = CARTESIAN_POINT('',(3.,13.2));
#1716 = ( GEOMETRIC_REPRESENTATION_CONTEXT(2) 
PARAMETRIC_REPRESENTATION_CONTEXT() REPRESENTATION_CONTEXT('2D SPACE',''
  ) );
#1717 = PCURVE('',#1718,#1723);
#1718 = PLANE('',#1719);
#1719 = AXIS2_PLACEMENT_3D('',#1720,#1721,#1722);
#1720 = CARTESIAN_POINT('',(-15.8,-21.5,7.5));
#1721 = DIRECTION('',(1.,0.,0.));
#1722 = DIRECTION('',(-0.,0.,1.));
#1723 = DEFINITIONAL_REPRESENTATION('',(#1724),#1727);
#1724 = B_SPLINE_CURVE_WITH_KNOTS('',1,(#1725,#1726),.UNSPECIFIED.,.F.,
  .F.,(2,2),(-6.305,0.75),.PIECEWISE_BEZIER_KNOTS.);
#1725 = CARTESIAN_POINT('',(2.555,1.2));
#1726 = CARTESIAN_POINT('',(-4.5,1.2));
#1727 = ( GEOMETRIC_REPRESENTATION_CONTEXT(2) 
PARAMETRIC_REPRESENTATION_CONTEXT() REPRESENTATION_CONTEXT('2D SPACE',''
  ) );
#1728 = ORIENTED_EDGE('',*,*,#1729,.F.);
#1729 = EDGE_CURVE('',#1340,#1704,#1730,.T.);
#1730 = SURFACE_CURVE('',#1731,(#1735,#1742),.PCURVE_S1.);
#1731 = LINE('',#1732,#1733);
#1732 = CARTESIAN_POINT('',(29.,-22.7,10.055));
#1733 = VECTOR('',#1734,1.);
#1734 = DIRECTION('',(-1.,0.,0.));
#1735 = PCURVE('',#880,#1736);
#1736 = DEFINITIONAL_REPRESENTATION('',(#1737),#1741);
#1737 = LINE('',#1738,#1739);
#1738 = CARTESIAN_POINT('',(10.055,58.));
#1739 = VECTOR('',#1740,1.);
#1740 = DIRECTION('',(0.,-1.));
#1741 = ( GEOMETRIC_REPRESENTATION_CONTEXT(2) 
PARAMETRIC_REPRESENTATION_CONTEXT() REPRESENTATION_CONTEXT('2D SPACE',''
  ) );
#1742 = PCURVE('',#1639,#1743);
#1743 = DEFINITIONAL_REPRESENTATION('',(#1744),#1748);
#1744 = LINE('',#1745,#1746);
#1745 = CARTESIAN_POINT('',(6.553092781275,-29.));
#1746 = VECTOR('',#1747,1.);
#1747 = DIRECTION('',(0.,1.));
#1748 = ( GEOMETRIC_REPRESENTATION_CONTEXT(2) 
PARAMETRIC_REPRESENTATION_CONTEXT() REPRESENTATION_CONTEXT('2D SPACE',''
  ) );
#1749 = ORIENTED_EDGE('',*,*,#1339,.F.);
#1750 = ADVANCED_FACE('',(#1751),#102,.T.);
#1751 = FACE_BOUND('',#1752,.F.);
#1752 = EDGE_LOOP('',(#1753,#1754,#1755,#1790));
#1753 = ORIENTED_EDGE('',*,*,#85,.F.);
#1754 = ORIENTED_EDGE('',*,*,#1575,.T.);
#1755 = ORIENTED_EDGE('',*,*,#1756,.T.);
#1756 = EDGE_CURVE('',#1549,#1757,#1759,.T.);
#1757 = VERTEX_POINT('',#1758);
#1758 = CARTESIAN_POINT('',(-12.3,-37.63250523987,10.055));
#1759 = SURFACE_CURVE('',#1760,(#1765,#1778),.PCURVE_S1.);
#1760 = ELLIPSE('',#1761,8.38186285977,5.5);
#1761 = AXIS2_PLACEMENT_3D('',#1762,#1763,#1764);
#1762 = CARTESIAN_POINT('',(-13.5,-43.,8.675));
#1763 = DIRECTION('',(-0.754605522164,0.,0.656178714925));
#1764 = DIRECTION('',(-0.656178714925,0.,-0.754605522164));
#1765 = PCURVE('',#102,#1766);
#1766 = DEFINITIONAL_REPRESENTATION('',(#1767),#1777);
#1767 = B_SPLINE_CURVE_WITH_KNOTS('',8,(#1768,#1769,#1770,#1771,#1772,
    #1773,#1774,#1775,#1776),.UNSPECIFIED.,.F.,.F.,(9,9),(3.14159265359,
    4.571927565675),.PIECEWISE_BEZIER_KNOTS.);
#1768 = CARTESIAN_POINT('',(0.,-15.));
#1769 = CARTESIAN_POINT('',(-0.178791864011,-15.));
#1770 = CARTESIAN_POINT('',(-0.357583728021,-14.76892754371));
#1771 = CARTESIAN_POINT('',(-0.536375592033,-14.3067835763));
#1772 = CARTESIAN_POINT('',(-0.71516745604,-13.62932218575));
#1773 = CARTESIAN_POINT('',(-0.893959320054,-12.76807009513));
#1774 = CARTESIAN_POINT('',(-1.072751184063,-11.7675925565));
#1775 = CARTESIAN_POINT('',(-1.251543048074,-10.68022128356));
#1776 = CARTESIAN_POINT('',(-1.430334912085,-9.5605));
#1777 = ( GEOMETRIC_REPRESENTATION_CONTEXT(2) 
PARAMETRIC_REPRESENTATION_CONTEXT() REPRESENTATION_CONTEXT('2D SPACE',''
  ) );
#1778 = PCURVE('',#1779,#1784);
#1779 = PLANE('',#1780);
#1780 = AXIS2_PLACEMENT_3D('',#1781,#1782,#1783);
#1781 = CARTESIAN_POINT('',(-12.3,0.,10.055));
#1782 = DIRECTION('',(-0.754605522164,0.,0.656178714925));
#1783 = DIRECTION('',(0.656178714925,0.,0.754605522164));
#1784 = DEFINITIONAL_REPRESENTATION('',(#1785),#1789);
#1785 = ELLIPSE('',#1786,8.38186285977,5.5);
#1786 = AXIS2_PLACEMENT_2D('',#1787,#1788);
#1787 = CARTESIAN_POINT('',(-1.828770078495,-43.));
#1788 = DIRECTION('',(-1.,0.));
#1789 = ( GEOMETRIC_REPRESENTATION_CONTEXT(2) 
PARAMETRIC_REPRESENTATION_CONTEXT() REPRESENTATION_CONTEXT('2D SPACE',''
  ) );
#1790 = ORIENTED_EDGE('',*,*,#1791,.T.);
#1791 = EDGE_CURVE('',#1757,#86,#1792,.T.);
#1792 = SURFACE_CURVE('',#1793,(#1797,#1803),.PCURVE_S1.);
#1793 = LINE('',#1794,#1795);
#1794 = CARTESIAN_POINT('',(-12.3,-37.63250523987,0.));
#1795 = VECTOR('',#1796,1.);
#1796 = DIRECTION('',(-0.,-0.,-1.));
#1797 = PCURVE('',#102,#1798);
#1798 = DEFINITIONAL_REPRESENTATION('',(#1799),#1802);
#1799 = B_SPLINE_CURVE_WITH_KNOTS('',1,(#1800,#1801),.UNSPECIFIED.,.F.,
  .F.,(2,2),(-11.0605,6.E-07),.PIECEWISE_BEZIER_KNOTS.);
#1800 = CARTESIAN_POINT('',(-1.350845312103,-11.0605));
#1801 = CARTESIAN_POINT('',(-1.350845312103,6.E-07));
#1802 = ( GEOMETRIC_REPRESENTATION_CONTEXT(2) 
PARAMETRIC_REPRESENTATION_CONTEXT() REPRESENTATION_CONTEXT('2D SPACE',''
  ) );
#1803 = PCURVE('',#130,#1804);
#1804 = DEFINITIONAL_REPRESENTATION('',(#1805),#1808);
#1805 = B_SPLINE_CURVE_WITH_KNOTS('',1,(#1806,#1807),.UNSPECIFIED.,.F.,
  .F.,(2,2),(-11.0605,6.E-07),.PIECEWISE_BEZIER_KNOTS.);
#1806 = CARTESIAN_POINT('',(11.0605,-5.367494760128));
#1807 = CARTESIAN_POINT('',(-6.E-07,-5.367494760128));
#1808 = ( GEOMETRIC_REPRESENTATION_CONTEXT(2) 
PARAMETRIC_REPRESENTATION_CONTEXT() REPRESENTATION_CONTEXT('2D SPACE',''
  ) );
#1809 = ADVANCED_FACE('',(#1810),#854,.T.);
#1810 = FACE_BOUND('',#1811,.F.);
#1811 = EDGE_LOOP('',(#1812,#1813,#1834,#1869,#1897,#1920,#1948,#1976));
#1812 = ORIENTED_EDGE('',*,*,#837,.F.);
#1813 = ORIENTED_EDGE('',*,*,#1814,.F.);
#1814 = EDGE_CURVE('',#1815,#810,#1817,.T.);
#1815 = VERTEX_POINT('',#1816);
#1816 = CARTESIAN_POINT('',(-23.63250523987,-20.3,10.055));
#1817 = SURFACE_CURVE('',#1818,(#1822,#1828),.PCURVE_S1.);
#1818 = LINE('',#1819,#1820);
#1819 = CARTESIAN_POINT('',(-23.63250523987,-20.3,0.));
#1820 = VECTOR('',#1821,1.);
#1821 = DIRECTION('',(-0.,-0.,-1.));
#1822 = PCURVE('',#854,#1823);
#1823 = DEFINITIONAL_REPRESENTATION('',(#1824),#1827);
#1824 = B_SPLINE_CURVE_WITH_KNOTS('',1,(#1825,#1826),.UNSPECIFIED.,.F.,
  .F.,(2,2),(-11.0605,6.E-07),.PIECEWISE_BEZIER_KNOTS.);
#1825 = CARTESIAN_POINT('',(-0.219951014692,-11.0605));
#1826 = CARTESIAN_POINT('',(-0.219951014692,6.E-07));
#1827 = ( GEOMETRIC_REPRESENTATION_CONTEXT(2) 
PARAMETRIC_REPRESENTATION_CONTEXT() REPRESENTATION_CONTEXT('2D SPACE',''
  ) );
#1828 = PCURVE('',#825,#1829);
#1829 = DEFINITIONAL_REPRESENTATION('',(#1830),#1833);
#1830 = B_SPLINE_CURVE_WITH_KNOTS('',1,(#1831,#1832),.UNSPECIFIED.,.F.,
  .F.,(2,2),(-11.0605,6.E-07),.PIECEWISE_BEZIER_KNOTS.);
#1831 = CARTESIAN_POINT('',(11.0605,5.367494760128));
#1832 = CARTESIAN_POINT('',(-6.E-07,5.367494760128));
#1833 = ( GEOMETRIC_REPRESENTATION_CONTEXT(2) 
PARAMETRIC_REPRESENTATION_CONTEXT() REPRESENTATION_CONTEXT('2D SPACE',''
  ) );
#1834 = ORIENTED_EDGE('',*,*,#1835,.T.);
#1835 = EDGE_CURVE('',#1815,#1836,#1838,.T.);
#1836 = VERTEX_POINT('',#1837);
#1837 = CARTESIAN_POINT('',(-29.,-16.,15.));
#1838 = SURFACE_CURVE('',#1839,(#1844,#1857),.PCURVE_S1.);
#1839 = ELLIPSE('',#1840,8.38186285977,5.5);
#1840 = AXIS2_PLACEMENT_3D('',#1841,#1842,#1843);
#1841 = CARTESIAN_POINT('',(-29.,-21.5,8.675));
#1842 = DIRECTION('',(0.,-0.754605522164,0.656178714925));
#1843 = DIRECTION('',(0.,-0.656178714925,-0.754605522164));
#1844 = PCURVE('',#854,#1845);
#1845 = DEFINITIONAL_REPRESENTATION('',(#1846),#1856);
#1846 = B_SPLINE_CURVE_WITH_KNOTS('',8,(#1847,#1848,#1849,#1850,#1851,
    #1852,#1853,#1854,#1855),.UNSPECIFIED.,.F.,.F.,(9,9),(1.711257741505
    ,3.404614856498),.PIECEWISE_BEZIER_KNOTS.);
#1847 = CARTESIAN_POINT('',(-0.14046141471,-9.5605));
#1848 = CARTESIAN_POINT('',(-0.352131054084,-10.8861251989));
#1849 = CARTESIAN_POINT('',(-0.563800693458,-12.16640917747));
#1850 = CARTESIAN_POINT('',(-0.775470332837,-13.31084347065));
#1851 = CARTESIAN_POINT('',(-0.987139972203,-14.23327691879));
#1852 = CARTESIAN_POINT('',(-1.198809611585,-14.86479120273));
#1853 = CARTESIAN_POINT('',(-1.410479250954,-15.16592468301));
#1854 = CARTESIAN_POINT('',(-1.622148890329,-15.13056522046));
#1855 = CARTESIAN_POINT('',(-1.833818529703,-14.78247449851));
#1856 = ( GEOMETRIC_REPRESENTATION_CONTEXT(2) 
PARAMETRIC_REPRESENTATION_CONTEXT() REPRESENTATION_CONTEXT('2D SPACE',''
  ) );
#1857 = PCURVE('',#1858,#1863);
#1858 = PLANE('',#1859);
#1859 = AXIS2_PLACEMENT_3D('',#1860,#1861,#1862);
#1860 = CARTESIAN_POINT('',(0.,-20.3,10.055));
#1861 = DIRECTION('',(0.,-0.754605522164,0.656178714925));
#1862 = DIRECTION('',(0.,0.656178714925,0.754605522164));
#1863 = DEFINITIONAL_REPRESENTATION('',(#1864),#1868);
#1864 = ELLIPSE('',#1865,8.38186285977,5.5);
#1865 = AXIS2_PLACEMENT_2D('',#1866,#1867);
#1866 = CARTESIAN_POINT('',(-1.828770078495,29.));
#1867 = DIRECTION('',(-1.,-0.));
#1868 = ( GEOMETRIC_REPRESENTATION_CONTEXT(2) 
PARAMETRIC_REPRESENTATION_CONTEXT() REPRESENTATION_CONTEXT('2D SPACE',''
  ) );
#1869 = ORIENTED_EDGE('',*,*,#1870,.T.);
#1870 = EDGE_CURVE('',#1836,#1871,#1873,.T.);
#1871 = VERTEX_POINT('',#1872);
#1872 = CARTESIAN_POINT('',(-29.,-16.,18.));
#1873 = SURFACE_CURVE('',#1874,(#1878,#1885),.PCURVE_S1.);
#1874 = LINE('',#1875,#1876);
#1875 = CARTESIAN_POINT('',(-29.,-16.,15.));
#1876 = VECTOR('',#1877,1.);
#1877 = DIRECTION('',(0.,0.,1.));
#1878 = PCURVE('',#854,#1879);
#1879 = DEFINITIONAL_REPRESENTATION('',(#1880),#1884);
#1880 = LINE('',#1881,#1882);
#1881 = CARTESIAN_POINT('',(-1.570796326795,-15.));
#1882 = VECTOR('',#1883,1.);
#1883 = DIRECTION('',(-0.,-1.));
#1884 = ( GEOMETRIC_REPRESENTATION_CONTEXT(2) 
PARAMETRIC_REPRESENTATION_CONTEXT() REPRESENTATION_CONTEXT('2D SPACE',''
  ) );
#1885 = PCURVE('',#1886,#1891);
#1886 = PLANE('',#1887);
#1887 = AXIS2_PLACEMENT_3D('',#1888,#1889,#1890);
#1888 = CARTESIAN_POINT('',(-29.,-16.,15.));
#1889 = DIRECTION('',(0.,1.,0.));
#1890 = DIRECTION('',(1.,0.,0.));
#1891 = DEFINITIONAL_REPRESENTATION('',(#1892),#1896);
#1892 = LINE('',#1893,#1894);
#1893 = CARTESIAN_POINT('',(0.,0.));
#1894 = VECTOR('',#1895,1.);
#1895 = DIRECTION('',(0.,-1.));
#1896 = ( GEOMETRIC_REPRESENTATION_CONTEXT(2) 
PARAMETRIC_REPRESENTATION_CONTEXT() REPRESENTATION_CONTEXT('2D SPACE',''
  ) );
#1897 = ORIENTED_EDGE('',*,*,#1898,.F.);
#1898 = EDGE_CURVE('',#1899,#1871,#1901,.T.);
#1899 = VERTEX_POINT('',#1900);
#1900 = CARTESIAN_POINT('',(-29.,-27.,18.));
#1901 = SURFACE_CURVE('',#1902,(#1907,#1913),.PCURVE_S1.);
#1902 = CIRCLE('',#1903,5.5);
#1903 = AXIS2_PLACEMENT_3D('',#1904,#1905,#1906);
#1904 = CARTESIAN_POINT('',(-29.,-21.5,18.));
#1905 = DIRECTION('',(0.,-0.,-1.));
#1906 = DIRECTION('',(0.,-1.,0.));
#1907 = PCURVE('',#854,#1908);
#1908 = DEFINITIONAL_REPRESENTATION('',(#1909),#1912);
#1909 = B_SPLINE_CURVE_WITH_KNOTS('',1,(#1910,#1911),.UNSPECIFIED.,.F.,
  .F.,(2,2),(0.,3.14159265359),.PIECEWISE_BEZIER_KNOTS.);
#1910 = CARTESIAN_POINT('',(-4.712388980385,-18.));
#1911 = CARTESIAN_POINT('',(-1.570796326795,-18.));
#1912 = ( GEOMETRIC_REPRESENTATION_CONTEXT(2) 
PARAMETRIC_REPRESENTATION_CONTEXT() REPRESENTATION_CONTEXT('2D SPACE',''
  ) );
#1913 = PCURVE('',#1536,#1914);
#1914 = DEFINITIONAL_REPRESENTATION('',(#1915),#1919);
#1915 = CIRCLE('',#1916,5.5);
#1916 = AXIS2_PLACEMENT_2D('',#1917,#1918);
#1917 = CARTESIAN_POINT('',(15.5,-21.5));
#1918 = DIRECTION('',(0.,-1.));
#1919 = ( GEOMETRIC_REPRESENTATION_CONTEXT(2) 
PARAMETRIC_REPRESENTATION_CONTEXT() REPRESENTATION_CONTEXT('2D SPACE',''
  ) );
#1920 = ORIENTED_EDGE('',*,*,#1921,.F.);
#1921 = EDGE_CURVE('',#1922,#1899,#1924,.T.);
#1922 = VERTEX_POINT('',#1923);
#1923 = CARTESIAN_POINT('',(-29.,-27.,15.));
#1924 = SURFACE_CURVE('',#1925,(#1929,#1936),.PCURVE_S1.);
#1925 = LINE('',#1926,#1927);
#1926 = CARTESIAN_POINT('',(-29.,-27.,15.));
#1927 = VECTOR('',#1928,1.);
#1928 = DIRECTION('',(0.,0.,1.));
#1929 = PCURVE('',#854,#1930);
#1930 = DEFINITIONAL_REPRESENTATION('',(#1931),#1935);
#1931 = LINE('',#1932,#1933);
#1932 = CARTESIAN_POINT('',(-4.712388980385,-15.));
#1933 = VECTOR('',#1934,1.);
#1934 = DIRECTION('',(-0.,-1.));
#1935 = ( GEOMETRIC_REPRESENTATION_CONTEXT(2) 
PARAMETRIC_REPRESENTATION_CONTEXT() REPRESENTATION_CONTEXT('2D SPACE',''
  ) );
#1936 = PCURVE('',#1937,#1942);
#1937 = PLANE('',#1938);
#1938 = AXIS2_PLACEMENT_3D('',#1939,#1940,#1941);
#1939 = CARTESIAN_POINT('',(29.,-27.,15.));
#1940 = DIRECTION('',(0.,-1.,0.));
#1941 = DIRECTION('',(-1.,0.,0.));
#1942 = DEFINITIONAL_REPRESENTATION('',(#1943),#1947);
#1943 = LINE('',#1944,#1945);
#1944 = CARTESIAN_POINT('',(58.,0.));
#1945 = VECTOR('',#1946,1.);
#1946 = DIRECTION('',(0.,-1.));
#1947 = ( GEOMETRIC_REPRESENTATION_CONTEXT(2) 
PARAMETRIC_REPRESENTATION_CONTEXT() REPRESENTATION_CONTEXT('2D SPACE',''
  ) );
#1948 = ORIENTED_EDGE('',*,*,#1949,.T.);
#1949 = EDGE_CURVE('',#1922,#1603,#1950,.T.);
#1950 = SURFACE_CURVE('',#1951,(#1956,#1969),.PCURVE_S1.);
#1951 = ELLIPSE('',#1952,8.38186285977,5.5);
#1952 = AXIS2_PLACEMENT_3D('',#1953,#1954,#1955);
#1953 = CARTESIAN_POINT('',(-29.,-21.5,8.675));
#1954 = DIRECTION('',(0.,0.754605522164,0.656178714925));
#1955 = DIRECTION('',(0.,0.656178714925,-0.754605522164));
#1956 = PCURVE('',#854,#1957);
#1957 = DEFINITIONAL_REPRESENTATION('',(#1958),#1968);
#1958 = B_SPLINE_CURVE_WITH_KNOTS('',8,(#1959,#1960,#1961,#1962,#1963,
    #1964,#1965,#1966,#1967),.UNSPECIFIED.,.F.,.F.,(9,9),(2.878570450681
    ,4.571927565675),.PIECEWISE_BEZIER_KNOTS.);
#1959 = CARTESIAN_POINT('',(-4.449366777476,-14.78247449851));
#1960 = CARTESIAN_POINT('',(-4.66103641685,-15.13056522046));
#1961 = CARTESIAN_POINT('',(-4.872706056222,-15.16592468299));
#1962 = CARTESIAN_POINT('',(-5.084375695587,-14.86479120276));
#1963 = CARTESIAN_POINT('',(-5.296045334977,-14.23327691864));
#1964 = CARTESIAN_POINT('',(-5.507714974345,-13.31084347073));
#1965 = CARTESIAN_POINT('',(-5.71938461372,-12.16640917745));
#1966 = CARTESIAN_POINT('',(-5.931054253096,-10.8861251989));
#1967 = CARTESIAN_POINT('',(-6.14272389247,-9.5605));
#1968 = ( GEOMETRIC_REPRESENTATION_CONTEXT(2) 
PARAMETRIC_REPRESENTATION_CONTEXT() REPRESENTATION_CONTEXT('2D SPACE',''
  ) );
#1969 = PCURVE('',#1639,#1970);
#1970 = DEFINITIONAL_REPRESENTATION('',(#1971),#1975);
#1971 = ELLIPSE('',#1972,8.38186285977,5.5);
#1972 = AXIS2_PLACEMENT_2D('',#1973,#1974);
#1973 = CARTESIAN_POINT('',(8.38186285977,29.));
#1974 = DIRECTION('',(1.,0.));
#1975 = ( GEOMETRIC_REPRESENTATION_CONTEXT(2) 
PARAMETRIC_REPRESENTATION_CONTEXT() REPRESENTATION_CONTEXT('2D SPACE',''
  ) );
#1976 = ORIENTED_EDGE('',*,*,#1602,.T.);
#1977 = ADVANCED_FACE('',(#1978),#130,.T.);
#1978 = FACE_BOUND('',#1979,.T.);
#1979 = EDGE_LOOP('',(#1980,#1981,#2002,#2025,#2046,#2067,#2088,#2109));
#1980 = ORIENTED_EDGE('',*,*,#114,.T.);
#1981 = ORIENTED_EDGE('',*,*,#1982,.T.);
#1982 = EDGE_CURVE('',#115,#1983,#1985,.T.);
#1983 = VERTEX_POINT('',#1984);
#1984 = CARTESIAN_POINT('',(-12.3,-22.7,10.055));
#1985 = SURFACE_CURVE('',#1986,(#1990,#1996),.PCURVE_S1.);
#1986 = LINE('',#1987,#1988);
#1987 = CARTESIAN_POINT('',(-12.3,-22.7,0.));
#1988 = VECTOR('',#1989,1.);
#1989 = DIRECTION('',(0.,0.,1.));
#1990 = PCURVE('',#130,#1991);
#1991 = DEFINITIONAL_REPRESENTATION('',(#1992),#1995);
#1992 = B_SPLINE_CURVE_WITH_KNOTS('',1,(#1993,#1994),.UNSPECIFIED.,.F.,
  .F.,(2,2),(0.,15.),.PIECEWISE_BEZIER_KNOTS.);
#1993 = CARTESIAN_POINT('',(0.,-20.3));
#1994 = CARTESIAN_POINT('',(15.,-20.3));
#1995 = ( GEOMETRIC_REPRESENTATION_CONTEXT(2) 
PARAMETRIC_REPRESENTATION_CONTEXT() REPRESENTATION_CONTEXT('2D SPACE',''
  ) );
#1996 = PCURVE('',#158,#1997);
#1997 = DEFINITIONAL_REPRESENTATION('',(#1998),#2001);
#1998 = B_SPLINE_CURVE_WITH_KNOTS('',1,(#1999,#2000),.UNSPECIFIED.,.F.,
  .F.,(2,2),(0.,15.),.PIECEWISE_BEZIER_KNOTS.);
#1999 = CARTESIAN_POINT('',(0.,16.7));
#2000 = CARTESIAN_POINT('',(15.,16.7));
#2001 = ( GEOMETRIC_REPRESENTATION_CONTEXT(2) 
PARAMETRIC_REPRESENTATION_CONTEXT() REPRESENTATION_CONTEXT('2D SPACE',''
  ) );
#2002 = ORIENTED_EDGE('',*,*,#2003,.T.);
#2003 = EDGE_CURVE('',#1983,#2004,#2006,.T.);
#2004 = VERTEX_POINT('',#2005);
#2005 = CARTESIAN_POINT('',(-12.3,-27.3,10.055));
#2006 = SURFACE_CURVE('',#2007,(#2011,#2018),.PCURVE_S1.);
#2007 = LINE('',#2008,#2009);
#2008 = CARTESIAN_POINT('',(-12.3,43.,10.055));
#2009 = VECTOR('',#2010,1.);
#2010 = DIRECTION('',(0.,-1.,0.));
#2011 = PCURVE('',#130,#2012);
#2012 = DEFINITIONAL_REPRESENTATION('',(#2013),#2017);
#2013 = LINE('',#2014,#2015);
#2014 = CARTESIAN_POINT('',(10.055,-86.));
#2015 = VECTOR('',#2016,1.);
#2016 = DIRECTION('',(0.,1.));
#2017 = ( GEOMETRIC_REPRESENTATION_CONTEXT(2) 
PARAMETRIC_REPRESENTATION_CONTEXT() REPRESENTATION_CONTEXT('2D SPACE',''
  ) );
#2018 = PCURVE('',#1779,#2019);
#2019 = DEFINITIONAL_REPRESENTATION('',(#2020),#2024);
#2020 = LINE('',#2021,#2022);
#2021 = CARTESIAN_POINT('',(0.,43.));
#2022 = VECTOR('',#2023,1.);
#2023 = DIRECTION('',(0.,-1.));
#2024 = ( GEOMETRIC_REPRESENTATION_CONTEXT(2) 
PARAMETRIC_REPRESENTATION_CONTEXT() REPRESENTATION_CONTEXT('2D SPACE',''
  ) );
#2025 = ORIENTED_EDGE('',*,*,#2026,.T.);
#2026 = EDGE_CURVE('',#2004,#2027,#2029,.T.);
#2027 = VERTEX_POINT('',#2028);
#2028 = CARTESIAN_POINT('',(-12.3,-27.3,3.));
#2029 = SURFACE_CURVE('',#2030,(#2034,#2040),.PCURVE_S1.);
#2030 = LINE('',#2031,#2032);
#2031 = CARTESIAN_POINT('',(-12.3,-27.3,3.75));
#2032 = VECTOR('',#2033,1.);
#2033 = DIRECTION('',(0.,0.,-1.));
#2034 = PCURVE('',#130,#2035);
#2035 = DEFINITIONAL_REPRESENTATION('',(#2036),#2039);
#2036 = B_SPLINE_CURVE_WITH_KNOTS('',1,(#2037,#2038),.UNSPECIFIED.,.F.,
  .F.,(2,2),(-6.305,0.75),.PIECEWISE_BEZIER_KNOTS.);
#2037 = CARTESIAN_POINT('',(10.055,-15.7));
#2038 = CARTESIAN_POINT('',(3.,-15.7));
#2039 = ( GEOMETRIC_REPRESENTATION_CONTEXT(2) 
PARAMETRIC_REPRESENTATION_CONTEXT() REPRESENTATION_CONTEXT('2D SPACE',''
  ) );
#2040 = PCURVE('',#1398,#2041);
#2041 = DEFINITIONAL_REPRESENTATION('',(#2042),#2045);
#2042 = B_SPLINE_CURVE_WITH_KNOTS('',1,(#2043,#2044),.UNSPECIFIED.,.F.,
  .F.,(2,2),(-6.305,0.75),.PIECEWISE_BEZIER_KNOTS.);
#2043 = CARTESIAN_POINT('',(-2.555,1.2));
#2044 = CARTESIAN_POINT('',(4.5,1.2));
#2045 = ( GEOMETRIC_REPRESENTATION_CONTEXT(2) 
PARAMETRIC_REPRESENTATION_CONTEXT() REPRESENTATION_CONTEXT('2D SPACE',''
  ) );
#2046 = ORIENTED_EDGE('',*,*,#2047,.T.);
#2047 = EDGE_CURVE('',#2027,#2048,#2050,.T.);
#2048 = VERTEX_POINT('',#2049);
#2049 = CARTESIAN_POINT('',(-12.3,-33.7,3.));
#2050 = SURFACE_CURVE('',#2051,(#2055,#2061),.PCURVE_S1.);
#2051 = LINE('',#2052,#2053);
#2052 = CARTESIAN_POINT('',(-12.3,-36.75,3.));
#2053 = VECTOR('',#2054,1.);
#2054 = DIRECTION('',(0.,-1.,0.));
#2055 = PCURVE('',#130,#2056);
#2056 = DEFINITIONAL_REPRESENTATION('',(#2057),#2060);
#2057 = B_SPLINE_CURVE_WITH_KNOTS('',1,(#2058,#2059),.UNSPECIFIED.,.F.,
  .F.,(2,2),(-9.45,-3.05),.PIECEWISE_BEZIER_KNOTS.);
#2058 = CARTESIAN_POINT('',(3.,-15.7));
#2059 = CARTESIAN_POINT('',(3.,-9.3));
#2060 = ( GEOMETRIC_REPRESENTATION_CONTEXT(2) 
PARAMETRIC_REPRESENTATION_CONTEXT() REPRESENTATION_CONTEXT('2D SPACE',''
  ) );
#2061 = PCURVE('',#1424,#2062);
#2062 = DEFINITIONAL_REPRESENTATION('',(#2063),#2066);
#2063 = B_SPLINE_CURVE_WITH_KNOTS('',1,(#2064,#2065),.UNSPECIFIED.,.F.,
  .F.,(2,2),(-9.45,-3.05),.PIECEWISE_BEZIER_KNOTS.);
#2064 = CARTESIAN_POINT('',(3.2,3.2));
#2065 = CARTESIAN_POINT('',(3.2,-3.2));
#2066 = ( GEOMETRIC_REPRESENTATION_CONTEXT(2) 
PARAMETRIC_REPRESENTATION_CONTEXT() REPRESENTATION_CONTEXT('2D SPACE',''
  ) );
#2067 = ORIENTED_EDGE('',*,*,#2068,.F.);
#2068 = EDGE_CURVE('',#2069,#2048,#2071,.T.);
#2069 = VERTEX_POINT('',#2070);
#2070 = CARTESIAN_POINT('',(-12.3,-33.7,10.055));
#2071 = SURFACE_CURVE('',#2072,(#2076,#2082),.PCURVE_S1.);
#2072 = LINE('',#2073,#2074);
#2073 = CARTESIAN_POINT('',(-12.3,-33.7,3.75));
#2074 = VECTOR('',#2075,1.);
#2075 = DIRECTION('',(0.,0.,-1.));
#2076 = PCURVE('',#130,#2077);
#2077 = DEFINITIONAL_REPRESENTATION('',(#2078),#2081);
#2078 = B_SPLINE_CURVE_WITH_KNOTS('',1,(#2079,#2080),.UNSPECIFIED.,.F.,
  .F.,(2,2),(-6.305,0.75),.PIECEWISE_BEZIER_KNOTS.);
#2079 = CARTESIAN_POINT('',(10.055,-9.3));
#2080 = CARTESIAN_POINT('',(3.,-9.3));
#2081 = ( GEOMETRIC_REPRESENTATION_CONTEXT(2) 
PARAMETRIC_REPRESENTATION_CONTEXT() REPRESENTATION_CONTEXT('2D SPACE',''
  ) );
#2082 = PCURVE('',#1448,#2083);
#2083 = DEFINITIONAL_REPRESENTATION('',(#2084),#2087);
#2084 = B_SPLINE_CURVE_WITH_KNOTS('',1,(#2085,#2086),.UNSPECIFIED.,.F.,
  .F.,(2,2),(-6.305,0.75),.PIECEWISE_BEZIER_KNOTS.);
#2085 = CARTESIAN_POINT('',(-2.555,1.2));
#2086 = CARTESIAN_POINT('',(4.5,1.2));
#2087 = ( GEOMETRIC_REPRESENTATION_CONTEXT(2) 
PARAMETRIC_REPRESENTATION_CONTEXT() REPRESENTATION_CONTEXT('2D SPACE',''
  ) );
#2088 = ORIENTED_EDGE('',*,*,#2089,.T.);
#2089 = EDGE_CURVE('',#2069,#1757,#2090,.T.);
#2090 = SURFACE_CURVE('',#2091,(#2095,#2102),.PCURVE_S1.);
#2091 = LINE('',#2092,#2093);
#2092 = CARTESIAN_POINT('',(-12.3,43.,10.055));
#2093 = VECTOR('',#2094,1.);
#2094 = DIRECTION('',(0.,-1.,0.));
#2095 = PCURVE('',#130,#2096);
#2096 = DEFINITIONAL_REPRESENTATION('',(#2097),#2101);
#2097 = LINE('',#2098,#2099);
#2098 = CARTESIAN_POINT('',(10.055,-86.));
#2099 = VECTOR('',#2100,1.);
#2100 = DIRECTION('',(0.,1.));
#2101 = ( GEOMETRIC_REPRESENTATION_CONTEXT(2) 
PARAMETRIC_REPRESENTATION_CONTEXT() REPRESENTATION_CONTEXT('2D SPACE',''
  ) );
#2102 = PCURVE('',#1779,#2103);
#2103 = DEFINITIONAL_REPRESENTATION('',(#2104),#2108);
#2104 = LINE('',#2105,#2106);
#2105 = CARTESIAN_POINT('',(0.,43.));
#2106 = VECTOR('',#2107,1.);
#2107 = DIRECTION('',(0.,-1.));
#2108 = ( GEOMETRIC_REPRESENTATION_CONTEXT(2) 
PARAMETRIC_REPRESENTATION_CONTEXT() REPRESENTATION_CONTEXT('2D SPACE',''
  ) );
#2109 = ORIENTED_EDGE('',*,*,#1791,.T.);
#2110 = ADVANCED_FACE('',(#2111),#825,.T.);
#2111 = FACE_BOUND('',#2112,.T.);
#2112 = EDGE_LOOP('',(#2113,#2114,#2115,#2138,#2159,#2185,#2206,#2229));
#2113 = ORIENTED_EDGE('',*,*,#809,.F.);
#2114 = ORIENTED_EDGE('',*,*,#1814,.F.);
#2115 = ORIENTED_EDGE('',*,*,#2116,.T.);
#2116 = EDGE_CURVE('',#1815,#2117,#2119,.T.);
#2117 = VERTEX_POINT('',#2118);
#2118 = CARTESIAN_POINT('',(-22.2,-20.3,10.055));
#2119 = SURFACE_CURVE('',#2120,(#2124,#2131),.PCURVE_S1.);
#2120 = LINE('',#2121,#2122);
#2121 = CARTESIAN_POINT('',(-29.,-20.3,10.055));
#2122 = VECTOR('',#2123,1.);
#2123 = DIRECTION('',(1.,0.,0.));
#2124 = PCURVE('',#825,#2125);
#2125 = DEFINITIONAL_REPRESENTATION('',(#2126),#2130);
#2126 = LINE('',#2127,#2128);
#2127 = CARTESIAN_POINT('',(10.055,0.));
#2128 = VECTOR('',#2129,1.);
#2129 = DIRECTION('',(0.,1.));
#2130 = ( GEOMETRIC_REPRESENTATION_CONTEXT(2) 
PARAMETRIC_REPRESENTATION_CONTEXT() REPRESENTATION_CONTEXT('2D SPACE',''
  ) );
#2131 = PCURVE('',#1858,#2132);
#2132 = DEFINITIONAL_REPRESENTATION('',(#2133),#2137);
#2133 = LINE('',#2134,#2135);
#2134 = CARTESIAN_POINT('',(0.,29.));
#2135 = VECTOR('',#2136,1.);
#2136 = DIRECTION('',(0.,-1.));
#2137 = ( GEOMETRIC_REPRESENTATION_CONTEXT(2) 
PARAMETRIC_REPRESENTATION_CONTEXT() REPRESENTATION_CONTEXT('2D SPACE',''
  ) );
#2138 = ORIENTED_EDGE('',*,*,#2139,.T.);
#2139 = EDGE_CURVE('',#2117,#2140,#2142,.T.);
#2140 = VERTEX_POINT('',#2141);
#2141 = CARTESIAN_POINT('',(-22.2,-20.3,3.7));
#2142 = SURFACE_CURVE('',#2143,(#2147,#2153),.PCURVE_S1.);
#2143 = LINE('',#2144,#2145);
#2144 = CARTESIAN_POINT('',(-22.2,-20.3,3.75));
#2145 = VECTOR('',#2146,1.);
#2146 = DIRECTION('',(0.,0.,-1.));
#2147 = PCURVE('',#825,#2148);
#2148 = DEFINITIONAL_REPRESENTATION('',(#2149),#2152);
#2149 = B_SPLINE_CURVE_WITH_KNOTS('',1,(#2150,#2151),.UNSPECIFIED.,.F.,
  .F.,(2,2),(-6.305,0.75),.PIECEWISE_BEZIER_KNOTS.);
#2150 = CARTESIAN_POINT('',(10.055,6.8));
#2151 = CARTESIAN_POINT('',(3.,6.8));
#2152 = ( GEOMETRIC_REPRESENTATION_CONTEXT(2) 
PARAMETRIC_REPRESENTATION_CONTEXT() REPRESENTATION_CONTEXT('2D SPACE',''
  ) );
#2153 = PCURVE('',#1666,#2154);
#2154 = DEFINITIONAL_REPRESENTATION('',(#2155),#2158);
#2155 = B_SPLINE_CURVE_WITH_KNOTS('',1,(#2156,#2157),.UNSPECIFIED.,.F.,
  .F.,(2,2),(-6.305,0.75),.PIECEWISE_BEZIER_KNOTS.);
#2156 = CARTESIAN_POINT('',(2.555,-1.2));
#2157 = CARTESIAN_POINT('',(-4.5,-1.2));
#2158 = ( GEOMETRIC_REPRESENTATION_CONTEXT(2) 
PARAMETRIC_REPRESENTATION_CONTEXT() REPRESENTATION_CONTEXT('2D SPACE',''
  ) );
#2159 = ORIENTED_EDGE('',*,*,#2160,.T.);
#2160 = EDGE_CURVE('',#2140,#2161,#2163,.T.);
#2161 = VERTEX_POINT('',#2162);
#2162 = CARTESIAN_POINT('',(-15.8,-20.3,3.7));
#2163 = SURFACE_CURVE('',#2164,(#2168,#2174),.PCURVE_S1.);
#2164 = LINE('',#2165,#2166);
#2165 = CARTESIAN_POINT('',(-24.,-20.3,3.7));
#2166 = VECTOR('',#2167,1.);
#2167 = DIRECTION('',(1.,0.,-0.));
#2168 = PCURVE('',#825,#2169);
#2169 = DEFINITIONAL_REPRESENTATION('',(#2170),#2173);
#2170 = B_SPLINE_CURVE_WITH_KNOTS('',1,(#2171,#2172),.UNSPECIFIED.,.F.,
  .F.,(2,2),(1.8,8.2),.PIECEWISE_BEZIER_KNOTS.);
#2171 = CARTESIAN_POINT('',(3.7,6.8));
#2172 = CARTESIAN_POINT('',(3.7,13.2));
#2173 = ( GEOMETRIC_REPRESENTATION_CONTEXT(2) 
PARAMETRIC_REPRESENTATION_CONTEXT() REPRESENTATION_CONTEXT('2D SPACE',''
  ) );
#2174 = PCURVE('',#2175,#2180);
#2175 = PLANE('',#2176);
#2176 = AXIS2_PLACEMENT_3D('',#2177,#2178,#2179);
#2177 = CARTESIAN_POINT('',(-19.,-21.,3.));
#2178 = DIRECTION('',(0.,-0.707106781187,0.707106781187));
#2179 = DIRECTION('',(0.,0.707106781187,0.707106781187));
#2180 = DEFINITIONAL_REPRESENTATION('',(#2181),#2184);
#2181 = B_SPLINE_CURVE_WITH_KNOTS('',1,(#2182,#2183),.UNSPECIFIED.,.F.,
  .F.,(2,2),(1.8,8.2),.PIECEWISE_BEZIER_KNOTS.);
#2182 = CARTESIAN_POINT('',(0.989949493661,3.2));
#2183 = CARTESIAN_POINT('',(0.989949493661,-3.2));
#2184 = ( GEOMETRIC_REPRESENTATION_CONTEXT(2) 
PARAMETRIC_REPRESENTATION_CONTEXT() REPRESENTATION_CONTEXT('2D SPACE',''
  ) );
#2185 = ORIENTED_EDGE('',*,*,#2186,.F.);
#2186 = EDGE_CURVE('',#2187,#2161,#2189,.T.);
#2187 = VERTEX_POINT('',#2188);
#2188 = CARTESIAN_POINT('',(-15.8,-20.3,10.055));
#2189 = SURFACE_CURVE('',#2190,(#2194,#2200),.PCURVE_S1.);
#2190 = LINE('',#2191,#2192);
#2191 = CARTESIAN_POINT('',(-15.8,-20.3,3.75));
#2192 = VECTOR('',#2193,1.);
#2193 = DIRECTION('',(0.,0.,-1.));
#2194 = PCURVE('',#825,#2195);
#2195 = DEFINITIONAL_REPRESENTATION('',(#2196),#2199);
#2196 = B_SPLINE_CURVE_WITH_KNOTS('',1,(#2197,#2198),.UNSPECIFIED.,.F.,
  .F.,(2,2),(-6.305,0.75),.PIECEWISE_BEZIER_KNOTS.);
#2197 = CARTESIAN_POINT('',(10.055,13.2));
#2198 = CARTESIAN_POINT('',(3.,13.2));
#2199 = ( GEOMETRIC_REPRESENTATION_CONTEXT(2) 
PARAMETRIC_REPRESENTATION_CONTEXT() REPRESENTATION_CONTEXT('2D SPACE',''
  ) );
#2200 = PCURVE('',#1718,#2201);
#2201 = DEFINITIONAL_REPRESENTATION('',(#2202),#2205);
#2202 = B_SPLINE_CURVE_WITH_KNOTS('',1,(#2203,#2204),.UNSPECIFIED.,.F.,
  .F.,(2,2),(-6.305,0.75),.PIECEWISE_BEZIER_KNOTS.);
#2203 = CARTESIAN_POINT('',(2.555,-1.2));
#2204 = CARTESIAN_POINT('',(-4.5,-1.2));
#2205 = ( GEOMETRIC_REPRESENTATION_CONTEXT(2) 
PARAMETRIC_REPRESENTATION_CONTEXT() REPRESENTATION_CONTEXT('2D SPACE',''
  ) );
#2206 = ORIENTED_EDGE('',*,*,#2207,.T.);
#2207 = EDGE_CURVE('',#2187,#2208,#2210,.T.);
#2208 = VERTEX_POINT('',#2209);
#2209 = CARTESIAN_POINT('',(-14.7,-20.3,10.055));
#2210 = SURFACE_CURVE('',#2211,(#2215,#2222),.PCURVE_S1.);
#2211 = LINE('',#2212,#2213);
#2212 = CARTESIAN_POINT('',(-29.,-20.3,10.055));
#2213 = VECTOR('',#2214,1.);
#2214 = DIRECTION('',(1.,0.,0.));
#2215 = PCURVE('',#825,#2216);
#2216 = DEFINITIONAL_REPRESENTATION('',(#2217),#2221);
#2217 = LINE('',#2218,#2219);
#2218 = CARTESIAN_POINT('',(10.055,0.));
#2219 = VECTOR('',#2220,1.);
#2220 = DIRECTION('',(0.,1.));
#2221 = ( GEOMETRIC_REPRESENTATION_CONTEXT(2) 
PARAMETRIC_REPRESENTATION_CONTEXT() REPRESENTATION_CONTEXT('2D SPACE',''
  ) );
#2222 = PCURVE('',#1858,#2223);
#2223 = DEFINITIONAL_REPRESENTATION('',(#2224),#2228);
#2224 = LINE('',#2225,#2226);
#2225 = CARTESIAN_POINT('',(0.,29.));
#2226 = VECTOR('',#2227,1.);
#2227 = DIRECTION('',(0.,-1.));
#2228 = ( GEOMETRIC_REPRESENTATION_CONTEXT(2) 
PARAMETRIC_REPRESENTATION_CONTEXT() REPRESENTATION_CONTEXT('2D SPACE',''
  ) );
#2229 = ORIENTED_EDGE('',*,*,#2230,.F.);
#2230 = EDGE_CURVE('',#782,#2208,#2231,.T.);
#2231 = SURFACE_CURVE('',#2232,(#2236,#2242),.PCURVE_S1.);
#2232 = LINE('',#2233,#2234);
#2233 = CARTESIAN_POINT('',(-14.7,-20.3,0.));
#2234 = VECTOR('',#2235,1.);
#2235 = DIRECTION('',(0.,0.,1.));
#2236 = PCURVE('',#825,#2237);
#2237 = DEFINITIONAL_REPRESENTATION('',(#2238),#2241);
#2238 = B_SPLINE_CURVE_WITH_KNOTS('',1,(#2239,#2240),.UNSPECIFIED.,.F.,
  .F.,(2,2),(0.,15.),.PIECEWISE_BEZIER_KNOTS.);
#2239 = CARTESIAN_POINT('',(0.,14.3));
#2240 = CARTESIAN_POINT('',(15.,14.3));
#2241 = ( GEOMETRIC_REPRESENTATION_CONTEXT(2) 
PARAMETRIC_REPRESENTATION_CONTEXT() REPRESENTATION_CONTEXT('2D SPACE',''
  ) );
#2242 = PCURVE('',#797,#2243);
#2243 = DEFINITIONAL_REPRESENTATION('',(#2244),#2247);
#2244 = B_SPLINE_CURVE_WITH_KNOTS('',1,(#2245,#2246),.UNSPECIFIED.,.F.,
  .F.,(2,2),(0.,15.),.PIECEWISE_BEZIER_KNOTS.);
#2245 = CARTESIAN_POINT('',(0.,-22.7));
#2246 = CARTESIAN_POINT('',(15.,-22.7));
#2247 = ( GEOMETRIC_REPRESENTATION_CONTEXT(2) 
PARAMETRIC_REPRESENTATION_CONTEXT() REPRESENTATION_CONTEXT('2D SPACE',''
  ) );
#2248 = ADVANCED_FACE('',(#2249),#158,.F.);
#2249 = FACE_BOUND('',#2250,.F.);
#2250 = EDGE_LOOP('',(#2251,#2252,#2253,#2281,#2307,#2333,#2359,#2382));
#2251 = ORIENTED_EDGE('',*,*,#142,.F.);
#2252 = ORIENTED_EDGE('',*,*,#1982,.T.);
#2253 = ORIENTED_EDGE('',*,*,#2254,.F.);
#2254 = EDGE_CURVE('',#2255,#1983,#2257,.T.);
#2255 = VERTEX_POINT('',#2256);
#2256 = CARTESIAN_POINT('',(-3.2,-22.7,10.055));
#2257 = SURFACE_CURVE('',#2258,(#2262,#2269),.PCURVE_S1.);
#2258 = LINE('',#2259,#2260);
#2259 = CARTESIAN_POINT('',(29.,-22.7,10.055));
#2260 = VECTOR('',#2261,1.);
#2261 = DIRECTION('',(-1.,0.,0.));
#2262 = PCURVE('',#158,#2263);
#2263 = DEFINITIONAL_REPRESENTATION('',(#2264),#2268);
#2264 = LINE('',#2265,#2266);
#2265 = CARTESIAN_POINT('',(10.055,58.));
#2266 = VECTOR('',#2267,1.);
#2267 = DIRECTION('',(0.,-1.));
#2268 = ( GEOMETRIC_REPRESENTATION_CONTEXT(2) 
PARAMETRIC_REPRESENTATION_CONTEXT() REPRESENTATION_CONTEXT('2D SPACE',''
  ) );
#2269 = PCURVE('',#2270,#2275);
#2270 = PLANE('',#2271);
#2271 = AXIS2_PLACEMENT_3D('',#2272,#2273,#2274);
#2272 = CARTESIAN_POINT('',(0.,-27.,15.));
#2273 = DIRECTION('',(-0.,0.754605522164,0.656178714925));
#2274 = DIRECTION('',(0.,0.656178714925,-0.754605522164));
#2275 = DEFINITIONAL_REPRESENTATION('',(#2276),#2280);
#2276 = LINE('',#2277,#2278);
#2277 = CARTESIAN_POINT('',(6.553092781275,-29.));
#2278 = VECTOR('',#2279,1.);
#2279 = DIRECTION('',(0.,1.));
#2280 = ( GEOMETRIC_REPRESENTATION_CONTEXT(2) 
PARAMETRIC_REPRESENTATION_CONTEXT() REPRESENTATION_CONTEXT('2D SPACE',''
  ) );
#2281 = ORIENTED_EDGE('',*,*,#2282,.T.);
#2282 = EDGE_CURVE('',#2255,#2283,#2285,.T.);
#2283 = VERTEX_POINT('',#2284);
#2284 = CARTESIAN_POINT('',(-3.2,-22.7,3.));
#2285 = SURFACE_CURVE('',#2286,(#2290,#2296),.PCURVE_S1.);
#2286 = LINE('',#2287,#2288);
#2287 = CARTESIAN_POINT('',(-3.2,-22.7,3.75));
#2288 = VECTOR('',#2289,1.);
#2289 = DIRECTION('',(0.,0.,-1.));
#2290 = PCURVE('',#158,#2291);
#2291 = DEFINITIONAL_REPRESENTATION('',(#2292),#2295);
#2292 = B_SPLINE_CURVE_WITH_KNOTS('',1,(#2293,#2294),.UNSPECIFIED.,.F.,
  .F.,(2,2),(-6.305,0.75),.PIECEWISE_BEZIER_KNOTS.);
#2293 = CARTESIAN_POINT('',(10.055,25.8));
#2294 = CARTESIAN_POINT('',(3.,25.8));
#2295 = ( GEOMETRIC_REPRESENTATION_CONTEXT(2) 
PARAMETRIC_REPRESENTATION_CONTEXT() REPRESENTATION_CONTEXT('2D SPACE',''
  ) );
#2296 = PCURVE('',#2297,#2302);
#2297 = PLANE('',#2298);
#2298 = AXIS2_PLACEMENT_3D('',#2299,#2300,#2301);
#2299 = CARTESIAN_POINT('',(-3.2,-21.5,7.5));
#2300 = DIRECTION('',(1.,0.,0.));
#2301 = DIRECTION('',(-0.,0.,1.));
#2302 = DEFINITIONAL_REPRESENTATION('',(#2303),#2306);
#2303 = B_SPLINE_CURVE_WITH_KNOTS('',1,(#2304,#2305),.UNSPECIFIED.,.F.,
  .F.,(2,2),(-6.305,0.75),.PIECEWISE_BEZIER_KNOTS.);
#2304 = CARTESIAN_POINT('',(2.555,1.2));
#2305 = CARTESIAN_POINT('',(-4.5,1.2));
#2306 = ( GEOMETRIC_REPRESENTATION_CONTEXT(2) 
PARAMETRIC_REPRESENTATION_CONTEXT() REPRESENTATION_CONTEXT('2D SPACE',''
  ) );
#2307 = ORIENTED_EDGE('',*,*,#2308,.T.);
#2308 = EDGE_CURVE('',#2283,#2309,#2311,.T.);
#2309 = VERTEX_POINT('',#2310);
#2310 = CARTESIAN_POINT('',(3.2,-22.7,3.));
#2311 = SURFACE_CURVE('',#2312,(#2316,#2322),.PCURVE_S1.);
#2312 = LINE('',#2313,#2314);
#2313 = CARTESIAN_POINT('',(-14.5,-22.7,3.));
#2314 = VECTOR('',#2315,1.);
#2315 = DIRECTION('',(1.,0.,0.));
#2316 = PCURVE('',#158,#2317);
#2317 = DEFINITIONAL_REPRESENTATION('',(#2318),#2321);
#2318 = B_SPLINE_CURVE_WITH_KNOTS('',1,(#2319,#2320),.UNSPECIFIED.,.F.,
  .F.,(2,2),(11.3,17.7),.PIECEWISE_BEZIER_KNOTS.);
#2319 = CARTESIAN_POINT('',(3.,25.8));
#2320 = CARTESIAN_POINT('',(3.,32.2));
#2321 = ( GEOMETRIC_REPRESENTATION_CONTEXT(2) 
PARAMETRIC_REPRESENTATION_CONTEXT() REPRESENTATION_CONTEXT('2D SPACE',''
  ) );
#2322 = PCURVE('',#2323,#2328);
#2323 = PLANE('',#2324);
#2324 = AXIS2_PLACEMENT_3D('',#2325,#2326,#2327);
#2325 = CARTESIAN_POINT('',(0.,-23.5,3.));
#2326 = DIRECTION('',(0.,0.,1.));
#2327 = DIRECTION('',(0.,1.,0.));
#2328 = DEFINITIONAL_REPRESENTATION('',(#2329),#2332);
#2329 = B_SPLINE_CURVE_WITH_KNOTS('',1,(#2330,#2331),.UNSPECIFIED.,.F.,
  .F.,(2,2),(11.3,17.7),.PIECEWISE_BEZIER_KNOTS.);
#2330 = CARTESIAN_POINT('',(0.8,3.2));
#2331 = CARTESIAN_POINT('',(0.8,-3.2));
#2332 = ( GEOMETRIC_REPRESENTATION_CONTEXT(2) 
PARAMETRIC_REPRESENTATION_CONTEXT() REPRESENTATION_CONTEXT('2D SPACE',''
  ) );
#2333 = ORIENTED_EDGE('',*,*,#2334,.F.);
#2334 = EDGE_CURVE('',#2335,#2309,#2337,.T.);
#2335 = VERTEX_POINT('',#2336);
#2336 = CARTESIAN_POINT('',(3.2,-22.7,10.055));
#2337 = SURFACE_CURVE('',#2338,(#2342,#2348),.PCURVE_S1.);
#2338 = LINE('',#2339,#2340);
#2339 = CARTESIAN_POINT('',(3.2,-22.7,3.75));
#2340 = VECTOR('',#2341,1.);
#2341 = DIRECTION('',(0.,0.,-1.));
#2342 = PCURVE('',#158,#2343);
#2343 = DEFINITIONAL_REPRESENTATION('',(#2344),#2347);
#2344 = B_SPLINE_CURVE_WITH_KNOTS('',1,(#2345,#2346),.UNSPECIFIED.,.F.,
  .F.,(2,2),(-6.305,0.75),.PIECEWISE_BEZIER_KNOTS.);
#2345 = CARTESIAN_POINT('',(10.055,32.2));
#2346 = CARTESIAN_POINT('',(3.,32.2));
#2347 = ( GEOMETRIC_REPRESENTATION_CONTEXT(2) 
PARAMETRIC_REPRESENTATION_CONTEXT() REPRESENTATION_CONTEXT('2D SPACE',''
  ) );
#2348 = PCURVE('',#2349,#2354);
#2349 = PLANE('',#2350);
#2350 = AXIS2_PLACEMENT_3D('',#2351,#2352,#2353);
#2351 = CARTESIAN_POINT('',(3.2,-21.5,7.5));
#2352 = DIRECTION('',(1.,0.,0.));
#2353 = DIRECTION('',(-0.,0.,1.));
#2354 = DEFINITIONAL_REPRESENTATION('',(#2355),#2358);
#2355 = B_SPLINE_CURVE_WITH_KNOTS('',1,(#2356,#2357),.UNSPECIFIED.,.F.,
  .F.,(2,2),(-6.305,0.75),.PIECEWISE_BEZIER_KNOTS.);
#2356 = CARTESIAN_POINT('',(2.555,1.2));
#2357 = CARTESIAN_POINT('',(-4.5,1.2));
#2358 = ( GEOMETRIC_REPRESENTATION_CONTEXT(2) 
PARAMETRIC_REPRESENTATION_CONTEXT() REPRESENTATION_CONTEXT('2D SPACE',''
  ) );
#2359 = ORIENTED_EDGE('',*,*,#2360,.F.);
#2360 = EDGE_CURVE('',#2361,#2335,#2363,.T.);
#2361 = VERTEX_POINT('',#2362);
#2362 = CARTESIAN_POINT('',(12.3,-22.7,10.055));
#2363 = SURFACE_CURVE('',#2364,(#2368,#2375),.PCURVE_S1.);
#2364 = LINE('',#2365,#2366);
#2365 = CARTESIAN_POINT('',(29.,-22.7,10.055));
#2366 = VECTOR('',#2367,1.);
#2367 = DIRECTION('',(-1.,0.,0.));
#2368 = PCURVE('',#158,#2369);
#2369 = DEFINITIONAL_REPRESENTATION('',(#2370),#2374);
#2370 = LINE('',#2371,#2372);
#2371 = CARTESIAN_POINT('',(10.055,58.));
#2372 = VECTOR('',#2373,1.);
#2373 = DIRECTION('',(0.,-1.));
#2374 = ( GEOMETRIC_REPRESENTATION_CONTEXT(2) 
PARAMETRIC_REPRESENTATION_CONTEXT() REPRESENTATION_CONTEXT('2D SPACE',''
  ) );
#2375 = PCURVE('',#2270,#2376);
#2376 = DEFINITIONAL_REPRESENTATION('',(#2377),#2381);
#2377 = LINE('',#2378,#2379);
#2378 = CARTESIAN_POINT('',(6.553092781275,-29.));
#2379 = VECTOR('',#2380,1.);
#2380 = DIRECTION('',(0.,1.));
#2381 = ( GEOMETRIC_REPRESENTATION_CONTEXT(2) 
PARAMETRIC_REPRESENTATION_CONTEXT() REPRESENTATION_CONTEXT('2D SPACE',''
  ) );
#2382 = ORIENTED_EDGE('',*,*,#2383,.F.);
#2383 = EDGE_CURVE('',#143,#2361,#2384,.T.);
#2384 = SURFACE_CURVE('',#2385,(#2389,#2395),.PCURVE_S1.);
#2385 = LINE('',#2386,#2387);
#2386 = CARTESIAN_POINT('',(12.3,-22.7,0.));
#2387 = VECTOR('',#2388,1.);
#2388 = DIRECTION('',(0.,0.,1.));
#2389 = PCURVE('',#158,#2390);
#2390 = DEFINITIONAL_REPRESENTATION('',(#2391),#2394);
#2391 = B_SPLINE_CURVE_WITH_KNOTS('',1,(#2392,#2393),.UNSPECIFIED.,.F.,
  .F.,(2,2),(0.,15.),.PIECEWISE_BEZIER_KNOTS.);
#2392 = CARTESIAN_POINT('',(0.,41.3));
#2393 = CARTESIAN_POINT('',(15.,41.3));
#2394 = ( GEOMETRIC_REPRESENTATION_CONTEXT(2) 
PARAMETRIC_REPRESENTATION_CONTEXT() REPRESENTATION_CONTEXT('2D SPACE',''
  ) );
#2395 = PCURVE('',#186,#2396);
#2396 = DEFINITIONAL_REPRESENTATION('',(#2397),#2400);
#2397 = B_SPLINE_CURVE_WITH_KNOTS('',1,(#2398,#2399),.UNSPECIFIED.,.F.,
  .F.,(2,2),(0.,15.),.PIECEWISE_BEZIER_KNOTS.);
#2398 = CARTESIAN_POINT('',(0.,-20.3));
#2399 = CARTESIAN_POINT('',(15.,-20.3));
#2400 = ( GEOMETRIC_REPRESENTATION_CONTEXT(2) 
PARAMETRIC_REPRESENTATION_CONTEXT() REPRESENTATION_CONTEXT('2D SPACE',''
  ) );
#2401 = ADVANCED_FACE('',(#2402),#797,.F.);
#2402 = FACE_BOUND('',#2403,.F.);
#2403 = EDGE_LOOP('',(#2404,#2405,#2406,#2427,#2455,#2481,#2507,#2533,
    #2559,#2585,#2608,#2634,#2660,#2686,#2709,#2735,#2761,#2787,#2813,
    #2839));
#2404 = ORIENTED_EDGE('',*,*,#2230,.F.);
#2405 = ORIENTED_EDGE('',*,*,#781,.T.);
#2406 = ORIENTED_EDGE('',*,*,#2407,.T.);
#2407 = EDGE_CURVE('',#754,#2408,#2410,.T.);
#2408 = VERTEX_POINT('',#2409);
#2409 = CARTESIAN_POINT('',(-14.7,20.3,10.055));
#2410 = SURFACE_CURVE('',#2411,(#2415,#2421),.PCURVE_S1.);
#2411 = LINE('',#2412,#2413);
#2412 = CARTESIAN_POINT('',(-14.7,20.3,0.));
#2413 = VECTOR('',#2414,1.);
#2414 = DIRECTION('',(0.,0.,1.));
#2415 = PCURVE('',#797,#2416);
#2416 = DEFINITIONAL_REPRESENTATION('',(#2417),#2420);
#2417 = B_SPLINE_CURVE_WITH_KNOTS('',1,(#2418,#2419),.UNSPECIFIED.,.F.,
  .F.,(2,2),(0.,15.),.PIECEWISE_BEZIER_KNOTS.);
#2418 = CARTESIAN_POINT('',(0.,-63.3));
#2419 = CARTESIAN_POINT('',(15.,-63.3));
#2420 = ( GEOMETRIC_REPRESENTATION_CONTEXT(2) 
PARAMETRIC_REPRESENTATION_CONTEXT() REPRESENTATION_CONTEXT('2D SPACE',''
  ) );
#2421 = PCURVE('',#769,#2422);
#2422 = DEFINITIONAL_REPRESENTATION('',(#2423),#2426);
#2423 = B_SPLINE_CURVE_WITH_KNOTS('',1,(#2424,#2425),.UNSPECIFIED.,.F.,
  .F.,(2,2),(0.,15.),.PIECEWISE_BEZIER_KNOTS.);
#2424 = CARTESIAN_POINT('',(0.,14.3));
#2425 = CARTESIAN_POINT('',(15.,14.3));
#2426 = ( GEOMETRIC_REPRESENTATION_CONTEXT(2) 
PARAMETRIC_REPRESENTATION_CONTEXT() REPRESENTATION_CONTEXT('2D SPACE',''
  ) );
#2427 = ORIENTED_EDGE('',*,*,#2428,.F.);
#2428 = EDGE_CURVE('',#2429,#2408,#2431,.T.);
#2429 = VERTEX_POINT('',#2430);
#2430 = CARTESIAN_POINT('',(-14.7,17.688749679651,10.055));
#2431 = SURFACE_CURVE('',#2432,(#2436,#2443),.PCURVE_S1.);
#2432 = LINE('',#2433,#2434);
#2433 = CARTESIAN_POINT('',(-14.7,-43.,10.055));
#2434 = VECTOR('',#2435,1.);
#2435 = DIRECTION('',(0.,1.,0.));
#2436 = PCURVE('',#797,#2437);
#2437 = DEFINITIONAL_REPRESENTATION('',(#2438),#2442);
#2438 = LINE('',#2439,#2440);
#2439 = CARTESIAN_POINT('',(10.055,0.));
#2440 = VECTOR('',#2441,1.);
#2441 = DIRECTION('',(0.,-1.));
#2442 = ( GEOMETRIC_REPRESENTATION_CONTEXT(2) 
PARAMETRIC_REPRESENTATION_CONTEXT() REPRESENTATION_CONTEXT('2D SPACE',''
  ) );
#2443 = PCURVE('',#2444,#2449);
#2444 = PLANE('',#2445);
#2445 = AXIS2_PLACEMENT_3D('',#2446,#2447,#2448);
#2446 = CARTESIAN_POINT('',(-19.,0.,15.));
#2447 = DIRECTION('',(0.754605522164,0.,0.656178714925));
#2448 = DIRECTION('',(0.656178714925,0.,-0.754605522164));
#2449 = DEFINITIONAL_REPRESENTATION('',(#2450),#2454);
#2450 = LINE('',#2451,#2452);
#2451 = CARTESIAN_POINT('',(6.553092781275,-43.));
#2452 = VECTOR('',#2453,1.);
#2453 = DIRECTION('',(0.,1.));
#2454 = ( GEOMETRIC_REPRESENTATION_CONTEXT(2) 
PARAMETRIC_REPRESENTATION_CONTEXT() REPRESENTATION_CONTEXT('2D SPACE',''
  ) );
#2455 = ORIENTED_EDGE('',*,*,#2456,.T.);
#2456 = EDGE_CURVE('',#2429,#2457,#2459,.T.);
#2457 = VERTEX_POINT('',#2458);
#2458 = CARTESIAN_POINT('',(-14.7,17.688749679651,9.));
#2459 = SURFACE_CURVE('',#2460,(#2464,#2470),.PCURVE_S1.);
#2460 = LINE('',#2461,#2462);
#2461 = CARTESIAN_POINT('',(-14.7,17.688749679651,9.));
#2462 = VECTOR('',#2463,1.);
#2463 = DIRECTION('',(-0.,-0.,-1.));
#2464 = PCURVE('',#797,#2465);
#2465 = DEFINITIONAL_REPRESENTATION('',(#2466),#2469);
#2466 = B_SPLINE_CURVE_WITH_KNOTS('',1,(#2467,#2468),.UNSPECIFIED.,.F.,
  .F.,(2,2),(-2.0605,5.999999999062E-07),.PIECEWISE_BEZIER_KNOTS.);
#2467 = CARTESIAN_POINT('',(11.0605,-60.68874967965));
#2468 = CARTESIAN_POINT('',(8.9999994,-60.68874967965));
#2469 = ( GEOMETRIC_REPRESENTATION_CONTEXT(2) 
PARAMETRIC_REPRESENTATION_CONTEXT() REPRESENTATION_CONTEXT('2D SPACE',''
  ) );
#2470 = PCURVE('',#2471,#2476);
#2471 = CYLINDRICAL_SURFACE('',#2472,2.5);
#2472 = AXIS2_PLACEMENT_3D('',#2473,#2474,#2475);
#2473 = CARTESIAN_POINT('',(-15.25,15.25,9.));
#2474 = DIRECTION('',(-0.,-0.,-1.));
#2475 = DIRECTION('',(1.,0.,0.));
#2476 = DEFINITIONAL_REPRESENTATION('',(#2477),#2480);
#2477 = B_SPLINE_CURVE_WITH_KNOTS('',1,(#2478,#2479),.UNSPECIFIED.,.F.,
  .F.,(2,2),(-2.0605,5.999999999062E-07),.PIECEWISE_BEZIER_KNOTS.);
#2478 = CARTESIAN_POINT('',(-1.348981856298,-2.0605));
#2479 = CARTESIAN_POINT('',(-1.348981856298,5.999999999062E-07));
#2480 = ( GEOMETRIC_REPRESENTATION_CONTEXT(2) 
PARAMETRIC_REPRESENTATION_CONTEXT() REPRESENTATION_CONTEXT('2D SPACE',''
  ) );
#2481 = ORIENTED_EDGE('',*,*,#2482,.T.);
#2482 = EDGE_CURVE('',#2457,#2483,#2485,.T.);
#2483 = VERTEX_POINT('',#2484);
#2484 = CARTESIAN_POINT('',(-14.7,17.2,9.));
#2485 = SURFACE_CURVE('',#2486,(#2490,#2496),.PCURVE_S1.);
#2486 = LINE('',#2487,#2488);
#2487 = CARTESIAN_POINT('',(-14.7,-13.875,9.));
#2488 = VECTOR('',#2489,1.);
#2489 = DIRECTION('',(0.,-1.,0.));
#2490 = PCURVE('',#797,#2491);
#2491 = DEFINITIONAL_REPRESENTATION('',(#2492),#2495);
#2492 = B_SPLINE_CURVE_WITH_KNOTS('',1,(#2493,#2494),.UNSPECIFIED.,.F.,
  .F.,(2,2),(-31.625,-26.625),.PIECEWISE_BEZIER_KNOTS.);
#2493 = CARTESIAN_POINT('',(9.,-60.75));
#2494 = CARTESIAN_POINT('',(9.,-55.75));
#2495 = ( GEOMETRIC_REPRESENTATION_CONTEXT(2) 
PARAMETRIC_REPRESENTATION_CONTEXT() REPRESENTATION_CONTEXT('2D SPACE',''
  ) );
#2496 = PCURVE('',#2497,#2502);
#2497 = PLANE('',#2498);
#2498 = AXIS2_PLACEMENT_3D('',#2499,#2500,#2501);
#2499 = CARTESIAN_POINT('',(-15.25,15.25,9.));
#2500 = DIRECTION('',(0.,0.,1.));
#2501 = DIRECTION('',(1.,0.,-0.));
#2502 = DEFINITIONAL_REPRESENTATION('',(#2503),#2506);
#2503 = B_SPLINE_CURVE_WITH_KNOTS('',1,(#2504,#2505),.UNSPECIFIED.,.F.,
  .F.,(2,2),(-31.625,-26.625),.PIECEWISE_BEZIER_KNOTS.);
#2504 = CARTESIAN_POINT('',(0.55,2.5));
#2505 = CARTESIAN_POINT('',(0.55,-2.5));
#2506 = ( GEOMETRIC_REPRESENTATION_CONTEXT(2) 
PARAMETRIC_REPRESENTATION_CONTEXT() REPRESENTATION_CONTEXT('2D SPACE',''
  ) );
#2507 = ORIENTED_EDGE('',*,*,#2508,.T.);
#2508 = EDGE_CURVE('',#2483,#2509,#2511,.T.);
#2509 = VERTEX_POINT('',#2510);
#2510 = CARTESIAN_POINT('',(-14.7,17.2,3.));
#2511 = SURFACE_CURVE('',#2512,(#2516,#2522),.PCURVE_S1.);
#2512 = LINE('',#2513,#2514);
#2513 = CARTESIAN_POINT('',(-14.7,17.2,3.75));
#2514 = VECTOR('',#2515,1.);
#2515 = DIRECTION('',(0.,0.,-1.));
#2516 = PCURVE('',#797,#2517);
#2517 = DEFINITIONAL_REPRESENTATION('',(#2518),#2521);
#2518 = B_SPLINE_CURVE_WITH_KNOTS('',1,(#2519,#2520),.UNSPECIFIED.,.F.,
  .F.,(2,2),(-6.305,0.75),.PIECEWISE_BEZIER_KNOTS.);
#2519 = CARTESIAN_POINT('',(10.055,-60.2));
#2520 = CARTESIAN_POINT('',(3.,-60.2));
#2521 = ( GEOMETRIC_REPRESENTATION_CONTEXT(2) 
PARAMETRIC_REPRESENTATION_CONTEXT() REPRESENTATION_CONTEXT('2D SPACE',''
  ) );
#2522 = PCURVE('',#2523,#2528);
#2523 = PLANE('',#2524);
#2524 = AXIS2_PLACEMENT_3D('',#2525,#2526,#2527);
#2525 = CARTESIAN_POINT('',(-13.5,17.2,7.5));
#2526 = DIRECTION('',(-0.,-1.,-0.));
#2527 = DIRECTION('',(0.,0.,-1.));
#2528 = DEFINITIONAL_REPRESENTATION('',(#2529),#2532);
#2529 = B_SPLINE_CURVE_WITH_KNOTS('',1,(#2530,#2531),.UNSPECIFIED.,.F.,
  .F.,(2,2),(-6.305,0.75),.PIECEWISE_BEZIER_KNOTS.);
#2530 = CARTESIAN_POINT('',(-2.555,-1.2));
#2531 = CARTESIAN_POINT('',(4.5,-1.2));
#2532 = ( GEOMETRIC_REPRESENTATION_CONTEXT(2) 
PARAMETRIC_REPRESENTATION_CONTEXT() REPRESENTATION_CONTEXT('2D SPACE',''
  ) );
#2533 = ORIENTED_EDGE('',*,*,#2534,.T.);
#2534 = EDGE_CURVE('',#2509,#2535,#2537,.T.);
#2535 = VERTEX_POINT('',#2536);
#2536 = CARTESIAN_POINT('',(-14.7,10.8,3.));
#2537 = SURFACE_CURVE('',#2538,(#2542,#2548),.PCURVE_S1.);
#2538 = LINE('',#2539,#2540);
#2539 = CARTESIAN_POINT('',(-14.7,-14.5,3.));
#2540 = VECTOR('',#2541,1.);
#2541 = DIRECTION('',(0.,-1.,0.));
#2542 = PCURVE('',#797,#2543);
#2543 = DEFINITIONAL_REPRESENTATION('',(#2544),#2547);
#2544 = B_SPLINE_CURVE_WITH_KNOTS('',1,(#2545,#2546),.UNSPECIFIED.,.F.,
  .F.,(2,2),(-31.7,-25.3),.PIECEWISE_BEZIER_KNOTS.);
#2545 = CARTESIAN_POINT('',(3.,-60.2));
#2546 = CARTESIAN_POINT('',(3.,-53.8));
#2547 = ( GEOMETRIC_REPRESENTATION_CONTEXT(2) 
PARAMETRIC_REPRESENTATION_CONTEXT() REPRESENTATION_CONTEXT('2D SPACE',''
  ) );
#2548 = PCURVE('',#2549,#2554);
#2549 = PLANE('',#2550);
#2550 = AXIS2_PLACEMENT_3D('',#2551,#2552,#2553);
#2551 = CARTESIAN_POINT('',(-15.5,14.,3.));
#2552 = DIRECTION('',(-0.,0.,1.));
#2553 = DIRECTION('',(1.,0.,0.));
#2554 = DEFINITIONAL_REPRESENTATION('',(#2555),#2558);
#2555 = B_SPLINE_CURVE_WITH_KNOTS('',1,(#2556,#2557),.UNSPECIFIED.,.F.,
  .F.,(2,2),(-31.7,-25.3),.PIECEWISE_BEZIER_KNOTS.);
#2556 = CARTESIAN_POINT('',(0.8,3.2));
#2557 = CARTESIAN_POINT('',(0.8,-3.2));
#2558 = ( GEOMETRIC_REPRESENTATION_CONTEXT(2) 
PARAMETRIC_REPRESENTATION_CONTEXT() REPRESENTATION_CONTEXT('2D SPACE',''
  ) );
#2559 = ORIENTED_EDGE('',*,*,#2560,.F.);
#2560 = EDGE_CURVE('',#2561,#2535,#2563,.T.);
#2561 = VERTEX_POINT('',#2562);
#2562 = CARTESIAN_POINT('',(-14.7,10.8,10.055));
#2563 = SURFACE_CURVE('',#2564,(#2568,#2574),.PCURVE_S1.);
#2564 = LINE('',#2565,#2566);
#2565 = CARTESIAN_POINT('',(-14.7,10.8,3.75));
#2566 = VECTOR('',#2567,1.);
#2567 = DIRECTION('',(0.,0.,-1.));
#2568 = PCURVE('',#797,#2569);
#2569 = DEFINITIONAL_REPRESENTATION('',(#2570),#2573);
#2570 = B_SPLINE_CURVE_WITH_KNOTS('',1,(#2571,#2572),.UNSPECIFIED.,.F.,
  .F.,(2,2),(-6.305,0.75),.PIECEWISE_BEZIER_KNOTS.);
#2571 = CARTESIAN_POINT('',(10.055,-53.8));
#2572 = CARTESIAN_POINT('',(3.,-53.8));
#2573 = ( GEOMETRIC_REPRESENTATION_CONTEXT(2) 
PARAMETRIC_REPRESENTATION_CONTEXT() REPRESENTATION_CONTEXT('2D SPACE',''
  ) );
#2574 = PCURVE('',#2575,#2580);
#2575 = PLANE('',#2576);
#2576 = AXIS2_PLACEMENT_3D('',#2577,#2578,#2579);
#2577 = CARTESIAN_POINT('',(-13.5,10.8,7.5));
#2578 = DIRECTION('',(-0.,-1.,-0.));
#2579 = DIRECTION('',(0.,0.,-1.));
#2580 = DEFINITIONAL_REPRESENTATION('',(#2581),#2584);
#2581 = B_SPLINE_CURVE_WITH_KNOTS('',1,(#2582,#2583),.UNSPECIFIED.,.F.,
  .F.,(2,2),(-6.305,0.75),.PIECEWISE_BEZIER_KNOTS.);
#2582 = CARTESIAN_POINT('',(-2.555,-1.2));
#2583 = CARTESIAN_POINT('',(4.5,-1.2));
#2584 = ( GEOMETRIC_REPRESENTATION_CONTEXT(2) 
PARAMETRIC_REPRESENTATION_CONTEXT() REPRESENTATION_CONTEXT('2D SPACE',''
  ) );
#2585 = ORIENTED_EDGE('',*,*,#2586,.F.);
#2586 = EDGE_CURVE('',#2587,#2561,#2589,.T.);
#2587 = VERTEX_POINT('',#2588);
#2588 = CARTESIAN_POINT('',(-14.7,3.2,10.055));
#2589 = SURFACE_CURVE('',#2590,(#2594,#2601),.PCURVE_S1.);
#2590 = LINE('',#2591,#2592);
#2591 = CARTESIAN_POINT('',(-14.7,-43.,10.055));
#2592 = VECTOR('',#2593,1.);
#2593 = DIRECTION('',(0.,1.,0.));
#2594 = PCURVE('',#797,#2595);
#2595 = DEFINITIONAL_REPRESENTATION('',(#2596),#2600);
#2596 = LINE('',#2597,#2598);
#2597 = CARTESIAN_POINT('',(10.055,0.));
#2598 = VECTOR('',#2599,1.);
#2599 = DIRECTION('',(0.,-1.));
#2600 = ( GEOMETRIC_REPRESENTATION_CONTEXT(2) 
PARAMETRIC_REPRESENTATION_CONTEXT() REPRESENTATION_CONTEXT('2D SPACE',''
  ) );
#2601 = PCURVE('',#2444,#2602);
#2602 = DEFINITIONAL_REPRESENTATION('',(#2603),#2607);
#2603 = LINE('',#2604,#2605);
#2604 = CARTESIAN_POINT('',(6.553092781275,-43.));
#2605 = VECTOR('',#2606,1.);
#2606 = DIRECTION('',(0.,1.));
#2607 = ( GEOMETRIC_REPRESENTATION_CONTEXT(2) 
PARAMETRIC_REPRESENTATION_CONTEXT() REPRESENTATION_CONTEXT('2D SPACE',''
  ) );
#2608 = ORIENTED_EDGE('',*,*,#2609,.T.);
#2609 = EDGE_CURVE('',#2587,#2610,#2612,.T.);
#2610 = VERTEX_POINT('',#2611);
#2611 = CARTESIAN_POINT('',(-14.7,3.2,3.));
#2612 = SURFACE_CURVE('',#2613,(#2617,#2623),.PCURVE_S1.);
#2613 = LINE('',#2614,#2615);
#2614 = CARTESIAN_POINT('',(-14.7,3.2,3.75));
#2615 = VECTOR('',#2616,1.);
#2616 = DIRECTION('',(0.,0.,-1.));
#2617 = PCURVE('',#797,#2618);
#2618 = DEFINITIONAL_REPRESENTATION('',(#2619),#2622);
#2619 = B_SPLINE_CURVE_WITH_KNOTS('',1,(#2620,#2621),.UNSPECIFIED.,.F.,
  .F.,(2,2),(-6.305,0.75),.PIECEWISE_BEZIER_KNOTS.);
#2620 = CARTESIAN_POINT('',(10.055,-46.2));
#2621 = CARTESIAN_POINT('',(3.,-46.2));
#2622 = ( GEOMETRIC_REPRESENTATION_CONTEXT(2) 
PARAMETRIC_REPRESENTATION_CONTEXT() REPRESENTATION_CONTEXT('2D SPACE',''
  ) );
#2623 = PCURVE('',#2624,#2629);
#2624 = PLANE('',#2625);
#2625 = AXIS2_PLACEMENT_3D('',#2626,#2627,#2628);
#2626 = CARTESIAN_POINT('',(-13.5,3.2,7.5));
#2627 = DIRECTION('',(-0.,-1.,-0.));
#2628 = DIRECTION('',(0.,0.,-1.));
#2629 = DEFINITIONAL_REPRESENTATION('',(#2630),#2633);
#2630 = B_SPLINE_CURVE_WITH_KNOTS('',1,(#2631,#2632),.UNSPECIFIED.,.F.,
  .F.,(2,2),(-6.305,0.75),.PIECEWISE_BEZIER_KNOTS.);
#2631 = CARTESIAN_POINT('',(-2.555,-1.2));
#2632 = CARTESIAN_POINT('',(4.5,-1.2));
#2633 = ( GEOMETRIC_REPRESENTATION_CONTEXT(2) 
PARAMETRIC_REPRESENTATION_CONTEXT() REPRESENTATION_CONTEXT('2D SPACE',''
  ) );
#2634 = ORIENTED_EDGE('',*,*,#2635,.T.);
#2635 = EDGE_CURVE('',#2610,#2636,#2638,.T.);
#2636 = VERTEX_POINT('',#2637);
#2637 = CARTESIAN_POINT('',(-14.7,-3.2,3.));
#2638 = SURFACE_CURVE('',#2639,(#2643,#2649),.PCURVE_S1.);
#2639 = LINE('',#2640,#2641);
#2640 = CARTESIAN_POINT('',(-14.7,-21.5,3.));
#2641 = VECTOR('',#2642,1.);
#2642 = DIRECTION('',(0.,-1.,0.));
#2643 = PCURVE('',#797,#2644);
#2644 = DEFINITIONAL_REPRESENTATION('',(#2645),#2648);
#2645 = B_SPLINE_CURVE_WITH_KNOTS('',1,(#2646,#2647),.UNSPECIFIED.,.F.,
  .F.,(2,2),(-24.7,-18.3),.PIECEWISE_BEZIER_KNOTS.);
#2646 = CARTESIAN_POINT('',(3.,-46.2));
#2647 = CARTESIAN_POINT('',(3.,-39.8));
#2648 = ( GEOMETRIC_REPRESENTATION_CONTEXT(2) 
PARAMETRIC_REPRESENTATION_CONTEXT() REPRESENTATION_CONTEXT('2D SPACE',''
  ) );
#2649 = PCURVE('',#2650,#2655);
#2650 = PLANE('',#2651);
#2651 = AXIS2_PLACEMENT_3D('',#2652,#2653,#2654);
#2652 = CARTESIAN_POINT('',(-15.5,0.,3.));
#2653 = DIRECTION('',(-0.,0.,1.));
#2654 = DIRECTION('',(1.,0.,0.));
#2655 = DEFINITIONAL_REPRESENTATION('',(#2656),#2659);
#2656 = B_SPLINE_CURVE_WITH_KNOTS('',1,(#2657,#2658),.UNSPECIFIED.,.F.,
  .F.,(2,2),(-24.7,-18.3),.PIECEWISE_BEZIER_KNOTS.);
#2657 = CARTESIAN_POINT('',(0.8,3.2));
#2658 = CARTESIAN_POINT('',(0.8,-3.2));
#2659 = ( GEOMETRIC_REPRESENTATION_CONTEXT(2) 
PARAMETRIC_REPRESENTATION_CONTEXT() REPRESENTATION_CONTEXT('2D SPACE',''
  ) );
#2660 = ORIENTED_EDGE('',*,*,#2661,.F.);
#2661 = EDGE_CURVE('',#2662,#2636,#2664,.T.);
#2662 = VERTEX_POINT('',#2663);
#2663 = CARTESIAN_POINT('',(-14.7,-3.2,10.055));
#2664 = SURFACE_CURVE('',#2665,(#2669,#2675),.PCURVE_S1.);
#2665 = LINE('',#2666,#2667);
#2666 = CARTESIAN_POINT('',(-14.7,-3.2,3.75));
#2667 = VECTOR('',#2668,1.);
#2668 = DIRECTION('',(0.,0.,-1.));
#2669 = PCURVE('',#797,#2670);
#2670 = DEFINITIONAL_REPRESENTATION('',(#2671),#2674);
#2671 = B_SPLINE_CURVE_WITH_KNOTS('',1,(#2672,#2673),.UNSPECIFIED.,.F.,
  .F.,(2,2),(-6.305,0.75),.PIECEWISE_BEZIER_KNOTS.);
#2672 = CARTESIAN_POINT('',(10.055,-39.8));
#2673 = CARTESIAN_POINT('',(3.,-39.8));
#2674 = ( GEOMETRIC_REPRESENTATION_CONTEXT(2) 
PARAMETRIC_REPRESENTATION_CONTEXT() REPRESENTATION_CONTEXT('2D SPACE',''
  ) );
#2675 = PCURVE('',#2676,#2681);
#2676 = PLANE('',#2677);
#2677 = AXIS2_PLACEMENT_3D('',#2678,#2679,#2680);
#2678 = CARTESIAN_POINT('',(-13.5,-3.2,7.5));
#2679 = DIRECTION('',(-0.,-1.,-0.));
#2680 = DIRECTION('',(0.,0.,-1.));
#2681 = DEFINITIONAL_REPRESENTATION('',(#2682),#2685);
#2682 = B_SPLINE_CURVE_WITH_KNOTS('',1,(#2683,#2684),.UNSPECIFIED.,.F.,
  .F.,(2,2),(-6.305,0.75),.PIECEWISE_BEZIER_KNOTS.);
#2683 = CARTESIAN_POINT('',(-2.555,-1.2));
#2684 = CARTESIAN_POINT('',(4.5,-1.2));
#2685 = ( GEOMETRIC_REPRESENTATION_CONTEXT(2) 
PARAMETRIC_REPRESENTATION_CONTEXT() REPRESENTATION_CONTEXT('2D SPACE',''
  ) );
#2686 = ORIENTED_EDGE('',*,*,#2687,.F.);
#2687 = EDGE_CURVE('',#2688,#2662,#2690,.T.);
#2688 = VERTEX_POINT('',#2689);
#2689 = CARTESIAN_POINT('',(-14.7,-10.8,10.055));
#2690 = SURFACE_CURVE('',#2691,(#2695,#2702),.PCURVE_S1.);
#2691 = LINE('',#2692,#2693);
#2692 = CARTESIAN_POINT('',(-14.7,-43.,10.055));
#2693 = VECTOR('',#2694,1.);
#2694 = DIRECTION('',(0.,1.,0.));
#2695 = PCURVE('',#797,#2696);
#2696 = DEFINITIONAL_REPRESENTATION('',(#2697),#2701);
#2697 = LINE('',#2698,#2699);
#2698 = CARTESIAN_POINT('',(10.055,0.));
#2699 = VECTOR('',#2700,1.);
#2700 = DIRECTION('',(0.,-1.));
#2701 = ( GEOMETRIC_REPRESENTATION_CONTEXT(2) 
PARAMETRIC_REPRESENTATION_CONTEXT() REPRESENTATION_CONTEXT('2D SPACE',''
  ) );
#2702 = PCURVE('',#2444,#2703);
#2703 = DEFINITIONAL_REPRESENTATION('',(#2704),#2708);
#2704 = LINE('',#2705,#2706);
#2705 = CARTESIAN_POINT('',(6.553092781275,-43.));
#2706 = VECTOR('',#2707,1.);
#2707 = DIRECTION('',(0.,1.));
#2708 = ( GEOMETRIC_REPRESENTATION_CONTEXT(2) 
PARAMETRIC_REPRESENTATION_CONTEXT() REPRESENTATION_CONTEXT('2D SPACE',''
  ) );
#2709 = ORIENTED_EDGE('',*,*,#2710,.T.);
#2710 = EDGE_CURVE('',#2688,#2711,#2713,.T.);
#2711 = VERTEX_POINT('',#2712);
#2712 = CARTESIAN_POINT('',(-14.7,-10.8,3.));
#2713 = SURFACE_CURVE('',#2714,(#2718,#2724),.PCURVE_S1.);
#2714 = LINE('',#2715,#2716);
#2715 = CARTESIAN_POINT('',(-14.7,-10.8,3.75));
#2716 = VECTOR('',#2717,1.);
#2717 = DIRECTION('',(0.,0.,-1.));
#2718 = PCURVE('',#797,#2719);
#2719 = DEFINITIONAL_REPRESENTATION('',(#2720),#2723);
#2720 = B_SPLINE_CURVE_WITH_KNOTS('',1,(#2721,#2722),.UNSPECIFIED.,.F.,
  .F.,(2,2),(-6.305,0.75),.PIECEWISE_BEZIER_KNOTS.);
#2721 = CARTESIAN_POINT('',(10.055,-32.2));
#2722 = CARTESIAN_POINT('',(3.,-32.2));
#2723 = ( GEOMETRIC_REPRESENTATION_CONTEXT(2) 
PARAMETRIC_REPRESENTATION_CONTEXT() REPRESENTATION_CONTEXT('2D SPACE',''
  ) );
#2724 = PCURVE('',#2725,#2730);
#2725 = PLANE('',#2726);
#2726 = AXIS2_PLACEMENT_3D('',#2727,#2728,#2729);
#2727 = CARTESIAN_POINT('',(-13.5,-10.8,7.5));
#2728 = DIRECTION('',(-0.,-1.,-0.));
#2729 = DIRECTION('',(0.,0.,-1.));
#2730 = DEFINITIONAL_REPRESENTATION('',(#2731),#2734);
#2731 = B_SPLINE_CURVE_WITH_KNOTS('',1,(#2732,#2733),.UNSPECIFIED.,.F.,
  .F.,(2,2),(-6.305,0.75),.PIECEWISE_BEZIER_KNOTS.);
#2732 = CARTESIAN_POINT('',(-2.555,-1.2));
#2733 = CARTESIAN_POINT('',(4.5,-1.2));
#2734 = ( GEOMETRIC_REPRESENTATION_CONTEXT(2) 
PARAMETRIC_REPRESENTATION_CONTEXT() REPRESENTATION_CONTEXT('2D SPACE',''
  ) );
#2735 = ORIENTED_EDGE('',*,*,#2736,.T.);
#2736 = EDGE_CURVE('',#2711,#2737,#2739,.T.);
#2737 = VERTEX_POINT('',#2738);
#2738 = CARTESIAN_POINT('',(-14.7,-17.2,3.));
#2739 = SURFACE_CURVE('',#2740,(#2744,#2750),.PCURVE_S1.);
#2740 = LINE('',#2741,#2742);
#2741 = CARTESIAN_POINT('',(-14.7,-28.5,3.));
#2742 = VECTOR('',#2743,1.);
#2743 = DIRECTION('',(0.,-1.,0.));
#2744 = PCURVE('',#797,#2745);
#2745 = DEFINITIONAL_REPRESENTATION('',(#2746),#2749);
#2746 = B_SPLINE_CURVE_WITH_KNOTS('',1,(#2747,#2748),.UNSPECIFIED.,.F.,
  .F.,(2,2),(-17.7,-11.3),.PIECEWISE_BEZIER_KNOTS.);
#2747 = CARTESIAN_POINT('',(3.,-32.2));
#2748 = CARTESIAN_POINT('',(3.,-25.8));
#2749 = ( GEOMETRIC_REPRESENTATION_CONTEXT(2) 
PARAMETRIC_REPRESENTATION_CONTEXT() REPRESENTATION_CONTEXT('2D SPACE',''
  ) );
#2750 = PCURVE('',#2751,#2756);
#2751 = PLANE('',#2752);
#2752 = AXIS2_PLACEMENT_3D('',#2753,#2754,#2755);
#2753 = CARTESIAN_POINT('',(-15.5,-14.,3.));
#2754 = DIRECTION('',(-0.,0.,1.));
#2755 = DIRECTION('',(1.,0.,0.));
#2756 = DEFINITIONAL_REPRESENTATION('',(#2757),#2760);
#2757 = B_SPLINE_CURVE_WITH_KNOTS('',1,(#2758,#2759),.UNSPECIFIED.,.F.,
  .F.,(2,2),(-17.7,-11.3),.PIECEWISE_BEZIER_KNOTS.);
#2758 = CARTESIAN_POINT('',(0.8,3.2));
#2759 = CARTESIAN_POINT('',(0.8,-3.2));
#2760 = ( GEOMETRIC_REPRESENTATION_CONTEXT(2) 
PARAMETRIC_REPRESENTATION_CONTEXT() REPRESENTATION_CONTEXT('2D SPACE',''
  ) );
#2761 = ORIENTED_EDGE('',*,*,#2762,.F.);
#2762 = EDGE_CURVE('',#2763,#2737,#2765,.T.);
#2763 = VERTEX_POINT('',#2764);
#2764 = CARTESIAN_POINT('',(-14.7,-17.2,9.));
#2765 = SURFACE_CURVE('',#2766,(#2770,#2776),.PCURVE_S1.);
#2766 = LINE('',#2767,#2768);
#2767 = CARTESIAN_POINT('',(-14.7,-17.2,3.75));
#2768 = VECTOR('',#2769,1.);
#2769 = DIRECTION('',(0.,0.,-1.));
#2770 = PCURVE('',#797,#2771);
#2771 = DEFINITIONAL_REPRESENTATION('',(#2772),#2775);
#2772 = B_SPLINE_CURVE_WITH_KNOTS('',1,(#2773,#2774),.UNSPECIFIED.,.F.,
  .F.,(2,2),(-6.305,0.75),.PIECEWISE_BEZIER_KNOTS.);
#2773 = CARTESIAN_POINT('',(10.055,-25.8));
#2774 = CARTESIAN_POINT('',(3.,-25.8));
#2775 = ( GEOMETRIC_REPRESENTATION_CONTEXT(2) 
PARAMETRIC_REPRESENTATION_CONTEXT() REPRESENTATION_CONTEXT('2D SPACE',''
  ) );
#2776 = PCURVE('',#2777,#2782);
#2777 = PLANE('',#2778);
#2778 = AXIS2_PLACEMENT_3D('',#2779,#2780,#2781);
#2779 = CARTESIAN_POINT('',(-13.5,-17.2,7.5));
#2780 = DIRECTION('',(-0.,-1.,-0.));
#2781 = DIRECTION('',(0.,0.,-1.));
#2782 = DEFINITIONAL_REPRESENTATION('',(#2783),#2786);
#2783 = B_SPLINE_CURVE_WITH_KNOTS('',1,(#2784,#2785),.UNSPECIFIED.,.F.,
  .F.,(2,2),(-6.305,0.75),.PIECEWISE_BEZIER_KNOTS.);
#2784 = CARTESIAN_POINT('',(-2.555,-1.2));
#2785 = CARTESIAN_POINT('',(4.5,-1.2));
#2786 = ( GEOMETRIC_REPRESENTATION_CONTEXT(2) 
PARAMETRIC_REPRESENTATION_CONTEXT() REPRESENTATION_CONTEXT('2D SPACE',''
  ) );
#2787 = ORIENTED_EDGE('',*,*,#2788,.T.);
#2788 = EDGE_CURVE('',#2763,#2789,#2791,.T.);
#2789 = VERTEX_POINT('',#2790);
#2790 = CARTESIAN_POINT('',(-14.7,-17.68874967965,9.));
#2791 = SURFACE_CURVE('',#2792,(#2796,#2802),.PCURVE_S1.);
#2792 = LINE('',#2793,#2794);
#2793 = CARTESIAN_POINT('',(-14.7,-29.125,9.));
#2794 = VECTOR('',#2795,1.);
#2795 = DIRECTION('',(0.,-1.,0.));
#2796 = PCURVE('',#797,#2797);
#2797 = DEFINITIONAL_REPRESENTATION('',(#2798),#2801);
#2798 = B_SPLINE_CURVE_WITH_KNOTS('',1,(#2799,#2800),.UNSPECIFIED.,.F.,
  .F.,(2,2),(-16.375,-11.375),.PIECEWISE_BEZIER_KNOTS.);
#2799 = CARTESIAN_POINT('',(9.,-30.25));
#2800 = CARTESIAN_POINT('',(9.,-25.25));
#2801 = ( GEOMETRIC_REPRESENTATION_CONTEXT(2) 
PARAMETRIC_REPRESENTATION_CONTEXT() REPRESENTATION_CONTEXT('2D SPACE',''
  ) );
#2802 = PCURVE('',#2803,#2808);
#2803 = PLANE('',#2804);
#2804 = AXIS2_PLACEMENT_3D('',#2805,#2806,#2807);
#2805 = CARTESIAN_POINT('',(-15.25,-15.25,9.));
#2806 = DIRECTION('',(0.,0.,1.));
#2807 = DIRECTION('',(1.,0.,-0.));
#2808 = DEFINITIONAL_REPRESENTATION('',(#2809),#2812);
#2809 = B_SPLINE_CURVE_WITH_KNOTS('',1,(#2810,#2811),.UNSPECIFIED.,.F.,
  .F.,(2,2),(-16.375,-11.375),.PIECEWISE_BEZIER_KNOTS.);
#2810 = CARTESIAN_POINT('',(0.55,2.5));
#2811 = CARTESIAN_POINT('',(0.55,-2.5));
#2812 = ( GEOMETRIC_REPRESENTATION_CONTEXT(2) 
PARAMETRIC_REPRESENTATION_CONTEXT() REPRESENTATION_CONTEXT('2D SPACE',''
  ) );
#2813 = ORIENTED_EDGE('',*,*,#2814,.F.);
#2814 = EDGE_CURVE('',#2815,#2789,#2817,.T.);
#2815 = VERTEX_POINT('',#2816);
#2816 = CARTESIAN_POINT('',(-14.7,-17.68874967965,10.055));
#2817 = SURFACE_CURVE('',#2818,(#2822,#2828),.PCURVE_S1.);
#2818 = LINE('',#2819,#2820);
#2819 = CARTESIAN_POINT('',(-14.7,-17.68874967965,9.));
#2820 = VECTOR('',#2821,1.);
#2821 = DIRECTION('',(-0.,-0.,-1.));
#2822 = PCURVE('',#797,#2823);
#2823 = DEFINITIONAL_REPRESENTATION('',(#2824),#2827);
#2824 = B_SPLINE_CURVE_WITH_KNOTS('',1,(#2825,#2826),.UNSPECIFIED.,.F.,
  .F.,(2,2),(-2.0605,5.999999999062E-07),.PIECEWISE_BEZIER_KNOTS.);
#2825 = CARTESIAN_POINT('',(11.0605,-25.31125032034));
#2826 = CARTESIAN_POINT('',(8.9999994,-25.31125032034));
#2827 = ( GEOMETRIC_REPRESENTATION_CONTEXT(2) 
PARAMETRIC_REPRESENTATION_CONTEXT() REPRESENTATION_CONTEXT('2D SPACE',''
  ) );
#2828 = PCURVE('',#2829,#2834);
#2829 = CYLINDRICAL_SURFACE('',#2830,2.5);
#2830 = AXIS2_PLACEMENT_3D('',#2831,#2832,#2833);
#2831 = CARTESIAN_POINT('',(-15.25,-15.25,9.));
#2832 = DIRECTION('',(-0.,-0.,-1.));
#2833 = DIRECTION('',(1.,0.,0.));
#2834 = DEFINITIONAL_REPRESENTATION('',(#2835),#2838);
#2835 = B_SPLINE_CURVE_WITH_KNOTS('',1,(#2836,#2837),.UNSPECIFIED.,.F.,
  .F.,(2,2),(-2.0605,5.999999999062E-07),.PIECEWISE_BEZIER_KNOTS.);
#2836 = CARTESIAN_POINT('',(-4.934203450881,-2.0605));
#2837 = CARTESIAN_POINT('',(-4.934203450881,5.999999999062E-07));
#2838 = ( GEOMETRIC_REPRESENTATION_CONTEXT(2) 
PARAMETRIC_REPRESENTATION_CONTEXT() REPRESENTATION_CONTEXT('2D SPACE',''
  ) );
#2839 = ORIENTED_EDGE('',*,*,#2840,.F.);
#2840 = EDGE_CURVE('',#2208,#2815,#2841,.T.);
#2841 = SURFACE_CURVE('',#2842,(#2846,#2853),.PCURVE_S1.);
#2842 = LINE('',#2843,#2844);
#2843 = CARTESIAN_POINT('',(-14.7,-43.,10.055));
#2844 = VECTOR('',#2845,1.);
#2845 = DIRECTION('',(0.,1.,0.));
#2846 = PCURVE('',#797,#2847);
#2847 = DEFINITIONAL_REPRESENTATION('',(#2848),#2852);
#2848 = LINE('',#2849,#2850);
#2849 = CARTESIAN_POINT('',(10.055,0.));
#2850 = VECTOR('',#2851,1.);
#2851 = DIRECTION('',(0.,-1.));
#2852 = ( GEOMETRIC_REPRESENTATION_CONTEXT(2) 
PARAMETRIC_REPRESENTATION_CONTEXT() REPRESENTATION_CONTEXT('2D SPACE',''
  ) );
#2853 = PCURVE('',#2444,#2854);
#2854 = DEFINITIONAL_REPRESENTATION('',(#2855),#2859);
#2855 = LINE('',#2856,#2857);
#2856 = CARTESIAN_POINT('',(6.553092781275,-43.));
#2857 = VECTOR('',#2858,1.);
#2858 = DIRECTION('',(0.,1.));
#2859 = ( GEOMETRIC_REPRESENTATION_CONTEXT(2) 
PARAMETRIC_REPRESENTATION_CONTEXT() REPRESENTATION_CONTEXT('2D SPACE',''
  ) );
#2860 = ADVANCED_FACE('',(#2861),#186,.F.);
#2861 = FACE_BOUND('',#2862,.F.);
#2862 = EDGE_LOOP('',(#2863,#2884,#2885,#2886,#2914,#2940,#2966,#2992));
#2863 = ORIENTED_EDGE('',*,*,#2864,.T.);
#2864 = EDGE_CURVE('',#2865,#171,#2867,.T.);
#2865 = VERTEX_POINT('',#2866);
#2866 = CARTESIAN_POINT('',(12.3,-37.63250523987,10.055));
#2867 = SURFACE_CURVE('',#2868,(#2872,#2878),.PCURVE_S1.);
#2868 = LINE('',#2869,#2870);
#2869 = CARTESIAN_POINT('',(12.3,-37.63250523987,0.));
#2870 = VECTOR('',#2871,1.);
#2871 = DIRECTION('',(-0.,-0.,-1.));
#2872 = PCURVE('',#186,#2873);
#2873 = DEFINITIONAL_REPRESENTATION('',(#2874),#2877);
#2874 = B_SPLINE_CURVE_WITH_KNOTS('',1,(#2875,#2876),.UNSPECIFIED.,.F.,
  .F.,(2,2),(-11.0605,6.E-07),.PIECEWISE_BEZIER_KNOTS.);
#2875 = CARTESIAN_POINT('',(11.0605,-5.367494760128));
#2876 = CARTESIAN_POINT('',(-6.E-07,-5.367494760128));
#2877 = ( GEOMETRIC_REPRESENTATION_CONTEXT(2) 
PARAMETRIC_REPRESENTATION_CONTEXT() REPRESENTATION_CONTEXT('2D SPACE',''
  ) );
#2878 = PCURVE('',#215,#2879);
#2879 = DEFINITIONAL_REPRESENTATION('',(#2880),#2883);
#2880 = B_SPLINE_CURVE_WITH_KNOTS('',1,(#2881,#2882),.UNSPECIFIED.,.F.,
  .F.,(2,2),(-11.0605,6.E-07),.PIECEWISE_BEZIER_KNOTS.);
#2881 = CARTESIAN_POINT('',(-1.790747341487,-11.0605));
#2882 = CARTESIAN_POINT('',(-1.790747341487,6.E-07));
#2883 = ( GEOMETRIC_REPRESENTATION_CONTEXT(2) 
PARAMETRIC_REPRESENTATION_CONTEXT() REPRESENTATION_CONTEXT('2D SPACE',''
  ) );
#2884 = ORIENTED_EDGE('',*,*,#170,.T.);
#2885 = ORIENTED_EDGE('',*,*,#2383,.T.);
#2886 = ORIENTED_EDGE('',*,*,#2887,.F.);
#2887 = EDGE_CURVE('',#2888,#2361,#2890,.T.);
#2888 = VERTEX_POINT('',#2889);
#2889 = CARTESIAN_POINT('',(12.3,-27.3,10.055));
#2890 = SURFACE_CURVE('',#2891,(#2895,#2902),.PCURVE_S1.);
#2891 = LINE('',#2892,#2893);
#2892 = CARTESIAN_POINT('',(12.3,-43.,10.055));
#2893 = VECTOR('',#2894,1.);
#2894 = DIRECTION('',(0.,1.,0.));
#2895 = PCURVE('',#186,#2896);
#2896 = DEFINITIONAL_REPRESENTATION('',(#2897),#2901);
#2897 = LINE('',#2898,#2899);
#2898 = CARTESIAN_POINT('',(10.055,0.));
#2899 = VECTOR('',#2900,1.);
#2900 = DIRECTION('',(0.,-1.));
#2901 = ( GEOMETRIC_REPRESENTATION_CONTEXT(2) 
PARAMETRIC_REPRESENTATION_CONTEXT() REPRESENTATION_CONTEXT('2D SPACE',''
  ) );
#2902 = PCURVE('',#2903,#2908);
#2903 = PLANE('',#2904);
#2904 = AXIS2_PLACEMENT_3D('',#2905,#2906,#2907);
#2905 = CARTESIAN_POINT('',(8.,0.,15.));
#2906 = DIRECTION('',(0.754605522164,0.,0.656178714925));
#2907 = DIRECTION('',(0.656178714925,0.,-0.754605522164));
#2908 = DEFINITIONAL_REPRESENTATION('',(#2909),#2913);
#2909 = LINE('',#2910,#2911);
#2910 = CARTESIAN_POINT('',(6.553092781275,-43.));
#2911 = VECTOR('',#2912,1.);
#2912 = DIRECTION('',(0.,1.));
#2913 = ( GEOMETRIC_REPRESENTATION_CONTEXT(2) 
PARAMETRIC_REPRESENTATION_CONTEXT() REPRESENTATION_CONTEXT('2D SPACE',''
  ) );
#2914 = ORIENTED_EDGE('',*,*,#2915,.T.);
#2915 = EDGE_CURVE('',#2888,#2916,#2918,.T.);
#2916 = VERTEX_POINT('',#2917);
#2917 = CARTESIAN_POINT('',(12.3,-27.3,3.));
#2918 = SURFACE_CURVE('',#2919,(#2923,#2929),.PCURVE_S1.);
#2919 = LINE('',#2920,#2921);
#2920 = CARTESIAN_POINT('',(12.3,-27.3,3.75));
#2921 = VECTOR('',#2922,1.);
#2922 = DIRECTION('',(0.,0.,-1.));
#2923 = PCURVE('',#186,#2924);
#2924 = DEFINITIONAL_REPRESENTATION('',(#2925),#2928);
#2925 = B_SPLINE_CURVE_WITH_KNOTS('',1,(#2926,#2927),.UNSPECIFIED.,.F.,
  .F.,(2,2),(-6.305,0.75),.PIECEWISE_BEZIER_KNOTS.);
#2926 = CARTESIAN_POINT('',(10.055,-15.7));
#2927 = CARTESIAN_POINT('',(3.,-15.7));
#2928 = ( GEOMETRIC_REPRESENTATION_CONTEXT(2) 
PARAMETRIC_REPRESENTATION_CONTEXT() REPRESENTATION_CONTEXT('2D SPACE',''
  ) );
#2929 = PCURVE('',#2930,#2935);
#2930 = PLANE('',#2931);
#2931 = AXIS2_PLACEMENT_3D('',#2932,#2933,#2934);
#2932 = CARTESIAN_POINT('',(13.5,-27.3,7.5));
#2933 = DIRECTION('',(-0.,-1.,-0.));
#2934 = DIRECTION('',(0.,0.,-1.));
#2935 = DEFINITIONAL_REPRESENTATION('',(#2936),#2939);
#2936 = B_SPLINE_CURVE_WITH_KNOTS('',1,(#2937,#2938),.UNSPECIFIED.,.F.,
  .F.,(2,2),(-6.305,0.75),.PIECEWISE_BEZIER_KNOTS.);
#2937 = CARTESIAN_POINT('',(-2.555,-1.2));
#2938 = CARTESIAN_POINT('',(4.5,-1.2));
#2939 = ( GEOMETRIC_REPRESENTATION_CONTEXT(2) 
PARAMETRIC_REPRESENTATION_CONTEXT() REPRESENTATION_CONTEXT('2D SPACE',''
  ) );
#2940 = ORIENTED_EDGE('',*,*,#2941,.T.);
#2941 = EDGE_CURVE('',#2916,#2942,#2944,.T.);
#2942 = VERTEX_POINT('',#2943);
#2943 = CARTESIAN_POINT('',(12.3,-33.7,3.));
#2944 = SURFACE_CURVE('',#2945,(#2949,#2955),.PCURVE_S1.);
#2945 = LINE('',#2946,#2947);
#2946 = CARTESIAN_POINT('',(12.3,-36.75,3.));
#2947 = VECTOR('',#2948,1.);
#2948 = DIRECTION('',(0.,-1.,0.));
#2949 = PCURVE('',#186,#2950);
#2950 = DEFINITIONAL_REPRESENTATION('',(#2951),#2954);
#2951 = B_SPLINE_CURVE_WITH_KNOTS('',1,(#2952,#2953),.UNSPECIFIED.,.F.,
  .F.,(2,2),(-9.45,-3.05),.PIECEWISE_BEZIER_KNOTS.);
#2952 = CARTESIAN_POINT('',(3.,-15.7));
#2953 = CARTESIAN_POINT('',(3.,-9.3));
#2954 = ( GEOMETRIC_REPRESENTATION_CONTEXT(2) 
PARAMETRIC_REPRESENTATION_CONTEXT() REPRESENTATION_CONTEXT('2D SPACE',''
  ) );
#2955 = PCURVE('',#2956,#2961);
#2956 = PLANE('',#2957);
#2957 = AXIS2_PLACEMENT_3D('',#2958,#2959,#2960);
#2958 = CARTESIAN_POINT('',(11.5,-30.5,3.));
#2959 = DIRECTION('',(-0.,0.,1.));
#2960 = DIRECTION('',(1.,0.,0.));
#2961 = DEFINITIONAL_REPRESENTATION('',(#2962),#2965);
#2962 = B_SPLINE_CURVE_WITH_KNOTS('',1,(#2963,#2964),.UNSPECIFIED.,.F.,
  .F.,(2,2),(-9.45,-3.05),.PIECEWISE_BEZIER_KNOTS.);
#2963 = CARTESIAN_POINT('',(0.8,3.2));
#2964 = CARTESIAN_POINT('',(0.8,-3.2));
#2965 = ( GEOMETRIC_REPRESENTATION_CONTEXT(2) 
PARAMETRIC_REPRESENTATION_CONTEXT() REPRESENTATION_CONTEXT('2D SPACE',''
  ) );
#2966 = ORIENTED_EDGE('',*,*,#2967,.F.);
#2967 = EDGE_CURVE('',#2968,#2942,#2970,.T.);
#2968 = VERTEX_POINT('',#2969);
#2969 = CARTESIAN_POINT('',(12.3,-33.7,10.055));
#2970 = SURFACE_CURVE('',#2971,(#2975,#2981),.PCURVE_S1.);
#2971 = LINE('',#2972,#2973);
#2972 = CARTESIAN_POINT('',(12.3,-33.7,3.75));
#2973 = VECTOR('',#2974,1.);
#2974 = DIRECTION('',(0.,0.,-1.));
#2975 = PCURVE('',#186,#2976);
#2976 = DEFINITIONAL_REPRESENTATION('',(#2977),#2980);
#2977 = B_SPLINE_CURVE_WITH_KNOTS('',1,(#2978,#2979),.UNSPECIFIED.,.F.,
  .F.,(2,2),(-6.305,0.75),.PIECEWISE_BEZIER_KNOTS.);
#2978 = CARTESIAN_POINT('',(10.055,-9.3));
#2979 = CARTESIAN_POINT('',(3.,-9.3));
#2980 = ( GEOMETRIC_REPRESENTATION_CONTEXT(2) 
PARAMETRIC_REPRESENTATION_CONTEXT() REPRESENTATION_CONTEXT('2D SPACE',''
  ) );
#2981 = PCURVE('',#2982,#2987);
#2982 = PLANE('',#2983);
#2983 = AXIS2_PLACEMENT_3D('',#2984,#2985,#2986);
#2984 = CARTESIAN_POINT('',(13.5,-33.7,7.5));
#2985 = DIRECTION('',(-0.,-1.,-0.));
#2986 = DIRECTION('',(0.,0.,-1.));
#2987 = DEFINITIONAL_REPRESENTATION('',(#2988),#2991);
#2988 = B_SPLINE_CURVE_WITH_KNOTS('',1,(#2989,#2990),.UNSPECIFIED.,.F.,
  .F.,(2,2),(-6.305,0.75),.PIECEWISE_BEZIER_KNOTS.);
#2989 = CARTESIAN_POINT('',(-2.555,-1.2));
#2990 = CARTESIAN_POINT('',(4.5,-1.2));
#2991 = ( GEOMETRIC_REPRESENTATION_CONTEXT(2) 
PARAMETRIC_REPRESENTATION_CONTEXT() REPRESENTATION_CONTEXT('2D SPACE',''
  ) );
#2992 = ORIENTED_EDGE('',*,*,#2993,.F.);
#2993 = EDGE_CURVE('',#2865,#2968,#2994,.T.);
#2994 = SURFACE_CURVE('',#2995,(#2999,#3006),.PCURVE_S1.);
#2995 = LINE('',#2996,#2997);
#2996 = CARTESIAN_POINT('',(12.3,-43.,10.055));
#2997 = VECTOR('',#2998,1.);
#2998 = DIRECTION('',(0.,1.,0.));
#2999 = PCURVE('',#186,#3000);
#3000 = DEFINITIONAL_REPRESENTATION('',(#3001),#3005);
#3001 = LINE('',#3002,#3003);
#3002 = CARTESIAN_POINT('',(10.055,0.));
#3003 = VECTOR('',#3004,1.);
#3004 = DIRECTION('',(0.,-1.));
#3005 = ( GEOMETRIC_REPRESENTATION_CONTEXT(2) 
PARAMETRIC_REPRESENTATION_CONTEXT() REPRESENTATION_CONTEXT('2D SPACE',''
  ) );
#3006 = PCURVE('',#2903,#3007);
#3007 = DEFINITIONAL_REPRESENTATION('',(#3008),#3012);
#3008 = LINE('',#3009,#3010);
#3009 = CARTESIAN_POINT('',(6.553092781275,-43.));
#3010 = VECTOR('',#3011,1.);
#3011 = DIRECTION('',(0.,1.));
#3012 = ( GEOMETRIC_REPRESENTATION_CONTEXT(2) 
PARAMETRIC_REPRESENTATION_CONTEXT() REPRESENTATION_CONTEXT('2D SPACE',''
  ) );
#3013 = ADVANCED_FACE('',(#3014),#769,.F.);
#3014 = FACE_BOUND('',#3015,.F.);
#3015 = EDGE_LOOP('',(#3016,#3017,#3038,#3066,#3092,#3118,#3144,#3165));
#3016 = ORIENTED_EDGE('',*,*,#753,.F.);
#3017 = ORIENTED_EDGE('',*,*,#3018,.F.);
#3018 = EDGE_CURVE('',#3019,#725,#3021,.T.);
#3019 = VERTEX_POINT('',#3020);
#3020 = CARTESIAN_POINT('',(-23.63250523987,20.3,10.055));
#3021 = SURFACE_CURVE('',#3022,(#3026,#3032),.PCURVE_S1.);
#3022 = LINE('',#3023,#3024);
#3023 = CARTESIAN_POINT('',(-23.63250523987,20.3,0.));
#3024 = VECTOR('',#3025,1.);
#3025 = DIRECTION('',(-0.,-0.,-1.));
#3026 = PCURVE('',#769,#3027);
#3027 = DEFINITIONAL_REPRESENTATION('',(#3028),#3031);
#3028 = B_SPLINE_CURVE_WITH_KNOTS('',1,(#3029,#3030),.UNSPECIFIED.,.F.,
  .F.,(2,2),(-11.0605,6.E-07),.PIECEWISE_BEZIER_KNOTS.);
#3029 = CARTESIAN_POINT('',(11.0605,5.367494760128));
#3030 = CARTESIAN_POINT('',(-6.E-07,5.367494760128));
#3031 = ( GEOMETRIC_REPRESENTATION_CONTEXT(2) 
PARAMETRIC_REPRESENTATION_CONTEXT() REPRESENTATION_CONTEXT('2D SPACE',''
  ) );
#3032 = PCURVE('',#741,#3033);
#3033 = DEFINITIONAL_REPRESENTATION('',(#3034),#3037);
#3034 = B_SPLINE_CURVE_WITH_KNOTS('',1,(#3035,#3036),.UNSPECIFIED.,.F.,
  .F.,(2,2),(-11.0605,6.E-07),.PIECEWISE_BEZIER_KNOTS.);
#3035 = CARTESIAN_POINT('',(-6.063234292488,-11.0605));
#3036 = CARTESIAN_POINT('',(-6.063234292488,6.E-07));
#3037 = ( GEOMETRIC_REPRESENTATION_CONTEXT(2) 
PARAMETRIC_REPRESENTATION_CONTEXT() REPRESENTATION_CONTEXT('2D SPACE',''
  ) );
#3038 = ORIENTED_EDGE('',*,*,#3039,.F.);
#3039 = EDGE_CURVE('',#3040,#3019,#3042,.T.);
#3040 = VERTEX_POINT('',#3041);
#3041 = CARTESIAN_POINT('',(-22.2,20.3,10.055));
#3042 = SURFACE_CURVE('',#3043,(#3047,#3054),.PCURVE_S1.);
#3043 = LINE('',#3044,#3045);
#3044 = CARTESIAN_POINT('',(29.,20.3,10.055));
#3045 = VECTOR('',#3046,1.);
#3046 = DIRECTION('',(-1.,0.,0.));
#3047 = PCURVE('',#769,#3048);
#3048 = DEFINITIONAL_REPRESENTATION('',(#3049),#3053);
#3049 = LINE('',#3050,#3051);
#3050 = CARTESIAN_POINT('',(10.055,58.));
#3051 = VECTOR('',#3052,1.);
#3052 = DIRECTION('',(0.,-1.));
#3053 = ( GEOMETRIC_REPRESENTATION_CONTEXT(2) 
PARAMETRIC_REPRESENTATION_CONTEXT() REPRESENTATION_CONTEXT('2D SPACE',''
  ) );
#3054 = PCURVE('',#3055,#3060);
#3055 = PLANE('',#3056);
#3056 = AXIS2_PLACEMENT_3D('',#3057,#3058,#3059);
#3057 = CARTESIAN_POINT('',(0.,16.,15.));
#3058 = DIRECTION('',(-0.,0.754605522164,0.656178714925));
#3059 = DIRECTION('',(0.,0.656178714925,-0.754605522164));
#3060 = DEFINITIONAL_REPRESENTATION('',(#3061),#3065);
#3061 = LINE('',#3062,#3063);
#3062 = CARTESIAN_POINT('',(6.553092781275,-29.));
#3063 = VECTOR('',#3064,1.);
#3064 = DIRECTION('',(0.,1.));
#3065 = ( GEOMETRIC_REPRESENTATION_CONTEXT(2) 
PARAMETRIC_REPRESENTATION_CONTEXT() REPRESENTATION_CONTEXT('2D SPACE',''
  ) );
#3066 = ORIENTED_EDGE('',*,*,#3067,.T.);
#3067 = EDGE_CURVE('',#3040,#3068,#3070,.T.);
#3068 = VERTEX_POINT('',#3069);
#3069 = CARTESIAN_POINT('',(-22.2,20.3,3.7));
#3070 = SURFACE_CURVE('',#3071,(#3075,#3081),.PCURVE_S1.);
#3071 = LINE('',#3072,#3073);
#3072 = CARTESIAN_POINT('',(-22.2,20.3,3.75));
#3073 = VECTOR('',#3074,1.);
#3074 = DIRECTION('',(0.,0.,-1.));
#3075 = PCURVE('',#769,#3076);
#3076 = DEFINITIONAL_REPRESENTATION('',(#3077),#3080);
#3077 = B_SPLINE_CURVE_WITH_KNOTS('',1,(#3078,#3079),.UNSPECIFIED.,.F.,
  .F.,(2,2),(-6.305,0.75),.PIECEWISE_BEZIER_KNOTS.);
#3078 = CARTESIAN_POINT('',(10.055,6.8));
#3079 = CARTESIAN_POINT('',(3.,6.8));
#3080 = ( GEOMETRIC_REPRESENTATION_CONTEXT(2) 
PARAMETRIC_REPRESENTATION_CONTEXT() REPRESENTATION_CONTEXT('2D SPACE',''
  ) );
#3081 = PCURVE('',#3082,#3087);
#3082 = PLANE('',#3083);
#3083 = AXIS2_PLACEMENT_3D('',#3084,#3085,#3086);
#3084 = CARTESIAN_POINT('',(-22.2,21.5,7.5));
#3085 = DIRECTION('',(1.,0.,0.));
#3086 = DIRECTION('',(-0.,0.,1.));
#3087 = DEFINITIONAL_REPRESENTATION('',(#3088),#3091);
#3088 = B_SPLINE_CURVE_WITH_KNOTS('',1,(#3089,#3090),.UNSPECIFIED.,.F.,
  .F.,(2,2),(-6.305,0.75),.PIECEWISE_BEZIER_KNOTS.);
#3089 = CARTESIAN_POINT('',(2.555,1.2));
#3090 = CARTESIAN_POINT('',(-4.5,1.2));
#3091 = ( GEOMETRIC_REPRESENTATION_CONTEXT(2) 
PARAMETRIC_REPRESENTATION_CONTEXT() REPRESENTATION_CONTEXT('2D SPACE',''
  ) );
#3092 = ORIENTED_EDGE('',*,*,#3093,.T.);
#3093 = EDGE_CURVE('',#3068,#3094,#3096,.T.);
#3094 = VERTEX_POINT('',#3095);
#3095 = CARTESIAN_POINT('',(-15.8,20.3,3.7));
#3096 = SURFACE_CURVE('',#3097,(#3101,#3107),.PCURVE_S1.);
#3097 = LINE('',#3098,#3099);
#3098 = CARTESIAN_POINT('',(-24.,20.3,3.7));
#3099 = VECTOR('',#3100,1.);
#3100 = DIRECTION('',(1.,-0.,0.));
#3101 = PCURVE('',#769,#3102);
#3102 = DEFINITIONAL_REPRESENTATION('',(#3103),#3106);
#3103 = B_SPLINE_CURVE_WITH_KNOTS('',1,(#3104,#3105),.UNSPECIFIED.,.F.,
  .F.,(2,2),(1.8,8.2),.PIECEWISE_BEZIER_KNOTS.);
#3104 = CARTESIAN_POINT('',(3.7,6.8));
#3105 = CARTESIAN_POINT('',(3.7,13.2));
#3106 = ( GEOMETRIC_REPRESENTATION_CONTEXT(2) 
PARAMETRIC_REPRESENTATION_CONTEXT() REPRESENTATION_CONTEXT('2D SPACE',''
  ) );
#3107 = PCURVE('',#3108,#3113);
#3108 = PLANE('',#3109);
#3109 = AXIS2_PLACEMENT_3D('',#3110,#3111,#3112);
#3110 = CARTESIAN_POINT('',(-19.,18.,6.));
#3111 = DIRECTION('',(-0.,0.707106781187,0.707106781187));
#3112 = DIRECTION('',(0.,0.707106781187,-0.707106781187));
#3113 = DEFINITIONAL_REPRESENTATION('',(#3114),#3117);
#3114 = B_SPLINE_CURVE_WITH_KNOTS('',1,(#3115,#3116),.UNSPECIFIED.,.F.,
  .F.,(2,2),(1.8,8.2),.PIECEWISE_BEZIER_KNOTS.);
#3115 = CARTESIAN_POINT('',(3.252691193458,3.2));
#3116 = CARTESIAN_POINT('',(3.252691193458,-3.2));
#3117 = ( GEOMETRIC_REPRESENTATION_CONTEXT(2) 
PARAMETRIC_REPRESENTATION_CONTEXT() REPRESENTATION_CONTEXT('2D SPACE',''
  ) );
#3118 = ORIENTED_EDGE('',*,*,#3119,.F.);
#3119 = EDGE_CURVE('',#3120,#3094,#3122,.T.);
#3120 = VERTEX_POINT('',#3121);
#3121 = CARTESIAN_POINT('',(-15.8,20.3,10.055));
#3122 = SURFACE_CURVE('',#3123,(#3127,#3133),.PCURVE_S1.);
#3123 = LINE('',#3124,#3125);
#3124 = CARTESIAN_POINT('',(-15.8,20.3,3.75));
#3125 = VECTOR('',#3126,1.);
#3126 = DIRECTION('',(0.,0.,-1.));
#3127 = PCURVE('',#769,#3128);
#3128 = DEFINITIONAL_REPRESENTATION('',(#3129),#3132);
#3129 = B_SPLINE_CURVE_WITH_KNOTS('',1,(#3130,#3131),.UNSPECIFIED.,.F.,
  .F.,(2,2),(-6.305,0.75),.PIECEWISE_BEZIER_KNOTS.);
#3130 = CARTESIAN_POINT('',(10.055,13.2));
#3131 = CARTESIAN_POINT('',(3.,13.2));
#3132 = ( GEOMETRIC_REPRESENTATION_CONTEXT(2) 
PARAMETRIC_REPRESENTATION_CONTEXT() REPRESENTATION_CONTEXT('2D SPACE',''
  ) );
#3133 = PCURVE('',#3134,#3139);
#3134 = PLANE('',#3135);
#3135 = AXIS2_PLACEMENT_3D('',#3136,#3137,#3138);
#3136 = CARTESIAN_POINT('',(-15.8,21.5,7.5));
#3137 = DIRECTION('',(1.,0.,0.));
#3138 = DIRECTION('',(-0.,0.,1.));
#3139 = DEFINITIONAL_REPRESENTATION('',(#3140),#3143);
#3140 = B_SPLINE_CURVE_WITH_KNOTS('',1,(#3141,#3142),.UNSPECIFIED.,.F.,
  .F.,(2,2),(-6.305,0.75),.PIECEWISE_BEZIER_KNOTS.);
#3141 = CARTESIAN_POINT('',(2.555,1.2));
#3142 = CARTESIAN_POINT('',(-4.5,1.2));
#3143 = ( GEOMETRIC_REPRESENTATION_CONTEXT(2) 
PARAMETRIC_REPRESENTATION_CONTEXT() REPRESENTATION_CONTEXT('2D SPACE',''
  ) );
#3144 = ORIENTED_EDGE('',*,*,#3145,.F.);
#3145 = EDGE_CURVE('',#2408,#3120,#3146,.T.);
#3146 = SURFACE_CURVE('',#3147,(#3151,#3158),.PCURVE_S1.);
#3147 = LINE('',#3148,#3149);
#3148 = CARTESIAN_POINT('',(29.,20.3,10.055));
#3149 = VECTOR('',#3150,1.);
#3150 = DIRECTION('',(-1.,0.,0.));
#3151 = PCURVE('',#769,#3152);
#3152 = DEFINITIONAL_REPRESENTATION('',(#3153),#3157);
#3153 = LINE('',#3154,#3155);
#3154 = CARTESIAN_POINT('',(10.055,58.));
#3155 = VECTOR('',#3156,1.);
#3156 = DIRECTION('',(0.,-1.));
#3157 = ( GEOMETRIC_REPRESENTATION_CONTEXT(2) 
PARAMETRIC_REPRESENTATION_CONTEXT() REPRESENTATION_CONTEXT('2D SPACE',''
  ) );
#3158 = PCURVE('',#3055,#3159);
#3159 = DEFINITIONAL_REPRESENTATION('',(#3160),#3164);
#3160 = LINE('',#3161,#3162);
#3161 = CARTESIAN_POINT('',(6.553092781275,-29.));
#3162 = VECTOR('',#3163,1.);
#3163 = DIRECTION('',(0.,1.));
#3164 = ( GEOMETRIC_REPRESENTATION_CONTEXT(2) 
PARAMETRIC_REPRESENTATION_CONTEXT() REPRESENTATION_CONTEXT('2D SPACE',''
  ) );
#3165 = ORIENTED_EDGE('',*,*,#2407,.F.);
#3166 = ADVANCED_FACE('',(#3167),#215,.T.);
#3167 = FACE_BOUND('',#3168,.F.);
#3168 = EDGE_LOOP('',(#3169,#3170,#3171,#3201,#3229,#3252,#3279));
#3169 = ORIENTED_EDGE('',*,*,#198,.F.);
#3170 = ORIENTED_EDGE('',*,*,#2864,.F.);
#3171 = ORIENTED_EDGE('',*,*,#3172,.T.);
#3172 = EDGE_CURVE('',#2865,#3173,#3175,.T.);
#3173 = VERTEX_POINT('',#3174);
#3174 = CARTESIAN_POINT('',(8.,-43.,15.));
#3175 = SURFACE_CURVE('',#3176,(#3181,#3194),.PCURVE_S1.);
#3176 = ELLIPSE('',#3177,8.38186285977,5.5);
#3177 = AXIS2_PLACEMENT_3D('',#3178,#3179,#3180);
#3178 = CARTESIAN_POINT('',(13.5,-43.,8.675));
#3179 = DIRECTION('',(0.754605522164,0.,0.656178714925));
#3180 = DIRECTION('',(0.656178714925,0.,-0.754605522164));
#3181 = PCURVE('',#215,#3182);
#3182 = DEFINITIONAL_REPRESENTATION('',(#3183),#3193);
#3183 = B_SPLINE_CURVE_WITH_KNOTS('',8,(#3184,#3185,#3186,#3187,#3188,
    #3189,#3190,#3191,#3192),.UNSPECIFIED.,.F.,.F.,(9,9),(1.711257741505
    ,3.519623328846),.PIECEWISE_BEZIER_KNOTS.);
#3184 = CARTESIAN_POINT('',(-1.711257741505,-9.5605));
#3185 = CARTESIAN_POINT('',(-1.937303439922,-10.97615826262));
#3186 = CARTESIAN_POINT('',(-2.163349138339,-12.34010748213));
#3187 = CARTESIAN_POINT('',(-2.389394836751,-13.54211507809));
#3188 = CARTESIAN_POINT('',(-2.615440535177,-14.4776246603));
#3189 = CARTESIAN_POINT('',(-2.84148623359,-15.06560890544));
#3190 = CARTESIAN_POINT('',(-3.067531932011,-15.2655424971));
#3191 = CARTESIAN_POINT('',(-3.293577630429,-15.08111628756));
#3192 = CARTESIAN_POINT('',(-3.519623328846,-14.5534126046));
#3193 = ( GEOMETRIC_REPRESENTATION_CONTEXT(2) 
PARAMETRIC_REPRESENTATION_CONTEXT() REPRESENTATION_CONTEXT('2D SPACE',''
  ) );
#3194 = PCURVE('',#2903,#3195);
#3195 = DEFINITIONAL_REPRESENTATION('',(#3196),#3200);
#3196 = ELLIPSE('',#3197,8.38186285977,5.5);
#3197 = AXIS2_PLACEMENT_2D('',#3198,#3199);
#3198 = CARTESIAN_POINT('',(8.38186285977,-43.));
#3199 = DIRECTION('',(1.,0.));
#3200 = ( GEOMETRIC_REPRESENTATION_CONTEXT(2) 
PARAMETRIC_REPRESENTATION_CONTEXT() REPRESENTATION_CONTEXT('2D SPACE',''
  ) );
#3201 = ORIENTED_EDGE('',*,*,#3202,.T.);
#3202 = EDGE_CURVE('',#3173,#3203,#3205,.T.);
#3203 = VERTEX_POINT('',#3204);
#3204 = CARTESIAN_POINT('',(8.,-43.,18.));
#3205 = SURFACE_CURVE('',#3206,(#3210,#3217),.PCURVE_S1.);
#3206 = LINE('',#3207,#3208);
#3207 = CARTESIAN_POINT('',(8.,-43.,15.));
#3208 = VECTOR('',#3209,1.);
#3209 = DIRECTION('',(0.,0.,1.));
#3210 = PCURVE('',#215,#3211);
#3211 = DEFINITIONAL_REPRESENTATION('',(#3212),#3216);
#3212 = LINE('',#3213,#3214);
#3213 = CARTESIAN_POINT('',(-3.14159265359,-15.));
#3214 = VECTOR('',#3215,1.);
#3215 = DIRECTION('',(-0.,-1.));
#3216 = ( GEOMETRIC_REPRESENTATION_CONTEXT(2) 
PARAMETRIC_REPRESENTATION_CONTEXT() REPRESENTATION_CONTEXT('2D SPACE',''
  ) );
#3217 = PCURVE('',#3218,#3223);
#3218 = PLANE('',#3219);
#3219 = AXIS2_PLACEMENT_3D('',#3220,#3221,#3222);
#3220 = CARTESIAN_POINT('',(8.,-43.,15.));
#3221 = DIRECTION('',(-1.,1.110223024625E-16,0.));
#3222 = DIRECTION('',(1.110223024625E-16,1.,0.));
#3223 = DEFINITIONAL_REPRESENTATION('',(#3224),#3228);
#3224 = LINE('',#3225,#3226);
#3225 = CARTESIAN_POINT('',(0.,0.));
#3226 = VECTOR('',#3227,1.);
#3227 = DIRECTION('',(0.,-1.));
#3228 = ( GEOMETRIC_REPRESENTATION_CONTEXT(2) 
PARAMETRIC_REPRESENTATION_CONTEXT() REPRESENTATION_CONTEXT('2D SPACE',''
  ) );
#3229 = ORIENTED_EDGE('',*,*,#3230,.F.);
#3230 = EDGE_CURVE('',#3231,#3203,#3233,.T.);
#3231 = VERTEX_POINT('',#3232);
#3232 = CARTESIAN_POINT('',(19.,-43.,18.));
#3233 = SURFACE_CURVE('',#3234,(#3239,#3245),.PCURVE_S1.);
#3234 = CIRCLE('',#3235,5.5);
#3235 = AXIS2_PLACEMENT_3D('',#3236,#3237,#3238);
#3236 = CARTESIAN_POINT('',(13.5,-43.,18.));
#3237 = DIRECTION('',(0.,-0.,-1.));
#3238 = DIRECTION('',(1.,-1.110223024625E-16,0.));
#3239 = PCURVE('',#215,#3240);
#3240 = DEFINITIONAL_REPRESENTATION('',(#3241),#3244);
#3241 = B_SPLINE_CURVE_WITH_KNOTS('',1,(#3242,#3243),.UNSPECIFIED.,.F.,
  .F.,(2,2),(0.,3.14159265359),.PIECEWISE_BEZIER_KNOTS.);
#3242 = CARTESIAN_POINT('',(-6.28318530718,-18.));
#3243 = CARTESIAN_POINT('',(-3.14159265359,-18.));
#3244 = ( GEOMETRIC_REPRESENTATION_CONTEXT(2) 
PARAMETRIC_REPRESENTATION_CONTEXT() REPRESENTATION_CONTEXT('2D SPACE',''
  ) );
#3245 = PCURVE('',#1536,#3246);
#3246 = DEFINITIONAL_REPRESENTATION('',(#3247),#3251);
#3247 = CIRCLE('',#3248,5.5);
#3248 = AXIS2_PLACEMENT_2D('',#3249,#3250);
#3249 = CARTESIAN_POINT('',(-27.,-43.));
#3250 = DIRECTION('',(-1.,-1.110223024625E-16));
#3251 = ( GEOMETRIC_REPRESENTATION_CONTEXT(2) 
PARAMETRIC_REPRESENTATION_CONTEXT() REPRESENTATION_CONTEXT('2D SPACE',''
  ) );
#3252 = ORIENTED_EDGE('',*,*,#3253,.F.);
#3253 = EDGE_CURVE('',#3254,#3231,#3256,.T.);
#3254 = VERTEX_POINT('',#3255);
#3255 = CARTESIAN_POINT('',(19.,-43.,15.));
#3256 = SURFACE_CURVE('',#3257,(#3261,#3267),.PCURVE_S1.);
#3257 = LINE('',#3258,#3259);
#3258 = CARTESIAN_POINT('',(19.,-43.,15.));
#3259 = VECTOR('',#3260,1.);
#3260 = DIRECTION('',(0.,0.,1.));
#3261 = PCURVE('',#215,#3262);
#3262 = DEFINITIONAL_REPRESENTATION('',(#3263),#3266);
#3263 = B_SPLINE_CURVE_WITH_KNOTS('',1,(#3264,#3265),.UNSPECIFIED.,.F.,
  .F.,(2,2),(0.,3.),.PIECEWISE_BEZIER_KNOTS.);
#3264 = CARTESIAN_POINT('',(-6.28318530718,-15.));
#3265 = CARTESIAN_POINT('',(-6.28318530718,-18.));
#3266 = ( GEOMETRIC_REPRESENTATION_CONTEXT(2) 
PARAMETRIC_REPRESENTATION_CONTEXT() REPRESENTATION_CONTEXT('2D SPACE',''
  ) );
#3267 = PCURVE('',#3268,#3273);
#3268 = PLANE('',#3269);
#3269 = AXIS2_PLACEMENT_3D('',#3270,#3271,#3272);
#3270 = CARTESIAN_POINT('',(19.,43.,15.));
#3271 = DIRECTION('',(1.,-1.110223024625E-16,0.));
#3272 = DIRECTION('',(-1.110223024625E-16,-1.,0.));
#3273 = DEFINITIONAL_REPRESENTATION('',(#3274),#3278);
#3274 = LINE('',#3275,#3276);
#3275 = CARTESIAN_POINT('',(86.,0.));
#3276 = VECTOR('',#3277,1.);
#3277 = DIRECTION('',(0.,-1.));
#3278 = ( GEOMETRIC_REPRESENTATION_CONTEXT(2) 
PARAMETRIC_REPRESENTATION_CONTEXT() REPRESENTATION_CONTEXT('2D SPACE',''
  ) );
#3279 = ORIENTED_EDGE('',*,*,#3280,.F.);
#3280 = EDGE_CURVE('',#199,#3254,#3281,.T.);
#3281 = SURFACE_CURVE('',#3282,(#3286,#3293),.PCURVE_S1.);
#3282 = LINE('',#3283,#3284);
#3283 = CARTESIAN_POINT('',(19.,-43.,0.));
#3284 = VECTOR('',#3285,1.);
#3285 = DIRECTION('',(0.,0.,1.));
#3286 = PCURVE('',#215,#3287);
#3287 = DEFINITIONAL_REPRESENTATION('',(#3288),#3292);
#3288 = LINE('',#3289,#3290);
#3289 = CARTESIAN_POINT('',(-6.28318530718,0.));
#3290 = VECTOR('',#3291,1.);
#3291 = DIRECTION('',(-0.,-1.));
#3292 = ( GEOMETRIC_REPRESENTATION_CONTEXT(2) 
PARAMETRIC_REPRESENTATION_CONTEXT() REPRESENTATION_CONTEXT('2D SPACE',''
  ) );
#3293 = PCURVE('',#244,#3294);
#3294 = DEFINITIONAL_REPRESENTATION('',(#3295),#3299);
#3295 = LINE('',#3296,#3297);
#3296 = CARTESIAN_POINT('',(-0.,0.));
#3297 = VECTOR('',#3298,1.);
#3298 = DIRECTION('',(-0.,-1.));
#3299 = ( GEOMETRIC_REPRESENTATION_CONTEXT(2) 
PARAMETRIC_REPRESENTATION_CONTEXT() REPRESENTATION_CONTEXT('2D SPACE',''
  ) );
#3300 = ADVANCED_FACE('',(#3301),#741,.T.);
#3301 = FACE_BOUND('',#3302,.F.);
#3302 = EDGE_LOOP('',(#3303,#3304,#3325,#3360,#3388,#3411,#3439,#3467));
#3303 = ORIENTED_EDGE('',*,*,#724,.F.);
#3304 = ORIENTED_EDGE('',*,*,#3305,.F.);
#3305 = EDGE_CURVE('',#3306,#697,#3308,.T.);
#3306 = VERTEX_POINT('',#3307);
#3307 = CARTESIAN_POINT('',(-23.63250523987,22.7,10.055));
#3308 = SURFACE_CURVE('',#3309,(#3313,#3319),.PCURVE_S1.);
#3309 = LINE('',#3310,#3311);
#3310 = CARTESIAN_POINT('',(-23.63250523987,22.7,0.));
#3311 = VECTOR('',#3312,1.);
#3312 = DIRECTION('',(-0.,-0.,-1.));
#3313 = PCURVE('',#741,#3314);
#3314 = DEFINITIONAL_REPRESENTATION('',(#3315),#3318);
#3315 = B_SPLINE_CURVE_WITH_KNOTS('',1,(#3316,#3317),.UNSPECIFIED.,.F.,
  .F.,(2,2),(-11.0605,6.E-07),.PIECEWISE_BEZIER_KNOTS.);
#3316 = CARTESIAN_POINT('',(-0.219951014692,-11.0605));
#3317 = CARTESIAN_POINT('',(-0.219951014692,6.E-07));
#3318 = ( GEOMETRIC_REPRESENTATION_CONTEXT(2) 
PARAMETRIC_REPRESENTATION_CONTEXT() REPRESENTATION_CONTEXT('2D SPACE',''
  ) );
#3319 = PCURVE('',#712,#3320);
#3320 = DEFINITIONAL_REPRESENTATION('',(#3321),#3324);
#3321 = B_SPLINE_CURVE_WITH_KNOTS('',1,(#3322,#3323),.UNSPECIFIED.,.F.,
  .F.,(2,2),(-11.0605,6.E-07),.PIECEWISE_BEZIER_KNOTS.);
#3322 = CARTESIAN_POINT('',(11.0605,5.367494760128));
#3323 = CARTESIAN_POINT('',(-6.E-07,5.367494760128));
#3324 = ( GEOMETRIC_REPRESENTATION_CONTEXT(2) 
PARAMETRIC_REPRESENTATION_CONTEXT() REPRESENTATION_CONTEXT('2D SPACE',''
  ) );
#3325 = ORIENTED_EDGE('',*,*,#3326,.T.);
#3326 = EDGE_CURVE('',#3306,#3327,#3329,.T.);
#3327 = VERTEX_POINT('',#3328);
#3328 = CARTESIAN_POINT('',(-29.,27.,15.));
#3329 = SURFACE_CURVE('',#3330,(#3335,#3348),.PCURVE_S1.);
#3330 = ELLIPSE('',#3331,8.38186285977,5.5);
#3331 = AXIS2_PLACEMENT_3D('',#3332,#3333,#3334);
#3332 = CARTESIAN_POINT('',(-29.,21.5,8.675));
#3333 = DIRECTION('',(0.,-0.754605522164,0.656178714925));
#3334 = DIRECTION('',(0.,-0.656178714925,-0.754605522164));
#3335 = PCURVE('',#741,#3336);
#3336 = DEFINITIONAL_REPRESENTATION('',(#3337),#3347);
#3337 = B_SPLINE_CURVE_WITH_KNOTS('',8,(#3338,#3339,#3340,#3341,#3342,
    #3343,#3344,#3345,#3346),.UNSPECIFIED.,.F.,.F.,(9,9),(1.711257741505
    ,3.404614856498),.PIECEWISE_BEZIER_KNOTS.);
#3338 = CARTESIAN_POINT('',(-0.14046141471,-9.5605));
#3339 = CARTESIAN_POINT('',(-0.352131054084,-10.8861251989));
#3340 = CARTESIAN_POINT('',(-0.563800693458,-12.16640917746));
#3341 = CARTESIAN_POINT('',(-0.775470332837,-13.31084347066));
#3342 = CARTESIAN_POINT('',(-0.987139972203,-14.23327691872));
#3343 = CARTESIAN_POINT('',(-1.198809611585,-14.86479120277));
#3344 = CARTESIAN_POINT('',(-1.410479250954,-15.165924683));
#3345 = CARTESIAN_POINT('',(-1.622148890329,-15.13056522046));
#3346 = CARTESIAN_POINT('',(-1.833818529703,-14.78247449851));
#3347 = ( GEOMETRIC_REPRESENTATION_CONTEXT(2) 
PARAMETRIC_REPRESENTATION_CONTEXT() REPRESENTATION_CONTEXT('2D SPACE',''
  ) );
#3348 = PCURVE('',#3349,#3354);
#3349 = PLANE('',#3350);
#3350 = AXIS2_PLACEMENT_3D('',#3351,#3352,#3353);
#3351 = CARTESIAN_POINT('',(0.,22.7,10.055));
#3352 = DIRECTION('',(0.,-0.754605522164,0.656178714925));
#3353 = DIRECTION('',(0.,0.656178714925,0.754605522164));
#3354 = DEFINITIONAL_REPRESENTATION('',(#3355),#3359);
#3355 = ELLIPSE('',#3356,8.38186285977,5.5);
#3356 = AXIS2_PLACEMENT_2D('',#3357,#3358);
#3357 = CARTESIAN_POINT('',(-1.828770078495,29.));
#3358 = DIRECTION('',(-1.,-0.));
#3359 = ( GEOMETRIC_REPRESENTATION_CONTEXT(2) 
PARAMETRIC_REPRESENTATION_CONTEXT() REPRESENTATION_CONTEXT('2D SPACE',''
  ) );
#3360 = ORIENTED_EDGE('',*,*,#3361,.T.);
#3361 = EDGE_CURVE('',#3327,#3362,#3364,.T.);
#3362 = VERTEX_POINT('',#3363);
#3363 = CARTESIAN_POINT('',(-29.,27.,18.));
#3364 = SURFACE_CURVE('',#3365,(#3369,#3376),.PCURVE_S1.);
#3365 = LINE('',#3366,#3367);
#3366 = CARTESIAN_POINT('',(-29.,27.,15.));
#3367 = VECTOR('',#3368,1.);
#3368 = DIRECTION('',(0.,0.,1.));
#3369 = PCURVE('',#741,#3370);
#3370 = DEFINITIONAL_REPRESENTATION('',(#3371),#3375);
#3371 = LINE('',#3372,#3373);
#3372 = CARTESIAN_POINT('',(-1.570796326795,-15.));
#3373 = VECTOR('',#3374,1.);
#3374 = DIRECTION('',(-0.,-1.));
#3375 = ( GEOMETRIC_REPRESENTATION_CONTEXT(2) 
PARAMETRIC_REPRESENTATION_CONTEXT() REPRESENTATION_CONTEXT('2D SPACE',''
  ) );
#3376 = PCURVE('',#3377,#3382);
#3377 = PLANE('',#3378);
#3378 = AXIS2_PLACEMENT_3D('',#3379,#3380,#3381);
#3379 = CARTESIAN_POINT('',(-29.,27.,15.));
#3380 = DIRECTION('',(0.,1.,0.));
#3381 = DIRECTION('',(1.,0.,0.));
#3382 = DEFINITIONAL_REPRESENTATION('',(#3383),#3387);
#3383 = LINE('',#3384,#3385);
#3384 = CARTESIAN_POINT('',(0.,0.));
#3385 = VECTOR('',#3386,1.);
#3386 = DIRECTION('',(0.,-1.));
#3387 = ( GEOMETRIC_REPRESENTATION_CONTEXT(2) 
PARAMETRIC_REPRESENTATION_CONTEXT() REPRESENTATION_CONTEXT('2D SPACE',''
  ) );
#3388 = ORIENTED_EDGE('',*,*,#3389,.F.);
#3389 = EDGE_CURVE('',#3390,#3362,#3392,.T.);
#3390 = VERTEX_POINT('',#3391);
#3391 = CARTESIAN_POINT('',(-29.,16.,18.));
#3392 = SURFACE_CURVE('',#3393,(#3398,#3404),.PCURVE_S1.);
#3393 = CIRCLE('',#3394,5.5);
#3394 = AXIS2_PLACEMENT_3D('',#3395,#3396,#3397);
#3395 = CARTESIAN_POINT('',(-29.,21.5,18.));
#3396 = DIRECTION('',(0.,-0.,-1.));
#3397 = DIRECTION('',(0.,-1.,0.));
#3398 = PCURVE('',#741,#3399);
#3399 = DEFINITIONAL_REPRESENTATION('',(#3400),#3403);
#3400 = B_SPLINE_CURVE_WITH_KNOTS('',1,(#3401,#3402),.UNSPECIFIED.,.F.,
  .F.,(2,2),(0.,3.14159265359),.PIECEWISE_BEZIER_KNOTS.);
#3401 = CARTESIAN_POINT('',(-4.712388980385,-18.));
#3402 = CARTESIAN_POINT('',(-1.570796326795,-18.));
#3403 = ( GEOMETRIC_REPRESENTATION_CONTEXT(2) 
PARAMETRIC_REPRESENTATION_CONTEXT() REPRESENTATION_CONTEXT('2D SPACE',''
  ) );
#3404 = PCURVE('',#1536,#3405);
#3405 = DEFINITIONAL_REPRESENTATION('',(#3406),#3410);
#3406 = CIRCLE('',#3407,5.5);
#3407 = AXIS2_PLACEMENT_2D('',#3408,#3409);
#3408 = CARTESIAN_POINT('',(15.5,21.5));
#3409 = DIRECTION('',(0.,-1.));
#3410 = ( GEOMETRIC_REPRESENTATION_CONTEXT(2) 
PARAMETRIC_REPRESENTATION_CONTEXT() REPRESENTATION_CONTEXT('2D SPACE',''
  ) );
#3411 = ORIENTED_EDGE('',*,*,#3412,.F.);
#3412 = EDGE_CURVE('',#3413,#3390,#3415,.T.);
#3413 = VERTEX_POINT('',#3414);
#3414 = CARTESIAN_POINT('',(-29.,16.,15.));
#3415 = SURFACE_CURVE('',#3416,(#3420,#3427),.PCURVE_S1.);
#3416 = LINE('',#3417,#3418);
#3417 = CARTESIAN_POINT('',(-29.,16.,15.));
#3418 = VECTOR('',#3419,1.);
#3419 = DIRECTION('',(0.,0.,1.));
#3420 = PCURVE('',#741,#3421);
#3421 = DEFINITIONAL_REPRESENTATION('',(#3422),#3426);
#3422 = LINE('',#3423,#3424);
#3423 = CARTESIAN_POINT('',(-4.712388980385,-15.));
#3424 = VECTOR('',#3425,1.);
#3425 = DIRECTION('',(-0.,-1.));
#3426 = ( GEOMETRIC_REPRESENTATION_CONTEXT(2) 
PARAMETRIC_REPRESENTATION_CONTEXT() REPRESENTATION_CONTEXT('2D SPACE',''
  ) );
#3427 = PCURVE('',#3428,#3433);
#3428 = PLANE('',#3429);
#3429 = AXIS2_PLACEMENT_3D('',#3430,#3431,#3432);
#3430 = CARTESIAN_POINT('',(29.,16.,15.));
#3431 = DIRECTION('',(0.,-1.,0.));
#3432 = DIRECTION('',(-1.,0.,0.));
#3433 = DEFINITIONAL_REPRESENTATION('',(#3434),#3438);
#3434 = LINE('',#3435,#3436);
#3435 = CARTESIAN_POINT('',(58.,0.));
#3436 = VECTOR('',#3437,1.);
#3437 = DIRECTION('',(0.,-1.));
#3438 = ( GEOMETRIC_REPRESENTATION_CONTEXT(2) 
PARAMETRIC_REPRESENTATION_CONTEXT() REPRESENTATION_CONTEXT('2D SPACE',''
  ) );
#3439 = ORIENTED_EDGE('',*,*,#3440,.T.);
#3440 = EDGE_CURVE('',#3413,#3019,#3441,.T.);
#3441 = SURFACE_CURVE('',#3442,(#3447,#3460),.PCURVE_S1.);
#3442 = ELLIPSE('',#3443,8.38186285977,5.5);
#3443 = AXIS2_PLACEMENT_3D('',#3444,#3445,#3446);
#3444 = CARTESIAN_POINT('',(-29.,21.5,8.675));
#3445 = DIRECTION('',(0.,0.754605522164,0.656178714925));
#3446 = DIRECTION('',(0.,0.656178714925,-0.754605522164));
#3447 = PCURVE('',#741,#3448);
#3448 = DEFINITIONAL_REPRESENTATION('',(#3449),#3459);
#3449 = B_SPLINE_CURVE_WITH_KNOTS('',8,(#3450,#3451,#3452,#3453,#3454,
    #3455,#3456,#3457,#3458),.UNSPECIFIED.,.F.,.F.,(9,9),(2.878570450681
    ,4.571927565675),.PIECEWISE_BEZIER_KNOTS.);
#3450 = CARTESIAN_POINT('',(-4.449366777476,-14.78247449851));
#3451 = CARTESIAN_POINT('',(-4.66103641685,-15.13056522046));
#3452 = CARTESIAN_POINT('',(-4.872706056222,-15.165924683));
#3453 = CARTESIAN_POINT('',(-5.084375695587,-14.86479120278));
#3454 = CARTESIAN_POINT('',(-5.296045334977,-14.23327691871));
#3455 = CARTESIAN_POINT('',(-5.507714974345,-13.31084347068));
#3456 = CARTESIAN_POINT('',(-5.71938461372,-12.16640917747));
#3457 = CARTESIAN_POINT('',(-5.931054253096,-10.8861251989));
#3458 = CARTESIAN_POINT('',(-6.14272389247,-9.5605));
#3459 = ( GEOMETRIC_REPRESENTATION_CONTEXT(2) 
PARAMETRIC_REPRESENTATION_CONTEXT() REPRESENTATION_CONTEXT('2D SPACE',''
  ) );
#3460 = PCURVE('',#3055,#3461);
#3461 = DEFINITIONAL_REPRESENTATION('',(#3462),#3466);
#3462 = ELLIPSE('',#3463,8.38186285977,5.5);
#3463 = AXIS2_PLACEMENT_2D('',#3464,#3465);
#3464 = CARTESIAN_POINT('',(8.38186285977,29.));
#3465 = DIRECTION('',(1.,0.));
#3466 = ( GEOMETRIC_REPRESENTATION_CONTEXT(2) 
PARAMETRIC_REPRESENTATION_CONTEXT() REPRESENTATION_CONTEXT('2D SPACE',''
  ) );
#3467 = ORIENTED_EDGE('',*,*,#3018,.T.);
#3468 = ADVANCED_FACE('',(#3469),#244,.T.);
#3469 = FACE_BOUND('',#3470,.F.);
#3470 = EDGE_LOOP('',(#3471,#3472,#3473,#3508));
#3471 = ORIENTED_EDGE('',*,*,#227,.F.);
#3472 = ORIENTED_EDGE('',*,*,#3280,.T.);
#3473 = ORIENTED_EDGE('',*,*,#3474,.T.);
#3474 = EDGE_CURVE('',#3254,#3475,#3477,.T.);
#3475 = VERTEX_POINT('',#3476);
#3476 = CARTESIAN_POINT('',(14.7,-37.63250523987,10.055));
#3477 = SURFACE_CURVE('',#3478,(#3483,#3496),.PCURVE_S1.);
#3478 = ELLIPSE('',#3479,8.38186285977,5.5);
#3479 = AXIS2_PLACEMENT_3D('',#3480,#3481,#3482);
#3480 = CARTESIAN_POINT('',(13.5,-43.,8.675));
#3481 = DIRECTION('',(-0.754605522164,0.,0.656178714925));
#3482 = DIRECTION('',(-0.656178714925,0.,-0.754605522164));
#3483 = PCURVE('',#244,#3484);
#3484 = DEFINITIONAL_REPRESENTATION('',(#3485),#3495);
#3485 = B_SPLINE_CURVE_WITH_KNOTS('',8,(#3486,#3487,#3488,#3489,#3490,
    #3491,#3492,#3493,#3494),.UNSPECIFIED.,.F.,.F.,(9,9),(3.14159265359,
    4.571927565675),.PIECEWISE_BEZIER_KNOTS.);
#3486 = CARTESIAN_POINT('',(0.,-15.));
#3487 = CARTESIAN_POINT('',(-0.178791864011,-15.));
#3488 = CARTESIAN_POINT('',(-0.357583728022,-14.7689275437));
#3489 = CARTESIAN_POINT('',(-0.53637559203,-14.30678357635));
#3490 = CARTESIAN_POINT('',(-0.715167456044,-13.62932218572));
#3491 = CARTESIAN_POINT('',(-0.893959320049,-12.76807009518));
#3492 = CARTESIAN_POINT('',(-1.072751184064,-11.76759255648));
#3493 = CARTESIAN_POINT('',(-1.251543048074,-10.68022128356));
#3494 = CARTESIAN_POINT('',(-1.430334912085,-9.5605));
#3495 = ( GEOMETRIC_REPRESENTATION_CONTEXT(2) 
PARAMETRIC_REPRESENTATION_CONTEXT() REPRESENTATION_CONTEXT('2D SPACE',''
  ) );
#3496 = PCURVE('',#3497,#3502);
#3497 = PLANE('',#3498);
#3498 = AXIS2_PLACEMENT_3D('',#3499,#3500,#3501);
#3499 = CARTESIAN_POINT('',(14.7,0.,10.055));
#3500 = DIRECTION('',(-0.754605522164,0.,0.656178714925));
#3501 = DIRECTION('',(0.656178714925,0.,0.754605522164));
#3502 = DEFINITIONAL_REPRESENTATION('',(#3503),#3507);
#3503 = ELLIPSE('',#3504,8.38186285977,5.5);
#3504 = AXIS2_PLACEMENT_2D('',#3505,#3506);
#3505 = CARTESIAN_POINT('',(-1.828770078495,-43.));
#3506 = DIRECTION('',(-1.,0.));
#3507 = ( GEOMETRIC_REPRESENTATION_CONTEXT(2) 
PARAMETRIC_REPRESENTATION_CONTEXT() REPRESENTATION_CONTEXT('2D SPACE',''
  ) );
#3508 = ORIENTED_EDGE('',*,*,#3509,.T.);
#3509 = EDGE_CURVE('',#3475,#228,#3510,.T.);
#3510 = SURFACE_CURVE('',#3511,(#3515,#3521),.PCURVE_S1.);
#3511 = LINE('',#3512,#3513);
#3512 = CARTESIAN_POINT('',(14.7,-37.63250523987,0.));
#3513 = VECTOR('',#3514,1.);
#3514 = DIRECTION('',(-0.,-0.,-1.));
#3515 = PCURVE('',#244,#3516);
#3516 = DEFINITIONAL_REPRESENTATION('',(#3517),#3520);
#3517 = B_SPLINE_CURVE_WITH_KNOTS('',1,(#3518,#3519),.UNSPECIFIED.,.F.,
  .F.,(2,2),(-11.0605,6.E-07),.PIECEWISE_BEZIER_KNOTS.);
#3518 = CARTESIAN_POINT('',(-1.350845312103,-11.0605));
#3519 = CARTESIAN_POINT('',(-1.350845312103,6.E-07));
#3520 = ( GEOMETRIC_REPRESENTATION_CONTEXT(2) 
PARAMETRIC_REPRESENTATION_CONTEXT() REPRESENTATION_CONTEXT('2D SPACE',''
  ) );
#3521 = PCURVE('',#272,#3522);
#3522 = DEFINITIONAL_REPRESENTATION('',(#3523),#3526);
#3523 = B_SPLINE_CURVE_WITH_KNOTS('',1,(#3524,#3525),.UNSPECIFIED.,.F.,
  .F.,(2,2),(-11.0605,6.E-07),.PIECEWISE_BEZIER_KNOTS.);
#3524 = CARTESIAN_POINT('',(11.0605,-5.367494760128));
#3525 = CARTESIAN_POINT('',(-6.E-07,-5.367494760128));
#3526 = ( GEOMETRIC_REPRESENTATION_CONTEXT(2) 
PARAMETRIC_REPRESENTATION_CONTEXT() REPRESENTATION_CONTEXT('2D SPACE',''
  ) );
#3527 = ADVANCED_FACE('',(#3528),#712,.T.);
#3528 = FACE_BOUND('',#3529,.T.);
#3529 = EDGE_LOOP('',(#3530,#3531,#3532,#3555,#3576,#3602,#3623,#3646));
#3530 = ORIENTED_EDGE('',*,*,#696,.F.);
#3531 = ORIENTED_EDGE('',*,*,#3305,.F.);
#3532 = ORIENTED_EDGE('',*,*,#3533,.T.);
#3533 = EDGE_CURVE('',#3306,#3534,#3536,.T.);
#3534 = VERTEX_POINT('',#3535);
#3535 = CARTESIAN_POINT('',(-22.2,22.7,10.055));
#3536 = SURFACE_CURVE('',#3537,(#3541,#3548),.PCURVE_S1.);
#3537 = LINE('',#3538,#3539);
#3538 = CARTESIAN_POINT('',(-29.,22.7,10.055));
#3539 = VECTOR('',#3540,1.);
#3540 = DIRECTION('',(1.,0.,0.));
#3541 = PCURVE('',#712,#3542);
#3542 = DEFINITIONAL_REPRESENTATION('',(#3543),#3547);
#3543 = LINE('',#3544,#3545);
#3544 = CARTESIAN_POINT('',(10.055,0.));
#3545 = VECTOR('',#3546,1.);
#3546 = DIRECTION('',(0.,1.));
#3547 = ( GEOMETRIC_REPRESENTATION_CONTEXT(2) 
PARAMETRIC_REPRESENTATION_CONTEXT() REPRESENTATION_CONTEXT('2D SPACE',''
  ) );
#3548 = PCURVE('',#3349,#3549);
#3549 = DEFINITIONAL_REPRESENTATION('',(#3550),#3554);
#3550 = LINE('',#3551,#3552);
#3551 = CARTESIAN_POINT('',(0.,29.));
#3552 = VECTOR('',#3553,1.);
#3553 = DIRECTION('',(0.,-1.));
#3554 = ( GEOMETRIC_REPRESENTATION_CONTEXT(2) 
PARAMETRIC_REPRESENTATION_CONTEXT() REPRESENTATION_CONTEXT('2D SPACE',''
  ) );
#3555 = ORIENTED_EDGE('',*,*,#3556,.T.);
#3556 = EDGE_CURVE('',#3534,#3557,#3559,.T.);
#3557 = VERTEX_POINT('',#3558);
#3558 = CARTESIAN_POINT('',(-22.2,22.7,3.7));
#3559 = SURFACE_CURVE('',#3560,(#3564,#3570),.PCURVE_S1.);
#3560 = LINE('',#3561,#3562);
#3561 = CARTESIAN_POINT('',(-22.2,22.7,3.75));
#3562 = VECTOR('',#3563,1.);
#3563 = DIRECTION('',(0.,0.,-1.));
#3564 = PCURVE('',#712,#3565);
#3565 = DEFINITIONAL_REPRESENTATION('',(#3566),#3569);
#3566 = B_SPLINE_CURVE_WITH_KNOTS('',1,(#3567,#3568),.UNSPECIFIED.,.F.,
  .F.,(2,2),(-6.305,0.75),.PIECEWISE_BEZIER_KNOTS.);
#3567 = CARTESIAN_POINT('',(10.055,6.8));
#3568 = CARTESIAN_POINT('',(3.,6.8));
#3569 = ( GEOMETRIC_REPRESENTATION_CONTEXT(2) 
PARAMETRIC_REPRESENTATION_CONTEXT() REPRESENTATION_CONTEXT('2D SPACE',''
  ) );
#3570 = PCURVE('',#3082,#3571);
#3571 = DEFINITIONAL_REPRESENTATION('',(#3572),#3575);
#3572 = B_SPLINE_CURVE_WITH_KNOTS('',1,(#3573,#3574),.UNSPECIFIED.,.F.,
  .F.,(2,2),(-6.305,0.75),.PIECEWISE_BEZIER_KNOTS.);
#3573 = CARTESIAN_POINT('',(2.555,-1.2));
#3574 = CARTESIAN_POINT('',(-4.5,-1.2));
#3575 = ( GEOMETRIC_REPRESENTATION_CONTEXT(2) 
PARAMETRIC_REPRESENTATION_CONTEXT() REPRESENTATION_CONTEXT('2D SPACE',''
  ) );
#3576 = ORIENTED_EDGE('',*,*,#3577,.T.);
#3577 = EDGE_CURVE('',#3557,#3578,#3580,.T.);
#3578 = VERTEX_POINT('',#3579);
#3579 = CARTESIAN_POINT('',(-15.8,22.7,3.7));
#3580 = SURFACE_CURVE('',#3581,(#3585,#3591),.PCURVE_S1.);
#3581 = LINE('',#3582,#3583);
#3582 = CARTESIAN_POINT('',(-24.,22.7,3.7));
#3583 = VECTOR('',#3584,1.);
#3584 = DIRECTION('',(1.,0.,-0.));
#3585 = PCURVE('',#712,#3586);
#3586 = DEFINITIONAL_REPRESENTATION('',(#3587),#3590);
#3587 = B_SPLINE_CURVE_WITH_KNOTS('',1,(#3588,#3589),.UNSPECIFIED.,.F.,
  .F.,(2,2),(1.8,8.2),.PIECEWISE_BEZIER_KNOTS.);
#3588 = CARTESIAN_POINT('',(3.7,6.8));
#3589 = CARTESIAN_POINT('',(3.7,13.2));
#3590 = ( GEOMETRIC_REPRESENTATION_CONTEXT(2) 
PARAMETRIC_REPRESENTATION_CONTEXT() REPRESENTATION_CONTEXT('2D SPACE',''
  ) );
#3591 = PCURVE('',#3592,#3597);
#3592 = PLANE('',#3593);
#3593 = AXIS2_PLACEMENT_3D('',#3594,#3595,#3596);
#3594 = CARTESIAN_POINT('',(-19.,22.,3.));
#3595 = DIRECTION('',(0.,-0.707106781187,0.707106781187));
#3596 = DIRECTION('',(0.,0.707106781187,0.707106781187));
#3597 = DEFINITIONAL_REPRESENTATION('',(#3598),#3601);
#3598 = B_SPLINE_CURVE_WITH_KNOTS('',1,(#3599,#3600),.UNSPECIFIED.,.F.,
  .F.,(2,2),(1.8,8.2),.PIECEWISE_BEZIER_KNOTS.);
#3599 = CARTESIAN_POINT('',(0.989949493661,3.2));
#3600 = CARTESIAN_POINT('',(0.989949493661,-3.2));
#3601 = ( GEOMETRIC_REPRESENTATION_CONTEXT(2) 
PARAMETRIC_REPRESENTATION_CONTEXT() REPRESENTATION_CONTEXT('2D SPACE',''
  ) );
#3602 = ORIENTED_EDGE('',*,*,#3603,.F.);
#3603 = EDGE_CURVE('',#3604,#3578,#3606,.T.);
#3604 = VERTEX_POINT('',#3605);
#3605 = CARTESIAN_POINT('',(-15.8,22.7,10.055));
#3606 = SURFACE_CURVE('',#3607,(#3611,#3617),.PCURVE_S1.);
#3607 = LINE('',#3608,#3609);
#3608 = CARTESIAN_POINT('',(-15.8,22.7,3.75));
#3609 = VECTOR('',#3610,1.);
#3610 = DIRECTION('',(0.,0.,-1.));
#3611 = PCURVE('',#712,#3612);
#3612 = DEFINITIONAL_REPRESENTATION('',(#3613),#3616);
#3613 = B_SPLINE_CURVE_WITH_KNOTS('',1,(#3614,#3615),.UNSPECIFIED.,.F.,
  .F.,(2,2),(-6.305,0.75),.PIECEWISE_BEZIER_KNOTS.);
#3614 = CARTESIAN_POINT('',(10.055,13.2));
#3615 = CARTESIAN_POINT('',(3.,13.2));
#3616 = ( GEOMETRIC_REPRESENTATION_CONTEXT(2) 
PARAMETRIC_REPRESENTATION_CONTEXT() REPRESENTATION_CONTEXT('2D SPACE',''
  ) );
#3617 = PCURVE('',#3134,#3618);
#3618 = DEFINITIONAL_REPRESENTATION('',(#3619),#3622);
#3619 = B_SPLINE_CURVE_WITH_KNOTS('',1,(#3620,#3621),.UNSPECIFIED.,.F.,
  .F.,(2,2),(-6.305,0.75),.PIECEWISE_BEZIER_KNOTS.);
#3620 = CARTESIAN_POINT('',(2.555,-1.2));
#3621 = CARTESIAN_POINT('',(-4.5,-1.2));
#3622 = ( GEOMETRIC_REPRESENTATION_CONTEXT(2) 
PARAMETRIC_REPRESENTATION_CONTEXT() REPRESENTATION_CONTEXT('2D SPACE',''
  ) );
#3623 = ORIENTED_EDGE('',*,*,#3624,.T.);
#3624 = EDGE_CURVE('',#3604,#3625,#3627,.T.);
#3625 = VERTEX_POINT('',#3626);
#3626 = CARTESIAN_POINT('',(-14.7,22.7,10.055));
#3627 = SURFACE_CURVE('',#3628,(#3632,#3639),.PCURVE_S1.);
#3628 = LINE('',#3629,#3630);
#3629 = CARTESIAN_POINT('',(-29.,22.7,10.055));
#3630 = VECTOR('',#3631,1.);
#3631 = DIRECTION('',(1.,0.,0.));
#3632 = PCURVE('',#712,#3633);
#3633 = DEFINITIONAL_REPRESENTATION('',(#3634),#3638);
#3634 = LINE('',#3635,#3636);
#3635 = CARTESIAN_POINT('',(10.055,0.));
#3636 = VECTOR('',#3637,1.);
#3637 = DIRECTION('',(0.,1.));
#3638 = ( GEOMETRIC_REPRESENTATION_CONTEXT(2) 
PARAMETRIC_REPRESENTATION_CONTEXT() REPRESENTATION_CONTEXT('2D SPACE',''
  ) );
#3639 = PCURVE('',#3349,#3640);
#3640 = DEFINITIONAL_REPRESENTATION('',(#3641),#3645);
#3641 = LINE('',#3642,#3643);
#3642 = CARTESIAN_POINT('',(0.,29.));
#3643 = VECTOR('',#3644,1.);
#3644 = DIRECTION('',(0.,-1.));
#3645 = ( GEOMETRIC_REPRESENTATION_CONTEXT(2) 
PARAMETRIC_REPRESENTATION_CONTEXT() REPRESENTATION_CONTEXT('2D SPACE',''
  ) );
#3646 = ORIENTED_EDGE('',*,*,#3647,.F.);
#3647 = EDGE_CURVE('',#669,#3625,#3648,.T.);
#3648 = SURFACE_CURVE('',#3649,(#3653,#3659),.PCURVE_S1.);
#3649 = LINE('',#3650,#3651);
#3650 = CARTESIAN_POINT('',(-14.7,22.7,0.));
#3651 = VECTOR('',#3652,1.);
#3652 = DIRECTION('',(0.,0.,1.));
#3653 = PCURVE('',#712,#3654);
#3654 = DEFINITIONAL_REPRESENTATION('',(#3655),#3658);
#3655 = B_SPLINE_CURVE_WITH_KNOTS('',1,(#3656,#3657),.UNSPECIFIED.,.F.,
  .F.,(2,2),(0.,15.),.PIECEWISE_BEZIER_KNOTS.);
#3656 = CARTESIAN_POINT('',(0.,14.3));
#3657 = CARTESIAN_POINT('',(15.,14.3));
#3658 = ( GEOMETRIC_REPRESENTATION_CONTEXT(2) 
PARAMETRIC_REPRESENTATION_CONTEXT() REPRESENTATION_CONTEXT('2D SPACE',''
  ) );
#3659 = PCURVE('',#684,#3660);
#3660 = DEFINITIONAL_REPRESENTATION('',(#3661),#3664);
#3661 = B_SPLINE_CURVE_WITH_KNOTS('',1,(#3662,#3663),.UNSPECIFIED.,.F.,
  .F.,(2,2),(0.,15.),.PIECEWISE_BEZIER_KNOTS.);
#3662 = CARTESIAN_POINT('',(0.,-65.7));
#3663 = CARTESIAN_POINT('',(15.,-65.7));
#3664 = ( GEOMETRIC_REPRESENTATION_CONTEXT(2) 
PARAMETRIC_REPRESENTATION_CONTEXT() REPRESENTATION_CONTEXT('2D SPACE',''
  ) );
#3665 = ADVANCED_FACE('',(#3666),#272,.T.);
#3666 = FACE_BOUND('',#3667,.T.);
#3667 = EDGE_LOOP('',(#3668,#3669,#3690,#3713,#3734,#3755,#3776,#3797));
#3668 = ORIENTED_EDGE('',*,*,#256,.T.);
#3669 = ORIENTED_EDGE('',*,*,#3670,.T.);
#3670 = EDGE_CURVE('',#257,#3671,#3673,.T.);
#3671 = VERTEX_POINT('',#3672);
#3672 = CARTESIAN_POINT('',(14.7,-22.7,10.055));
#3673 = SURFACE_CURVE('',#3674,(#3678,#3684),.PCURVE_S1.);
#3674 = LINE('',#3675,#3676);
#3675 = CARTESIAN_POINT('',(14.7,-22.7,0.));
#3676 = VECTOR('',#3677,1.);
#3677 = DIRECTION('',(0.,0.,1.));
#3678 = PCURVE('',#272,#3679);
#3679 = DEFINITIONAL_REPRESENTATION('',(#3680),#3683);
#3680 = B_SPLINE_CURVE_WITH_KNOTS('',1,(#3681,#3682),.UNSPECIFIED.,.F.,
  .F.,(2,2),(0.,15.),.PIECEWISE_BEZIER_KNOTS.);
#3681 = CARTESIAN_POINT('',(0.,-20.3));
#3682 = CARTESIAN_POINT('',(15.,-20.3));
#3683 = ( GEOMETRIC_REPRESENTATION_CONTEXT(2) 
PARAMETRIC_REPRESENTATION_CONTEXT() REPRESENTATION_CONTEXT('2D SPACE',''
  ) );
#3684 = PCURVE('',#300,#3685);
#3685 = DEFINITIONAL_REPRESENTATION('',(#3686),#3689);
#3686 = B_SPLINE_CURVE_WITH_KNOTS('',1,(#3687,#3688),.UNSPECIFIED.,.F.,
  .F.,(2,2),(0.,15.),.PIECEWISE_BEZIER_KNOTS.);
#3687 = CARTESIAN_POINT('',(0.,43.7));
#3688 = CARTESIAN_POINT('',(15.,43.7));
#3689 = ( GEOMETRIC_REPRESENTATION_CONTEXT(2) 
PARAMETRIC_REPRESENTATION_CONTEXT() REPRESENTATION_CONTEXT('2D SPACE',''
  ) );
#3690 = ORIENTED_EDGE('',*,*,#3691,.T.);
#3691 = EDGE_CURVE('',#3671,#3692,#3694,.T.);
#3692 = VERTEX_POINT('',#3693);
#3693 = CARTESIAN_POINT('',(14.7,-27.3,10.055));
#3694 = SURFACE_CURVE('',#3695,(#3699,#3706),.PCURVE_S1.);
#3695 = LINE('',#3696,#3697);
#3696 = CARTESIAN_POINT('',(14.7,43.,10.055));
#3697 = VECTOR('',#3698,1.);
#3698 = DIRECTION('',(0.,-1.,0.));
#3699 = PCURVE('',#272,#3700);
#3700 = DEFINITIONAL_REPRESENTATION('',(#3701),#3705);
#3701 = LINE('',#3702,#3703);
#3702 = CARTESIAN_POINT('',(10.055,-86.));
#3703 = VECTOR('',#3704,1.);
#3704 = DIRECTION('',(0.,1.));
#3705 = ( GEOMETRIC_REPRESENTATION_CONTEXT(2) 
PARAMETRIC_REPRESENTATION_CONTEXT() REPRESENTATION_CONTEXT('2D SPACE',''
  ) );
#3706 = PCURVE('',#3497,#3707);
#3707 = DEFINITIONAL_REPRESENTATION('',(#3708),#3712);
#3708 = LINE('',#3709,#3710);
#3709 = CARTESIAN_POINT('',(0.,43.));
#3710 = VECTOR('',#3711,1.);
#3711 = DIRECTION('',(0.,-1.));
#3712 = ( GEOMETRIC_REPRESENTATION_CONTEXT(2) 
PARAMETRIC_REPRESENTATION_CONTEXT() REPRESENTATION_CONTEXT('2D SPACE',''
  ) );
#3713 = ORIENTED_EDGE('',*,*,#3714,.T.);
#3714 = EDGE_CURVE('',#3692,#3715,#3717,.T.);
#3715 = VERTEX_POINT('',#3716);
#3716 = CARTESIAN_POINT('',(14.7,-27.3,3.));
#3717 = SURFACE_CURVE('',#3718,(#3722,#3728),.PCURVE_S1.);
#3718 = LINE('',#3719,#3720);
#3719 = CARTESIAN_POINT('',(14.7,-27.3,3.75));
#3720 = VECTOR('',#3721,1.);
#3721 = DIRECTION('',(0.,0.,-1.));
#3722 = PCURVE('',#272,#3723);
#3723 = DEFINITIONAL_REPRESENTATION('',(#3724),#3727);
#3724 = B_SPLINE_CURVE_WITH_KNOTS('',1,(#3725,#3726),.UNSPECIFIED.,.F.,
  .F.,(2,2),(-6.305,0.75),.PIECEWISE_BEZIER_KNOTS.);
#3725 = CARTESIAN_POINT('',(10.055,-15.7));
#3726 = CARTESIAN_POINT('',(3.,-15.7));
#3727 = ( GEOMETRIC_REPRESENTATION_CONTEXT(2) 
PARAMETRIC_REPRESENTATION_CONTEXT() REPRESENTATION_CONTEXT('2D SPACE',''
  ) );
#3728 = PCURVE('',#2930,#3729);
#3729 = DEFINITIONAL_REPRESENTATION('',(#3730),#3733);
#3730 = B_SPLINE_CURVE_WITH_KNOTS('',1,(#3731,#3732),.UNSPECIFIED.,.F.,
  .F.,(2,2),(-6.305,0.75),.PIECEWISE_BEZIER_KNOTS.);
#3731 = CARTESIAN_POINT('',(-2.555,1.2));
#3732 = CARTESIAN_POINT('',(4.5,1.2));
#3733 = ( GEOMETRIC_REPRESENTATION_CONTEXT(2) 
PARAMETRIC_REPRESENTATION_CONTEXT() REPRESENTATION_CONTEXT('2D SPACE',''
  ) );
#3734 = ORIENTED_EDGE('',*,*,#3735,.T.);
#3735 = EDGE_CURVE('',#3715,#3736,#3738,.T.);
#3736 = VERTEX_POINT('',#3737);
#3737 = CARTESIAN_POINT('',(14.7,-33.7,3.));
#3738 = SURFACE_CURVE('',#3739,(#3743,#3749),.PCURVE_S1.);
#3739 = LINE('',#3740,#3741);
#3740 = CARTESIAN_POINT('',(14.7,-36.75,3.));
#3741 = VECTOR('',#3742,1.);
#3742 = DIRECTION('',(0.,-1.,0.));
#3743 = PCURVE('',#272,#3744);
#3744 = DEFINITIONAL_REPRESENTATION('',(#3745),#3748);
#3745 = B_SPLINE_CURVE_WITH_KNOTS('',1,(#3746,#3747),.UNSPECIFIED.,.F.,
  .F.,(2,2),(-9.45,-3.05),.PIECEWISE_BEZIER_KNOTS.);
#3746 = CARTESIAN_POINT('',(3.,-15.7));
#3747 = CARTESIAN_POINT('',(3.,-9.3));
#3748 = ( GEOMETRIC_REPRESENTATION_CONTEXT(2) 
PARAMETRIC_REPRESENTATION_CONTEXT() REPRESENTATION_CONTEXT('2D SPACE',''
  ) );
#3749 = PCURVE('',#2956,#3750);
#3750 = DEFINITIONAL_REPRESENTATION('',(#3751),#3754);
#3751 = B_SPLINE_CURVE_WITH_KNOTS('',1,(#3752,#3753),.UNSPECIFIED.,.F.,
  .F.,(2,2),(-9.45,-3.05),.PIECEWISE_BEZIER_KNOTS.);
#3752 = CARTESIAN_POINT('',(3.2,3.2));
#3753 = CARTESIAN_POINT('',(3.2,-3.2));
#3754 = ( GEOMETRIC_REPRESENTATION_CONTEXT(2) 
PARAMETRIC_REPRESENTATION_CONTEXT() REPRESENTATION_CONTEXT('2D SPACE',''
  ) );
#3755 = ORIENTED_EDGE('',*,*,#3756,.F.);
#3756 = EDGE_CURVE('',#3757,#3736,#3759,.T.);
#3757 = VERTEX_POINT('',#3758);
#3758 = CARTESIAN_POINT('',(14.7,-33.7,10.055));
#3759 = SURFACE_CURVE('',#3760,(#3764,#3770),.PCURVE_S1.);
#3760 = LINE('',#3761,#3762);
#3761 = CARTESIAN_POINT('',(14.7,-33.7,3.75));
#3762 = VECTOR('',#3763,1.);
#3763 = DIRECTION('',(0.,0.,-1.));
#3764 = PCURVE('',#272,#3765);
#3765 = DEFINITIONAL_REPRESENTATION('',(#3766),#3769);
#3766 = B_SPLINE_CURVE_WITH_KNOTS('',1,(#3767,#3768),.UNSPECIFIED.,.F.,
  .F.,(2,2),(-6.305,0.75),.PIECEWISE_BEZIER_KNOTS.);
#3767 = CARTESIAN_POINT('',(10.055,-9.3));
#3768 = CARTESIAN_POINT('',(3.,-9.3));
#3769 = ( GEOMETRIC_REPRESENTATION_CONTEXT(2) 
PARAMETRIC_REPRESENTATION_CONTEXT() REPRESENTATION_CONTEXT('2D SPACE',''
  ) );
#3770 = PCURVE('',#2982,#3771);
#3771 = DEFINITIONAL_REPRESENTATION('',(#3772),#3775);
#3772 = B_SPLINE_CURVE_WITH_KNOTS('',1,(#3773,#3774),.UNSPECIFIED.,.F.,
  .F.,(2,2),(-6.305,0.75),.PIECEWISE_BEZIER_KNOTS.);
#3773 = CARTESIAN_POINT('',(-2.555,1.2));
#3774 = CARTESIAN_POINT('',(4.5,1.2));
#3775 = ( GEOMETRIC_REPRESENTATION_CONTEXT(2) 
PARAMETRIC_REPRESENTATION_CONTEXT() REPRESENTATION_CONTEXT('2D SPACE',''
  ) );
#3776 = ORIENTED_EDGE('',*,*,#3777,.T.);
#3777 = EDGE_CURVE('',#3757,#3475,#3778,.T.);
#3778 = SURFACE_CURVE('',#3779,(#3783,#3790),.PCURVE_S1.);
#3779 = LINE('',#3780,#3781);
#3780 = CARTESIAN_POINT('',(14.7,43.,10.055));
#3781 = VECTOR('',#3782,1.);
#3782 = DIRECTION('',(0.,-1.,0.));
#3783 = PCURVE('',#272,#3784);
#3784 = DEFINITIONAL_REPRESENTATION('',(#3785),#3789);
#3785 = LINE('',#3786,#3787);
#3786 = CARTESIAN_POINT('',(10.055,-86.));
#3787 = VECTOR('',#3788,1.);
#3788 = DIRECTION('',(0.,1.));
#3789 = ( GEOMETRIC_REPRESENTATION_CONTEXT(2) 
PARAMETRIC_REPRESENTATION_CONTEXT() REPRESENTATION_CONTEXT('2D SPACE',''
  ) );
#3790 = PCURVE('',#3497,#3791);
#3791 = DEFINITIONAL_REPRESENTATION('',(#3792),#3796);
#3792 = LINE('',#3793,#3794);
#3793 = CARTESIAN_POINT('',(0.,43.));
#3794 = VECTOR('',#3795,1.);
#3795 = DIRECTION('',(0.,-1.));
#3796 = ( GEOMETRIC_REPRESENTATION_CONTEXT(2) 
PARAMETRIC_REPRESENTATION_CONTEXT() REPRESENTATION_CONTEXT('2D SPACE',''
  ) );
#3797 = ORIENTED_EDGE('',*,*,#3509,.T.);
#3798 = ADVANCED_FACE('',(#3799),#684,.F.);
#3799 = FACE_BOUND('',#3800,.F.);
#3800 = EDGE_LOOP('',(#3801,#3802,#3803,#3824,#3852,#3878,#3904,#3930));
#3801 = ORIENTED_EDGE('',*,*,#3647,.F.);
#3802 = ORIENTED_EDGE('',*,*,#668,.T.);
#3803 = ORIENTED_EDGE('',*,*,#3804,.F.);
#3804 = EDGE_CURVE('',#3805,#636,#3807,.T.);
#3805 = VERTEX_POINT('',#3806);
#3806 = CARTESIAN_POINT('',(-14.7,37.632505239872,10.055));
#3807 = SURFACE_CURVE('',#3808,(#3812,#3818),.PCURVE_S1.);
#3808 = LINE('',#3809,#3810);
#3809 = CARTESIAN_POINT('',(-14.7,37.632505239872,0.));
#3810 = VECTOR('',#3811,1.);
#3811 = DIRECTION('',(-0.,-0.,-1.));
#3812 = PCURVE('',#684,#3813);
#3813 = DEFINITIONAL_REPRESENTATION('',(#3814),#3817);
#3814 = B_SPLINE_CURVE_WITH_KNOTS('',1,(#3815,#3816),.UNSPECIFIED.,.F.,
  .F.,(2,2),(-11.0605,6.E-07),.PIECEWISE_BEZIER_KNOTS.);
#3815 = CARTESIAN_POINT('',(11.0605,-80.63250523987));
#3816 = CARTESIAN_POINT('',(-6.E-07,-80.63250523987));
#3817 = ( GEOMETRIC_REPRESENTATION_CONTEXT(2) 
PARAMETRIC_REPRESENTATION_CONTEXT() REPRESENTATION_CONTEXT('2D SPACE',''
  ) );
#3818 = PCURVE('',#656,#3819);
#3819 = DEFINITIONAL_REPRESENTATION('',(#3820),#3823);
#3820 = B_SPLINE_CURVE_WITH_KNOTS('',1,(#3821,#3822),.UNSPECIFIED.,.F.,
  .F.,(2,2),(-10.055,0.),.PIECEWISE_BEZIER_KNOTS.);
#3821 = CARTESIAN_POINT('',(-4.492437965693,-10.055));
#3822 = CARTESIAN_POINT('',(-4.492437965693,0.));
#3823 = ( GEOMETRIC_REPRESENTATION_CONTEXT(2) 
PARAMETRIC_REPRESENTATION_CONTEXT() REPRESENTATION_CONTEXT('2D SPACE',''
  ) );
#3824 = ORIENTED_EDGE('',*,*,#3825,.F.);
#3825 = EDGE_CURVE('',#3826,#3805,#3828,.T.);
#3826 = VERTEX_POINT('',#3827);
#3827 = CARTESIAN_POINT('',(-14.7,33.7,10.055));
#3828 = SURFACE_CURVE('',#3829,(#3833,#3840),.PCURVE_S1.);
#3829 = LINE('',#3830,#3831);
#3830 = CARTESIAN_POINT('',(-14.7,-43.,10.055));
#3831 = VECTOR('',#3832,1.);
#3832 = DIRECTION('',(0.,1.,0.));
#3833 = PCURVE('',#684,#3834);
#3834 = DEFINITIONAL_REPRESENTATION('',(#3835),#3839);
#3835 = LINE('',#3836,#3837);
#3836 = CARTESIAN_POINT('',(10.055,0.));
#3837 = VECTOR('',#3838,1.);
#3838 = DIRECTION('',(0.,-1.));
#3839 = ( GEOMETRIC_REPRESENTATION_CONTEXT(2) 
PARAMETRIC_REPRESENTATION_CONTEXT() REPRESENTATION_CONTEXT('2D SPACE',''
  ) );
#3840 = PCURVE('',#3841,#3846);
#3841 = PLANE('',#3842);
#3842 = AXIS2_PLACEMENT_3D('',#3843,#3844,#3845);
#3843 = CARTESIAN_POINT('',(-19.,0.,15.));
#3844 = DIRECTION('',(0.754605522164,0.,0.656178714925));
#3845 = DIRECTION('',(0.656178714925,0.,-0.754605522164));
#3846 = DEFINITIONAL_REPRESENTATION('',(#3847),#3851);
#3847 = LINE('',#3848,#3849);
#3848 = CARTESIAN_POINT('',(6.553092781275,-43.));
#3849 = VECTOR('',#3850,1.);
#3850 = DIRECTION('',(0.,1.));
#3851 = ( GEOMETRIC_REPRESENTATION_CONTEXT(2) 
PARAMETRIC_REPRESENTATION_CONTEXT() REPRESENTATION_CONTEXT('2D SPACE',''
  ) );
#3852 = ORIENTED_EDGE('',*,*,#3853,.T.);
#3853 = EDGE_CURVE('',#3826,#3854,#3856,.T.);
#3854 = VERTEX_POINT('',#3855);
#3855 = CARTESIAN_POINT('',(-14.7,33.7,3.));
#3856 = SURFACE_CURVE('',#3857,(#3861,#3867),.PCURVE_S1.);
#3857 = LINE('',#3858,#3859);
#3858 = CARTESIAN_POINT('',(-14.7,33.7,3.75));
#3859 = VECTOR('',#3860,1.);
#3860 = DIRECTION('',(0.,0.,-1.));
#3861 = PCURVE('',#684,#3862);
#3862 = DEFINITIONAL_REPRESENTATION('',(#3863),#3866);
#3863 = B_SPLINE_CURVE_WITH_KNOTS('',1,(#3864,#3865),.UNSPECIFIED.,.F.,
  .F.,(2,2),(-6.305,0.75),.PIECEWISE_BEZIER_KNOTS.);
#3864 = CARTESIAN_POINT('',(10.055,-76.7));
#3865 = CARTESIAN_POINT('',(3.,-76.7));
#3866 = ( GEOMETRIC_REPRESENTATION_CONTEXT(2) 
PARAMETRIC_REPRESENTATION_CONTEXT() REPRESENTATION_CONTEXT('2D SPACE',''
  ) );
#3867 = PCURVE('',#3868,#3873);
#3868 = PLANE('',#3869);
#3869 = AXIS2_PLACEMENT_3D('',#3870,#3871,#3872);
#3870 = CARTESIAN_POINT('',(-13.5,33.7,7.5));
#3871 = DIRECTION('',(-0.,-1.,-0.));
#3872 = DIRECTION('',(0.,0.,-1.));
#3873 = DEFINITIONAL_REPRESENTATION('',(#3874),#3877);
#3874 = B_SPLINE_CURVE_WITH_KNOTS('',1,(#3875,#3876),.UNSPECIFIED.,.F.,
  .F.,(2,2),(-6.305,0.75),.PIECEWISE_BEZIER_KNOTS.);
#3875 = CARTESIAN_POINT('',(-2.555,-1.2));
#3876 = CARTESIAN_POINT('',(4.5,-1.2));
#3877 = ( GEOMETRIC_REPRESENTATION_CONTEXT(2) 
PARAMETRIC_REPRESENTATION_CONTEXT() REPRESENTATION_CONTEXT('2D SPACE',''
  ) );
#3878 = ORIENTED_EDGE('',*,*,#3879,.T.);
#3879 = EDGE_CURVE('',#3854,#3880,#3882,.T.);
#3880 = VERTEX_POINT('',#3881);
#3881 = CARTESIAN_POINT('',(-14.7,27.3,3.));
#3882 = SURFACE_CURVE('',#3883,(#3887,#3893),.PCURVE_S1.);
#3883 = LINE('',#3884,#3885);
#3884 = CARTESIAN_POINT('',(-14.7,-6.25,3.));
#3885 = VECTOR('',#3886,1.);
#3886 = DIRECTION('',(0.,-1.,0.));
#3887 = PCURVE('',#684,#3888);
#3888 = DEFINITIONAL_REPRESENTATION('',(#3889),#3892);
#3889 = B_SPLINE_CURVE_WITH_KNOTS('',1,(#3890,#3891),.UNSPECIFIED.,.F.,
  .F.,(2,2),(-39.95,-33.55),.PIECEWISE_BEZIER_KNOTS.);
#3890 = CARTESIAN_POINT('',(3.,-76.7));
#3891 = CARTESIAN_POINT('',(3.,-70.3));
#3892 = ( GEOMETRIC_REPRESENTATION_CONTEXT(2) 
PARAMETRIC_REPRESENTATION_CONTEXT() REPRESENTATION_CONTEXT('2D SPACE',''
  ) );
#3893 = PCURVE('',#3894,#3899);
#3894 = PLANE('',#3895);
#3895 = AXIS2_PLACEMENT_3D('',#3896,#3897,#3898);
#3896 = CARTESIAN_POINT('',(-15.5,30.5,3.));
#3897 = DIRECTION('',(-0.,0.,1.));
#3898 = DIRECTION('',(1.,0.,0.));
#3899 = DEFINITIONAL_REPRESENTATION('',(#3900),#3903);
#3900 = B_SPLINE_CURVE_WITH_KNOTS('',1,(#3901,#3902),.UNSPECIFIED.,.F.,
  .F.,(2,2),(-39.95,-33.55),.PIECEWISE_BEZIER_KNOTS.);
#3901 = CARTESIAN_POINT('',(0.8,3.2));
#3902 = CARTESIAN_POINT('',(0.8,-3.2));
#3903 = ( GEOMETRIC_REPRESENTATION_CONTEXT(2) 
PARAMETRIC_REPRESENTATION_CONTEXT() REPRESENTATION_CONTEXT('2D SPACE',''
  ) );
#3904 = ORIENTED_EDGE('',*,*,#3905,.F.);
#3905 = EDGE_CURVE('',#3906,#3880,#3908,.T.);
#3906 = VERTEX_POINT('',#3907);
#3907 = CARTESIAN_POINT('',(-14.7,27.3,10.055));
#3908 = SURFACE_CURVE('',#3909,(#3913,#3919),.PCURVE_S1.);
#3909 = LINE('',#3910,#3911);
#3910 = CARTESIAN_POINT('',(-14.7,27.3,3.75));
#3911 = VECTOR('',#3912,1.);
#3912 = DIRECTION('',(0.,0.,-1.));
#3913 = PCURVE('',#684,#3914);
#3914 = DEFINITIONAL_REPRESENTATION('',(#3915),#3918);
#3915 = B_SPLINE_CURVE_WITH_KNOTS('',1,(#3916,#3917),.UNSPECIFIED.,.F.,
  .F.,(2,2),(-6.305,0.75),.PIECEWISE_BEZIER_KNOTS.);
#3916 = CARTESIAN_POINT('',(10.055,-70.3));
#3917 = CARTESIAN_POINT('',(3.,-70.3));
#3918 = ( GEOMETRIC_REPRESENTATION_CONTEXT(2) 
PARAMETRIC_REPRESENTATION_CONTEXT() REPRESENTATION_CONTEXT('2D SPACE',''
  ) );
#3919 = PCURVE('',#3920,#3925);
#3920 = PLANE('',#3921);
#3921 = AXIS2_PLACEMENT_3D('',#3922,#3923,#3924);
#3922 = CARTESIAN_POINT('',(-13.5,27.3,7.5));
#3923 = DIRECTION('',(-0.,-1.,-0.));
#3924 = DIRECTION('',(0.,0.,-1.));
#3925 = DEFINITIONAL_REPRESENTATION('',(#3926),#3929);
#3926 = B_SPLINE_CURVE_WITH_KNOTS('',1,(#3927,#3928),.UNSPECIFIED.,.F.,
  .F.,(2,2),(-6.305,0.75),.PIECEWISE_BEZIER_KNOTS.);
#3927 = CARTESIAN_POINT('',(-2.555,-1.2));
#3928 = CARTESIAN_POINT('',(4.5,-1.2));
#3929 = ( GEOMETRIC_REPRESENTATION_CONTEXT(2) 
PARAMETRIC_REPRESENTATION_CONTEXT() REPRESENTATION_CONTEXT('2D SPACE',''
  ) );
#3930 = ORIENTED_EDGE('',*,*,#3931,.F.);
#3931 = EDGE_CURVE('',#3625,#3906,#3932,.T.);
#3932 = SURFACE_CURVE('',#3933,(#3937,#3944),.PCURVE_S1.);
#3933 = LINE('',#3934,#3935);
#3934 = CARTESIAN_POINT('',(-14.7,-43.,10.055));
#3935 = VECTOR('',#3936,1.);
#3936 = DIRECTION('',(0.,1.,0.));
#3937 = PCURVE('',#684,#3938);
#3938 = DEFINITIONAL_REPRESENTATION('',(#3939),#3943);
#3939 = LINE('',#3940,#3941);
#3940 = CARTESIAN_POINT('',(10.055,0.));
#3941 = VECTOR('',#3942,1.);
#3942 = DIRECTION('',(0.,-1.));
#3943 = ( GEOMETRIC_REPRESENTATION_CONTEXT(2) 
PARAMETRIC_REPRESENTATION_CONTEXT() REPRESENTATION_CONTEXT('2D SPACE',''
  ) );
#3944 = PCURVE('',#3841,#3945);
#3945 = DEFINITIONAL_REPRESENTATION('',(#3946),#3950);
#3946 = LINE('',#3947,#3948);
#3947 = CARTESIAN_POINT('',(6.553092781275,-43.));
#3948 = VECTOR('',#3949,1.);
#3949 = DIRECTION('',(0.,1.));
#3950 = ( GEOMETRIC_REPRESENTATION_CONTEXT(2) 
PARAMETRIC_REPRESENTATION_CONTEXT() REPRESENTATION_CONTEXT('2D SPACE',''
  ) );
#3951 = ADVANCED_FACE('',(#3952),#300,.F.);
#3952 = FACE_BOUND('',#3953,.F.);
#3953 = EDGE_LOOP('',(#3954,#3955,#3956,#3984,#4010,#4036,#4062,#4085));
#3954 = ORIENTED_EDGE('',*,*,#284,.F.);
#3955 = ORIENTED_EDGE('',*,*,#3670,.T.);
#3956 = ORIENTED_EDGE('',*,*,#3957,.F.);
#3957 = EDGE_CURVE('',#3958,#3671,#3960,.T.);
#3958 = VERTEX_POINT('',#3959);
#3959 = CARTESIAN_POINT('',(15.8,-22.7,10.055));
#3960 = SURFACE_CURVE('',#3961,(#3965,#3972),.PCURVE_S1.);
#3961 = LINE('',#3962,#3963);
#3962 = CARTESIAN_POINT('',(29.,-22.7,10.055));
#3963 = VECTOR('',#3964,1.);
#3964 = DIRECTION('',(-1.,0.,0.));
#3965 = PCURVE('',#300,#3966);
#3966 = DEFINITIONAL_REPRESENTATION('',(#3967),#3971);
#3967 = LINE('',#3968,#3969);
#3968 = CARTESIAN_POINT('',(10.055,58.));
#3969 = VECTOR('',#3970,1.);
#3970 = DIRECTION('',(0.,-1.));
#3971 = ( GEOMETRIC_REPRESENTATION_CONTEXT(2) 
PARAMETRIC_REPRESENTATION_CONTEXT() REPRESENTATION_CONTEXT('2D SPACE',''
  ) );
#3972 = PCURVE('',#3973,#3978);
#3973 = PLANE('',#3974);
#3974 = AXIS2_PLACEMENT_3D('',#3975,#3976,#3977);
#3975 = CARTESIAN_POINT('',(0.,-27.,15.));
#3976 = DIRECTION('',(-0.,0.754605522164,0.656178714925));
#3977 = DIRECTION('',(0.,0.656178714925,-0.754605522164));
#3978 = DEFINITIONAL_REPRESENTATION('',(#3979),#3983);
#3979 = LINE('',#3980,#3981);
#3980 = CARTESIAN_POINT('',(6.553092781275,-29.));
#3981 = VECTOR('',#3982,1.);
#3982 = DIRECTION('',(0.,1.));
#3983 = ( GEOMETRIC_REPRESENTATION_CONTEXT(2) 
PARAMETRIC_REPRESENTATION_CONTEXT() REPRESENTATION_CONTEXT('2D SPACE',''
  ) );
#3984 = ORIENTED_EDGE('',*,*,#3985,.T.);
#3985 = EDGE_CURVE('',#3958,#3986,#3988,.T.);
#3986 = VERTEX_POINT('',#3987);
#3987 = CARTESIAN_POINT('',(15.8,-22.7,3.7));
#3988 = SURFACE_CURVE('',#3989,(#3993,#3999),.PCURVE_S1.);
#3989 = LINE('',#3990,#3991);
#3990 = CARTESIAN_POINT('',(15.8,-22.7,3.75));
#3991 = VECTOR('',#3992,1.);
#3992 = DIRECTION('',(0.,0.,-1.));
#3993 = PCURVE('',#300,#3994);
#3994 = DEFINITIONAL_REPRESENTATION('',(#3995),#3998);
#3995 = B_SPLINE_CURVE_WITH_KNOTS('',1,(#3996,#3997),.UNSPECIFIED.,.F.,
  .F.,(2,2),(-6.305,0.75),.PIECEWISE_BEZIER_KNOTS.);
#3996 = CARTESIAN_POINT('',(10.055,44.8));
#3997 = CARTESIAN_POINT('',(3.,44.8));
#3998 = ( GEOMETRIC_REPRESENTATION_CONTEXT(2) 
PARAMETRIC_REPRESENTATION_CONTEXT() REPRESENTATION_CONTEXT('2D SPACE',''
  ) );
#3999 = PCURVE('',#4000,#4005);
#4000 = PLANE('',#4001);
#4001 = AXIS2_PLACEMENT_3D('',#4002,#4003,#4004);
#4002 = CARTESIAN_POINT('',(15.8,-21.5,7.5));
#4003 = DIRECTION('',(1.,0.,0.));
#4004 = DIRECTION('',(-0.,0.,1.));
#4005 = DEFINITIONAL_REPRESENTATION('',(#4006),#4009);
#4006 = B_SPLINE_CURVE_WITH_KNOTS('',1,(#4007,#4008),.UNSPECIFIED.,.F.,
  .F.,(2,2),(-6.305,0.75),.PIECEWISE_BEZIER_KNOTS.);
#4007 = CARTESIAN_POINT('',(2.555,1.2));
#4008 = CARTESIAN_POINT('',(-4.5,1.2));
#4009 = ( GEOMETRIC_REPRESENTATION_CONTEXT(2) 
PARAMETRIC_REPRESENTATION_CONTEXT() REPRESENTATION_CONTEXT('2D SPACE',''
  ) );
#4010 = ORIENTED_EDGE('',*,*,#4011,.T.);
#4011 = EDGE_CURVE('',#3986,#4012,#4014,.T.);
#4012 = VERTEX_POINT('',#4013);
#4013 = CARTESIAN_POINT('',(22.2,-22.7,3.7));
#4014 = SURFACE_CURVE('',#4015,(#4019,#4025),.PCURVE_S1.);
#4015 = LINE('',#4016,#4017);
#4016 = CARTESIAN_POINT('',(-5.,-22.7,3.7));
#4017 = VECTOR('',#4018,1.);
#4018 = DIRECTION('',(1.,-0.,0.));
#4019 = PCURVE('',#300,#4020);
#4020 = DEFINITIONAL_REPRESENTATION('',(#4021),#4024);
#4021 = B_SPLINE_CURVE_WITH_KNOTS('',1,(#4022,#4023),.UNSPECIFIED.,.F.,
  .F.,(2,2),(20.8,27.2),.PIECEWISE_BEZIER_KNOTS.);
#4022 = CARTESIAN_POINT('',(3.7,44.8));
#4023 = CARTESIAN_POINT('',(3.7,51.2));
#4024 = ( GEOMETRIC_REPRESENTATION_CONTEXT(2) 
PARAMETRIC_REPRESENTATION_CONTEXT() REPRESENTATION_CONTEXT('2D SPACE',''
  ) );
#4025 = PCURVE('',#4026,#4031);
#4026 = PLANE('',#4027);
#4027 = AXIS2_PLACEMENT_3D('',#4028,#4029,#4030);
#4028 = CARTESIAN_POINT('',(19.,-25.,6.));
#4029 = DIRECTION('',(-0.,0.707106781187,0.707106781187));
#4030 = DIRECTION('',(0.,0.707106781187,-0.707106781187));
#4031 = DEFINITIONAL_REPRESENTATION('',(#4032),#4035);
#4032 = B_SPLINE_CURVE_WITH_KNOTS('',1,(#4033,#4034),.UNSPECIFIED.,.F.,
  .F.,(2,2),(20.8,27.2),.PIECEWISE_BEZIER_KNOTS.);
#4033 = CARTESIAN_POINT('',(3.252691193458,3.2));
#4034 = CARTESIAN_POINT('',(3.252691193458,-3.2));
#4035 = ( GEOMETRIC_REPRESENTATION_CONTEXT(2) 
PARAMETRIC_REPRESENTATION_CONTEXT() REPRESENTATION_CONTEXT('2D SPACE',''
  ) );
#4036 = ORIENTED_EDGE('',*,*,#4037,.F.);
#4037 = EDGE_CURVE('',#4038,#4012,#4040,.T.);
#4038 = VERTEX_POINT('',#4039);
#4039 = CARTESIAN_POINT('',(22.2,-22.7,10.055));
#4040 = SURFACE_CURVE('',#4041,(#4045,#4051),.PCURVE_S1.);
#4041 = LINE('',#4042,#4043);
#4042 = CARTESIAN_POINT('',(22.2,-22.7,3.75));
#4043 = VECTOR('',#4044,1.);
#4044 = DIRECTION('',(0.,0.,-1.));
#4045 = PCURVE('',#300,#4046);
#4046 = DEFINITIONAL_REPRESENTATION('',(#4047),#4050);
#4047 = B_SPLINE_CURVE_WITH_KNOTS('',1,(#4048,#4049),.UNSPECIFIED.,.F.,
  .F.,(2,2),(-6.305,0.75),.PIECEWISE_BEZIER_KNOTS.);
#4048 = CARTESIAN_POINT('',(10.055,51.2));
#4049 = CARTESIAN_POINT('',(3.,51.2));
#4050 = ( GEOMETRIC_REPRESENTATION_CONTEXT(2) 
PARAMETRIC_REPRESENTATION_CONTEXT() REPRESENTATION_CONTEXT('2D SPACE',''
  ) );
#4051 = PCURVE('',#4052,#4057);
#4052 = PLANE('',#4053);
#4053 = AXIS2_PLACEMENT_3D('',#4054,#4055,#4056);
#4054 = CARTESIAN_POINT('',(22.2,-21.5,7.5));
#4055 = DIRECTION('',(1.,0.,0.));
#4056 = DIRECTION('',(-0.,0.,1.));
#4057 = DEFINITIONAL_REPRESENTATION('',(#4058),#4061);
#4058 = B_SPLINE_CURVE_WITH_KNOTS('',1,(#4059,#4060),.UNSPECIFIED.,.F.,
  .F.,(2,2),(-6.305,0.75),.PIECEWISE_BEZIER_KNOTS.);
#4059 = CARTESIAN_POINT('',(2.555,1.2));
#4060 = CARTESIAN_POINT('',(-4.5,1.2));
#4061 = ( GEOMETRIC_REPRESENTATION_CONTEXT(2) 
PARAMETRIC_REPRESENTATION_CONTEXT() REPRESENTATION_CONTEXT('2D SPACE',''
  ) );
#4062 = ORIENTED_EDGE('',*,*,#4063,.F.);
#4063 = EDGE_CURVE('',#4064,#4038,#4066,.T.);
#4064 = VERTEX_POINT('',#4065);
#4065 = CARTESIAN_POINT('',(23.632505239872,-22.7,10.055));
#4066 = SURFACE_CURVE('',#4067,(#4071,#4078),.PCURVE_S1.);
#4067 = LINE('',#4068,#4069);
#4068 = CARTESIAN_POINT('',(29.,-22.7,10.055));
#4069 = VECTOR('',#4070,1.);
#4070 = DIRECTION('',(-1.,0.,0.));
#4071 = PCURVE('',#300,#4072);
#4072 = DEFINITIONAL_REPRESENTATION('',(#4073),#4077);
#4073 = LINE('',#4074,#4075);
#4074 = CARTESIAN_POINT('',(10.055,58.));
#4075 = VECTOR('',#4076,1.);
#4076 = DIRECTION('',(0.,-1.));
#4077 = ( GEOMETRIC_REPRESENTATION_CONTEXT(2) 
PARAMETRIC_REPRESENTATION_CONTEXT() REPRESENTATION_CONTEXT('2D SPACE',''
  ) );
#4078 = PCURVE('',#3973,#4079);
#4079 = DEFINITIONAL_REPRESENTATION('',(#4080),#4084);
#4080 = LINE('',#4081,#4082);
#4081 = CARTESIAN_POINT('',(6.553092781275,-29.));
#4082 = VECTOR('',#4083,1.);
#4083 = DIRECTION('',(0.,1.));
#4084 = ( GEOMETRIC_REPRESENTATION_CONTEXT(2) 
PARAMETRIC_REPRESENTATION_CONTEXT() REPRESENTATION_CONTEXT('2D SPACE',''
  ) );
#4085 = ORIENTED_EDGE('',*,*,#4086,.T.);
#4086 = EDGE_CURVE('',#4064,#285,#4087,.T.);
#4087 = SURFACE_CURVE('',#4088,(#4092,#4098),.PCURVE_S1.);
#4088 = LINE('',#4089,#4090);
#4089 = CARTESIAN_POINT('',(23.632505239872,-22.7,0.));
#4090 = VECTOR('',#4091,1.);
#4091 = DIRECTION('',(-0.,-0.,-1.));
#4092 = PCURVE('',#300,#4093);
#4093 = DEFINITIONAL_REPRESENTATION('',(#4094),#4097);
#4094 = B_SPLINE_CURVE_WITH_KNOTS('',1,(#4095,#4096),.UNSPECIFIED.,.F.,
  .F.,(2,2),(-11.0605,6.E-07),.PIECEWISE_BEZIER_KNOTS.);
#4095 = CARTESIAN_POINT('',(11.0605,52.632505239872));
#4096 = CARTESIAN_POINT('',(-6.E-07,52.632505239872));
#4097 = ( GEOMETRIC_REPRESENTATION_CONTEXT(2) 
PARAMETRIC_REPRESENTATION_CONTEXT() REPRESENTATION_CONTEXT('2D SPACE',''
  ) );
#4098 = PCURVE('',#333,#4099);
#4099 = DEFINITIONAL_REPRESENTATION('',(#4100),#4103);
#4100 = B_SPLINE_CURVE_WITH_KNOTS('',1,(#4101,#4102),.UNSPECIFIED.,.F.,
  .F.,(2,2),(-10.055,0.),.PIECEWISE_BEZIER_KNOTS.);
#4101 = CARTESIAN_POINT('',(-3.361543668282,-10.055));
#4102 = CARTESIAN_POINT('',(-3.361543668282,0.));
#4103 = ( GEOMETRIC_REPRESENTATION_CONTEXT(2) 
PARAMETRIC_REPRESENTATION_CONTEXT() REPRESENTATION_CONTEXT('2D SPACE',''
  ) );
#4104 = ADVANCED_FACE('',(#4105),#656,.T.);
#4105 = FACE_BOUND('',#4106,.F.);
#4106 = EDGE_LOOP('',(#4107,#4108,#4129,#4164,#4191,#4214,#4241,#4269));
#4107 = ORIENTED_EDGE('',*,*,#635,.T.);
#4108 = ORIENTED_EDGE('',*,*,#4109,.F.);
#4109 = EDGE_CURVE('',#4110,#608,#4112,.T.);
#4110 = VERTEX_POINT('',#4111);
#4111 = CARTESIAN_POINT('',(-12.3,37.632505239872,10.055));
#4112 = SURFACE_CURVE('',#4113,(#4117,#4123),.PCURVE_S1.);
#4113 = LINE('',#4114,#4115);
#4114 = CARTESIAN_POINT('',(-12.3,37.632505239872,0.));
#4115 = VECTOR('',#4116,1.);
#4116 = DIRECTION('',(-0.,-0.,-1.));
#4117 = PCURVE('',#656,#4118);
#4118 = DEFINITIONAL_REPRESENTATION('',(#4119),#4122);
#4119 = B_SPLINE_CURVE_WITH_KNOTS('',1,(#4120,#4121),.UNSPECIFIED.,.F.,
  .F.,(2,2),(-10.055,0.),.PIECEWISE_BEZIER_KNOTS.);
#4120 = CARTESIAN_POINT('',(1.350845312103,-10.055));
#4121 = CARTESIAN_POINT('',(1.350845312103,0.));
#4122 = ( GEOMETRIC_REPRESENTATION_CONTEXT(2) 
PARAMETRIC_REPRESENTATION_CONTEXT() REPRESENTATION_CONTEXT('2D SPACE',''
  ) );
#4123 = PCURVE('',#623,#4124);
#4124 = DEFINITIONAL_REPRESENTATION('',(#4125),#4128);
#4125 = B_SPLINE_CURVE_WITH_KNOTS('',1,(#4126,#4127),.UNSPECIFIED.,.F.,
  .F.,(2,2),(-11.0605,6.E-07),.PIECEWISE_BEZIER_KNOTS.);
#4126 = CARTESIAN_POINT('',(11.0605,-80.63250523987));
#4127 = CARTESIAN_POINT('',(-6.E-07,-80.63250523987));
#4128 = ( GEOMETRIC_REPRESENTATION_CONTEXT(2) 
PARAMETRIC_REPRESENTATION_CONTEXT() REPRESENTATION_CONTEXT('2D SPACE',''
  ) );
#4129 = ORIENTED_EDGE('',*,*,#4130,.T.);
#4130 = EDGE_CURVE('',#4110,#4131,#4133,.T.);
#4131 = VERTEX_POINT('',#4132);
#4132 = CARTESIAN_POINT('',(-8.,43.,15.));
#4133 = SURFACE_CURVE('',#4134,(#4139,#4152),.PCURVE_S1.);
#4134 = ELLIPSE('',#4135,8.38186285977,5.5);
#4135 = AXIS2_PLACEMENT_3D('',#4136,#4137,#4138);
#4136 = CARTESIAN_POINT('',(-13.5,43.,8.675));
#4137 = DIRECTION('',(-0.754605522164,0.,0.656178714925));
#4138 = DIRECTION('',(-0.656178714925,0.,-0.754605522164));
#4139 = PCURVE('',#656,#4140);
#4140 = DEFINITIONAL_REPRESENTATION('',(#4141),#4151);
#4141 = B_SPLINE_CURVE_WITH_KNOTS('',8,(#4142,#4143,#4144,#4145,#4146,
    #4147,#4148,#4149,#4150),.UNSPECIFIED.,.F.,.F.,(9,9),(1.790747341487
    ,3.14159265359),.PIECEWISE_BEZIER_KNOTS.);
#4142 = CARTESIAN_POINT('',(1.350845312103,-10.05500000304));
#4143 = CARTESIAN_POINT('',(1.18198964809,-11.09728168193));
#4144 = CARTESIAN_POINT('',(1.013133984077,-12.09459545265));
#4145 = CARTESIAN_POINT('',(0.844278320063,-13.00165701436));
#4146 = CARTESIAN_POINT('',(0.67542265605,-13.77591877009));
#4147 = CARTESIAN_POINT('',(0.506566992038,-14.38169232417));
#4148 = CARTESIAN_POINT('',(0.337711328026,-14.79389717598));
#4149 = CARTESIAN_POINT('',(0.168855664013,-15.));
#4150 = CARTESIAN_POINT('',(0.,-15.));
#4151 = ( GEOMETRIC_REPRESENTATION_CONTEXT(2) 
PARAMETRIC_REPRESENTATION_CONTEXT() REPRESENTATION_CONTEXT('2D SPACE',''
  ) );
#4152 = PCURVE('',#4153,#4158);
#4153 = PLANE('',#4154);
#4154 = AXIS2_PLACEMENT_3D('',#4155,#4156,#4157);
#4155 = CARTESIAN_POINT('',(-12.3,0.,10.055));
#4156 = DIRECTION('',(-0.754605522164,0.,0.656178714925));
#4157 = DIRECTION('',(0.656178714925,0.,0.754605522164));
#4158 = DEFINITIONAL_REPRESENTATION('',(#4159),#4163);
#4159 = ELLIPSE('',#4160,8.38186285977,5.5);
#4160 = AXIS2_PLACEMENT_2D('',#4161,#4162);
#4161 = CARTESIAN_POINT('',(-1.828770078495,43.));
#4162 = DIRECTION('',(-1.,0.));
#4163 = ( GEOMETRIC_REPRESENTATION_CONTEXT(2) 
PARAMETRIC_REPRESENTATION_CONTEXT() REPRESENTATION_CONTEXT('2D SPACE',''
  ) );
#4164 = ORIENTED_EDGE('',*,*,#4165,.T.);
#4165 = EDGE_CURVE('',#4131,#4166,#4168,.T.);
#4166 = VERTEX_POINT('',#4167);
#4167 = CARTESIAN_POINT('',(-8.,43.,18.));
#4168 = SURFACE_CURVE('',#4169,(#4173,#4179),.PCURVE_S1.);
#4169 = LINE('',#4170,#4171);
#4170 = CARTESIAN_POINT('',(-8.,43.,15.));
#4171 = VECTOR('',#4172,1.);
#4172 = DIRECTION('',(0.,0.,1.));
#4173 = PCURVE('',#656,#4174);
#4174 = DEFINITIONAL_REPRESENTATION('',(#4175),#4178);
#4175 = B_SPLINE_CURVE_WITH_KNOTS('',1,(#4176,#4177),.UNSPECIFIED.,.F.,
  .F.,(2,2),(0.,3.),.PIECEWISE_BEZIER_KNOTS.);
#4176 = CARTESIAN_POINT('',(0.,-15.));
#4177 = CARTESIAN_POINT('',(0.,-18.));
#4178 = ( GEOMETRIC_REPRESENTATION_CONTEXT(2) 
PARAMETRIC_REPRESENTATION_CONTEXT() REPRESENTATION_CONTEXT('2D SPACE',''
  ) );
#4179 = PCURVE('',#4180,#4185);
#4180 = PLANE('',#4181);
#4181 = AXIS2_PLACEMENT_3D('',#4182,#4183,#4184);
#4182 = CARTESIAN_POINT('',(-8.,43.,15.));
#4183 = DIRECTION('',(1.,-1.110223024625E-16,0.));
#4184 = DIRECTION('',(-1.110223024625E-16,-1.,0.));
#4185 = DEFINITIONAL_REPRESENTATION('',(#4186),#4190);
#4186 = LINE('',#4187,#4188);
#4187 = CARTESIAN_POINT('',(0.,0.));
#4188 = VECTOR('',#4189,1.);
#4189 = DIRECTION('',(0.,-1.));
#4190 = ( GEOMETRIC_REPRESENTATION_CONTEXT(2) 
PARAMETRIC_REPRESENTATION_CONTEXT() REPRESENTATION_CONTEXT('2D SPACE',''
  ) );
#4191 = ORIENTED_EDGE('',*,*,#4192,.F.);
#4192 = EDGE_CURVE('',#4193,#4166,#4195,.T.);
#4193 = VERTEX_POINT('',#4194);
#4194 = CARTESIAN_POINT('',(-19.,43.,18.));
#4195 = SURFACE_CURVE('',#4196,(#4201,#4207),.PCURVE_S1.);
#4196 = CIRCLE('',#4197,5.5);
#4197 = AXIS2_PLACEMENT_3D('',#4198,#4199,#4200);
#4198 = CARTESIAN_POINT('',(-13.5,43.,18.));
#4199 = DIRECTION('',(0.,0.,-1.));
#4200 = DIRECTION('',(-1.,1.110223024625E-16,0.));
#4201 = PCURVE('',#656,#4202);
#4202 = DEFINITIONAL_REPRESENTATION('',(#4203),#4206);
#4203 = B_SPLINE_CURVE_WITH_KNOTS('',1,(#4204,#4205),.UNSPECIFIED.,.F.,
  .F.,(2,2),(0.,3.14159265359),.PIECEWISE_BEZIER_KNOTS.);
#4204 = CARTESIAN_POINT('',(-3.14159265359,-18.));
#4205 = CARTESIAN_POINT('',(0.,-18.));
#4206 = ( GEOMETRIC_REPRESENTATION_CONTEXT(2) 
PARAMETRIC_REPRESENTATION_CONTEXT() REPRESENTATION_CONTEXT('2D SPACE',''
  ) );
#4207 = PCURVE('',#1536,#4208);
#4208 = DEFINITIONAL_REPRESENTATION('',(#4209),#4213);
#4209 = CIRCLE('',#4210,5.5);
#4210 = AXIS2_PLACEMENT_2D('',#4211,#4212);
#4211 = CARTESIAN_POINT('',(-5.329070518201E-15,43.));
#4212 = DIRECTION('',(1.,1.110223024625E-16));
#4213 = ( GEOMETRIC_REPRESENTATION_CONTEXT(2) 
PARAMETRIC_REPRESENTATION_CONTEXT() REPRESENTATION_CONTEXT('2D SPACE',''
  ) );
#4214 = ORIENTED_EDGE('',*,*,#4215,.F.);
#4215 = EDGE_CURVE('',#4216,#4193,#4218,.T.);
#4216 = VERTEX_POINT('',#4217);
#4217 = CARTESIAN_POINT('',(-19.,43.,15.));
#4218 = SURFACE_CURVE('',#4219,(#4223,#4229),.PCURVE_S1.);
#4219 = LINE('',#4220,#4221);
#4220 = CARTESIAN_POINT('',(-19.,43.,15.));
#4221 = VECTOR('',#4222,1.);
#4222 = DIRECTION('',(0.,0.,1.));
#4223 = PCURVE('',#656,#4224);
#4224 = DEFINITIONAL_REPRESENTATION('',(#4225),#4228);
#4225 = B_SPLINE_CURVE_WITH_KNOTS('',1,(#4226,#4227),.UNSPECIFIED.,.F.,
  .F.,(2,2),(0.,3.),.PIECEWISE_BEZIER_KNOTS.);
#4226 = CARTESIAN_POINT('',(-3.14159265359,-15.));
#4227 = CARTESIAN_POINT('',(-3.14159265359,-18.));
#4228 = ( GEOMETRIC_REPRESENTATION_CONTEXT(2) 
PARAMETRIC_REPRESENTATION_CONTEXT() REPRESENTATION_CONTEXT('2D SPACE',''
  ) );
#4229 = PCURVE('',#4230,#4235);
#4230 = PLANE('',#4231);
#4231 = AXIS2_PLACEMENT_3D('',#4232,#4233,#4234);
#4232 = CARTESIAN_POINT('',(-19.,-43.,15.));
#4233 = DIRECTION('',(-1.,1.110223024625E-16,0.));
#4234 = DIRECTION('',(1.110223024625E-16,1.,0.));
#4235 = DEFINITIONAL_REPRESENTATION('',(#4236),#4240);
#4236 = LINE('',#4237,#4238);
#4237 = CARTESIAN_POINT('',(86.,0.));
#4238 = VECTOR('',#4239,1.);
#4239 = DIRECTION('',(0.,-1.));
#4240 = ( GEOMETRIC_REPRESENTATION_CONTEXT(2) 
PARAMETRIC_REPRESENTATION_CONTEXT() REPRESENTATION_CONTEXT('2D SPACE',''
  ) );
#4241 = ORIENTED_EDGE('',*,*,#4242,.T.);
#4242 = EDGE_CURVE('',#4216,#3805,#4243,.T.);
#4243 = SURFACE_CURVE('',#4244,(#4249,#4262),.PCURVE_S1.);
#4244 = ELLIPSE('',#4245,8.38186285977,5.5);
#4245 = AXIS2_PLACEMENT_3D('',#4246,#4247,#4248);
#4246 = CARTESIAN_POINT('',(-13.5,43.,8.675));
#4247 = DIRECTION('',(0.754605522164,0.,0.656178714925));
#4248 = DIRECTION('',(0.656178714925,0.,-0.754605522164));
#4249 = PCURVE('',#656,#4250);
#4250 = DEFINITIONAL_REPRESENTATION('',(#4251),#4261);
#4251 = B_SPLINE_CURVE_WITH_KNOTS('',8,(#4252,#4253,#4254,#4255,#4256,
    #4257,#4258,#4259,#4260),.UNSPECIFIED.,.F.,.F.,(9,9),(3.14159265359,
    4.492437965693),.PIECEWISE_BEZIER_KNOTS.);
#4252 = CARTESIAN_POINT('',(-3.141592653588,-15.00000003371));
#4253 = CARTESIAN_POINT('',(-3.310448317599,-15.00000003822));
#4254 = CARTESIAN_POINT('',(-3.47930398161,-14.79389720389));
#4255 = CARTESIAN_POINT('',(-3.648159645622,-14.38169151522));
#4256 = CARTESIAN_POINT('',(-3.817015309635,-13.7759200795));
#4257 = CARTESIAN_POINT('',(-3.98587097365,-13.00165636908));
#4258 = CARTESIAN_POINT('',(-4.154726637665,-12.0945954339));
#4259 = CARTESIAN_POINT('',(-4.323582301679,-11.09728172463));
#4260 = CARTESIAN_POINT('',(-4.492437965693,-10.05500001654));
#4261 = ( GEOMETRIC_REPRESENTATION_CONTEXT(2) 
PARAMETRIC_REPRESENTATION_CONTEXT() REPRESENTATION_CONTEXT('2D SPACE',''
  ) );
#4262 = PCURVE('',#3841,#4263);
#4263 = DEFINITIONAL_REPRESENTATION('',(#4264),#4268);
#4264 = ELLIPSE('',#4265,8.38186285977,5.5);
#4265 = AXIS2_PLACEMENT_2D('',#4266,#4267);
#4266 = CARTESIAN_POINT('',(8.38186285977,43.));
#4267 = DIRECTION('',(1.,0.));
#4268 = ( GEOMETRIC_REPRESENTATION_CONTEXT(2) 
PARAMETRIC_REPRESENTATION_CONTEXT() REPRESENTATION_CONTEXT('2D SPACE',''
  ) );
#4269 = ORIENTED_EDGE('',*,*,#3804,.T.);
#4270 = ADVANCED_FACE('',(#4271),#333,.T.);
#4271 = FACE_BOUND('',#4272,.F.);
#4272 = EDGE_LOOP('',(#4273,#4274,#4275,#4305,#4332,#4360,#4387,#4422));
#4273 = ORIENTED_EDGE('',*,*,#312,.T.);
#4274 = ORIENTED_EDGE('',*,*,#4086,.F.);
#4275 = ORIENTED_EDGE('',*,*,#4276,.T.);
#4276 = EDGE_CURVE('',#4064,#4277,#4279,.T.);
#4277 = VERTEX_POINT('',#4278);
#4278 = CARTESIAN_POINT('',(29.,-27.,15.));
#4279 = SURFACE_CURVE('',#4280,(#4285,#4298),.PCURVE_S1.);
#4280 = ELLIPSE('',#4281,8.38186285977,5.5);
#4281 = AXIS2_PLACEMENT_3D('',#4282,#4283,#4284);
#4282 = CARTESIAN_POINT('',(29.,-21.5,8.675));
#4283 = DIRECTION('',(0.,0.754605522164,0.656178714925));
#4284 = DIRECTION('',(0.,0.656178714925,-0.754605522164));
#4285 = PCURVE('',#333,#4286);
#4286 = DEFINITIONAL_REPRESENTATION('',(#4287),#4297);
#4287 = B_SPLINE_CURVE_WITH_KNOTS('',8,(#4288,#4289,#4290,#4291,#4292,
    #4293,#4294,#4295,#4296),.UNSPECIFIED.,.F.,.F.,(9,9),(1.790747341487
    ,3.14159265359),.PIECEWISE_BEZIER_KNOTS.);
#4288 = CARTESIAN_POINT('',(-3.361543668282,-10.05500001055));
#4289 = CARTESIAN_POINT('',(-3.530399332294,-11.0972817047));
#4290 = CARTESIAN_POINT('',(-3.699254996307,-12.09459543368));
#4291 = CARTESIAN_POINT('',(-3.86811066032,-13.00165663599));
#4292 = CARTESIAN_POINT('',(-4.036966324334,-13.77591966424));
#4293 = CARTESIAN_POINT('',(-4.205821988348,-14.38169161548));
#4294 = CARTESIAN_POINT('',(-4.37467765236,-14.79389731064));
#4295 = CARTESIAN_POINT('',(-4.543533316372,-15.00000004228));
#4296 = CARTESIAN_POINT('',(-4.712388980385,-15.00000001056));
#4297 = ( GEOMETRIC_REPRESENTATION_CONTEXT(2) 
PARAMETRIC_REPRESENTATION_CONTEXT() REPRESENTATION_CONTEXT('2D SPACE',''
  ) );
#4298 = PCURVE('',#3973,#4299);
#4299 = DEFINITIONAL_REPRESENTATION('',(#4300),#4304);
#4300 = ELLIPSE('',#4301,8.38186285977,5.5);
#4301 = AXIS2_PLACEMENT_2D('',#4302,#4303);
#4302 = CARTESIAN_POINT('',(8.38186285977,-29.));
#4303 = DIRECTION('',(1.,0.));
#4304 = ( GEOMETRIC_REPRESENTATION_CONTEXT(2) 
PARAMETRIC_REPRESENTATION_CONTEXT() REPRESENTATION_CONTEXT('2D SPACE',''
  ) );
#4305 = ORIENTED_EDGE('',*,*,#4306,.T.);
#4306 = EDGE_CURVE('',#4277,#4307,#4309,.T.);
#4307 = VERTEX_POINT('',#4308);
#4308 = CARTESIAN_POINT('',(29.,-27.,18.));
#4309 = SURFACE_CURVE('',#4310,(#4314,#4320),.PCURVE_S1.);
#4310 = LINE('',#4311,#4312);
#4311 = CARTESIAN_POINT('',(29.,-27.,15.));
#4312 = VECTOR('',#4313,1.);
#4313 = DIRECTION('',(0.,0.,1.));
#4314 = PCURVE('',#333,#4315);
#4315 = DEFINITIONAL_REPRESENTATION('',(#4316),#4319);
#4316 = B_SPLINE_CURVE_WITH_KNOTS('',1,(#4317,#4318),.UNSPECIFIED.,.F.,
  .F.,(2,2),(0.,3.),.PIECEWISE_BEZIER_KNOTS.);
#4317 = CARTESIAN_POINT('',(-4.712388980385,-15.));
#4318 = CARTESIAN_POINT('',(-4.712388980385,-18.));
#4319 = ( GEOMETRIC_REPRESENTATION_CONTEXT(2) 
PARAMETRIC_REPRESENTATION_CONTEXT() REPRESENTATION_CONTEXT('2D SPACE',''
  ) );
#4320 = PCURVE('',#4321,#4326);
#4321 = PLANE('',#4322);
#4322 = AXIS2_PLACEMENT_3D('',#4323,#4324,#4325);
#4323 = CARTESIAN_POINT('',(29.,-27.,15.));
#4324 = DIRECTION('',(0.,-1.,0.));
#4325 = DIRECTION('',(-1.,0.,0.));
#4326 = DEFINITIONAL_REPRESENTATION('',(#4327),#4331);
#4327 = LINE('',#4328,#4329);
#4328 = CARTESIAN_POINT('',(0.,-0.));
#4329 = VECTOR('',#4330,1.);
#4330 = DIRECTION('',(0.,-1.));
#4331 = ( GEOMETRIC_REPRESENTATION_CONTEXT(2) 
PARAMETRIC_REPRESENTATION_CONTEXT() REPRESENTATION_CONTEXT('2D SPACE',''
  ) );
#4332 = ORIENTED_EDGE('',*,*,#4333,.T.);
#4333 = EDGE_CURVE('',#4307,#4334,#4336,.T.);
#4334 = VERTEX_POINT('',#4335);
#4335 = CARTESIAN_POINT('',(29.,-16.,18.));
#4336 = SURFACE_CURVE('',#4337,(#4342,#4349),.PCURVE_S1.);
#4337 = CIRCLE('',#4338,5.5);
#4338 = AXIS2_PLACEMENT_3D('',#4339,#4340,#4341);
#4339 = CARTESIAN_POINT('',(29.,-21.5,18.));
#4340 = DIRECTION('',(-0.,0.,1.));
#4341 = DIRECTION('',(0.,-1.,0.));
#4342 = PCURVE('',#333,#4343);
#4343 = DEFINITIONAL_REPRESENTATION('',(#4344),#4348);
#4344 = LINE('',#4345,#4346);
#4345 = CARTESIAN_POINT('',(-4.712388980385,-18.));
#4346 = VECTOR('',#4347,1.);
#4347 = DIRECTION('',(-1.,0.));
#4348 = ( GEOMETRIC_REPRESENTATION_CONTEXT(2) 
PARAMETRIC_REPRESENTATION_CONTEXT() REPRESENTATION_CONTEXT('2D SPACE',''
  ) );
#4349 = PCURVE('',#1536,#4350);
#4350 = DEFINITIONAL_REPRESENTATION('',(#4351),#4359);
#4351 = ( BOUNDED_CURVE() B_SPLINE_CURVE(2,(#4352,#4353,#4354,#4355,
#4356,#4357,#4358),.UNSPECIFIED.,.T.,.F.) B_SPLINE_CURVE_WITH_KNOTS((1,2
    ,2,2,2,1),(-2.094395102393,0.,2.094395102393,4.188790204786,
6.28318530718,8.377580409573),.UNSPECIFIED.) CURVE() 
GEOMETRIC_REPRESENTATION_ITEM() RATIONAL_B_SPLINE_CURVE((1.,0.5,1.,0.5,
1.,0.5,1.)) REPRESENTATION_ITEM('') );
#4352 = CARTESIAN_POINT('',(-42.5,-27.));
#4353 = CARTESIAN_POINT('',(-52.02627944162,-27.));
#4354 = CARTESIAN_POINT('',(-47.26313972081,-18.75));
#4355 = CARTESIAN_POINT('',(-42.5,-10.5));
#4356 = CARTESIAN_POINT('',(-37.73686027918,-18.75));
#4357 = CARTESIAN_POINT('',(-32.97372055837,-27.));
#4358 = CARTESIAN_POINT('',(-42.5,-27.));
#4359 = ( GEOMETRIC_REPRESENTATION_CONTEXT(2) 
PARAMETRIC_REPRESENTATION_CONTEXT() REPRESENTATION_CONTEXT('2D SPACE',''
  ) );
#4360 = ORIENTED_EDGE('',*,*,#4361,.F.);
#4361 = EDGE_CURVE('',#4362,#4334,#4364,.T.);
#4362 = VERTEX_POINT('',#4363);
#4363 = CARTESIAN_POINT('',(29.,-16.,15.));
#4364 = SURFACE_CURVE('',#4365,(#4369,#4375),.PCURVE_S1.);
#4365 = LINE('',#4366,#4367);
#4366 = CARTESIAN_POINT('',(29.,-16.,15.));
#4367 = VECTOR('',#4368,1.);
#4368 = DIRECTION('',(0.,0.,1.));
#4369 = PCURVE('',#333,#4370);
#4370 = DEFINITIONAL_REPRESENTATION('',(#4371),#4374);
#4371 = B_SPLINE_CURVE_WITH_KNOTS('',1,(#4372,#4373),.UNSPECIFIED.,.F.,
  .F.,(2,2),(0.,3.),.PIECEWISE_BEZIER_KNOTS.);
#4372 = CARTESIAN_POINT('',(-7.853981633974,-15.));
#4373 = CARTESIAN_POINT('',(-7.853981633974,-18.));
#4374 = ( GEOMETRIC_REPRESENTATION_CONTEXT(2) 
PARAMETRIC_REPRESENTATION_CONTEXT() REPRESENTATION_CONTEXT('2D SPACE',''
  ) );
#4375 = PCURVE('',#4376,#4381);
#4376 = PLANE('',#4377);
#4377 = AXIS2_PLACEMENT_3D('',#4378,#4379,#4380);
#4378 = CARTESIAN_POINT('',(-29.,-16.,15.));
#4379 = DIRECTION('',(0.,1.,0.));
#4380 = DIRECTION('',(1.,0.,0.));
#4381 = DEFINITIONAL_REPRESENTATION('',(#4382),#4386);
#4382 = LINE('',#4383,#4384);
#4383 = CARTESIAN_POINT('',(58.,0.));
#4384 = VECTOR('',#4385,1.);
#4385 = DIRECTION('',(0.,-1.));
#4386 = ( GEOMETRIC_REPRESENTATION_CONTEXT(2) 
PARAMETRIC_REPRESENTATION_CONTEXT() REPRESENTATION_CONTEXT('2D SPACE',''
  ) );
#4387 = ORIENTED_EDGE('',*,*,#4388,.T.);
#4388 = EDGE_CURVE('',#4362,#4389,#4391,.T.);
#4389 = VERTEX_POINT('',#4390);
#4390 = CARTESIAN_POINT('',(23.632505239872,-20.3,10.055));
#4391 = SURFACE_CURVE('',#4392,(#4397,#4410),.PCURVE_S1.);
#4392 = ELLIPSE('',#4393,8.38186285977,5.5);
#4393 = AXIS2_PLACEMENT_3D('',#4394,#4395,#4396);
#4394 = CARTESIAN_POINT('',(29.,-21.5,8.675));
#4395 = DIRECTION('',(0.,-0.754605522164,0.656178714925));
#4396 = DIRECTION('',(0.,-0.656178714925,-0.754605522164));
#4397 = PCURVE('',#333,#4398);
#4398 = DEFINITIONAL_REPRESENTATION('',(#4399),#4409);
#4399 = B_SPLINE_CURVE_WITH_KNOTS('',8,(#4400,#4401,#4402,#4403,#4404,
    #4405,#4406,#4407,#4408),.UNSPECIFIED.,.F.,.F.,(9,9),(3.14159265359,
    4.492437965693),.PIECEWISE_BEZIER_KNOTS.);
#4400 = CARTESIAN_POINT('',(-7.853981633974,-15.00000001056));
#4401 = CARTESIAN_POINT('',(-8.022837297987,-15.00000004228));
#4402 = CARTESIAN_POINT('',(-8.191692961999,-14.79389731064));
#4403 = CARTESIAN_POINT('',(-8.360548626011,-14.38169161547));
#4404 = CARTESIAN_POINT('',(-8.529404290023,-13.77591966423));
#4405 = CARTESIAN_POINT('',(-8.698259954038,-13.00165663598));
#4406 = CARTESIAN_POINT('',(-8.867115618051,-12.09459543369));
#4407 = CARTESIAN_POINT('',(-9.035971282064,-11.09728170471));
#4408 = CARTESIAN_POINT('',(-9.204826946077,-10.05500001055));
#4409 = ( GEOMETRIC_REPRESENTATION_CONTEXT(2) 
PARAMETRIC_REPRESENTATION_CONTEXT() REPRESENTATION_CONTEXT('2D SPACE',''
  ) );
#4410 = PCURVE('',#4411,#4416);
#4411 = PLANE('',#4412);
#4412 = AXIS2_PLACEMENT_3D('',#4413,#4414,#4415);
#4413 = CARTESIAN_POINT('',(0.,-20.3,10.055));
#4414 = DIRECTION('',(0.,-0.754605522164,0.656178714925));
#4415 = DIRECTION('',(0.,0.656178714925,0.754605522164));
#4416 = DEFINITIONAL_REPRESENTATION('',(#4417),#4421);
#4417 = ELLIPSE('',#4418,8.38186285977,5.5);
#4418 = AXIS2_PLACEMENT_2D('',#4419,#4420);
#4419 = CARTESIAN_POINT('',(-1.828770078495,-29.));
#4420 = DIRECTION('',(-1.,-0.));
#4421 = ( GEOMETRIC_REPRESENTATION_CONTEXT(2) 
PARAMETRIC_REPRESENTATION_CONTEXT() REPRESENTATION_CONTEXT('2D SPACE',''
  ) );
#4422 = ORIENTED_EDGE('',*,*,#4423,.T.);
#4423 = EDGE_CURVE('',#4389,#313,#4424,.T.);
#4424 = SURFACE_CURVE('',#4425,(#4429,#4435),.PCURVE_S1.);
#4425 = LINE('',#4426,#4427);
#4426 = CARTESIAN_POINT('',(23.632505239872,-20.3,0.));
#4427 = VECTOR('',#4428,1.);
#4428 = DIRECTION('',(-0.,-0.,-1.));
#4429 = PCURVE('',#333,#4430);
#4430 = DEFINITIONAL_REPRESENTATION('',(#4431),#4434);
#4431 = B_SPLINE_CURVE_WITH_KNOTS('',1,(#4432,#4433),.UNSPECIFIED.,.F.,
  .F.,(2,2),(-10.055,0.),.PIECEWISE_BEZIER_KNOTS.);
#4432 = CARTESIAN_POINT('',(-9.204826946077,-10.055));
#4433 = CARTESIAN_POINT('',(-9.204826946077,0.));
#4434 = ( GEOMETRIC_REPRESENTATION_CONTEXT(2) 
PARAMETRIC_REPRESENTATION_CONTEXT() REPRESENTATION_CONTEXT('2D SPACE',''
  ) );
#4435 = PCURVE('',#361,#4436);
#4436 = DEFINITIONAL_REPRESENTATION('',(#4437),#4440);
#4437 = B_SPLINE_CURVE_WITH_KNOTS('',1,(#4438,#4439),.UNSPECIFIED.,.F.,
  .F.,(2,2),(-11.0605,6.E-07),.PIECEWISE_BEZIER_KNOTS.);
#4438 = CARTESIAN_POINT('',(11.0605,52.632505239872));
#4439 = CARTESIAN_POINT('',(-6.E-07,52.632505239872));
#4440 = ( GEOMETRIC_REPRESENTATION_CONTEXT(2) 
PARAMETRIC_REPRESENTATION_CONTEXT() REPRESENTATION_CONTEXT('2D SPACE',''
  ) );
#4441 = ADVANCED_FACE('',(#4442),#623,.T.);
#4442 = FACE_BOUND('',#4443,.T.);
#4443 = EDGE_LOOP('',(#4444,#4445,#4468,#4489,#4510,#4531,#4554,#4573));
#4444 = ORIENTED_EDGE('',*,*,#4109,.F.);
#4445 = ORIENTED_EDGE('',*,*,#4446,.T.);
#4446 = EDGE_CURVE('',#4110,#4447,#4449,.T.);
#4447 = VERTEX_POINT('',#4448);
#4448 = CARTESIAN_POINT('',(-12.3,33.7,10.055));
#4449 = SURFACE_CURVE('',#4450,(#4454,#4461),.PCURVE_S1.);
#4450 = LINE('',#4451,#4452);
#4451 = CARTESIAN_POINT('',(-12.3,43.,10.055));
#4452 = VECTOR('',#4453,1.);
#4453 = DIRECTION('',(0.,-1.,0.));
#4454 = PCURVE('',#623,#4455);
#4455 = DEFINITIONAL_REPRESENTATION('',(#4456),#4460);
#4456 = LINE('',#4457,#4458);
#4457 = CARTESIAN_POINT('',(10.055,-86.));
#4458 = VECTOR('',#4459,1.);
#4459 = DIRECTION('',(0.,1.));
#4460 = ( GEOMETRIC_REPRESENTATION_CONTEXT(2) 
PARAMETRIC_REPRESENTATION_CONTEXT() REPRESENTATION_CONTEXT('2D SPACE',''
  ) );
#4461 = PCURVE('',#4153,#4462);
#4462 = DEFINITIONAL_REPRESENTATION('',(#4463),#4467);
#4463 = LINE('',#4464,#4465);
#4464 = CARTESIAN_POINT('',(0.,43.));
#4465 = VECTOR('',#4466,1.);
#4466 = DIRECTION('',(0.,-1.));
#4467 = ( GEOMETRIC_REPRESENTATION_CONTEXT(2) 
PARAMETRIC_REPRESENTATION_CONTEXT() REPRESENTATION_CONTEXT('2D SPACE',''
  ) );
#4468 = ORIENTED_EDGE('',*,*,#4469,.T.);
#4469 = EDGE_CURVE('',#4447,#4470,#4472,.T.);
#4470 = VERTEX_POINT('',#4471);
#4471 = CARTESIAN_POINT('',(-12.3,33.7,3.));
#4472 = SURFACE_CURVE('',#4473,(#4477,#4483),.PCURVE_S1.);
#4473 = LINE('',#4474,#4475);
#4474 = CARTESIAN_POINT('',(-12.3,33.7,3.75));
#4475 = VECTOR('',#4476,1.);
#4476 = DIRECTION('',(0.,0.,-1.));
#4477 = PCURVE('',#623,#4478);
#4478 = DEFINITIONAL_REPRESENTATION('',(#4479),#4482);
#4479 = B_SPLINE_CURVE_WITH_KNOTS('',1,(#4480,#4481),.UNSPECIFIED.,.F.,
  .F.,(2,2),(-6.305,0.75),.PIECEWISE_BEZIER_KNOTS.);
#4480 = CARTESIAN_POINT('',(10.055,-76.7));
#4481 = CARTESIAN_POINT('',(3.,-76.7));
#4482 = ( GEOMETRIC_REPRESENTATION_CONTEXT(2) 
PARAMETRIC_REPRESENTATION_CONTEXT() REPRESENTATION_CONTEXT('2D SPACE',''
  ) );
#4483 = PCURVE('',#3868,#4484);
#4484 = DEFINITIONAL_REPRESENTATION('',(#4485),#4488);
#4485 = B_SPLINE_CURVE_WITH_KNOTS('',1,(#4486,#4487),.UNSPECIFIED.,.F.,
  .F.,(2,2),(-6.305,0.75),.PIECEWISE_BEZIER_KNOTS.);
#4486 = CARTESIAN_POINT('',(-2.555,1.2));
#4487 = CARTESIAN_POINT('',(4.5,1.2));
#4488 = ( GEOMETRIC_REPRESENTATION_CONTEXT(2) 
PARAMETRIC_REPRESENTATION_CONTEXT() REPRESENTATION_CONTEXT('2D SPACE',''
  ) );
#4489 = ORIENTED_EDGE('',*,*,#4490,.T.);
#4490 = EDGE_CURVE('',#4470,#4491,#4493,.T.);
#4491 = VERTEX_POINT('',#4492);
#4492 = CARTESIAN_POINT('',(-12.3,27.3,3.));
#4493 = SURFACE_CURVE('',#4494,(#4498,#4504),.PCURVE_S1.);
#4494 = LINE('',#4495,#4496);
#4495 = CARTESIAN_POINT('',(-12.3,-6.25,3.));
#4496 = VECTOR('',#4497,1.);
#4497 = DIRECTION('',(0.,-1.,0.));
#4498 = PCURVE('',#623,#4499);
#4499 = DEFINITIONAL_REPRESENTATION('',(#4500),#4503);
#4500 = B_SPLINE_CURVE_WITH_KNOTS('',1,(#4501,#4502),.UNSPECIFIED.,.F.,
  .F.,(2,2),(-39.95,-33.55),.PIECEWISE_BEZIER_KNOTS.);
#4501 = CARTESIAN_POINT('',(3.,-76.7));
#4502 = CARTESIAN_POINT('',(3.,-70.3));
#4503 = ( GEOMETRIC_REPRESENTATION_CONTEXT(2) 
PARAMETRIC_REPRESENTATION_CONTEXT() REPRESENTATION_CONTEXT('2D SPACE',''
  ) );
#4504 = PCURVE('',#3894,#4505);
#4505 = DEFINITIONAL_REPRESENTATION('',(#4506),#4509);
#4506 = B_SPLINE_CURVE_WITH_KNOTS('',1,(#4507,#4508),.UNSPECIFIED.,.F.,
  .F.,(2,2),(-39.95,-33.55),.PIECEWISE_BEZIER_KNOTS.);
#4507 = CARTESIAN_POINT('',(3.2,3.2));
#4508 = CARTESIAN_POINT('',(3.2,-3.2));
#4509 = ( GEOMETRIC_REPRESENTATION_CONTEXT(2) 
PARAMETRIC_REPRESENTATION_CONTEXT() REPRESENTATION_CONTEXT('2D SPACE',''
  ) );
#4510 = ORIENTED_EDGE('',*,*,#4511,.F.);
#4511 = EDGE_CURVE('',#4512,#4491,#4514,.T.);
#4512 = VERTEX_POINT('',#4513);
#4513 = CARTESIAN_POINT('',(-12.3,27.3,10.055));
#4514 = SURFACE_CURVE('',#4515,(#4519,#4525),.PCURVE_S1.);
#4515 = LINE('',#4516,#4517);
#4516 = CARTESIAN_POINT('',(-12.3,27.3,3.75));
#4517 = VECTOR('',#4518,1.);
#4518 = DIRECTION('',(0.,0.,-1.));
#4519 = PCURVE('',#623,#4520);
#4520 = DEFINITIONAL_REPRESENTATION('',(#4521),#4524);
#4521 = B_SPLINE_CURVE_WITH_KNOTS('',1,(#4522,#4523),.UNSPECIFIED.,.F.,
  .F.,(2,2),(-6.305,0.75),.PIECEWISE_BEZIER_KNOTS.);
#4522 = CARTESIAN_POINT('',(10.055,-70.3));
#4523 = CARTESIAN_POINT('',(3.,-70.3));
#4524 = ( GEOMETRIC_REPRESENTATION_CONTEXT(2) 
PARAMETRIC_REPRESENTATION_CONTEXT() REPRESENTATION_CONTEXT('2D SPACE',''
  ) );
#4525 = PCURVE('',#3920,#4526);
#4526 = DEFINITIONAL_REPRESENTATION('',(#4527),#4530);
#4527 = B_SPLINE_CURVE_WITH_KNOTS('',1,(#4528,#4529),.UNSPECIFIED.,.F.,
  .F.,(2,2),(-6.305,0.75),.PIECEWISE_BEZIER_KNOTS.);
#4528 = CARTESIAN_POINT('',(-2.555,1.2));
#4529 = CARTESIAN_POINT('',(4.5,1.2));
#4530 = ( GEOMETRIC_REPRESENTATION_CONTEXT(2) 
PARAMETRIC_REPRESENTATION_CONTEXT() REPRESENTATION_CONTEXT('2D SPACE',''
  ) );
#4531 = ORIENTED_EDGE('',*,*,#4532,.T.);
#4532 = EDGE_CURVE('',#4512,#4533,#4535,.T.);
#4533 = VERTEX_POINT('',#4534);
#4534 = CARTESIAN_POINT('',(-12.3,22.7,10.055));
#4535 = SURFACE_CURVE('',#4536,(#4540,#4547),.PCURVE_S1.);
#4536 = LINE('',#4537,#4538);
#4537 = CARTESIAN_POINT('',(-12.3,43.,10.055));
#4538 = VECTOR('',#4539,1.);
#4539 = DIRECTION('',(0.,-1.,0.));
#4540 = PCURVE('',#623,#4541);
#4541 = DEFINITIONAL_REPRESENTATION('',(#4542),#4546);
#4542 = LINE('',#4543,#4544);
#4543 = CARTESIAN_POINT('',(10.055,-86.));
#4544 = VECTOR('',#4545,1.);
#4545 = DIRECTION('',(0.,1.));
#4546 = ( GEOMETRIC_REPRESENTATION_CONTEXT(2) 
PARAMETRIC_REPRESENTATION_CONTEXT() REPRESENTATION_CONTEXT('2D SPACE',''
  ) );
#4547 = PCURVE('',#4153,#4548);
#4548 = DEFINITIONAL_REPRESENTATION('',(#4549),#4553);
#4549 = LINE('',#4550,#4551);
#4550 = CARTESIAN_POINT('',(0.,43.));
#4551 = VECTOR('',#4552,1.);
#4552 = DIRECTION('',(0.,-1.));
#4553 = ( GEOMETRIC_REPRESENTATION_CONTEXT(2) 
PARAMETRIC_REPRESENTATION_CONTEXT() REPRESENTATION_CONTEXT('2D SPACE',''
  ) );
#4554 = ORIENTED_EDGE('',*,*,#4555,.F.);
#4555 = EDGE_CURVE('',#580,#4533,#4556,.T.);
#4556 = SURFACE_CURVE('',#4557,(#4561,#4567),.PCURVE_S1.);
#4557 = LINE('',#4558,#4559);
#4558 = CARTESIAN_POINT('',(-12.3,22.7,0.));
#4559 = VECTOR('',#4560,1.);
#4560 = DIRECTION('',(0.,0.,1.));
#4561 = PCURVE('',#623,#4562);
#4562 = DEFINITIONAL_REPRESENTATION('',(#4563),#4566);
#4563 = B_SPLINE_CURVE_WITH_KNOTS('',1,(#4564,#4565),.UNSPECIFIED.,.F.,
  .F.,(2,2),(0.,15.),.PIECEWISE_BEZIER_KNOTS.);
#4564 = CARTESIAN_POINT('',(0.,-65.7));
#4565 = CARTESIAN_POINT('',(15.,-65.7));
#4566 = ( GEOMETRIC_REPRESENTATION_CONTEXT(2) 
PARAMETRIC_REPRESENTATION_CONTEXT() REPRESENTATION_CONTEXT('2D SPACE',''
  ) );
#4567 = PCURVE('',#595,#4568);
#4568 = DEFINITIONAL_REPRESENTATION('',(#4569),#4572);
#4569 = B_SPLINE_CURVE_WITH_KNOTS('',1,(#4570,#4571),.UNSPECIFIED.,.F.,
  .F.,(2,2),(0.,15.),.PIECEWISE_BEZIER_KNOTS.);
#4570 = CARTESIAN_POINT('',(0.,16.7));
#4571 = CARTESIAN_POINT('',(15.,16.7));
#4572 = ( GEOMETRIC_REPRESENTATION_CONTEXT(2) 
PARAMETRIC_REPRESENTATION_CONTEXT() REPRESENTATION_CONTEXT('2D SPACE',''
  ) );
#4573 = ORIENTED_EDGE('',*,*,#607,.T.);
#4574 = ADVANCED_FACE('',(#4575),#361,.T.);
#4575 = FACE_BOUND('',#4576,.T.);
#4576 = EDGE_LOOP('',(#4577,#4578,#4599,#4622,#4643,#4669,#4690,#4711));
#4577 = ORIENTED_EDGE('',*,*,#345,.F.);
#4578 = ORIENTED_EDGE('',*,*,#4579,.T.);
#4579 = EDGE_CURVE('',#346,#4580,#4582,.T.);
#4580 = VERTEX_POINT('',#4581);
#4581 = CARTESIAN_POINT('',(14.7,-20.3,10.055));
#4582 = SURFACE_CURVE('',#4583,(#4587,#4593),.PCURVE_S1.);
#4583 = LINE('',#4584,#4585);
#4584 = CARTESIAN_POINT('',(14.7,-20.3,0.));
#4585 = VECTOR('',#4586,1.);
#4586 = DIRECTION('',(0.,0.,1.));
#4587 = PCURVE('',#361,#4588);
#4588 = DEFINITIONAL_REPRESENTATION('',(#4589),#4592);
#4589 = B_SPLINE_CURVE_WITH_KNOTS('',1,(#4590,#4591),.UNSPECIFIED.,.F.,
  .F.,(2,2),(0.,15.),.PIECEWISE_BEZIER_KNOTS.);
#4590 = CARTESIAN_POINT('',(0.,43.7));
#4591 = CARTESIAN_POINT('',(15.,43.7));
#4592 = ( GEOMETRIC_REPRESENTATION_CONTEXT(2) 
PARAMETRIC_REPRESENTATION_CONTEXT() REPRESENTATION_CONTEXT('2D SPACE',''
  ) );
#4593 = PCURVE('',#389,#4594);
#4594 = DEFINITIONAL_REPRESENTATION('',(#4595),#4598);
#4595 = B_SPLINE_CURVE_WITH_KNOTS('',1,(#4596,#4597),.UNSPECIFIED.,.F.,
  .F.,(2,2),(0.,15.),.PIECEWISE_BEZIER_KNOTS.);
#4596 = CARTESIAN_POINT('',(0.,-22.7));
#4597 = CARTESIAN_POINT('',(15.,-22.7));
#4598 = ( GEOMETRIC_REPRESENTATION_CONTEXT(2) 
PARAMETRIC_REPRESENTATION_CONTEXT() REPRESENTATION_CONTEXT('2D SPACE',''
  ) );
#4599 = ORIENTED_EDGE('',*,*,#4600,.T.);
#4600 = EDGE_CURVE('',#4580,#4601,#4603,.T.);
#4601 = VERTEX_POINT('',#4602);
#4602 = CARTESIAN_POINT('',(15.8,-20.3,10.055));
#4603 = SURFACE_CURVE('',#4604,(#4608,#4615),.PCURVE_S1.);
#4604 = LINE('',#4605,#4606);
#4605 = CARTESIAN_POINT('',(-29.,-20.3,10.055));
#4606 = VECTOR('',#4607,1.);
#4607 = DIRECTION('',(1.,0.,0.));
#4608 = PCURVE('',#361,#4609);
#4609 = DEFINITIONAL_REPRESENTATION('',(#4610),#4614);
#4610 = LINE('',#4611,#4612);
#4611 = CARTESIAN_POINT('',(10.055,0.));
#4612 = VECTOR('',#4613,1.);
#4613 = DIRECTION('',(0.,1.));
#4614 = ( GEOMETRIC_REPRESENTATION_CONTEXT(2) 
PARAMETRIC_REPRESENTATION_CONTEXT() REPRESENTATION_CONTEXT('2D SPACE',''
  ) );
#4615 = PCURVE('',#4411,#4616);
#4616 = DEFINITIONAL_REPRESENTATION('',(#4617),#4621);
#4617 = LINE('',#4618,#4619);
#4618 = CARTESIAN_POINT('',(0.,29.));
#4619 = VECTOR('',#4620,1.);
#4620 = DIRECTION('',(0.,-1.));
#4621 = ( GEOMETRIC_REPRESENTATION_CONTEXT(2) 
PARAMETRIC_REPRESENTATION_CONTEXT() REPRESENTATION_CONTEXT('2D SPACE',''
  ) );
#4622 = ORIENTED_EDGE('',*,*,#4623,.T.);
#4623 = EDGE_CURVE('',#4601,#4624,#4626,.T.);
#4624 = VERTEX_POINT('',#4625);
#4625 = CARTESIAN_POINT('',(15.8,-20.3,3.7));
#4626 = SURFACE_CURVE('',#4627,(#4631,#4637),.PCURVE_S1.);
#4627 = LINE('',#4628,#4629);
#4628 = CARTESIAN_POINT('',(15.8,-20.3,3.75));
#4629 = VECTOR('',#4630,1.);
#4630 = DIRECTION('',(0.,0.,-1.));
#4631 = PCURVE('',#361,#4632);
#4632 = DEFINITIONAL_REPRESENTATION('',(#4633),#4636);
#4633 = B_SPLINE_CURVE_WITH_KNOTS('',1,(#4634,#4635),.UNSPECIFIED.,.F.,
  .F.,(2,2),(-6.305,0.75),.PIECEWISE_BEZIER_KNOTS.);
#4634 = CARTESIAN_POINT('',(10.055,44.8));
#4635 = CARTESIAN_POINT('',(3.,44.8));
#4636 = ( GEOMETRIC_REPRESENTATION_CONTEXT(2) 
PARAMETRIC_REPRESENTATION_CONTEXT() REPRESENTATION_CONTEXT('2D SPACE',''
  ) );
#4637 = PCURVE('',#4000,#4638);
#4638 = DEFINITIONAL_REPRESENTATION('',(#4639),#4642);
#4639 = B_SPLINE_CURVE_WITH_KNOTS('',1,(#4640,#4641),.UNSPECIFIED.,.F.,
  .F.,(2,2),(-6.305,0.75),.PIECEWISE_BEZIER_KNOTS.);
#4640 = CARTESIAN_POINT('',(2.555,-1.2));
#4641 = CARTESIAN_POINT('',(-4.5,-1.2));
#4642 = ( GEOMETRIC_REPRESENTATION_CONTEXT(2) 
PARAMETRIC_REPRESENTATION_CONTEXT() REPRESENTATION_CONTEXT('2D SPACE',''
  ) );
#4643 = ORIENTED_EDGE('',*,*,#4644,.T.);
#4644 = EDGE_CURVE('',#4624,#4645,#4647,.T.);
#4645 = VERTEX_POINT('',#4646);
#4646 = CARTESIAN_POINT('',(22.2,-20.3,3.7));
#4647 = SURFACE_CURVE('',#4648,(#4652,#4658),.PCURVE_S1.);
#4648 = LINE('',#4649,#4650);
#4649 = CARTESIAN_POINT('',(-5.,-20.3,3.7));
#4650 = VECTOR('',#4651,1.);
#4651 = DIRECTION('',(1.,0.,-0.));
#4652 = PCURVE('',#361,#4653);
#4653 = DEFINITIONAL_REPRESENTATION('',(#4654),#4657);
#4654 = B_SPLINE_CURVE_WITH_KNOTS('',1,(#4655,#4656),.UNSPECIFIED.,.F.,
  .F.,(2,2),(20.8,27.2),.PIECEWISE_BEZIER_KNOTS.);
#4655 = CARTESIAN_POINT('',(3.7,44.8));
#4656 = CARTESIAN_POINT('',(3.7,51.2));
#4657 = ( GEOMETRIC_REPRESENTATION_CONTEXT(2) 
PARAMETRIC_REPRESENTATION_CONTEXT() REPRESENTATION_CONTEXT('2D SPACE',''
  ) );
#4658 = PCURVE('',#4659,#4664);
#4659 = PLANE('',#4660);
#4660 = AXIS2_PLACEMENT_3D('',#4661,#4662,#4663);
#4661 = CARTESIAN_POINT('',(19.,-21.,3.));
#4662 = DIRECTION('',(0.,-0.707106781187,0.707106781187));
#4663 = DIRECTION('',(0.,0.707106781187,0.707106781187));
#4664 = DEFINITIONAL_REPRESENTATION('',(#4665),#4668);
#4665 = B_SPLINE_CURVE_WITH_KNOTS('',1,(#4666,#4667),.UNSPECIFIED.,.F.,
  .F.,(2,2),(20.8,27.2),.PIECEWISE_BEZIER_KNOTS.);
#4666 = CARTESIAN_POINT('',(0.989949493661,3.2));
#4667 = CARTESIAN_POINT('',(0.989949493661,-3.2));
#4668 = ( GEOMETRIC_REPRESENTATION_CONTEXT(2) 
PARAMETRIC_REPRESENTATION_CONTEXT() REPRESENTATION_CONTEXT('2D SPACE',''
  ) );
#4669 = ORIENTED_EDGE('',*,*,#4670,.F.);
#4670 = EDGE_CURVE('',#4671,#4645,#4673,.T.);
#4671 = VERTEX_POINT('',#4672);
#4672 = CARTESIAN_POINT('',(22.2,-20.3,10.055));
#4673 = SURFACE_CURVE('',#4674,(#4678,#4684),.PCURVE_S1.);
#4674 = LINE('',#4675,#4676);
#4675 = CARTESIAN_POINT('',(22.2,-20.3,3.75));
#4676 = VECTOR('',#4677,1.);
#4677 = DIRECTION('',(0.,0.,-1.));
#4678 = PCURVE('',#361,#4679);
#4679 = DEFINITIONAL_REPRESENTATION('',(#4680),#4683);
#4680 = B_SPLINE_CURVE_WITH_KNOTS('',1,(#4681,#4682),.UNSPECIFIED.,.F.,
  .F.,(2,2),(-6.305,0.75),.PIECEWISE_BEZIER_KNOTS.);
#4681 = CARTESIAN_POINT('',(10.055,51.2));
#4682 = CARTESIAN_POINT('',(3.,51.2));
#4683 = ( GEOMETRIC_REPRESENTATION_CONTEXT(2) 
PARAMETRIC_REPRESENTATION_CONTEXT() REPRESENTATION_CONTEXT('2D SPACE',''
  ) );
#4684 = PCURVE('',#4052,#4685);
#4685 = DEFINITIONAL_REPRESENTATION('',(#4686),#4689);
#4686 = B_SPLINE_CURVE_WITH_KNOTS('',1,(#4687,#4688),.UNSPECIFIED.,.F.,
  .F.,(2,2),(-6.305,0.75),.PIECEWISE_BEZIER_KNOTS.);
#4687 = CARTESIAN_POINT('',(2.555,-1.2));
#4688 = CARTESIAN_POINT('',(-4.5,-1.2));
#4689 = ( GEOMETRIC_REPRESENTATION_CONTEXT(2) 
PARAMETRIC_REPRESENTATION_CONTEXT() REPRESENTATION_CONTEXT('2D SPACE',''
  ) );
#4690 = ORIENTED_EDGE('',*,*,#4691,.T.);
#4691 = EDGE_CURVE('',#4671,#4389,#4692,.T.);
#4692 = SURFACE_CURVE('',#4693,(#4697,#4704),.PCURVE_S1.);
#4693 = LINE('',#4694,#4695);
#4694 = CARTESIAN_POINT('',(-29.,-20.3,10.055));
#4695 = VECTOR('',#4696,1.);
#4696 = DIRECTION('',(1.,0.,0.));
#4697 = PCURVE('',#361,#4698);
#4698 = DEFINITIONAL_REPRESENTATION('',(#4699),#4703);
#4699 = LINE('',#4700,#4701);
#4700 = CARTESIAN_POINT('',(10.055,0.));
#4701 = VECTOR('',#4702,1.);
#4702 = DIRECTION('',(0.,1.));
#4703 = ( GEOMETRIC_REPRESENTATION_CONTEXT(2) 
PARAMETRIC_REPRESENTATION_CONTEXT() REPRESENTATION_CONTEXT('2D SPACE',''
  ) );
#4704 = PCURVE('',#4411,#4705);
#4705 = DEFINITIONAL_REPRESENTATION('',(#4706),#4710);
#4706 = LINE('',#4707,#4708);
#4707 = CARTESIAN_POINT('',(0.,29.));
#4708 = VECTOR('',#4709,1.);
#4709 = DIRECTION('',(0.,-1.));
#4710 = ( GEOMETRIC_REPRESENTATION_CONTEXT(2) 
PARAMETRIC_REPRESENTATION_CONTEXT() REPRESENTATION_CONTEXT('2D SPACE',''
  ) );
#4711 = ORIENTED_EDGE('',*,*,#4423,.T.);
#4712 = ADVANCED_FACE('',(#4713),#595,.T.);
#4713 = FACE_BOUND('',#4714,.T.);
#4714 = EDGE_LOOP('',(#4715,#4716,#4717,#4745,#4771,#4797,#4823,#4846));
#4715 = ORIENTED_EDGE('',*,*,#579,.F.);
#4716 = ORIENTED_EDGE('',*,*,#4555,.T.);
#4717 = ORIENTED_EDGE('',*,*,#4718,.T.);
#4718 = EDGE_CURVE('',#4533,#4719,#4721,.T.);
#4719 = VERTEX_POINT('',#4720);
#4720 = CARTESIAN_POINT('',(-3.2,22.7,10.055));
#4721 = SURFACE_CURVE('',#4722,(#4726,#4733),.PCURVE_S1.);
#4722 = LINE('',#4723,#4724);
#4723 = CARTESIAN_POINT('',(-29.,22.7,10.055));
#4724 = VECTOR('',#4725,1.);
#4725 = DIRECTION('',(1.,0.,0.));
#4726 = PCURVE('',#595,#4727);
#4727 = DEFINITIONAL_REPRESENTATION('',(#4728),#4732);
#4728 = LINE('',#4729,#4730);
#4729 = CARTESIAN_POINT('',(10.055,0.));
#4730 = VECTOR('',#4731,1.);
#4731 = DIRECTION('',(0.,1.));
#4732 = ( GEOMETRIC_REPRESENTATION_CONTEXT(2) 
PARAMETRIC_REPRESENTATION_CONTEXT() REPRESENTATION_CONTEXT('2D SPACE',''
  ) );
#4733 = PCURVE('',#4734,#4739);
#4734 = PLANE('',#4735);
#4735 = AXIS2_PLACEMENT_3D('',#4736,#4737,#4738);
#4736 = CARTESIAN_POINT('',(0.,22.7,10.055));
#4737 = DIRECTION('',(0.,-0.754605522164,0.656178714925));
#4738 = DIRECTION('',(0.,0.656178714925,0.754605522164));
#4739 = DEFINITIONAL_REPRESENTATION('',(#4740),#4744);
#4740 = LINE('',#4741,#4742);
#4741 = CARTESIAN_POINT('',(0.,29.));
#4742 = VECTOR('',#4743,1.);
#4743 = DIRECTION('',(0.,-1.));
#4744 = ( GEOMETRIC_REPRESENTATION_CONTEXT(2) 
PARAMETRIC_REPRESENTATION_CONTEXT() REPRESENTATION_CONTEXT('2D SPACE',''
  ) );
#4745 = ORIENTED_EDGE('',*,*,#4746,.T.);
#4746 = EDGE_CURVE('',#4719,#4747,#4749,.T.);
#4747 = VERTEX_POINT('',#4748);
#4748 = CARTESIAN_POINT('',(-3.2,22.7,3.));
#4749 = SURFACE_CURVE('',#4750,(#4754,#4760),.PCURVE_S1.);
#4750 = LINE('',#4751,#4752);
#4751 = CARTESIAN_POINT('',(-3.2,22.7,3.75));
#4752 = VECTOR('',#4753,1.);
#4753 = DIRECTION('',(0.,0.,-1.));
#4754 = PCURVE('',#595,#4755);
#4755 = DEFINITIONAL_REPRESENTATION('',(#4756),#4759);
#4756 = B_SPLINE_CURVE_WITH_KNOTS('',1,(#4757,#4758),.UNSPECIFIED.,.F.,
  .F.,(2,2),(-6.305,0.75),.PIECEWISE_BEZIER_KNOTS.);
#4757 = CARTESIAN_POINT('',(10.055,25.8));
#4758 = CARTESIAN_POINT('',(3.,25.8));
#4759 = ( GEOMETRIC_REPRESENTATION_CONTEXT(2) 
PARAMETRIC_REPRESENTATION_CONTEXT() REPRESENTATION_CONTEXT('2D SPACE',''
  ) );
#4760 = PCURVE('',#4761,#4766);
#4761 = PLANE('',#4762);
#4762 = AXIS2_PLACEMENT_3D('',#4763,#4764,#4765);
#4763 = CARTESIAN_POINT('',(-3.2,21.5,7.5));
#4764 = DIRECTION('',(1.,0.,0.));
#4765 = DIRECTION('',(-0.,0.,1.));
#4766 = DEFINITIONAL_REPRESENTATION('',(#4767),#4770);
#4767 = B_SPLINE_CURVE_WITH_KNOTS('',1,(#4768,#4769),.UNSPECIFIED.,.F.,
  .F.,(2,2),(-6.305,0.75),.PIECEWISE_BEZIER_KNOTS.);
#4768 = CARTESIAN_POINT('',(2.555,-1.2));
#4769 = CARTESIAN_POINT('',(-4.5,-1.2));
#4770 = ( GEOMETRIC_REPRESENTATION_CONTEXT(2) 
PARAMETRIC_REPRESENTATION_CONTEXT() REPRESENTATION_CONTEXT('2D SPACE',''
  ) );
#4771 = ORIENTED_EDGE('',*,*,#4772,.T.);
#4772 = EDGE_CURVE('',#4747,#4773,#4775,.T.);
#4773 = VERTEX_POINT('',#4774);
#4774 = CARTESIAN_POINT('',(3.2,22.7,3.));
#4775 = SURFACE_CURVE('',#4776,(#4780,#4786),.PCURVE_S1.);
#4776 = LINE('',#4777,#4778);
#4777 = CARTESIAN_POINT('',(-14.5,22.7,3.));
#4778 = VECTOR('',#4779,1.);
#4779 = DIRECTION('',(1.,0.,0.));
#4780 = PCURVE('',#595,#4781);
#4781 = DEFINITIONAL_REPRESENTATION('',(#4782),#4785);
#4782 = B_SPLINE_CURVE_WITH_KNOTS('',1,(#4783,#4784),.UNSPECIFIED.,.F.,
  .F.,(2,2),(11.3,17.7),.PIECEWISE_BEZIER_KNOTS.);
#4783 = CARTESIAN_POINT('',(3.,25.8));
#4784 = CARTESIAN_POINT('',(3.,32.2));
#4785 = ( GEOMETRIC_REPRESENTATION_CONTEXT(2) 
PARAMETRIC_REPRESENTATION_CONTEXT() REPRESENTATION_CONTEXT('2D SPACE',''
  ) );
#4786 = PCURVE('',#4787,#4792);
#4787 = PLANE('',#4788);
#4788 = AXIS2_PLACEMENT_3D('',#4789,#4790,#4791);
#4789 = CARTESIAN_POINT('',(0.,19.5,3.));
#4790 = DIRECTION('',(0.,0.,1.));
#4791 = DIRECTION('',(0.,1.,0.));
#4792 = DEFINITIONAL_REPRESENTATION('',(#4793),#4796);
#4793 = B_SPLINE_CURVE_WITH_KNOTS('',1,(#4794,#4795),.UNSPECIFIED.,.F.,
  .F.,(2,2),(11.3,17.7),.PIECEWISE_BEZIER_KNOTS.);
#4794 = CARTESIAN_POINT('',(3.2,3.2));
#4795 = CARTESIAN_POINT('',(3.2,-3.2));
#4796 = ( GEOMETRIC_REPRESENTATION_CONTEXT(2) 
PARAMETRIC_REPRESENTATION_CONTEXT() REPRESENTATION_CONTEXT('2D SPACE',''
  ) );
#4797 = ORIENTED_EDGE('',*,*,#4798,.F.);
#4798 = EDGE_CURVE('',#4799,#4773,#4801,.T.);
#4799 = VERTEX_POINT('',#4800);
#4800 = CARTESIAN_POINT('',(3.2,22.7,10.055));
#4801 = SURFACE_CURVE('',#4802,(#4806,#4812),.PCURVE_S1.);
#4802 = LINE('',#4803,#4804);
#4803 = CARTESIAN_POINT('',(3.2,22.7,3.75));
#4804 = VECTOR('',#4805,1.);
#4805 = DIRECTION('',(0.,0.,-1.));
#4806 = PCURVE('',#595,#4807);
#4807 = DEFINITIONAL_REPRESENTATION('',(#4808),#4811);
#4808 = B_SPLINE_CURVE_WITH_KNOTS('',1,(#4809,#4810),.UNSPECIFIED.,.F.,
  .F.,(2,2),(-6.305,0.75),.PIECEWISE_BEZIER_KNOTS.);
#4809 = CARTESIAN_POINT('',(10.055,32.2));
#4810 = CARTESIAN_POINT('',(3.,32.2));
#4811 = ( GEOMETRIC_REPRESENTATION_CONTEXT(2) 
PARAMETRIC_REPRESENTATION_CONTEXT() REPRESENTATION_CONTEXT('2D SPACE',''
  ) );
#4812 = PCURVE('',#4813,#4818);
#4813 = PLANE('',#4814);
#4814 = AXIS2_PLACEMENT_3D('',#4815,#4816,#4817);
#4815 = CARTESIAN_POINT('',(3.2,21.5,7.5));
#4816 = DIRECTION('',(1.,0.,0.));
#4817 = DIRECTION('',(-0.,0.,1.));
#4818 = DEFINITIONAL_REPRESENTATION('',(#4819),#4822);
#4819 = B_SPLINE_CURVE_WITH_KNOTS('',1,(#4820,#4821),.UNSPECIFIED.,.F.,
  .F.,(2,2),(-6.305,0.75),.PIECEWISE_BEZIER_KNOTS.);
#4820 = CARTESIAN_POINT('',(2.555,-1.2));
#4821 = CARTESIAN_POINT('',(-4.5,-1.2));
#4822 = ( GEOMETRIC_REPRESENTATION_CONTEXT(2) 
PARAMETRIC_REPRESENTATION_CONTEXT() REPRESENTATION_CONTEXT('2D SPACE',''
  ) );
#4823 = ORIENTED_EDGE('',*,*,#4824,.T.);
#4824 = EDGE_CURVE('',#4799,#4825,#4827,.T.);
#4825 = VERTEX_POINT('',#4826);
#4826 = CARTESIAN_POINT('',(12.3,22.7,10.055));
#4827 = SURFACE_CURVE('',#4828,(#4832,#4839),.PCURVE_S1.);
#4828 = LINE('',#4829,#4830);
#4829 = CARTESIAN_POINT('',(-29.,22.7,10.055));
#4830 = VECTOR('',#4831,1.);
#4831 = DIRECTION('',(1.,0.,0.));
#4832 = PCURVE('',#595,#4833);
#4833 = DEFINITIONAL_REPRESENTATION('',(#4834),#4838);
#4834 = LINE('',#4835,#4836);
#4835 = CARTESIAN_POINT('',(10.055,0.));
#4836 = VECTOR('',#4837,1.);
#4837 = DIRECTION('',(0.,1.));
#4838 = ( GEOMETRIC_REPRESENTATION_CONTEXT(2) 
PARAMETRIC_REPRESENTATION_CONTEXT() REPRESENTATION_CONTEXT('2D SPACE',''
  ) );
#4839 = PCURVE('',#4734,#4840);
#4840 = DEFINITIONAL_REPRESENTATION('',(#4841),#4845);
#4841 = LINE('',#4842,#4843);
#4842 = CARTESIAN_POINT('',(0.,29.));
#4843 = VECTOR('',#4844,1.);
#4844 = DIRECTION('',(0.,-1.));
#4845 = ( GEOMETRIC_REPRESENTATION_CONTEXT(2) 
PARAMETRIC_REPRESENTATION_CONTEXT() REPRESENTATION_CONTEXT('2D SPACE',''
  ) );
#4846 = ORIENTED_EDGE('',*,*,#4847,.F.);
#4847 = EDGE_CURVE('',#552,#4825,#4848,.T.);
#4848 = SURFACE_CURVE('',#4849,(#4853,#4859),.PCURVE_S1.);
#4849 = LINE('',#4850,#4851);
#4850 = CARTESIAN_POINT('',(12.3,22.7,0.));
#4851 = VECTOR('',#4852,1.);
#4852 = DIRECTION('',(0.,0.,1.));
#4853 = PCURVE('',#595,#4854);
#4854 = DEFINITIONAL_REPRESENTATION('',(#4855),#4858);
#4855 = B_SPLINE_CURVE_WITH_KNOTS('',1,(#4856,#4857),.UNSPECIFIED.,.F.,
  .F.,(2,2),(0.,15.),.PIECEWISE_BEZIER_KNOTS.);
#4856 = CARTESIAN_POINT('',(0.,41.3));
#4857 = CARTESIAN_POINT('',(15.,41.3));
#4858 = ( GEOMETRIC_REPRESENTATION_CONTEXT(2) 
PARAMETRIC_REPRESENTATION_CONTEXT() REPRESENTATION_CONTEXT('2D SPACE',''
  ) );
#4859 = PCURVE('',#567,#4860);
#4860 = DEFINITIONAL_REPRESENTATION('',(#4861),#4864);
#4861 = B_SPLINE_CURVE_WITH_KNOTS('',1,(#4862,#4863),.UNSPECIFIED.,.F.,
  .F.,(2,2),(0.,15.),.PIECEWISE_BEZIER_KNOTS.);
#4862 = CARTESIAN_POINT('',(0.,-65.7));
#4863 = CARTESIAN_POINT('',(15.,-65.7));
#4864 = ( GEOMETRIC_REPRESENTATION_CONTEXT(2) 
PARAMETRIC_REPRESENTATION_CONTEXT() REPRESENTATION_CONTEXT('2D SPACE',''
  ) );
#4865 = ADVANCED_FACE('',(#4866),#389,.T.);
#4866 = FACE_BOUND('',#4867,.T.);
#4867 = EDGE_LOOP('',(#4868,#4869,#4870,#4891,#4919,#4945,#4971,#4997,
    #5023,#5049,#5072,#5098,#5124,#5150,#5173,#5199,#5225,#5251,#5277,
    #5303));
#4868 = ORIENTED_EDGE('',*,*,#4579,.F.);
#4869 = ORIENTED_EDGE('',*,*,#373,.T.);
#4870 = ORIENTED_EDGE('',*,*,#4871,.T.);
#4871 = EDGE_CURVE('',#374,#4872,#4874,.T.);
#4872 = VERTEX_POINT('',#4873);
#4873 = CARTESIAN_POINT('',(14.7,20.3,10.055));
#4874 = SURFACE_CURVE('',#4875,(#4879,#4885),.PCURVE_S1.);
#4875 = LINE('',#4876,#4877);
#4876 = CARTESIAN_POINT('',(14.7,20.3,0.));
#4877 = VECTOR('',#4878,1.);
#4878 = DIRECTION('',(0.,0.,1.));
#4879 = PCURVE('',#389,#4880);
#4880 = DEFINITIONAL_REPRESENTATION('',(#4881),#4884);
#4881 = B_SPLINE_CURVE_WITH_KNOTS('',1,(#4882,#4883),.UNSPECIFIED.,.F.,
  .F.,(2,2),(0.,15.),.PIECEWISE_BEZIER_KNOTS.);
#4882 = CARTESIAN_POINT('',(0.,-63.3));
#4883 = CARTESIAN_POINT('',(15.,-63.3));
#4884 = ( GEOMETRIC_REPRESENTATION_CONTEXT(2) 
PARAMETRIC_REPRESENTATION_CONTEXT() REPRESENTATION_CONTEXT('2D SPACE',''
  ) );
#4885 = PCURVE('',#417,#4886);
#4886 = DEFINITIONAL_REPRESENTATION('',(#4887),#4890);
#4887 = B_SPLINE_CURVE_WITH_KNOTS('',1,(#4888,#4889),.UNSPECIFIED.,.F.,
  .F.,(2,2),(0.,15.),.PIECEWISE_BEZIER_KNOTS.);
#4888 = CARTESIAN_POINT('',(0.,43.7));
#4889 = CARTESIAN_POINT('',(15.,43.7));
#4890 = ( GEOMETRIC_REPRESENTATION_CONTEXT(2) 
PARAMETRIC_REPRESENTATION_CONTEXT() REPRESENTATION_CONTEXT('2D SPACE',''
  ) );
#4891 = ORIENTED_EDGE('',*,*,#4892,.T.);
#4892 = EDGE_CURVE('',#4872,#4893,#4895,.T.);
#4893 = VERTEX_POINT('',#4894);
#4894 = CARTESIAN_POINT('',(14.7,17.688749679651,10.055));
#4895 = SURFACE_CURVE('',#4896,(#4900,#4907),.PCURVE_S1.);
#4896 = LINE('',#4897,#4898);
#4897 = CARTESIAN_POINT('',(14.7,43.,10.055));
#4898 = VECTOR('',#4899,1.);
#4899 = DIRECTION('',(0.,-1.,0.));
#4900 = PCURVE('',#389,#4901);
#4901 = DEFINITIONAL_REPRESENTATION('',(#4902),#4906);
#4902 = LINE('',#4903,#4904);
#4903 = CARTESIAN_POINT('',(10.055,-86.));
#4904 = VECTOR('',#4905,1.);
#4905 = DIRECTION('',(0.,1.));
#4906 = ( GEOMETRIC_REPRESENTATION_CONTEXT(2) 
PARAMETRIC_REPRESENTATION_CONTEXT() REPRESENTATION_CONTEXT('2D SPACE',''
  ) );
#4907 = PCURVE('',#4908,#4913);
#4908 = PLANE('',#4909);
#4909 = AXIS2_PLACEMENT_3D('',#4910,#4911,#4912);
#4910 = CARTESIAN_POINT('',(14.7,0.,10.055));
#4911 = DIRECTION('',(-0.754605522164,0.,0.656178714925));
#4912 = DIRECTION('',(0.656178714925,0.,0.754605522164));
#4913 = DEFINITIONAL_REPRESENTATION('',(#4914),#4918);
#4914 = LINE('',#4915,#4916);
#4915 = CARTESIAN_POINT('',(0.,43.));
#4916 = VECTOR('',#4917,1.);
#4917 = DIRECTION('',(0.,-1.));
#4918 = ( GEOMETRIC_REPRESENTATION_CONTEXT(2) 
PARAMETRIC_REPRESENTATION_CONTEXT() REPRESENTATION_CONTEXT('2D SPACE',''
  ) );
#4919 = ORIENTED_EDGE('',*,*,#4920,.T.);
#4920 = EDGE_CURVE('',#4893,#4921,#4923,.T.);
#4921 = VERTEX_POINT('',#4922);
#4922 = CARTESIAN_POINT('',(14.7,17.688749679651,9.));
#4923 = SURFACE_CURVE('',#4924,(#4928,#4934),.PCURVE_S1.);
#4924 = LINE('',#4925,#4926);
#4925 = CARTESIAN_POINT('',(14.7,17.688749679651,9.));
#4926 = VECTOR('',#4927,1.);
#4927 = DIRECTION('',(-0.,-0.,-1.));
#4928 = PCURVE('',#389,#4929);
#4929 = DEFINITIONAL_REPRESENTATION('',(#4930),#4933);
#4930 = B_SPLINE_CURVE_WITH_KNOTS('',1,(#4931,#4932),.UNSPECIFIED.,.F.,
  .F.,(2,2),(-2.0605,5.999999999062E-07),.PIECEWISE_BEZIER_KNOTS.);
#4931 = CARTESIAN_POINT('',(11.0605,-60.68874967965));
#4932 = CARTESIAN_POINT('',(8.9999994,-60.68874967965));
#4933 = ( GEOMETRIC_REPRESENTATION_CONTEXT(2) 
PARAMETRIC_REPRESENTATION_CONTEXT() REPRESENTATION_CONTEXT('2D SPACE',''
  ) );
#4934 = PCURVE('',#4935,#4940);
#4935 = CYLINDRICAL_SURFACE('',#4936,2.5);
#4936 = AXIS2_PLACEMENT_3D('',#4937,#4938,#4939);
#4937 = CARTESIAN_POINT('',(15.25,15.25,9.));
#4938 = DIRECTION('',(-0.,-0.,-1.));
#4939 = DIRECTION('',(1.,0.,0.));
#4940 = DEFINITIONAL_REPRESENTATION('',(#4941),#4944);
#4941 = B_SPLINE_CURVE_WITH_KNOTS('',1,(#4942,#4943),.UNSPECIFIED.,.F.,
  .F.,(2,2),(-2.0605,5.999999999062E-07),.PIECEWISE_BEZIER_KNOTS.);
#4942 = CARTESIAN_POINT('',(-1.792610797292,-2.0605));
#4943 = CARTESIAN_POINT('',(-1.792610797292,5.999999999062E-07));
#4944 = ( GEOMETRIC_REPRESENTATION_CONTEXT(2) 
PARAMETRIC_REPRESENTATION_CONTEXT() REPRESENTATION_CONTEXT('2D SPACE',''
  ) );
#4945 = ORIENTED_EDGE('',*,*,#4946,.T.);
#4946 = EDGE_CURVE('',#4921,#4947,#4949,.T.);
#4947 = VERTEX_POINT('',#4948);
#4948 = CARTESIAN_POINT('',(14.7,17.2,9.));
#4949 = SURFACE_CURVE('',#4950,(#4954,#4960),.PCURVE_S1.);
#4950 = LINE('',#4951,#4952);
#4951 = CARTESIAN_POINT('',(14.7,-13.875,9.));
#4952 = VECTOR('',#4953,1.);
#4953 = DIRECTION('',(0.,-1.,0.));
#4954 = PCURVE('',#389,#4955);
#4955 = DEFINITIONAL_REPRESENTATION('',(#4956),#4959);
#4956 = B_SPLINE_CURVE_WITH_KNOTS('',1,(#4957,#4958),.UNSPECIFIED.,.F.,
  .F.,(2,2),(-31.625,-26.625),.PIECEWISE_BEZIER_KNOTS.);
#4957 = CARTESIAN_POINT('',(9.,-60.75));
#4958 = CARTESIAN_POINT('',(9.,-55.75));
#4959 = ( GEOMETRIC_REPRESENTATION_CONTEXT(2) 
PARAMETRIC_REPRESENTATION_CONTEXT() REPRESENTATION_CONTEXT('2D SPACE',''
  ) );
#4960 = PCURVE('',#4961,#4966);
#4961 = PLANE('',#4962);
#4962 = AXIS2_PLACEMENT_3D('',#4963,#4964,#4965);
#4963 = CARTESIAN_POINT('',(15.25,15.25,9.));
#4964 = DIRECTION('',(0.,0.,1.));
#4965 = DIRECTION('',(1.,0.,-0.));
#4966 = DEFINITIONAL_REPRESENTATION('',(#4967),#4970);
#4967 = B_SPLINE_CURVE_WITH_KNOTS('',1,(#4968,#4969),.UNSPECIFIED.,.F.,
  .F.,(2,2),(-31.625,-26.625),.PIECEWISE_BEZIER_KNOTS.);
#4968 = CARTESIAN_POINT('',(-0.55,2.5));
#4969 = CARTESIAN_POINT('',(-0.55,-2.5));
#4970 = ( GEOMETRIC_REPRESENTATION_CONTEXT(2) 
PARAMETRIC_REPRESENTATION_CONTEXT() REPRESENTATION_CONTEXT('2D SPACE',''
  ) );
#4971 = ORIENTED_EDGE('',*,*,#4972,.T.);
#4972 = EDGE_CURVE('',#4947,#4973,#4975,.T.);
#4973 = VERTEX_POINT('',#4974);
#4974 = CARTESIAN_POINT('',(14.7,17.2,3.));
#4975 = SURFACE_CURVE('',#4976,(#4980,#4986),.PCURVE_S1.);
#4976 = LINE('',#4977,#4978);
#4977 = CARTESIAN_POINT('',(14.7,17.2,3.75));
#4978 = VECTOR('',#4979,1.);
#4979 = DIRECTION('',(0.,0.,-1.));
#4980 = PCURVE('',#389,#4981);
#4981 = DEFINITIONAL_REPRESENTATION('',(#4982),#4985);
#4982 = B_SPLINE_CURVE_WITH_KNOTS('',1,(#4983,#4984),.UNSPECIFIED.,.F.,
  .F.,(2,2),(-6.305,0.75),.PIECEWISE_BEZIER_KNOTS.);
#4983 = CARTESIAN_POINT('',(10.055,-60.2));
#4984 = CARTESIAN_POINT('',(3.,-60.2));
#4985 = ( GEOMETRIC_REPRESENTATION_CONTEXT(2) 
PARAMETRIC_REPRESENTATION_CONTEXT() REPRESENTATION_CONTEXT('2D SPACE',''
  ) );
#4986 = PCURVE('',#4987,#4992);
#4987 = PLANE('',#4988);
#4988 = AXIS2_PLACEMENT_3D('',#4989,#4990,#4991);
#4989 = CARTESIAN_POINT('',(13.5,17.2,7.5));
#4990 = DIRECTION('',(-0.,-1.,-0.));
#4991 = DIRECTION('',(0.,0.,-1.));
#4992 = DEFINITIONAL_REPRESENTATION('',(#4993),#4996);
#4993 = B_SPLINE_CURVE_WITH_KNOTS('',1,(#4994,#4995),.UNSPECIFIED.,.F.,
  .F.,(2,2),(-6.305,0.75),.PIECEWISE_BEZIER_KNOTS.);
#4994 = CARTESIAN_POINT('',(-2.555,1.2));
#4995 = CARTESIAN_POINT('',(4.5,1.2));
#4996 = ( GEOMETRIC_REPRESENTATION_CONTEXT(2) 
PARAMETRIC_REPRESENTATION_CONTEXT() REPRESENTATION_CONTEXT('2D SPACE',''
  ) );
#4997 = ORIENTED_EDGE('',*,*,#4998,.T.);
#4998 = EDGE_CURVE('',#4973,#4999,#5001,.T.);
#4999 = VERTEX_POINT('',#5000);
#5000 = CARTESIAN_POINT('',(14.7,10.8,3.));
#5001 = SURFACE_CURVE('',#5002,(#5006,#5012),.PCURVE_S1.);
#5002 = LINE('',#5003,#5004);
#5003 = CARTESIAN_POINT('',(14.7,-14.5,3.));
#5004 = VECTOR('',#5005,1.);
#5005 = DIRECTION('',(0.,-1.,0.));
#5006 = PCURVE('',#389,#5007);
#5007 = DEFINITIONAL_REPRESENTATION('',(#5008),#5011);
#5008 = B_SPLINE_CURVE_WITH_KNOTS('',1,(#5009,#5010),.UNSPECIFIED.,.F.,
  .F.,(2,2),(-31.7,-25.3),.PIECEWISE_BEZIER_KNOTS.);
#5009 = CARTESIAN_POINT('',(3.,-60.2));
#5010 = CARTESIAN_POINT('',(3.,-53.8));
#5011 = ( GEOMETRIC_REPRESENTATION_CONTEXT(2) 
PARAMETRIC_REPRESENTATION_CONTEXT() REPRESENTATION_CONTEXT('2D SPACE',''
  ) );
#5012 = PCURVE('',#5013,#5018);
#5013 = PLANE('',#5014);
#5014 = AXIS2_PLACEMENT_3D('',#5015,#5016,#5017);
#5015 = CARTESIAN_POINT('',(11.5,14.,3.));
#5016 = DIRECTION('',(-0.,0.,1.));
#5017 = DIRECTION('',(1.,0.,0.));
#5018 = DEFINITIONAL_REPRESENTATION('',(#5019),#5022);
#5019 = B_SPLINE_CURVE_WITH_KNOTS('',1,(#5020,#5021),.UNSPECIFIED.,.F.,
  .F.,(2,2),(-31.7,-25.3),.PIECEWISE_BEZIER_KNOTS.);
#5020 = CARTESIAN_POINT('',(3.2,3.2));
#5021 = CARTESIAN_POINT('',(3.2,-3.2));
#5022 = ( GEOMETRIC_REPRESENTATION_CONTEXT(2) 
PARAMETRIC_REPRESENTATION_CONTEXT() REPRESENTATION_CONTEXT('2D SPACE',''
  ) );
#5023 = ORIENTED_EDGE('',*,*,#5024,.F.);
#5024 = EDGE_CURVE('',#5025,#4999,#5027,.T.);
#5025 = VERTEX_POINT('',#5026);
#5026 = CARTESIAN_POINT('',(14.7,10.8,10.055));
#5027 = SURFACE_CURVE('',#5028,(#5032,#5038),.PCURVE_S1.);
#5028 = LINE('',#5029,#5030);
#5029 = CARTESIAN_POINT('',(14.7,10.8,3.75));
#5030 = VECTOR('',#5031,1.);
#5031 = DIRECTION('',(0.,0.,-1.));
#5032 = PCURVE('',#389,#5033);
#5033 = DEFINITIONAL_REPRESENTATION('',(#5034),#5037);
#5034 = B_SPLINE_CURVE_WITH_KNOTS('',1,(#5035,#5036),.UNSPECIFIED.,.F.,
  .F.,(2,2),(-6.305,0.75),.PIECEWISE_BEZIER_KNOTS.);
#5035 = CARTESIAN_POINT('',(10.055,-53.8));
#5036 = CARTESIAN_POINT('',(3.,-53.8));
#5037 = ( GEOMETRIC_REPRESENTATION_CONTEXT(2) 
PARAMETRIC_REPRESENTATION_CONTEXT() REPRESENTATION_CONTEXT('2D SPACE',''
  ) );
#5038 = PCURVE('',#5039,#5044);
#5039 = PLANE('',#5040);
#5040 = AXIS2_PLACEMENT_3D('',#5041,#5042,#5043);
#5041 = CARTESIAN_POINT('',(13.5,10.8,7.5));
#5042 = DIRECTION('',(-0.,-1.,-0.));
#5043 = DIRECTION('',(0.,0.,-1.));
#5044 = DEFINITIONAL_REPRESENTATION('',(#5045),#5048);
#5045 = B_SPLINE_CURVE_WITH_KNOTS('',1,(#5046,#5047),.UNSPECIFIED.,.F.,
  .F.,(2,2),(-6.305,0.75),.PIECEWISE_BEZIER_KNOTS.);
#5046 = CARTESIAN_POINT('',(-2.555,1.2));
#5047 = CARTESIAN_POINT('',(4.5,1.2));
#5048 = ( GEOMETRIC_REPRESENTATION_CONTEXT(2) 
PARAMETRIC_REPRESENTATION_CONTEXT() REPRESENTATION_CONTEXT('2D SPACE',''
  ) );
#5049 = ORIENTED_EDGE('',*,*,#5050,.T.);
#5050 = EDGE_CURVE('',#5025,#5051,#5053,.T.);
#5051 = VERTEX_POINT('',#5052);
#5052 = CARTESIAN_POINT('',(14.7,3.2,10.055));
#5053 = SURFACE_CURVE('',#5054,(#5058,#5065),.PCURVE_S1.);
#5054 = LINE('',#5055,#5056);
#5055 = CARTESIAN_POINT('',(14.7,43.,10.055));
#5056 = VECTOR('',#5057,1.);
#5057 = DIRECTION('',(0.,-1.,0.));
#5058 = PCURVE('',#389,#5059);
#5059 = DEFINITIONAL_REPRESENTATION('',(#5060),#5064);
#5060 = LINE('',#5061,#5062);
#5061 = CARTESIAN_POINT('',(10.055,-86.));
#5062 = VECTOR('',#5063,1.);
#5063 = DIRECTION('',(0.,1.));
#5064 = ( GEOMETRIC_REPRESENTATION_CONTEXT(2) 
PARAMETRIC_REPRESENTATION_CONTEXT() REPRESENTATION_CONTEXT('2D SPACE',''
  ) );
#5065 = PCURVE('',#4908,#5066);
#5066 = DEFINITIONAL_REPRESENTATION('',(#5067),#5071);
#5067 = LINE('',#5068,#5069);
#5068 = CARTESIAN_POINT('',(0.,43.));
#5069 = VECTOR('',#5070,1.);
#5070 = DIRECTION('',(0.,-1.));
#5071 = ( GEOMETRIC_REPRESENTATION_CONTEXT(2) 
PARAMETRIC_REPRESENTATION_CONTEXT() REPRESENTATION_CONTEXT('2D SPACE',''
  ) );
#5072 = ORIENTED_EDGE('',*,*,#5073,.T.);
#5073 = EDGE_CURVE('',#5051,#5074,#5076,.T.);
#5074 = VERTEX_POINT('',#5075);
#5075 = CARTESIAN_POINT('',(14.7,3.2,3.));
#5076 = SURFACE_CURVE('',#5077,(#5081,#5087),.PCURVE_S1.);
#5077 = LINE('',#5078,#5079);
#5078 = CARTESIAN_POINT('',(14.7,3.2,3.75));
#5079 = VECTOR('',#5080,1.);
#5080 = DIRECTION('',(0.,0.,-1.));
#5081 = PCURVE('',#389,#5082);
#5082 = DEFINITIONAL_REPRESENTATION('',(#5083),#5086);
#5083 = B_SPLINE_CURVE_WITH_KNOTS('',1,(#5084,#5085),.UNSPECIFIED.,.F.,
  .F.,(2,2),(-6.305,0.75),.PIECEWISE_BEZIER_KNOTS.);
#5084 = CARTESIAN_POINT('',(10.055,-46.2));
#5085 = CARTESIAN_POINT('',(3.,-46.2));
#5086 = ( GEOMETRIC_REPRESENTATION_CONTEXT(2) 
PARAMETRIC_REPRESENTATION_CONTEXT() REPRESENTATION_CONTEXT('2D SPACE',''
  ) );
#5087 = PCURVE('',#5088,#5093);
#5088 = PLANE('',#5089);
#5089 = AXIS2_PLACEMENT_3D('',#5090,#5091,#5092);
#5090 = CARTESIAN_POINT('',(13.5,3.2,7.5));
#5091 = DIRECTION('',(-0.,-1.,-0.));
#5092 = DIRECTION('',(0.,0.,-1.));
#5093 = DEFINITIONAL_REPRESENTATION('',(#5094),#5097);
#5094 = B_SPLINE_CURVE_WITH_KNOTS('',1,(#5095,#5096),.UNSPECIFIED.,.F.,
  .F.,(2,2),(-6.305,0.75),.PIECEWISE_BEZIER_KNOTS.);
#5095 = CARTESIAN_POINT('',(-2.555,1.2));
#5096 = CARTESIAN_POINT('',(4.5,1.2));
#5097 = ( GEOMETRIC_REPRESENTATION_CONTEXT(2) 
PARAMETRIC_REPRESENTATION_CONTEXT() REPRESENTATION_CONTEXT('2D SPACE',''
  ) );
#5098 = ORIENTED_EDGE('',*,*,#5099,.T.);
#5099 = EDGE_CURVE('',#5074,#5100,#5102,.T.);
#5100 = VERTEX_POINT('',#5101);
#5101 = CARTESIAN_POINT('',(14.7,-3.2,3.));
#5102 = SURFACE_CURVE('',#5103,(#5107,#5113),.PCURVE_S1.);
#5103 = LINE('',#5104,#5105);
#5104 = CARTESIAN_POINT('',(14.7,-21.5,3.));
#5105 = VECTOR('',#5106,1.);
#5106 = DIRECTION('',(0.,-1.,0.));
#5107 = PCURVE('',#389,#5108);
#5108 = DEFINITIONAL_REPRESENTATION('',(#5109),#5112);
#5109 = B_SPLINE_CURVE_WITH_KNOTS('',1,(#5110,#5111),.UNSPECIFIED.,.F.,
  .F.,(2,2),(-24.7,-18.3),.PIECEWISE_BEZIER_KNOTS.);
#5110 = CARTESIAN_POINT('',(3.,-46.2));
#5111 = CARTESIAN_POINT('',(3.,-39.8));
#5112 = ( GEOMETRIC_REPRESENTATION_CONTEXT(2) 
PARAMETRIC_REPRESENTATION_CONTEXT() REPRESENTATION_CONTEXT('2D SPACE',''
  ) );
#5113 = PCURVE('',#5114,#5119);
#5114 = PLANE('',#5115);
#5115 = AXIS2_PLACEMENT_3D('',#5116,#5117,#5118);
#5116 = CARTESIAN_POINT('',(11.5,0.,3.));
#5117 = DIRECTION('',(-0.,0.,1.));
#5118 = DIRECTION('',(1.,0.,0.));
#5119 = DEFINITIONAL_REPRESENTATION('',(#5120),#5123);
#5120 = B_SPLINE_CURVE_WITH_KNOTS('',1,(#5121,#5122),.UNSPECIFIED.,.F.,
  .F.,(2,2),(-24.7,-18.3),.PIECEWISE_BEZIER_KNOTS.);
#5121 = CARTESIAN_POINT('',(3.2,3.2));
#5122 = CARTESIAN_POINT('',(3.2,-3.2));
#5123 = ( GEOMETRIC_REPRESENTATION_CONTEXT(2) 
PARAMETRIC_REPRESENTATION_CONTEXT() REPRESENTATION_CONTEXT('2D SPACE',''
  ) );
#5124 = ORIENTED_EDGE('',*,*,#5125,.F.);
#5125 = EDGE_CURVE('',#5126,#5100,#5128,.T.);
#5126 = VERTEX_POINT('',#5127);
#5127 = CARTESIAN_POINT('',(14.7,-3.2,10.055));
#5128 = SURFACE_CURVE('',#5129,(#5133,#5139),.PCURVE_S1.);
#5129 = LINE('',#5130,#5131);
#5130 = CARTESIAN_POINT('',(14.7,-3.2,3.75));
#5131 = VECTOR('',#5132,1.);
#5132 = DIRECTION('',(0.,0.,-1.));
#5133 = PCURVE('',#389,#5134);
#5134 = DEFINITIONAL_REPRESENTATION('',(#5135),#5138);
#5135 = B_SPLINE_CURVE_WITH_KNOTS('',1,(#5136,#5137),.UNSPECIFIED.,.F.,
  .F.,(2,2),(-6.305,0.75),.PIECEWISE_BEZIER_KNOTS.);
#5136 = CARTESIAN_POINT('',(10.055,-39.8));
#5137 = CARTESIAN_POINT('',(3.,-39.8));
#5138 = ( GEOMETRIC_REPRESENTATION_CONTEXT(2) 
PARAMETRIC_REPRESENTATION_CONTEXT() REPRESENTATION_CONTEXT('2D SPACE',''
  ) );
#5139 = PCURVE('',#5140,#5145);
#5140 = PLANE('',#5141);
#5141 = AXIS2_PLACEMENT_3D('',#5142,#5143,#5144);
#5142 = CARTESIAN_POINT('',(13.5,-3.2,7.5));
#5143 = DIRECTION('',(-0.,-1.,-0.));
#5144 = DIRECTION('',(0.,0.,-1.));
#5145 = DEFINITIONAL_REPRESENTATION('',(#5146),#5149);
#5146 = B_SPLINE_CURVE_WITH_KNOTS('',1,(#5147,#5148),.UNSPECIFIED.,.F.,
  .F.,(2,2),(-6.305,0.75),.PIECEWISE_BEZIER_KNOTS.);
#5147 = CARTESIAN_POINT('',(-2.555,1.2));
#5148 = CARTESIAN_POINT('',(4.5,1.2));
#5149 = ( GEOMETRIC_REPRESENTATION_CONTEXT(2) 
PARAMETRIC_REPRESENTATION_CONTEXT() REPRESENTATION_CONTEXT('2D SPACE',''
  ) );
#5150 = ORIENTED_EDGE('',*,*,#5151,.T.);
#5151 = EDGE_CURVE('',#5126,#5152,#5154,.T.);
#5152 = VERTEX_POINT('',#5153);
#5153 = CARTESIAN_POINT('',(14.7,-10.8,10.055));
#5154 = SURFACE_CURVE('',#5155,(#5159,#5166),.PCURVE_S1.);
#5155 = LINE('',#5156,#5157);
#5156 = CARTESIAN_POINT('',(14.7,43.,10.055));
#5157 = VECTOR('',#5158,1.);
#5158 = DIRECTION('',(0.,-1.,0.));
#5159 = PCURVE('',#389,#5160);
#5160 = DEFINITIONAL_REPRESENTATION('',(#5161),#5165);
#5161 = LINE('',#5162,#5163);
#5162 = CARTESIAN_POINT('',(10.055,-86.));
#5163 = VECTOR('',#5164,1.);
#5164 = DIRECTION('',(0.,1.));
#5165 = ( GEOMETRIC_REPRESENTATION_CONTEXT(2) 
PARAMETRIC_REPRESENTATION_CONTEXT() REPRESENTATION_CONTEXT('2D SPACE',''
  ) );
#5166 = PCURVE('',#4908,#5167);
#5167 = DEFINITIONAL_REPRESENTATION('',(#5168),#5172);
#5168 = LINE('',#5169,#5170);
#5169 = CARTESIAN_POINT('',(0.,43.));
#5170 = VECTOR('',#5171,1.);
#5171 = DIRECTION('',(0.,-1.));
#5172 = ( GEOMETRIC_REPRESENTATION_CONTEXT(2) 
PARAMETRIC_REPRESENTATION_CONTEXT() REPRESENTATION_CONTEXT('2D SPACE',''
  ) );
#5173 = ORIENTED_EDGE('',*,*,#5174,.T.);
#5174 = EDGE_CURVE('',#5152,#5175,#5177,.T.);
#5175 = VERTEX_POINT('',#5176);
#5176 = CARTESIAN_POINT('',(14.7,-10.8,3.));
#5177 = SURFACE_CURVE('',#5178,(#5182,#5188),.PCURVE_S1.);
#5178 = LINE('',#5179,#5180);
#5179 = CARTESIAN_POINT('',(14.7,-10.8,3.75));
#5180 = VECTOR('',#5181,1.);
#5181 = DIRECTION('',(0.,0.,-1.));
#5182 = PCURVE('',#389,#5183);
#5183 = DEFINITIONAL_REPRESENTATION('',(#5184),#5187);
#5184 = B_SPLINE_CURVE_WITH_KNOTS('',1,(#5185,#5186),.UNSPECIFIED.,.F.,
  .F.,(2,2),(-6.305,0.75),.PIECEWISE_BEZIER_KNOTS.);
#5185 = CARTESIAN_POINT('',(10.055,-32.2));
#5186 = CARTESIAN_POINT('',(3.,-32.2));
#5187 = ( GEOMETRIC_REPRESENTATION_CONTEXT(2) 
PARAMETRIC_REPRESENTATION_CONTEXT() REPRESENTATION_CONTEXT('2D SPACE',''
  ) );
#5188 = PCURVE('',#5189,#5194);
#5189 = PLANE('',#5190);
#5190 = AXIS2_PLACEMENT_3D('',#5191,#5192,#5193);
#5191 = CARTESIAN_POINT('',(13.5,-10.8,7.5));
#5192 = DIRECTION('',(-0.,-1.,-0.));
#5193 = DIRECTION('',(0.,0.,-1.));
#5194 = DEFINITIONAL_REPRESENTATION('',(#5195),#5198);
#5195 = B_SPLINE_CURVE_WITH_KNOTS('',1,(#5196,#5197),.UNSPECIFIED.,.F.,
  .F.,(2,2),(-6.305,0.75),.PIECEWISE_BEZIER_KNOTS.);
#5196 = CARTESIAN_POINT('',(-2.555,1.2));
#5197 = CARTESIAN_POINT('',(4.5,1.2));
#5198 = ( GEOMETRIC_REPRESENTATION_CONTEXT(2) 
PARAMETRIC_REPRESENTATION_CONTEXT() REPRESENTATION_CONTEXT('2D SPACE',''
  ) );
#5199 = ORIENTED_EDGE('',*,*,#5200,.T.);
#5200 = EDGE_CURVE('',#5175,#5201,#5203,.T.);
#5201 = VERTEX_POINT('',#5202);
#5202 = CARTESIAN_POINT('',(14.7,-17.2,3.));
#5203 = SURFACE_CURVE('',#5204,(#5208,#5214),.PCURVE_S1.);
#5204 = LINE('',#5205,#5206);
#5205 = CARTESIAN_POINT('',(14.7,-28.5,3.));
#5206 = VECTOR('',#5207,1.);
#5207 = DIRECTION('',(0.,-1.,0.));
#5208 = PCURVE('',#389,#5209);
#5209 = DEFINITIONAL_REPRESENTATION('',(#5210),#5213);
#5210 = B_SPLINE_CURVE_WITH_KNOTS('',1,(#5211,#5212),.UNSPECIFIED.,.F.,
  .F.,(2,2),(-17.7,-11.3),.PIECEWISE_BEZIER_KNOTS.);
#5211 = CARTESIAN_POINT('',(3.,-32.2));
#5212 = CARTESIAN_POINT('',(3.,-25.8));
#5213 = ( GEOMETRIC_REPRESENTATION_CONTEXT(2) 
PARAMETRIC_REPRESENTATION_CONTEXT() REPRESENTATION_CONTEXT('2D SPACE',''
  ) );
#5214 = PCURVE('',#5215,#5220);
#5215 = PLANE('',#5216);
#5216 = AXIS2_PLACEMENT_3D('',#5217,#5218,#5219);
#5217 = CARTESIAN_POINT('',(11.5,-14.,3.));
#5218 = DIRECTION('',(-0.,0.,1.));
#5219 = DIRECTION('',(1.,0.,0.));
#5220 = DEFINITIONAL_REPRESENTATION('',(#5221),#5224);
#5221 = B_SPLINE_CURVE_WITH_KNOTS('',1,(#5222,#5223),.UNSPECIFIED.,.F.,
  .F.,(2,2),(-17.7,-11.3),.PIECEWISE_BEZIER_KNOTS.);
#5222 = CARTESIAN_POINT('',(3.2,3.2));
#5223 = CARTESIAN_POINT('',(3.2,-3.2));
#5224 = ( GEOMETRIC_REPRESENTATION_CONTEXT(2) 
PARAMETRIC_REPRESENTATION_CONTEXT() REPRESENTATION_CONTEXT('2D SPACE',''
  ) );
#5225 = ORIENTED_EDGE('',*,*,#5226,.F.);
#5226 = EDGE_CURVE('',#5227,#5201,#5229,.T.);
#5227 = VERTEX_POINT('',#5228);
#5228 = CARTESIAN_POINT('',(14.7,-17.2,9.));
#5229 = SURFACE_CURVE('',#5230,(#5234,#5240),.PCURVE_S1.);
#5230 = LINE('',#5231,#5232);
#5231 = CARTESIAN_POINT('',(14.7,-17.2,3.75));
#5232 = VECTOR('',#5233,1.);
#5233 = DIRECTION('',(0.,0.,-1.));
#5234 = PCURVE('',#389,#5235);
#5235 = DEFINITIONAL_REPRESENTATION('',(#5236),#5239);
#5236 = B_SPLINE_CURVE_WITH_KNOTS('',1,(#5237,#5238),.UNSPECIFIED.,.F.,
  .F.,(2,2),(-6.305,0.75),.PIECEWISE_BEZIER_KNOTS.);
#5237 = CARTESIAN_POINT('',(10.055,-25.8));
#5238 = CARTESIAN_POINT('',(3.,-25.8));
#5239 = ( GEOMETRIC_REPRESENTATION_CONTEXT(2) 
PARAMETRIC_REPRESENTATION_CONTEXT() REPRESENTATION_CONTEXT('2D SPACE',''
  ) );
#5240 = PCURVE('',#5241,#5246);
#5241 = PLANE('',#5242);
#5242 = AXIS2_PLACEMENT_3D('',#5243,#5244,#5245);
#5243 = CARTESIAN_POINT('',(13.5,-17.2,7.5));
#5244 = DIRECTION('',(-0.,-1.,-0.));
#5245 = DIRECTION('',(0.,0.,-1.));
#5246 = DEFINITIONAL_REPRESENTATION('',(#5247),#5250);
#5247 = B_SPLINE_CURVE_WITH_KNOTS('',1,(#5248,#5249),.UNSPECIFIED.,.F.,
  .F.,(2,2),(-6.305,0.75),.PIECEWISE_BEZIER_KNOTS.);
#5248 = CARTESIAN_POINT('',(-2.555,1.2));
#5249 = CARTESIAN_POINT('',(4.5,1.2));
#5250 = ( GEOMETRIC_REPRESENTATION_CONTEXT(2) 
PARAMETRIC_REPRESENTATION_CONTEXT() REPRESENTATION_CONTEXT('2D SPACE',''
  ) );
#5251 = ORIENTED_EDGE('',*,*,#5252,.T.);
#5252 = EDGE_CURVE('',#5227,#5253,#5255,.T.);
#5253 = VERTEX_POINT('',#5254);
#5254 = CARTESIAN_POINT('',(14.7,-17.68874967965,9.));
#5255 = SURFACE_CURVE('',#5256,(#5260,#5266),.PCURVE_S1.);
#5256 = LINE('',#5257,#5258);
#5257 = CARTESIAN_POINT('',(14.7,-29.125,9.));
#5258 = VECTOR('',#5259,1.);
#5259 = DIRECTION('',(0.,-1.,0.));
#5260 = PCURVE('',#389,#5261);
#5261 = DEFINITIONAL_REPRESENTATION('',(#5262),#5265);
#5262 = B_SPLINE_CURVE_WITH_KNOTS('',1,(#5263,#5264),.UNSPECIFIED.,.F.,
  .F.,(2,2),(-16.375,-11.375),.PIECEWISE_BEZIER_KNOTS.);
#5263 = CARTESIAN_POINT('',(9.,-30.25));
#5264 = CARTESIAN_POINT('',(9.,-25.25));
#5265 = ( GEOMETRIC_REPRESENTATION_CONTEXT(2) 
PARAMETRIC_REPRESENTATION_CONTEXT() REPRESENTATION_CONTEXT('2D SPACE',''
  ) );
#5266 = PCURVE('',#5267,#5272);
#5267 = PLANE('',#5268);
#5268 = AXIS2_PLACEMENT_3D('',#5269,#5270,#5271);
#5269 = CARTESIAN_POINT('',(15.25,-15.25,9.));
#5270 = DIRECTION('',(0.,0.,1.));
#5271 = DIRECTION('',(1.,0.,-0.));
#5272 = DEFINITIONAL_REPRESENTATION('',(#5273),#5276);
#5273 = B_SPLINE_CURVE_WITH_KNOTS('',1,(#5274,#5275),.UNSPECIFIED.,.F.,
  .F.,(2,2),(-16.375,-11.375),.PIECEWISE_BEZIER_KNOTS.);
#5274 = CARTESIAN_POINT('',(-0.55,2.5));
#5275 = CARTESIAN_POINT('',(-0.55,-2.5));
#5276 = ( GEOMETRIC_REPRESENTATION_CONTEXT(2) 
PARAMETRIC_REPRESENTATION_CONTEXT() REPRESENTATION_CONTEXT('2D SPACE',''
  ) );
#5277 = ORIENTED_EDGE('',*,*,#5278,.F.);
#5278 = EDGE_CURVE('',#5279,#5253,#5281,.T.);
#5279 = VERTEX_POINT('',#5280);
#5280 = CARTESIAN_POINT('',(14.7,-17.68874967965,10.055));
#5281 = SURFACE_CURVE('',#5282,(#5286,#5292),.PCURVE_S1.);
#5282 = LINE('',#5283,#5284);
#5283 = CARTESIAN_POINT('',(14.7,-17.68874967965,9.));
#5284 = VECTOR('',#5285,1.);
#5285 = DIRECTION('',(-0.,-0.,-1.));
#5286 = PCURVE('',#389,#5287);
#5287 = DEFINITIONAL_REPRESENTATION('',(#5288),#5291);
#5288 = B_SPLINE_CURVE_WITH_KNOTS('',1,(#5289,#5290),.UNSPECIFIED.,.F.,
  .F.,(2,2),(-2.0605,5.999999999062E-07),.PIECEWISE_BEZIER_KNOTS.);
#5289 = CARTESIAN_POINT('',(11.0605,-25.31125032034));
#5290 = CARTESIAN_POINT('',(8.9999994,-25.31125032034));
#5291 = ( GEOMETRIC_REPRESENTATION_CONTEXT(2) 
PARAMETRIC_REPRESENTATION_CONTEXT() REPRESENTATION_CONTEXT('2D SPACE',''
  ) );
#5292 = PCURVE('',#5293,#5298);
#5293 = CYLINDRICAL_SURFACE('',#5294,2.5);
#5294 = AXIS2_PLACEMENT_3D('',#5295,#5296,#5297);
#5295 = CARTESIAN_POINT('',(15.25,-15.25,9.));
#5296 = DIRECTION('',(-0.,-0.,-1.));
#5297 = DIRECTION('',(1.,0.,0.));
#5298 = DEFINITIONAL_REPRESENTATION('',(#5299),#5302);
#5299 = B_SPLINE_CURVE_WITH_KNOTS('',1,(#5300,#5301),.UNSPECIFIED.,.F.,
  .F.,(2,2),(-2.0605,5.999999999062E-07),.PIECEWISE_BEZIER_KNOTS.);
#5300 = CARTESIAN_POINT('',(-4.490574509888,-2.0605));
#5301 = CARTESIAN_POINT('',(-4.490574509888,5.999999999062E-07));
#5302 = ( GEOMETRIC_REPRESENTATION_CONTEXT(2) 
PARAMETRIC_REPRESENTATION_CONTEXT() REPRESENTATION_CONTEXT('2D SPACE',''
  ) );
#5303 = ORIENTED_EDGE('',*,*,#5304,.T.);
#5304 = EDGE_CURVE('',#5279,#4580,#5305,.T.);
#5305 = SURFACE_CURVE('',#5306,(#5310,#5317),.PCURVE_S1.);
#5306 = LINE('',#5307,#5308);
#5307 = CARTESIAN_POINT('',(14.7,43.,10.055));
#5308 = VECTOR('',#5309,1.);
#5309 = DIRECTION('',(0.,-1.,0.));
#5310 = PCURVE('',#389,#5311);
#5311 = DEFINITIONAL_REPRESENTATION('',(#5312),#5316);
#5312 = LINE('',#5313,#5314);
#5313 = CARTESIAN_POINT('',(10.055,-86.));
#5314 = VECTOR('',#5315,1.);
#5315 = DIRECTION('',(0.,1.));
#5316 = ( GEOMETRIC_REPRESENTATION_CONTEXT(2) 
PARAMETRIC_REPRESENTATION_CONTEXT() REPRESENTATION_CONTEXT('2D SPACE',''
  ) );
#5317 = PCURVE('',#4908,#5318);
#5318 = DEFINITIONAL_REPRESENTATION('',(#5319),#5323);
#5319 = LINE('',#5320,#5321);
#5320 = CARTESIAN_POINT('',(0.,43.));
#5321 = VECTOR('',#5322,1.);
#5322 = DIRECTION('',(0.,-1.));
#5323 = ( GEOMETRIC_REPRESENTATION_CONTEXT(2) 
PARAMETRIC_REPRESENTATION_CONTEXT() REPRESENTATION_CONTEXT('2D SPACE',''
  ) );
#5324 = ADVANCED_FACE('',(#5325),#567,.F.);
#5325 = FACE_BOUND('',#5326,.F.);
#5326 = EDGE_LOOP('',(#5327,#5328,#5329,#5350,#5378,#5404,#5430,#5456));
#5327 = ORIENTED_EDGE('',*,*,#4847,.F.);
#5328 = ORIENTED_EDGE('',*,*,#551,.T.);
#5329 = ORIENTED_EDGE('',*,*,#5330,.F.);
#5330 = EDGE_CURVE('',#5331,#519,#5333,.T.);
#5331 = VERTEX_POINT('',#5332);
#5332 = CARTESIAN_POINT('',(12.3,37.632505239872,10.055));
#5333 = SURFACE_CURVE('',#5334,(#5338,#5344),.PCURVE_S1.);
#5334 = LINE('',#5335,#5336);
#5335 = CARTESIAN_POINT('',(12.3,37.632505239872,0.));
#5336 = VECTOR('',#5337,1.);
#5337 = DIRECTION('',(-0.,-0.,-1.));
#5338 = PCURVE('',#567,#5339);
#5339 = DEFINITIONAL_REPRESENTATION('',(#5340),#5343);
#5340 = B_SPLINE_CURVE_WITH_KNOTS('',1,(#5341,#5342),.UNSPECIFIED.,.F.,
  .F.,(2,2),(-11.0605,6.E-07),.PIECEWISE_BEZIER_KNOTS.);
#5341 = CARTESIAN_POINT('',(11.0605,-80.63250523987));
#5342 = CARTESIAN_POINT('',(-6.E-07,-80.63250523987));
#5343 = ( GEOMETRIC_REPRESENTATION_CONTEXT(2) 
PARAMETRIC_REPRESENTATION_CONTEXT() REPRESENTATION_CONTEXT('2D SPACE',''
  ) );
#5344 = PCURVE('',#539,#5345);
#5345 = DEFINITIONAL_REPRESENTATION('',(#5346),#5349);
#5346 = B_SPLINE_CURVE_WITH_KNOTS('',1,(#5347,#5348),.UNSPECIFIED.,.F.,
  .F.,(2,2),(-10.055,0.),.PIECEWISE_BEZIER_KNOTS.);
#5347 = CARTESIAN_POINT('',(-4.492437965693,-10.055));
#5348 = CARTESIAN_POINT('',(-4.492437965693,0.));
#5349 = ( GEOMETRIC_REPRESENTATION_CONTEXT(2) 
PARAMETRIC_REPRESENTATION_CONTEXT() REPRESENTATION_CONTEXT('2D SPACE',''
  ) );
#5350 = ORIENTED_EDGE('',*,*,#5351,.F.);
#5351 = EDGE_CURVE('',#5352,#5331,#5354,.T.);
#5352 = VERTEX_POINT('',#5353);
#5353 = CARTESIAN_POINT('',(12.3,33.7,10.055));
#5354 = SURFACE_CURVE('',#5355,(#5359,#5366),.PCURVE_S1.);
#5355 = LINE('',#5356,#5357);
#5356 = CARTESIAN_POINT('',(12.3,-43.,10.055));
#5357 = VECTOR('',#5358,1.);
#5358 = DIRECTION('',(0.,1.,0.));
#5359 = PCURVE('',#567,#5360);
#5360 = DEFINITIONAL_REPRESENTATION('',(#5361),#5365);
#5361 = LINE('',#5362,#5363);
#5362 = CARTESIAN_POINT('',(10.055,0.));
#5363 = VECTOR('',#5364,1.);
#5364 = DIRECTION('',(0.,-1.));
#5365 = ( GEOMETRIC_REPRESENTATION_CONTEXT(2) 
PARAMETRIC_REPRESENTATION_CONTEXT() REPRESENTATION_CONTEXT('2D SPACE',''
  ) );
#5366 = PCURVE('',#5367,#5372);
#5367 = PLANE('',#5368);
#5368 = AXIS2_PLACEMENT_3D('',#5369,#5370,#5371);
#5369 = CARTESIAN_POINT('',(8.,0.,15.));
#5370 = DIRECTION('',(0.754605522164,0.,0.656178714925));
#5371 = DIRECTION('',(0.656178714925,0.,-0.754605522164));
#5372 = DEFINITIONAL_REPRESENTATION('',(#5373),#5377);
#5373 = LINE('',#5374,#5375);
#5374 = CARTESIAN_POINT('',(6.553092781275,-43.));
#5375 = VECTOR('',#5376,1.);
#5376 = DIRECTION('',(0.,1.));
#5377 = ( GEOMETRIC_REPRESENTATION_CONTEXT(2) 
PARAMETRIC_REPRESENTATION_CONTEXT() REPRESENTATION_CONTEXT('2D SPACE',''
  ) );
#5378 = ORIENTED_EDGE('',*,*,#5379,.T.);
#5379 = EDGE_CURVE('',#5352,#5380,#5382,.T.);
#5380 = VERTEX_POINT('',#5381);
#5381 = CARTESIAN_POINT('',(12.3,33.7,3.));
#5382 = SURFACE_CURVE('',#5383,(#5387,#5393),.PCURVE_S1.);
#5383 = LINE('',#5384,#5385);
#5384 = CARTESIAN_POINT('',(12.3,33.7,3.75));
#5385 = VECTOR('',#5386,1.);
#5386 = DIRECTION('',(0.,0.,-1.));
#5387 = PCURVE('',#567,#5388);
#5388 = DEFINITIONAL_REPRESENTATION('',(#5389),#5392);
#5389 = B_SPLINE_CURVE_WITH_KNOTS('',1,(#5390,#5391),.UNSPECIFIED.,.F.,
  .F.,(2,2),(-6.305,0.75),.PIECEWISE_BEZIER_KNOTS.);
#5390 = CARTESIAN_POINT('',(10.055,-76.7));
#5391 = CARTESIAN_POINT('',(3.,-76.7));
#5392 = ( GEOMETRIC_REPRESENTATION_CONTEXT(2) 
PARAMETRIC_REPRESENTATION_CONTEXT() REPRESENTATION_CONTEXT('2D SPACE',''
  ) );
#5393 = PCURVE('',#5394,#5399);
#5394 = PLANE('',#5395);
#5395 = AXIS2_PLACEMENT_3D('',#5396,#5397,#5398);
#5396 = CARTESIAN_POINT('',(13.5,33.7,7.5));
#5397 = DIRECTION('',(-0.,-1.,-0.));
#5398 = DIRECTION('',(0.,0.,-1.));
#5399 = DEFINITIONAL_REPRESENTATION('',(#5400),#5403);
#5400 = B_SPLINE_CURVE_WITH_KNOTS('',1,(#5401,#5402),.UNSPECIFIED.,.F.,
  .F.,(2,2),(-6.305,0.75),.PIECEWISE_BEZIER_KNOTS.);
#5401 = CARTESIAN_POINT('',(-2.555,-1.2));
#5402 = CARTESIAN_POINT('',(4.5,-1.2));
#5403 = ( GEOMETRIC_REPRESENTATION_CONTEXT(2) 
PARAMETRIC_REPRESENTATION_CONTEXT() REPRESENTATION_CONTEXT('2D SPACE',''
  ) );
#5404 = ORIENTED_EDGE('',*,*,#5405,.T.);
#5405 = EDGE_CURVE('',#5380,#5406,#5408,.T.);
#5406 = VERTEX_POINT('',#5407);
#5407 = CARTESIAN_POINT('',(12.3,27.3,3.));
#5408 = SURFACE_CURVE('',#5409,(#5413,#5419),.PCURVE_S1.);
#5409 = LINE('',#5410,#5411);
#5410 = CARTESIAN_POINT('',(12.3,-6.25,3.));
#5411 = VECTOR('',#5412,1.);
#5412 = DIRECTION('',(0.,-1.,0.));
#5413 = PCURVE('',#567,#5414);
#5414 = DEFINITIONAL_REPRESENTATION('',(#5415),#5418);
#5415 = B_SPLINE_CURVE_WITH_KNOTS('',1,(#5416,#5417),.UNSPECIFIED.,.F.,
  .F.,(2,2),(-39.95,-33.55),.PIECEWISE_BEZIER_KNOTS.);
#5416 = CARTESIAN_POINT('',(3.,-76.7));
#5417 = CARTESIAN_POINT('',(3.,-70.3));
#5418 = ( GEOMETRIC_REPRESENTATION_CONTEXT(2) 
PARAMETRIC_REPRESENTATION_CONTEXT() REPRESENTATION_CONTEXT('2D SPACE',''
  ) );
#5419 = PCURVE('',#5420,#5425);
#5420 = PLANE('',#5421);
#5421 = AXIS2_PLACEMENT_3D('',#5422,#5423,#5424);
#5422 = CARTESIAN_POINT('',(11.5,30.5,3.));
#5423 = DIRECTION('',(-0.,0.,1.));
#5424 = DIRECTION('',(1.,0.,0.));
#5425 = DEFINITIONAL_REPRESENTATION('',(#5426),#5429);
#5426 = B_SPLINE_CURVE_WITH_KNOTS('',1,(#5427,#5428),.UNSPECIFIED.,.F.,
  .F.,(2,2),(-39.95,-33.55),.PIECEWISE_BEZIER_KNOTS.);
#5427 = CARTESIAN_POINT('',(0.8,3.2));
#5428 = CARTESIAN_POINT('',(0.8,-3.2));
#5429 = ( GEOMETRIC_REPRESENTATION_CONTEXT(2) 
PARAMETRIC_REPRESENTATION_CONTEXT() REPRESENTATION_CONTEXT('2D SPACE',''
  ) );
#5430 = ORIENTED_EDGE('',*,*,#5431,.F.);
#5431 = EDGE_CURVE('',#5432,#5406,#5434,.T.);
#5432 = VERTEX_POINT('',#5433);
#5433 = CARTESIAN_POINT('',(12.3,27.3,10.055));
#5434 = SURFACE_CURVE('',#5435,(#5439,#5445),.PCURVE_S1.);
#5435 = LINE('',#5436,#5437);
#5436 = CARTESIAN_POINT('',(12.3,27.3,3.75));
#5437 = VECTOR('',#5438,1.);
#5438 = DIRECTION('',(0.,0.,-1.));
#5439 = PCURVE('',#567,#5440);
#5440 = DEFINITIONAL_REPRESENTATION('',(#5441),#5444);
#5441 = B_SPLINE_CURVE_WITH_KNOTS('',1,(#5442,#5443),.UNSPECIFIED.,.F.,
  .F.,(2,2),(-6.305,0.75),.PIECEWISE_BEZIER_KNOTS.);
#5442 = CARTESIAN_POINT('',(10.055,-70.3));
#5443 = CARTESIAN_POINT('',(3.,-70.3));
#5444 = ( GEOMETRIC_REPRESENTATION_CONTEXT(2) 
PARAMETRIC_REPRESENTATION_CONTEXT() REPRESENTATION_CONTEXT('2D SPACE',''
  ) );
#5445 = PCURVE('',#5446,#5451);
#5446 = PLANE('',#5447);
#5447 = AXIS2_PLACEMENT_3D('',#5448,#5449,#5450);
#5448 = CARTESIAN_POINT('',(13.5,27.3,7.5));
#5449 = DIRECTION('',(-0.,-1.,-0.));
#5450 = DIRECTION('',(0.,0.,-1.));
#5451 = DEFINITIONAL_REPRESENTATION('',(#5452),#5455);
#5452 = B_SPLINE_CURVE_WITH_KNOTS('',1,(#5453,#5454),.UNSPECIFIED.,.F.,
  .F.,(2,2),(-6.305,0.75),.PIECEWISE_BEZIER_KNOTS.);
#5453 = CARTESIAN_POINT('',(-2.555,-1.2));
#5454 = CARTESIAN_POINT('',(4.5,-1.2));
#5455 = ( GEOMETRIC_REPRESENTATION_CONTEXT(2) 
PARAMETRIC_REPRESENTATION_CONTEXT() REPRESENTATION_CONTEXT('2D SPACE',''
  ) );
#5456 = ORIENTED_EDGE('',*,*,#5457,.F.);
#5457 = EDGE_CURVE('',#4825,#5432,#5458,.T.);
#5458 = SURFACE_CURVE('',#5459,(#5463,#5470),.PCURVE_S1.);
#5459 = LINE('',#5460,#5461);
#5460 = CARTESIAN_POINT('',(12.3,-43.,10.055));
#5461 = VECTOR('',#5462,1.);
#5462 = DIRECTION('',(0.,1.,0.));
#5463 = PCURVE('',#567,#5464);
#5464 = DEFINITIONAL_REPRESENTATION('',(#5465),#5469);
#5465 = LINE('',#5466,#5467);
#5466 = CARTESIAN_POINT('',(10.055,0.));
#5467 = VECTOR('',#5468,1.);
#5468 = DIRECTION('',(0.,-1.));
#5469 = ( GEOMETRIC_REPRESENTATION_CONTEXT(2) 
PARAMETRIC_REPRESENTATION_CONTEXT() REPRESENTATION_CONTEXT('2D SPACE',''
  ) );
#5470 = PCURVE('',#5367,#5471);
#5471 = DEFINITIONAL_REPRESENTATION('',(#5472),#5476);
#5472 = LINE('',#5473,#5474);
#5473 = CARTESIAN_POINT('',(6.553092781275,-43.));
#5474 = VECTOR('',#5475,1.);
#5475 = DIRECTION('',(0.,1.));
#5476 = ( GEOMETRIC_REPRESENTATION_CONTEXT(2) 
PARAMETRIC_REPRESENTATION_CONTEXT() REPRESENTATION_CONTEXT('2D SPACE',''
  ) );
#5477 = ADVANCED_FACE('',(#5478),#417,.F.);
#5478 = FACE_BOUND('',#5479,.F.);
#5479 = EDGE_LOOP('',(#5480,#5481,#5482,#5510,#5536,#5562,#5588,#5611));
#5480 = ORIENTED_EDGE('',*,*,#401,.F.);
#5481 = ORIENTED_EDGE('',*,*,#4871,.T.);
#5482 = ORIENTED_EDGE('',*,*,#5483,.F.);
#5483 = EDGE_CURVE('',#5484,#4872,#5486,.T.);
#5484 = VERTEX_POINT('',#5485);
#5485 = CARTESIAN_POINT('',(15.8,20.3,10.055));
#5486 = SURFACE_CURVE('',#5487,(#5491,#5498),.PCURVE_S1.);
#5487 = LINE('',#5488,#5489);
#5488 = CARTESIAN_POINT('',(29.,20.3,10.055));
#5489 = VECTOR('',#5490,1.);
#5490 = DIRECTION('',(-1.,0.,0.));
#5491 = PCURVE('',#417,#5492);
#5492 = DEFINITIONAL_REPRESENTATION('',(#5493),#5497);
#5493 = LINE('',#5494,#5495);
#5494 = CARTESIAN_POINT('',(10.055,58.));
#5495 = VECTOR('',#5496,1.);
#5496 = DIRECTION('',(0.,-1.));
#5497 = ( GEOMETRIC_REPRESENTATION_CONTEXT(2) 
PARAMETRIC_REPRESENTATION_CONTEXT() REPRESENTATION_CONTEXT('2D SPACE',''
  ) );
#5498 = PCURVE('',#5499,#5504);
#5499 = PLANE('',#5500);
#5500 = AXIS2_PLACEMENT_3D('',#5501,#5502,#5503);
#5501 = CARTESIAN_POINT('',(0.,16.,15.));
#5502 = DIRECTION('',(-0.,0.754605522164,0.656178714925));
#5503 = DIRECTION('',(0.,0.656178714925,-0.754605522164));
#5504 = DEFINITIONAL_REPRESENTATION('',(#5505),#5509);
#5505 = LINE('',#5506,#5507);
#5506 = CARTESIAN_POINT('',(6.553092781275,-29.));
#5507 = VECTOR('',#5508,1.);
#5508 = DIRECTION('',(0.,1.));
#5509 = ( GEOMETRIC_REPRESENTATION_CONTEXT(2) 
PARAMETRIC_REPRESENTATION_CONTEXT() REPRESENTATION_CONTEXT('2D SPACE',''
  ) );
#5510 = ORIENTED_EDGE('',*,*,#5511,.T.);
#5511 = EDGE_CURVE('',#5484,#5512,#5514,.T.);
#5512 = VERTEX_POINT('',#5513);
#5513 = CARTESIAN_POINT('',(15.8,20.3,3.7));
#5514 = SURFACE_CURVE('',#5515,(#5519,#5525),.PCURVE_S1.);
#5515 = LINE('',#5516,#5517);
#5516 = CARTESIAN_POINT('',(15.8,20.3,3.75));
#5517 = VECTOR('',#5518,1.);
#5518 = DIRECTION('',(0.,0.,-1.));
#5519 = PCURVE('',#417,#5520);
#5520 = DEFINITIONAL_REPRESENTATION('',(#5521),#5524);
#5521 = B_SPLINE_CURVE_WITH_KNOTS('',1,(#5522,#5523),.UNSPECIFIED.,.F.,
  .F.,(2,2),(-6.305,0.75),.PIECEWISE_BEZIER_KNOTS.);
#5522 = CARTESIAN_POINT('',(10.055,44.8));
#5523 = CARTESIAN_POINT('',(3.,44.8));
#5524 = ( GEOMETRIC_REPRESENTATION_CONTEXT(2) 
PARAMETRIC_REPRESENTATION_CONTEXT() REPRESENTATION_CONTEXT('2D SPACE',''
  ) );
#5525 = PCURVE('',#5526,#5531);
#5526 = PLANE('',#5527);
#5527 = AXIS2_PLACEMENT_3D('',#5528,#5529,#5530);
#5528 = CARTESIAN_POINT('',(15.8,21.5,7.5));
#5529 = DIRECTION('',(1.,0.,0.));
#5530 = DIRECTION('',(-0.,0.,1.));
#5531 = DEFINITIONAL_REPRESENTATION('',(#5532),#5535);
#5532 = B_SPLINE_CURVE_WITH_KNOTS('',1,(#5533,#5534),.UNSPECIFIED.,.F.,
  .F.,(2,2),(-6.305,0.75),.PIECEWISE_BEZIER_KNOTS.);
#5533 = CARTESIAN_POINT('',(2.555,1.2));
#5534 = CARTESIAN_POINT('',(-4.5,1.2));
#5535 = ( GEOMETRIC_REPRESENTATION_CONTEXT(2) 
PARAMETRIC_REPRESENTATION_CONTEXT() REPRESENTATION_CONTEXT('2D SPACE',''
  ) );
#5536 = ORIENTED_EDGE('',*,*,#5537,.T.);
#5537 = EDGE_CURVE('',#5512,#5538,#5540,.T.);
#5538 = VERTEX_POINT('',#5539);
#5539 = CARTESIAN_POINT('',(22.2,20.3,3.7));
#5540 = SURFACE_CURVE('',#5541,(#5545,#5551),.PCURVE_S1.);
#5541 = LINE('',#5542,#5543);
#5542 = CARTESIAN_POINT('',(-5.,20.3,3.7));
#5543 = VECTOR('',#5544,1.);
#5544 = DIRECTION('',(1.,-0.,0.));
#5545 = PCURVE('',#417,#5546);
#5546 = DEFINITIONAL_REPRESENTATION('',(#5547),#5550);
#5547 = B_SPLINE_CURVE_WITH_KNOTS('',1,(#5548,#5549),.UNSPECIFIED.,.F.,
  .F.,(2,2),(20.8,27.2),.PIECEWISE_BEZIER_KNOTS.);
#5548 = CARTESIAN_POINT('',(3.7,44.8));
#5549 = CARTESIAN_POINT('',(3.7,51.2));
#5550 = ( GEOMETRIC_REPRESENTATION_CONTEXT(2) 
PARAMETRIC_REPRESENTATION_CONTEXT() REPRESENTATION_CONTEXT('2D SPACE',''
  ) );
#5551 = PCURVE('',#5552,#5557);
#5552 = PLANE('',#5553);
#5553 = AXIS2_PLACEMENT_3D('',#5554,#5555,#5556);
#5554 = CARTESIAN_POINT('',(19.,18.,6.));
#5555 = DIRECTION('',(-0.,0.707106781187,0.707106781187));
#5556 = DIRECTION('',(0.,0.707106781187,-0.707106781187));
#5557 = DEFINITIONAL_REPRESENTATION('',(#5558),#5561);
#5558 = B_SPLINE_CURVE_WITH_KNOTS('',1,(#5559,#5560),.UNSPECIFIED.,.F.,
  .F.,(2,2),(20.8,27.2),.PIECEWISE_BEZIER_KNOTS.);
#5559 = CARTESIAN_POINT('',(3.252691193458,3.2));
#5560 = CARTESIAN_POINT('',(3.252691193458,-3.2));
#5561 = ( GEOMETRIC_REPRESENTATION_CONTEXT(2) 
PARAMETRIC_REPRESENTATION_CONTEXT() REPRESENTATION_CONTEXT('2D SPACE',''
  ) );
#5562 = ORIENTED_EDGE('',*,*,#5563,.F.);
#5563 = EDGE_CURVE('',#5564,#5538,#5566,.T.);
#5564 = VERTEX_POINT('',#5565);
#5565 = CARTESIAN_POINT('',(22.2,20.3,10.055));
#5566 = SURFACE_CURVE('',#5567,(#5571,#5577),.PCURVE_S1.);
#5567 = LINE('',#5568,#5569);
#5568 = CARTESIAN_POINT('',(22.2,20.3,3.75));
#5569 = VECTOR('',#5570,1.);
#5570 = DIRECTION('',(0.,0.,-1.));
#5571 = PCURVE('',#417,#5572);
#5572 = DEFINITIONAL_REPRESENTATION('',(#5573),#5576);
#5573 = B_SPLINE_CURVE_WITH_KNOTS('',1,(#5574,#5575),.UNSPECIFIED.,.F.,
  .F.,(2,2),(-6.305,0.75),.PIECEWISE_BEZIER_KNOTS.);
#5574 = CARTESIAN_POINT('',(10.055,51.2));
#5575 = CARTESIAN_POINT('',(3.,51.2));
#5576 = ( GEOMETRIC_REPRESENTATION_CONTEXT(2) 
PARAMETRIC_REPRESENTATION_CONTEXT() REPRESENTATION_CONTEXT('2D SPACE',''
  ) );
#5577 = PCURVE('',#5578,#5583);
#5578 = PLANE('',#5579);
#5579 = AXIS2_PLACEMENT_3D('',#5580,#5581,#5582);
#5580 = CARTESIAN_POINT('',(22.2,21.5,7.5));
#5581 = DIRECTION('',(1.,0.,0.));
#5582 = DIRECTION('',(-0.,0.,1.));
#5583 = DEFINITIONAL_REPRESENTATION('',(#5584),#5587);
#5584 = B_SPLINE_CURVE_WITH_KNOTS('',1,(#5585,#5586),.UNSPECIFIED.,.F.,
  .F.,(2,2),(-6.305,0.75),.PIECEWISE_BEZIER_KNOTS.);
#5585 = CARTESIAN_POINT('',(2.555,1.2));
#5586 = CARTESIAN_POINT('',(-4.5,1.2));
#5587 = ( GEOMETRIC_REPRESENTATION_CONTEXT(2) 
PARAMETRIC_REPRESENTATION_CONTEXT() REPRESENTATION_CONTEXT('2D SPACE',''
  ) );
#5588 = ORIENTED_EDGE('',*,*,#5589,.F.);
#5589 = EDGE_CURVE('',#5590,#5564,#5592,.T.);
#5590 = VERTEX_POINT('',#5591);
#5591 = CARTESIAN_POINT('',(23.632505239872,20.3,10.055));
#5592 = SURFACE_CURVE('',#5593,(#5597,#5604),.PCURVE_S1.);
#5593 = LINE('',#5594,#5595);
#5594 = CARTESIAN_POINT('',(29.,20.3,10.055));
#5595 = VECTOR('',#5596,1.);
#5596 = DIRECTION('',(-1.,0.,0.));
#5597 = PCURVE('',#417,#5598);
#5598 = DEFINITIONAL_REPRESENTATION('',(#5599),#5603);
#5599 = LINE('',#5600,#5601);
#5600 = CARTESIAN_POINT('',(10.055,58.));
#5601 = VECTOR('',#5602,1.);
#5602 = DIRECTION('',(0.,-1.));
#5603 = ( GEOMETRIC_REPRESENTATION_CONTEXT(2) 
PARAMETRIC_REPRESENTATION_CONTEXT() REPRESENTATION_CONTEXT('2D SPACE',''
  ) );
#5604 = PCURVE('',#5499,#5605);
#5605 = DEFINITIONAL_REPRESENTATION('',(#5606),#5610);
#5606 = LINE('',#5607,#5608);
#5607 = CARTESIAN_POINT('',(6.553092781275,-29.));
#5608 = VECTOR('',#5609,1.);
#5609 = DIRECTION('',(0.,1.));
#5610 = ( GEOMETRIC_REPRESENTATION_CONTEXT(2) 
PARAMETRIC_REPRESENTATION_CONTEXT() REPRESENTATION_CONTEXT('2D SPACE',''
  ) );
#5611 = ORIENTED_EDGE('',*,*,#5612,.T.);
#5612 = EDGE_CURVE('',#5590,#402,#5613,.T.);
#5613 = SURFACE_CURVE('',#5614,(#5618,#5624),.PCURVE_S1.);
#5614 = LINE('',#5615,#5616);
#5615 = CARTESIAN_POINT('',(23.632505239872,20.3,0.));
#5616 = VECTOR('',#5617,1.);
#5617 = DIRECTION('',(-0.,-0.,-1.));
#5618 = PCURVE('',#417,#5619);
#5619 = DEFINITIONAL_REPRESENTATION('',(#5620),#5623);
#5620 = B_SPLINE_CURVE_WITH_KNOTS('',1,(#5621,#5622),.UNSPECIFIED.,.F.,
  .F.,(2,2),(-11.0605,6.E-07),.PIECEWISE_BEZIER_KNOTS.);
#5621 = CARTESIAN_POINT('',(11.0605,52.632505239872));
#5622 = CARTESIAN_POINT('',(-6.E-07,52.632505239872));
#5623 = ( GEOMETRIC_REPRESENTATION_CONTEXT(2) 
PARAMETRIC_REPRESENTATION_CONTEXT() REPRESENTATION_CONTEXT('2D SPACE',''
  ) );
#5624 = PCURVE('',#450,#5625);
#5625 = DEFINITIONAL_REPRESENTATION('',(#5626),#5629);
#5626 = B_SPLINE_CURVE_WITH_KNOTS('',1,(#5627,#5628),.UNSPECIFIED.,.F.,
  .F.,(2,2),(-10.055,0.),.PIECEWISE_BEZIER_KNOTS.);
#5627 = CARTESIAN_POINT('',(-3.361543668282,-10.055));
#5628 = CARTESIAN_POINT('',(-3.361543668282,0.));
#5629 = ( GEOMETRIC_REPRESENTATION_CONTEXT(2) 
PARAMETRIC_REPRESENTATION_CONTEXT() REPRESENTATION_CONTEXT('2D SPACE',''
  ) );
#5630 = ADVANCED_FACE('',(#5631),#539,.T.);
#5631 = FACE_BOUND('',#5632,.F.);
#5632 = EDGE_LOOP('',(#5633,#5634,#5655,#5690,#5717,#5740,#5767,#5795));
#5633 = ORIENTED_EDGE('',*,*,#518,.T.);
#5634 = ORIENTED_EDGE('',*,*,#5635,.F.);
#5635 = EDGE_CURVE('',#5636,#491,#5638,.T.);
#5636 = VERTEX_POINT('',#5637);
#5637 = CARTESIAN_POINT('',(14.7,37.632505239872,10.055));
#5638 = SURFACE_CURVE('',#5639,(#5643,#5649),.PCURVE_S1.);
#5639 = LINE('',#5640,#5641);
#5640 = CARTESIAN_POINT('',(14.7,37.632505239872,0.));
#5641 = VECTOR('',#5642,1.);
#5642 = DIRECTION('',(-0.,-0.,-1.));
#5643 = PCURVE('',#539,#5644);
#5644 = DEFINITIONAL_REPRESENTATION('',(#5645),#5648);
#5645 = B_SPLINE_CURVE_WITH_KNOTS('',1,(#5646,#5647),.UNSPECIFIED.,.F.,
  .F.,(2,2),(-10.055,0.),.PIECEWISE_BEZIER_KNOTS.);
#5646 = CARTESIAN_POINT('',(1.350845312103,-10.055));
#5647 = CARTESIAN_POINT('',(1.350845312103,0.));
#5648 = ( GEOMETRIC_REPRESENTATION_CONTEXT(2) 
PARAMETRIC_REPRESENTATION_CONTEXT() REPRESENTATION_CONTEXT('2D SPACE',''
  ) );
#5649 = PCURVE('',#506,#5650);
#5650 = DEFINITIONAL_REPRESENTATION('',(#5651),#5654);
#5651 = B_SPLINE_CURVE_WITH_KNOTS('',1,(#5652,#5653),.UNSPECIFIED.,.F.,
  .F.,(2,2),(-11.0605,6.E-07),.PIECEWISE_BEZIER_KNOTS.);
#5652 = CARTESIAN_POINT('',(11.0605,-80.63250523987));
#5653 = CARTESIAN_POINT('',(-6.E-07,-80.63250523987));
#5654 = ( GEOMETRIC_REPRESENTATION_CONTEXT(2) 
PARAMETRIC_REPRESENTATION_CONTEXT() REPRESENTATION_CONTEXT('2D SPACE',''
  ) );
#5655 = ORIENTED_EDGE('',*,*,#5656,.T.);
#5656 = EDGE_CURVE('',#5636,#5657,#5659,.T.);
#5657 = VERTEX_POINT('',#5658);
#5658 = CARTESIAN_POINT('',(19.,43.,15.));
#5659 = SURFACE_CURVE('',#5660,(#5665,#5678),.PCURVE_S1.);
#5660 = ELLIPSE('',#5661,8.38186285977,5.5);
#5661 = AXIS2_PLACEMENT_3D('',#5662,#5663,#5664);
#5662 = CARTESIAN_POINT('',(13.5,43.,8.675));
#5663 = DIRECTION('',(-0.754605522164,0.,0.656178714925));
#5664 = DIRECTION('',(-0.656178714925,0.,-0.754605522164));
#5665 = PCURVE('',#539,#5666);
#5666 = DEFINITIONAL_REPRESENTATION('',(#5667),#5677);
#5667 = B_SPLINE_CURVE_WITH_KNOTS('',8,(#5668,#5669,#5670,#5671,#5672,
    #5673,#5674,#5675,#5676),.UNSPECIFIED.,.F.,.F.,(9,9),(1.790747341487
    ,3.14159265359),.PIECEWISE_BEZIER_KNOTS.);
#5668 = CARTESIAN_POINT('',(1.350845312103,-10.05500000304));
#5669 = CARTESIAN_POINT('',(1.18198964809,-11.09728168194));
#5670 = CARTESIAN_POINT('',(1.013133984077,-12.09459545266));
#5671 = CARTESIAN_POINT('',(0.844278320063,-13.00165701436));
#5672 = CARTESIAN_POINT('',(0.675422656053,-13.77591877014));
#5673 = CARTESIAN_POINT('',(0.506566992039,-14.38169232417));
#5674 = CARTESIAN_POINT('',(0.337711328026,-14.79389717599));
#5675 = CARTESIAN_POINT('',(0.168855664013,-15.));
#5676 = CARTESIAN_POINT('',(0.,-15.));
#5677 = ( GEOMETRIC_REPRESENTATION_CONTEXT(2) 
PARAMETRIC_REPRESENTATION_CONTEXT() REPRESENTATION_CONTEXT('2D SPACE',''
  ) );
#5678 = PCURVE('',#5679,#5684);
#5679 = PLANE('',#5680);
#5680 = AXIS2_PLACEMENT_3D('',#5681,#5682,#5683);
#5681 = CARTESIAN_POINT('',(14.7,0.,10.055));
#5682 = DIRECTION('',(-0.754605522164,0.,0.656178714925));
#5683 = DIRECTION('',(0.656178714925,0.,0.754605522164));
#5684 = DEFINITIONAL_REPRESENTATION('',(#5685),#5689);
#5685 = ELLIPSE('',#5686,8.38186285977,5.5);
#5686 = AXIS2_PLACEMENT_2D('',#5687,#5688);
#5687 = CARTESIAN_POINT('',(-1.828770078495,43.));
#5688 = DIRECTION('',(-1.,0.));
#5689 = ( GEOMETRIC_REPRESENTATION_CONTEXT(2) 
PARAMETRIC_REPRESENTATION_CONTEXT() REPRESENTATION_CONTEXT('2D SPACE',''
  ) );
#5690 = ORIENTED_EDGE('',*,*,#5691,.T.);
#5691 = EDGE_CURVE('',#5657,#5692,#5694,.T.);
#5692 = VERTEX_POINT('',#5693);
#5693 = CARTESIAN_POINT('',(19.,43.,18.));
#5694 = SURFACE_CURVE('',#5695,(#5699,#5705),.PCURVE_S1.);
#5695 = LINE('',#5696,#5697);
#5696 = CARTESIAN_POINT('',(19.,43.,15.));
#5697 = VECTOR('',#5698,1.);
#5698 = DIRECTION('',(0.,0.,1.));
#5699 = PCURVE('',#539,#5700);
#5700 = DEFINITIONAL_REPRESENTATION('',(#5701),#5704);
#5701 = B_SPLINE_CURVE_WITH_KNOTS('',1,(#5702,#5703),.UNSPECIFIED.,.F.,
  .F.,(2,2),(0.,3.),.PIECEWISE_BEZIER_KNOTS.);
#5702 = CARTESIAN_POINT('',(0.,-15.));
#5703 = CARTESIAN_POINT('',(0.,-18.));
#5704 = ( GEOMETRIC_REPRESENTATION_CONTEXT(2) 
PARAMETRIC_REPRESENTATION_CONTEXT() REPRESENTATION_CONTEXT('2D SPACE',''
  ) );
#5705 = PCURVE('',#5706,#5711);
#5706 = PLANE('',#5707);
#5707 = AXIS2_PLACEMENT_3D('',#5708,#5709,#5710);
#5708 = CARTESIAN_POINT('',(19.,43.,15.));
#5709 = DIRECTION('',(1.,-1.110223024625E-16,0.));
#5710 = DIRECTION('',(-1.110223024625E-16,-1.,0.));
#5711 = DEFINITIONAL_REPRESENTATION('',(#5712),#5716);
#5712 = LINE('',#5713,#5714);
#5713 = CARTESIAN_POINT('',(0.,0.));
#5714 = VECTOR('',#5715,1.);
#5715 = DIRECTION('',(0.,-1.));
#5716 = ( GEOMETRIC_REPRESENTATION_CONTEXT(2) 
PARAMETRIC_REPRESENTATION_CONTEXT() REPRESENTATION_CONTEXT('2D SPACE',''
  ) );
#5717 = ORIENTED_EDGE('',*,*,#5718,.F.);
#5718 = EDGE_CURVE('',#5719,#5692,#5721,.T.);
#5719 = VERTEX_POINT('',#5720);
#5720 = CARTESIAN_POINT('',(8.,43.,18.));
#5721 = SURFACE_CURVE('',#5722,(#5727,#5733),.PCURVE_S1.);
#5722 = CIRCLE('',#5723,5.5);
#5723 = AXIS2_PLACEMENT_3D('',#5724,#5725,#5726);
#5724 = CARTESIAN_POINT('',(13.5,43.,18.));
#5725 = DIRECTION('',(0.,0.,-1.));
#5726 = DIRECTION('',(-1.,1.110223024625E-16,0.));
#5727 = PCURVE('',#539,#5728);
#5728 = DEFINITIONAL_REPRESENTATION('',(#5729),#5732);
#5729 = B_SPLINE_CURVE_WITH_KNOTS('',1,(#5730,#5731),.UNSPECIFIED.,.F.,
  .F.,(2,2),(0.,3.14159265359),.PIECEWISE_BEZIER_KNOTS.);
#5730 = CARTESIAN_POINT('',(-3.14159265359,-18.));
#5731 = CARTESIAN_POINT('',(0.,-18.));
#5732 = ( GEOMETRIC_REPRESENTATION_CONTEXT(2) 
PARAMETRIC_REPRESENTATION_CONTEXT() REPRESENTATION_CONTEXT('2D SPACE',''
  ) );
#5733 = PCURVE('',#1536,#5734);
#5734 = DEFINITIONAL_REPRESENTATION('',(#5735),#5739);
#5735 = CIRCLE('',#5736,5.5);
#5736 = AXIS2_PLACEMENT_2D('',#5737,#5738);
#5737 = CARTESIAN_POINT('',(-27.,43.));
#5738 = DIRECTION('',(1.,1.110223024625E-16));
#5739 = ( GEOMETRIC_REPRESENTATION_CONTEXT(2) 
PARAMETRIC_REPRESENTATION_CONTEXT() REPRESENTATION_CONTEXT('2D SPACE',''
  ) );
#5740 = ORIENTED_EDGE('',*,*,#5741,.F.);
#5741 = EDGE_CURVE('',#5742,#5719,#5744,.T.);
#5742 = VERTEX_POINT('',#5743);
#5743 = CARTESIAN_POINT('',(8.,43.,15.));
#5744 = SURFACE_CURVE('',#5745,(#5749,#5755),.PCURVE_S1.);
#5745 = LINE('',#5746,#5747);
#5746 = CARTESIAN_POINT('',(8.,43.,15.));
#5747 = VECTOR('',#5748,1.);
#5748 = DIRECTION('',(0.,0.,1.));
#5749 = PCURVE('',#539,#5750);
#5750 = DEFINITIONAL_REPRESENTATION('',(#5751),#5754);
#5751 = B_SPLINE_CURVE_WITH_KNOTS('',1,(#5752,#5753),.UNSPECIFIED.,.F.,
  .F.,(2,2),(0.,3.),.PIECEWISE_BEZIER_KNOTS.);
#5752 = CARTESIAN_POINT('',(-3.14159265359,-15.));
#5753 = CARTESIAN_POINT('',(-3.14159265359,-18.));
#5754 = ( GEOMETRIC_REPRESENTATION_CONTEXT(2) 
PARAMETRIC_REPRESENTATION_CONTEXT() REPRESENTATION_CONTEXT('2D SPACE',''
  ) );
#5755 = PCURVE('',#5756,#5761);
#5756 = PLANE('',#5757);
#5757 = AXIS2_PLACEMENT_3D('',#5758,#5759,#5760);
#5758 = CARTESIAN_POINT('',(8.,-43.,15.));
#5759 = DIRECTION('',(-1.,1.110223024625E-16,0.));
#5760 = DIRECTION('',(1.110223024625E-16,1.,0.));
#5761 = DEFINITIONAL_REPRESENTATION('',(#5762),#5766);
#5762 = LINE('',#5763,#5764);
#5763 = CARTESIAN_POINT('',(86.,0.));
#5764 = VECTOR('',#5765,1.);
#5765 = DIRECTION('',(0.,-1.));
#5766 = ( GEOMETRIC_REPRESENTATION_CONTEXT(2) 
PARAMETRIC_REPRESENTATION_CONTEXT() REPRESENTATION_CONTEXT('2D SPACE',''
  ) );
#5767 = ORIENTED_EDGE('',*,*,#5768,.T.);
#5768 = EDGE_CURVE('',#5742,#5331,#5769,.T.);
#5769 = SURFACE_CURVE('',#5770,(#5775,#5788),.PCURVE_S1.);
#5770 = ELLIPSE('',#5771,8.38186285977,5.5);
#5771 = AXIS2_PLACEMENT_3D('',#5772,#5773,#5774);
#5772 = CARTESIAN_POINT('',(13.5,43.,8.675));
#5773 = DIRECTION('',(0.754605522164,0.,0.656178714925));
#5774 = DIRECTION('',(0.656178714925,0.,-0.754605522164));
#5775 = PCURVE('',#539,#5776);
#5776 = DEFINITIONAL_REPRESENTATION('',(#5777),#5787);
#5777 = B_SPLINE_CURVE_WITH_KNOTS('',8,(#5778,#5779,#5780,#5781,#5782,
    #5783,#5784,#5785,#5786),.UNSPECIFIED.,.F.,.F.,(9,9),(3.14159265359,
    4.492437965693),.PIECEWISE_BEZIER_KNOTS.);
#5778 = CARTESIAN_POINT('',(-3.141592653588,-15.00000003371));
#5779 = CARTESIAN_POINT('',(-3.310448317599,-15.00000003822));
#5780 = CARTESIAN_POINT('',(-3.47930398161,-14.79389720388));
#5781 = CARTESIAN_POINT('',(-3.648159645622,-14.38169151521));
#5782 = CARTESIAN_POINT('',(-3.817015309635,-13.77592007949));
#5783 = CARTESIAN_POINT('',(-3.98587097365,-13.0016563691));
#5784 = CARTESIAN_POINT('',(-4.154726637665,-12.09459543391));
#5785 = CARTESIAN_POINT('',(-4.323582301679,-11.09728172463));
#5786 = CARTESIAN_POINT('',(-4.492437965693,-10.05500001654));
#5787 = ( GEOMETRIC_REPRESENTATION_CONTEXT(2) 
PARAMETRIC_REPRESENTATION_CONTEXT() REPRESENTATION_CONTEXT('2D SPACE',''
  ) );
#5788 = PCURVE('',#5367,#5789);
#5789 = DEFINITIONAL_REPRESENTATION('',(#5790),#5794);
#5790 = ELLIPSE('',#5791,8.38186285977,5.5);
#5791 = AXIS2_PLACEMENT_2D('',#5792,#5793);
#5792 = CARTESIAN_POINT('',(8.38186285977,43.));
#5793 = DIRECTION('',(1.,0.));
#5794 = ( GEOMETRIC_REPRESENTATION_CONTEXT(2) 
PARAMETRIC_REPRESENTATION_CONTEXT() REPRESENTATION_CONTEXT('2D SPACE',''
  ) );
#5795 = ORIENTED_EDGE('',*,*,#5330,.T.);
#5796 = ADVANCED_FACE('',(#5797),#450,.T.);
#5797 = FACE_BOUND('',#5798,.F.);
#5798 = EDGE_LOOP('',(#5799,#5800,#5801,#5831,#5858,#5886,#5913,#5948));
#5799 = ORIENTED_EDGE('',*,*,#429,.T.);
#5800 = ORIENTED_EDGE('',*,*,#5612,.F.);
#5801 = ORIENTED_EDGE('',*,*,#5802,.T.);
#5802 = EDGE_CURVE('',#5590,#5803,#5805,.T.);
#5803 = VERTEX_POINT('',#5804);
#5804 = CARTESIAN_POINT('',(29.,16.,15.));
#5805 = SURFACE_CURVE('',#5806,(#5811,#5824),.PCURVE_S1.);
#5806 = ELLIPSE('',#5807,8.38186285977,5.5);
#5807 = AXIS2_PLACEMENT_3D('',#5808,#5809,#5810);
#5808 = CARTESIAN_POINT('',(29.,21.5,8.675));
#5809 = DIRECTION('',(0.,0.754605522164,0.656178714925));
#5810 = DIRECTION('',(0.,0.656178714925,-0.754605522164));
#5811 = PCURVE('',#450,#5812);
#5812 = DEFINITIONAL_REPRESENTATION('',(#5813),#5823);
#5813 = B_SPLINE_CURVE_WITH_KNOTS('',8,(#5814,#5815,#5816,#5817,#5818,
    #5819,#5820,#5821,#5822),.UNSPECIFIED.,.F.,.F.,(9,9),(1.790747341487
    ,3.14159265359),.PIECEWISE_BEZIER_KNOTS.);
#5814 = CARTESIAN_POINT('',(-3.361543668282,-10.05500001055));
#5815 = CARTESIAN_POINT('',(-3.530399332294,-11.0972817047));
#5816 = CARTESIAN_POINT('',(-3.699254996307,-12.09459543368));
#5817 = CARTESIAN_POINT('',(-3.86811066032,-13.00165663596));
#5818 = CARTESIAN_POINT('',(-4.036966324334,-13.77591966421));
#5819 = CARTESIAN_POINT('',(-4.205821988348,-14.38169161545));
#5820 = CARTESIAN_POINT('',(-4.37467765236,-14.79389731062));
#5821 = CARTESIAN_POINT('',(-4.543533316372,-15.00000004228));
#5822 = CARTESIAN_POINT('',(-4.712388980385,-15.00000001056));
#5823 = ( GEOMETRIC_REPRESENTATION_CONTEXT(2) 
PARAMETRIC_REPRESENTATION_CONTEXT() REPRESENTATION_CONTEXT('2D SPACE',''
  ) );
#5824 = PCURVE('',#5499,#5825);
#5825 = DEFINITIONAL_REPRESENTATION('',(#5826),#5830);
#5826 = ELLIPSE('',#5827,8.38186285977,5.5);
#5827 = AXIS2_PLACEMENT_2D('',#5828,#5829);
#5828 = CARTESIAN_POINT('',(8.38186285977,-29.));
#5829 = DIRECTION('',(1.,0.));
#5830 = ( GEOMETRIC_REPRESENTATION_CONTEXT(2) 
PARAMETRIC_REPRESENTATION_CONTEXT() REPRESENTATION_CONTEXT('2D SPACE',''
  ) );
#5831 = ORIENTED_EDGE('',*,*,#5832,.T.);
#5832 = EDGE_CURVE('',#5803,#5833,#5835,.T.);
#5833 = VERTEX_POINT('',#5834);
#5834 = CARTESIAN_POINT('',(29.,16.,18.));
#5835 = SURFACE_CURVE('',#5836,(#5840,#5846),.PCURVE_S1.);
#5836 = LINE('',#5837,#5838);
#5837 = CARTESIAN_POINT('',(29.,16.,15.));
#5838 = VECTOR('',#5839,1.);
#5839 = DIRECTION('',(0.,0.,1.));
#5840 = PCURVE('',#450,#5841);
#5841 = DEFINITIONAL_REPRESENTATION('',(#5842),#5845);
#5842 = B_SPLINE_CURVE_WITH_KNOTS('',1,(#5843,#5844),.UNSPECIFIED.,.F.,
  .F.,(2,2),(0.,3.),.PIECEWISE_BEZIER_KNOTS.);
#5843 = CARTESIAN_POINT('',(-4.712388980385,-15.));
#5844 = CARTESIAN_POINT('',(-4.712388980385,-18.));
#5845 = ( GEOMETRIC_REPRESENTATION_CONTEXT(2) 
PARAMETRIC_REPRESENTATION_CONTEXT() REPRESENTATION_CONTEXT('2D SPACE',''
  ) );
#5846 = PCURVE('',#5847,#5852);
#5847 = PLANE('',#5848);
#5848 = AXIS2_PLACEMENT_3D('',#5849,#5850,#5851);
#5849 = CARTESIAN_POINT('',(29.,16.,15.));
#5850 = DIRECTION('',(0.,-1.,0.));
#5851 = DIRECTION('',(-1.,0.,0.));
#5852 = DEFINITIONAL_REPRESENTATION('',(#5853),#5857);
#5853 = LINE('',#5854,#5855);
#5854 = CARTESIAN_POINT('',(0.,-0.));
#5855 = VECTOR('',#5856,1.);
#5856 = DIRECTION('',(0.,-1.));
#5857 = ( GEOMETRIC_REPRESENTATION_CONTEXT(2) 
PARAMETRIC_REPRESENTATION_CONTEXT() REPRESENTATION_CONTEXT('2D SPACE',''
  ) );
#5858 = ORIENTED_EDGE('',*,*,#5859,.T.);
#5859 = EDGE_CURVE('',#5833,#5860,#5862,.T.);
#5860 = VERTEX_POINT('',#5861);
#5861 = CARTESIAN_POINT('',(29.,27.,18.));
#5862 = SURFACE_CURVE('',#5863,(#5868,#5875),.PCURVE_S1.);
#5863 = CIRCLE('',#5864,5.5);
#5864 = AXIS2_PLACEMENT_3D('',#5865,#5866,#5867);
#5865 = CARTESIAN_POINT('',(29.,21.5,18.));
#5866 = DIRECTION('',(-0.,0.,1.));
#5867 = DIRECTION('',(0.,-1.,0.));
#5868 = PCURVE('',#450,#5869);
#5869 = DEFINITIONAL_REPRESENTATION('',(#5870),#5874);
#5870 = LINE('',#5871,#5872);
#5871 = CARTESIAN_POINT('',(-4.712388980385,-18.));
#5872 = VECTOR('',#5873,1.);
#5873 = DIRECTION('',(-1.,0.));
#5874 = ( GEOMETRIC_REPRESENTATION_CONTEXT(2) 
PARAMETRIC_REPRESENTATION_CONTEXT() REPRESENTATION_CONTEXT('2D SPACE',''
  ) );
#5875 = PCURVE('',#1536,#5876);
#5876 = DEFINITIONAL_REPRESENTATION('',(#5877),#5885);
#5877 = ( BOUNDED_CURVE() B_SPLINE_CURVE(2,(#5878,#5879,#5880,#5881,
#5882,#5883,#5884),.UNSPECIFIED.,.T.,.F.) B_SPLINE_CURVE_WITH_KNOTS((1,2
    ,2,2,2,1),(-2.094395102393,0.,2.094395102393,4.188790204786,
6.28318530718,8.377580409573),.UNSPECIFIED.) CURVE() 
GEOMETRIC_REPRESENTATION_ITEM() RATIONAL_B_SPLINE_CURVE((1.,0.5,1.,0.5,
1.,0.5,1.)) REPRESENTATION_ITEM('') );
#5878 = CARTESIAN_POINT('',(-42.5,16.));
#5879 = CARTESIAN_POINT('',(-52.02627944162,16.));
#5880 = CARTESIAN_POINT('',(-47.26313972081,24.25));
#5881 = CARTESIAN_POINT('',(-42.5,32.5));
#5882 = CARTESIAN_POINT('',(-37.73686027918,24.25));
#5883 = CARTESIAN_POINT('',(-32.97372055837,16.));
#5884 = CARTESIAN_POINT('',(-42.5,16.));
#5885 = ( GEOMETRIC_REPRESENTATION_CONTEXT(2) 
PARAMETRIC_REPRESENTATION_CONTEXT() REPRESENTATION_CONTEXT('2D SPACE',''
  ) );
#5886 = ORIENTED_EDGE('',*,*,#5887,.F.);
#5887 = EDGE_CURVE('',#5888,#5860,#5890,.T.);
#5888 = VERTEX_POINT('',#5889);
#5889 = CARTESIAN_POINT('',(29.,27.,15.));
#5890 = SURFACE_CURVE('',#5891,(#5895,#5901),.PCURVE_S1.);
#5891 = LINE('',#5892,#5893);
#5892 = CARTESIAN_POINT('',(29.,27.,15.));
#5893 = VECTOR('',#5894,1.);
#5894 = DIRECTION('',(0.,0.,1.));
#5895 = PCURVE('',#450,#5896);
#5896 = DEFINITIONAL_REPRESENTATION('',(#5897),#5900);
#5897 = B_SPLINE_CURVE_WITH_KNOTS('',1,(#5898,#5899),.UNSPECIFIED.,.F.,
  .F.,(2,2),(0.,3.),.PIECEWISE_BEZIER_KNOTS.);
#5898 = CARTESIAN_POINT('',(-7.853981633974,-15.));
#5899 = CARTESIAN_POINT('',(-7.853981633974,-18.));
#5900 = ( GEOMETRIC_REPRESENTATION_CONTEXT(2) 
PARAMETRIC_REPRESENTATION_CONTEXT() REPRESENTATION_CONTEXT('2D SPACE',''
  ) );
#5901 = PCURVE('',#5902,#5907);
#5902 = PLANE('',#5903);
#5903 = AXIS2_PLACEMENT_3D('',#5904,#5905,#5906);
#5904 = CARTESIAN_POINT('',(-29.,27.,15.));
#5905 = DIRECTION('',(0.,1.,0.));
#5906 = DIRECTION('',(1.,0.,0.));
#5907 = DEFINITIONAL_REPRESENTATION('',(#5908),#5912);
#5908 = LINE('',#5909,#5910);
#5909 = CARTESIAN_POINT('',(58.,0.));
#5910 = VECTOR('',#5911,1.);
#5911 = DIRECTION('',(0.,-1.));
#5912 = ( GEOMETRIC_REPRESENTATION_CONTEXT(2) 
PARAMETRIC_REPRESENTATION_CONTEXT() REPRESENTATION_CONTEXT('2D SPACE',''
  ) );
#5913 = ORIENTED_EDGE('',*,*,#5914,.T.);
#5914 = EDGE_CURVE('',#5888,#5915,#5917,.T.);
#5915 = VERTEX_POINT('',#5916);
#5916 = CARTESIAN_POINT('',(23.632505239872,22.7,10.055));
#5917 = SURFACE_CURVE('',#5918,(#5923,#5936),.PCURVE_S1.);
#5918 = ELLIPSE('',#5919,8.38186285977,5.5);
#5919 = AXIS2_PLACEMENT_3D('',#5920,#5921,#5922);
#5920 = CARTESIAN_POINT('',(29.,21.5,8.675));
#5921 = DIRECTION('',(0.,-0.754605522164,0.656178714925));
#5922 = DIRECTION('',(0.,-0.656178714925,-0.754605522164));
#5923 = PCURVE('',#450,#5924);
#5924 = DEFINITIONAL_REPRESENTATION('',(#5925),#5935);
#5925 = B_SPLINE_CURVE_WITH_KNOTS('',8,(#5926,#5927,#5928,#5929,#5930,
    #5931,#5932,#5933,#5934),.UNSPECIFIED.,.F.,.F.,(9,9),(3.14159265359,
    4.492437965693),.PIECEWISE_BEZIER_KNOTS.);
#5926 = CARTESIAN_POINT('',(-7.853981633974,-15.00000001055));
#5927 = CARTESIAN_POINT('',(-8.022837297987,-15.00000004227));
#5928 = CARTESIAN_POINT('',(-8.191692961999,-14.79389731061));
#5929 = CARTESIAN_POINT('',(-8.360548626011,-14.38169161542));
#5930 = CARTESIAN_POINT('',(-8.529404290023,-13.7759196642));
#5931 = CARTESIAN_POINT('',(-8.698259954038,-13.00165663594));
#5932 = CARTESIAN_POINT('',(-8.867115618051,-12.09459543368));
#5933 = CARTESIAN_POINT('',(-9.035971282064,-11.0972817047));
#5934 = CARTESIAN_POINT('',(-9.204826946077,-10.05500001055));
#5935 = ( GEOMETRIC_REPRESENTATION_CONTEXT(2) 
PARAMETRIC_REPRESENTATION_CONTEXT() REPRESENTATION_CONTEXT('2D SPACE',''
  ) );
#5936 = PCURVE('',#5937,#5942);
#5937 = PLANE('',#5938);
#5938 = AXIS2_PLACEMENT_3D('',#5939,#5940,#5941);
#5939 = CARTESIAN_POINT('',(0.,22.7,10.055));
#5940 = DIRECTION('',(0.,-0.754605522164,0.656178714925));
#5941 = DIRECTION('',(0.,0.656178714925,0.754605522164));
#5942 = DEFINITIONAL_REPRESENTATION('',(#5943),#5947);
#5943 = ELLIPSE('',#5944,8.38186285977,5.5);
#5944 = AXIS2_PLACEMENT_2D('',#5945,#5946);
#5945 = CARTESIAN_POINT('',(-1.828770078495,-29.));
#5946 = DIRECTION('',(-1.,-0.));
#5947 = ( GEOMETRIC_REPRESENTATION_CONTEXT(2) 
PARAMETRIC_REPRESENTATION_CONTEXT() REPRESENTATION_CONTEXT('2D SPACE',''
  ) );
#5948 = ORIENTED_EDGE('',*,*,#5949,.T.);
#5949 = EDGE_CURVE('',#5915,#430,#5950,.T.);
#5950 = SURFACE_CURVE('',#5951,(#5955,#5961),.PCURVE_S1.);
#5951 = LINE('',#5952,#5953);
#5952 = CARTESIAN_POINT('',(23.632505239872,22.7,0.));
#5953 = VECTOR('',#5954,1.);
#5954 = DIRECTION('',(-0.,-0.,-1.));
#5955 = PCURVE('',#450,#5956);
#5956 = DEFINITIONAL_REPRESENTATION('',(#5957),#5960);
#5957 = B_SPLINE_CURVE_WITH_KNOTS('',1,(#5958,#5959),.UNSPECIFIED.,.F.,
  .F.,(2,2),(-10.055,0.),.PIECEWISE_BEZIER_KNOTS.);
#5958 = CARTESIAN_POINT('',(-9.204826946077,-10.055));
#5959 = CARTESIAN_POINT('',(-9.204826946077,0.));
#5960 = ( GEOMETRIC_REPRESENTATION_CONTEXT(2) 
PARAMETRIC_REPRESENTATION_CONTEXT() REPRESENTATION_CONTEXT('2D SPACE',''
  ) );
#5961 = PCURVE('',#478,#5962);
#5962 = DEFINITIONAL_REPRESENTATION('',(#5963),#5966);
#5963 = B_SPLINE_CURVE_WITH_KNOTS('',1,(#5964,#5965),.UNSPECIFIED.,.F.,
  .F.,(2,2),(-11.0605,6.E-07),.PIECEWISE_BEZIER_KNOTS.);
#5964 = CARTESIAN_POINT('',(11.0605,52.632505239872));
#5965 = CARTESIAN_POINT('',(-6.E-07,52.632505239872));
#5966 = ( GEOMETRIC_REPRESENTATION_CONTEXT(2) 
PARAMETRIC_REPRESENTATION_CONTEXT() REPRESENTATION_CONTEXT('2D SPACE',''
  ) );
#5967 = ADVANCED_FACE('',(#5968),#506,.T.);
#5968 = FACE_BOUND('',#5969,.T.);
#5969 = EDGE_LOOP('',(#5970,#5971,#5994,#6015,#6036,#6057,#6080,#6099));
#5970 = ORIENTED_EDGE('',*,*,#5635,.F.);
#5971 = ORIENTED_EDGE('',*,*,#5972,.T.);
#5972 = EDGE_CURVE('',#5636,#5973,#5975,.T.);
#5973 = VERTEX_POINT('',#5974);
#5974 = CARTESIAN_POINT('',(14.7,33.7,10.055));
#5975 = SURFACE_CURVE('',#5976,(#5980,#5987),.PCURVE_S1.);
#5976 = LINE('',#5977,#5978);
#5977 = CARTESIAN_POINT('',(14.7,43.,10.055));
#5978 = VECTOR('',#5979,1.);
#5979 = DIRECTION('',(0.,-1.,0.));
#5980 = PCURVE('',#506,#5981);
#5981 = DEFINITIONAL_REPRESENTATION('',(#5982),#5986);
#5982 = LINE('',#5983,#5984);
#5983 = CARTESIAN_POINT('',(10.055,-86.));
#5984 = VECTOR('',#5985,1.);
#5985 = DIRECTION('',(0.,1.));
#5986 = ( GEOMETRIC_REPRESENTATION_CONTEXT(2) 
PARAMETRIC_REPRESENTATION_CONTEXT() REPRESENTATION_CONTEXT('2D SPACE',''
  ) );
#5987 = PCURVE('',#5679,#5988);
#5988 = DEFINITIONAL_REPRESENTATION('',(#5989),#5993);
#5989 = LINE('',#5990,#5991);
#5990 = CARTESIAN_POINT('',(0.,43.));
#5991 = VECTOR('',#5992,1.);
#5992 = DIRECTION('',(0.,-1.));
#5993 = ( GEOMETRIC_REPRESENTATION_CONTEXT(2) 
PARAMETRIC_REPRESENTATION_CONTEXT() REPRESENTATION_CONTEXT('2D SPACE',''
  ) );
#5994 = ORIENTED_EDGE('',*,*,#5995,.T.);
#5995 = EDGE_CURVE('',#5973,#5996,#5998,.T.);
#5996 = VERTEX_POINT('',#5997);
#5997 = CARTESIAN_POINT('',(14.7,33.7,3.));
#5998 = SURFACE_CURVE('',#5999,(#6003,#6009),.PCURVE_S1.);
#5999 = LINE('',#6000,#6001);
#6000 = CARTESIAN_POINT('',(14.7,33.7,3.75));
#6001 = VECTOR('',#6002,1.);
#6002 = DIRECTION('',(0.,0.,-1.));
#6003 = PCURVE('',#506,#6004);
#6004 = DEFINITIONAL_REPRESENTATION('',(#6005),#6008);
#6005 = B_SPLINE_CURVE_WITH_KNOTS('',1,(#6006,#6007),.UNSPECIFIED.,.F.,
  .F.,(2,2),(-6.305,0.75),.PIECEWISE_BEZIER_KNOTS.);
#6006 = CARTESIAN_POINT('',(10.055,-76.7));
#6007 = CARTESIAN_POINT('',(3.,-76.7));
#6008 = ( GEOMETRIC_REPRESENTATION_CONTEXT(2) 
PARAMETRIC_REPRESENTATION_CONTEXT() REPRESENTATION_CONTEXT('2D SPACE',''
  ) );
#6009 = PCURVE('',#5394,#6010);
#6010 = DEFINITIONAL_REPRESENTATION('',(#6011),#6014);
#6011 = B_SPLINE_CURVE_WITH_KNOTS('',1,(#6012,#6013),.UNSPECIFIED.,.F.,
  .F.,(2,2),(-6.305,0.75),.PIECEWISE_BEZIER_KNOTS.);
#6012 = CARTESIAN_POINT('',(-2.555,1.2));
#6013 = CARTESIAN_POINT('',(4.5,1.2));
#6014 = ( GEOMETRIC_REPRESENTATION_CONTEXT(2) 
PARAMETRIC_REPRESENTATION_CONTEXT() REPRESENTATION_CONTEXT('2D SPACE',''
  ) );
#6015 = ORIENTED_EDGE('',*,*,#6016,.T.);
#6016 = EDGE_CURVE('',#5996,#6017,#6019,.T.);
#6017 = VERTEX_POINT('',#6018);
#6018 = CARTESIAN_POINT('',(14.7,27.3,3.));
#6019 = SURFACE_CURVE('',#6020,(#6024,#6030),.PCURVE_S1.);
#6020 = LINE('',#6021,#6022);
#6021 = CARTESIAN_POINT('',(14.7,-6.25,3.));
#6022 = VECTOR('',#6023,1.);
#6023 = DIRECTION('',(0.,-1.,0.));
#6024 = PCURVE('',#506,#6025);
#6025 = DEFINITIONAL_REPRESENTATION('',(#6026),#6029);
#6026 = B_SPLINE_CURVE_WITH_KNOTS('',1,(#6027,#6028),.UNSPECIFIED.,.F.,
  .F.,(2,2),(-39.95,-33.55),.PIECEWISE_BEZIER_KNOTS.);
#6027 = CARTESIAN_POINT('',(3.,-76.7));
#6028 = CARTESIAN_POINT('',(3.,-70.3));
#6029 = ( GEOMETRIC_REPRESENTATION_CONTEXT(2) 
PARAMETRIC_REPRESENTATION_CONTEXT() REPRESENTATION_CONTEXT('2D SPACE',''
  ) );
#6030 = PCURVE('',#5420,#6031);
#6031 = DEFINITIONAL_REPRESENTATION('',(#6032),#6035);
#6032 = B_SPLINE_CURVE_WITH_KNOTS('',1,(#6033,#6034),.UNSPECIFIED.,.F.,
  .F.,(2,2),(-39.95,-33.55),.PIECEWISE_BEZIER_KNOTS.);
#6033 = CARTESIAN_POINT('',(3.2,3.2));
#6034 = CARTESIAN_POINT('',(3.2,-3.2));
#6035 = ( GEOMETRIC_REPRESENTATION_CONTEXT(2) 
PARAMETRIC_REPRESENTATION_CONTEXT() REPRESENTATION_CONTEXT('2D SPACE',''
  ) );
#6036 = ORIENTED_EDGE('',*,*,#6037,.F.);
#6037 = EDGE_CURVE('',#6038,#6017,#6040,.T.);
#6038 = VERTEX_POINT('',#6039);
#6039 = CARTESIAN_POINT('',(14.7,27.3,10.055));
#6040 = SURFACE_CURVE('',#6041,(#6045,#6051),.PCURVE_S1.);
#6041 = LINE('',#6042,#6043);
#6042 = CARTESIAN_POINT('',(14.7,27.3,3.75));
#6043 = VECTOR('',#6044,1.);
#6044 = DIRECTION('',(0.,0.,-1.));
#6045 = PCURVE('',#506,#6046);
#6046 = DEFINITIONAL_REPRESENTATION('',(#6047),#6050);
#6047 = B_SPLINE_CURVE_WITH_KNOTS('',1,(#6048,#6049),.UNSPECIFIED.,.F.,
  .F.,(2,2),(-6.305,0.75),.PIECEWISE_BEZIER_KNOTS.);
#6048 = CARTESIAN_POINT('',(10.055,-70.3));
#6049 = CARTESIAN_POINT('',(3.,-70.3));
#6050 = ( GEOMETRIC_REPRESENTATION_CONTEXT(2) 
PARAMETRIC_REPRESENTATION_CONTEXT() REPRESENTATION_CONTEXT('2D SPACE',''
  ) );
#6051 = PCURVE('',#5446,#6052);
#6052 = DEFINITIONAL_REPRESENTATION('',(#6053),#6056);
#6053 = B_SPLINE_CURVE_WITH_KNOTS('',1,(#6054,#6055),.UNSPECIFIED.,.F.,
  .F.,(2,2),(-6.305,0.75),.PIECEWISE_BEZIER_KNOTS.);
#6054 = CARTESIAN_POINT('',(-2.555,1.2));
#6055 = CARTESIAN_POINT('',(4.5,1.2));
#6056 = ( GEOMETRIC_REPRESENTATION_CONTEXT(2) 
PARAMETRIC_REPRESENTATION_CONTEXT() REPRESENTATION_CONTEXT('2D SPACE',''
  ) );
#6057 = ORIENTED_EDGE('',*,*,#6058,.T.);
#6058 = EDGE_CURVE('',#6038,#6059,#6061,.T.);
#6059 = VERTEX_POINT('',#6060);
#6060 = CARTESIAN_POINT('',(14.7,22.7,10.055));
#6061 = SURFACE_CURVE('',#6062,(#6066,#6073),.PCURVE_S1.);
#6062 = LINE('',#6063,#6064);
#6063 = CARTESIAN_POINT('',(14.7,43.,10.055));
#6064 = VECTOR('',#6065,1.);
#6065 = DIRECTION('',(0.,-1.,0.));
#6066 = PCURVE('',#506,#6067);
#6067 = DEFINITIONAL_REPRESENTATION('',(#6068),#6072);
#6068 = LINE('',#6069,#6070);
#6069 = CARTESIAN_POINT('',(10.055,-86.));
#6070 = VECTOR('',#6071,1.);
#6071 = DIRECTION('',(0.,1.));
#6072 = ( GEOMETRIC_REPRESENTATION_CONTEXT(2) 
PARAMETRIC_REPRESENTATION_CONTEXT() REPRESENTATION_CONTEXT('2D SPACE',''
  ) );
#6073 = PCURVE('',#5679,#6074);
#6074 = DEFINITIONAL_REPRESENTATION('',(#6075),#6079);
#6075 = LINE('',#6076,#6077);
#6076 = CARTESIAN_POINT('',(0.,43.));
#6077 = VECTOR('',#6078,1.);
#6078 = DIRECTION('',(0.,-1.));
#6079 = ( GEOMETRIC_REPRESENTATION_CONTEXT(2) 
PARAMETRIC_REPRESENTATION_CONTEXT() REPRESENTATION_CONTEXT('2D SPACE',''
  ) );
#6080 = ORIENTED_EDGE('',*,*,#6081,.F.);
#6081 = EDGE_CURVE('',#463,#6059,#6082,.T.);
#6082 = SURFACE_CURVE('',#6083,(#6087,#6093),.PCURVE_S1.);
#6083 = LINE('',#6084,#6085);
#6084 = CARTESIAN_POINT('',(14.7,22.7,0.));
#6085 = VECTOR('',#6086,1.);
#6086 = DIRECTION('',(0.,0.,1.));
#6087 = PCURVE('',#506,#6088);
#6088 = DEFINITIONAL_REPRESENTATION('',(#6089),#6092);
#6089 = B_SPLINE_CURVE_WITH_KNOTS('',1,(#6090,#6091),.UNSPECIFIED.,.F.,
  .F.,(2,2),(0.,15.),.PIECEWISE_BEZIER_KNOTS.);
#6090 = CARTESIAN_POINT('',(0.,-65.7));
#6091 = CARTESIAN_POINT('',(15.,-65.7));
#6092 = ( GEOMETRIC_REPRESENTATION_CONTEXT(2) 
PARAMETRIC_REPRESENTATION_CONTEXT() REPRESENTATION_CONTEXT('2D SPACE',''
  ) );
#6093 = PCURVE('',#478,#6094);
#6094 = DEFINITIONAL_REPRESENTATION('',(#6095),#6098);
#6095 = B_SPLINE_CURVE_WITH_KNOTS('',1,(#6096,#6097),.UNSPECIFIED.,.F.,
  .F.,(2,2),(0.,15.),.PIECEWISE_BEZIER_KNOTS.);
#6096 = CARTESIAN_POINT('',(0.,43.7));
#6097 = CARTESIAN_POINT('',(15.,43.7));
#6098 = ( GEOMETRIC_REPRESENTATION_CONTEXT(2) 
PARAMETRIC_REPRESENTATION_CONTEXT() REPRESENTATION_CONTEXT('2D SPACE',''
  ) );
#6099 = ORIENTED_EDGE('',*,*,#490,.T.);
#6100 = ADVANCED_FACE('',(#6101),#478,.T.);
#6101 = FACE_BOUND('',#6102,.T.);
#6102 = EDGE_LOOP('',(#6103,#6104,#6105,#6128,#6149,#6175,#6196,#6217));
#6103 = ORIENTED_EDGE('',*,*,#462,.F.);
#6104 = ORIENTED_EDGE('',*,*,#6081,.T.);
#6105 = ORIENTED_EDGE('',*,*,#6106,.T.);
#6106 = EDGE_CURVE('',#6059,#6107,#6109,.T.);
#6107 = VERTEX_POINT('',#6108);
#6108 = CARTESIAN_POINT('',(15.8,22.7,10.055));
#6109 = SURFACE_CURVE('',#6110,(#6114,#6121),.PCURVE_S1.);
#6110 = LINE('',#6111,#6112);
#6111 = CARTESIAN_POINT('',(-29.,22.7,10.055));
#6112 = VECTOR('',#6113,1.);
#6113 = DIRECTION('',(1.,0.,0.));
#6114 = PCURVE('',#478,#6115);
#6115 = DEFINITIONAL_REPRESENTATION('',(#6116),#6120);
#6116 = LINE('',#6117,#6118);
#6117 = CARTESIAN_POINT('',(10.055,0.));
#6118 = VECTOR('',#6119,1.);
#6119 = DIRECTION('',(0.,1.));
#6120 = ( GEOMETRIC_REPRESENTATION_CONTEXT(2) 
PARAMETRIC_REPRESENTATION_CONTEXT() REPRESENTATION_CONTEXT('2D SPACE',''
  ) );
#6121 = PCURVE('',#5937,#6122);
#6122 = DEFINITIONAL_REPRESENTATION('',(#6123),#6127);
#6123 = LINE('',#6124,#6125);
#6124 = CARTESIAN_POINT('',(0.,29.));
#6125 = VECTOR('',#6126,1.);
#6126 = DIRECTION('',(0.,-1.));
#6127 = ( GEOMETRIC_REPRESENTATION_CONTEXT(2) 
PARAMETRIC_REPRESENTATION_CONTEXT() REPRESENTATION_CONTEXT('2D SPACE',''
  ) );
#6128 = ORIENTED_EDGE('',*,*,#6129,.T.);
#6129 = EDGE_CURVE('',#6107,#6130,#6132,.T.);
#6130 = VERTEX_POINT('',#6131);
#6131 = CARTESIAN_POINT('',(15.8,22.7,3.7));
#6132 = SURFACE_CURVE('',#6133,(#6137,#6143),.PCURVE_S1.);
#6133 = LINE('',#6134,#6135);
#6134 = CARTESIAN_POINT('',(15.8,22.7,3.75));
#6135 = VECTOR('',#6136,1.);
#6136 = DIRECTION('',(0.,0.,-1.));
#6137 = PCURVE('',#478,#6138);
#6138 = DEFINITIONAL_REPRESENTATION('',(#6139),#6142);
#6139 = B_SPLINE_CURVE_WITH_KNOTS('',1,(#6140,#6141),.UNSPECIFIED.,.F.,
  .F.,(2,2),(-6.305,0.75),.PIECEWISE_BEZIER_KNOTS.);
#6140 = CARTESIAN_POINT('',(10.055,44.8));
#6141 = CARTESIAN_POINT('',(3.,44.8));
#6142 = ( GEOMETRIC_REPRESENTATION_CONTEXT(2) 
PARAMETRIC_REPRESENTATION_CONTEXT() REPRESENTATION_CONTEXT('2D SPACE',''
  ) );
#6143 = PCURVE('',#5526,#6144);
#6144 = DEFINITIONAL_REPRESENTATION('',(#6145),#6148);
#6145 = B_SPLINE_CURVE_WITH_KNOTS('',1,(#6146,#6147),.UNSPECIFIED.,.F.,
  .F.,(2,2),(-6.305,0.75),.PIECEWISE_BEZIER_KNOTS.);
#6146 = CARTESIAN_POINT('',(2.555,-1.2));
#6147 = CARTESIAN_POINT('',(-4.5,-1.2));
#6148 = ( GEOMETRIC_REPRESENTATION_CONTEXT(2) 
PARAMETRIC_REPRESENTATION_CONTEXT() REPRESENTATION_CONTEXT('2D SPACE',''
  ) );
#6149 = ORIENTED_EDGE('',*,*,#6150,.T.);
#6150 = EDGE_CURVE('',#6130,#6151,#6153,.T.);
#6151 = VERTEX_POINT('',#6152);
#6152 = CARTESIAN_POINT('',(22.2,22.7,3.7));
#6153 = SURFACE_CURVE('',#6154,(#6158,#6164),.PCURVE_S1.);
#6154 = LINE('',#6155,#6156);
#6155 = CARTESIAN_POINT('',(-5.,22.7,3.7));
#6156 = VECTOR('',#6157,1.);
#6157 = DIRECTION('',(1.,0.,-0.));
#6158 = PCURVE('',#478,#6159);
#6159 = DEFINITIONAL_REPRESENTATION('',(#6160),#6163);
#6160 = B_SPLINE_CURVE_WITH_KNOTS('',1,(#6161,#6162),.UNSPECIFIED.,.F.,
  .F.,(2,2),(20.8,27.2),.PIECEWISE_BEZIER_KNOTS.);
#6161 = CARTESIAN_POINT('',(3.7,44.8));
#6162 = CARTESIAN_POINT('',(3.7,51.2));
#6163 = ( GEOMETRIC_REPRESENTATION_CONTEXT(2) 
PARAMETRIC_REPRESENTATION_CONTEXT() REPRESENTATION_CONTEXT('2D SPACE',''
  ) );
#6164 = PCURVE('',#6165,#6170);
#6165 = PLANE('',#6166);
#6166 = AXIS2_PLACEMENT_3D('',#6167,#6168,#6169);
#6167 = CARTESIAN_POINT('',(19.,22.,3.));
#6168 = DIRECTION('',(0.,-0.707106781187,0.707106781187));
#6169 = DIRECTION('',(0.,0.707106781187,0.707106781187));
#6170 = DEFINITIONAL_REPRESENTATION('',(#6171),#6174);
#6171 = B_SPLINE_CURVE_WITH_KNOTS('',1,(#6172,#6173),.UNSPECIFIED.,.F.,
  .F.,(2,2),(20.8,27.2),.PIECEWISE_BEZIER_KNOTS.);
#6172 = CARTESIAN_POINT('',(0.989949493661,3.2));
#6173 = CARTESIAN_POINT('',(0.989949493661,-3.2));
#6174 = ( GEOMETRIC_REPRESENTATION_CONTEXT(2) 
PARAMETRIC_REPRESENTATION_CONTEXT() REPRESENTATION_CONTEXT('2D SPACE',''
  ) );
#6175 = ORIENTED_EDGE('',*,*,#6176,.F.);
#6176 = EDGE_CURVE('',#6177,#6151,#6179,.T.);
#6177 = VERTEX_POINT('',#6178);
#6178 = CARTESIAN_POINT('',(22.2,22.7,10.055));
#6179 = SURFACE_CURVE('',#6180,(#6184,#6190),.PCURVE_S1.);
#6180 = LINE('',#6181,#6182);
#6181 = CARTESIAN_POINT('',(22.2,22.7,3.75));
#6182 = VECTOR('',#6183,1.);
#6183 = DIRECTION('',(0.,0.,-1.));
#6184 = PCURVE('',#478,#6185);
#6185 = DEFINITIONAL_REPRESENTATION('',(#6186),#6189);
#6186 = B_SPLINE_CURVE_WITH_KNOTS('',1,(#6187,#6188),.UNSPECIFIED.,.F.,
  .F.,(2,2),(-6.305,0.75),.PIECEWISE_BEZIER_KNOTS.);
#6187 = CARTESIAN_POINT('',(10.055,51.2));
#6188 = CARTESIAN_POINT('',(3.,51.2));
#6189 = ( GEOMETRIC_REPRESENTATION_CONTEXT(2) 
PARAMETRIC_REPRESENTATION_CONTEXT() REPRESENTATION_CONTEXT('2D SPACE',''
  ) );
#6190 = PCURVE('',#5578,#6191);
#6191 = DEFINITIONAL_REPRESENTATION('',(#6192),#6195);
#6192 = B_SPLINE_CURVE_WITH_KNOTS('',1,(#6193,#6194),.UNSPECIFIED.,.F.,
  .F.,(2,2),(-6.305,0.75),.PIECEWISE_BEZIER_KNOTS.);
#6193 = CARTESIAN_POINT('',(2.555,-1.2));
#6194 = CARTESIAN_POINT('',(-4.5,-1.2));
#6195 = ( GEOMETRIC_REPRESENTATION_CONTEXT(2) 
PARAMETRIC_REPRESENTATION_CONTEXT() REPRESENTATION_CONTEXT('2D SPACE',''
  ) );
#6196 = ORIENTED_EDGE('',*,*,#6197,.T.);
#6197 = EDGE_CURVE('',#6177,#5915,#6198,.T.);
#6198 = SURFACE_CURVE('',#6199,(#6203,#6210),.PCURVE_S1.);
#6199 = LINE('',#6200,#6201);
#6200 = CARTESIAN_POINT('',(-29.,22.7,10.055));
#6201 = VECTOR('',#6202,1.);
#6202 = DIRECTION('',(1.,0.,0.));
#6203 = PCURVE('',#478,#6204);
#6204 = DEFINITIONAL_REPRESENTATION('',(#6205),#6209);
#6205 = LINE('',#6206,#6207);
#6206 = CARTESIAN_POINT('',(10.055,0.));
#6207 = VECTOR('',#6208,1.);
#6208 = DIRECTION('',(0.,1.));
#6209 = ( GEOMETRIC_REPRESENTATION_CONTEXT(2) 
PARAMETRIC_REPRESENTATION_CONTEXT() REPRESENTATION_CONTEXT('2D SPACE',''
  ) );
#6210 = PCURVE('',#5937,#6211);
#6211 = DEFINITIONAL_REPRESENTATION('',(#6212),#6216);
#6212 = LINE('',#6213,#6214);
#6213 = CARTESIAN_POINT('',(0.,29.));
#6214 = VECTOR('',#6215,1.);
#6215 = DIRECTION('',(0.,-1.));
#6216 = ( GEOMETRIC_REPRESENTATION_CONTEXT(2) 
PARAMETRIC_REPRESENTATION_CONTEXT() REPRESENTATION_CONTEXT('2D SPACE',''
  ) );
#6217 = ORIENTED_EDGE('',*,*,#5949,.T.);
#6218 = ADVANCED_FACE('',(#6219),#915,.F.);
#6219 = FACE_BOUND('',#6220,.T.);
#6220 = EDGE_LOOP('',(#6221,#6244,#6245,#6246));
#6221 = ORIENTED_EDGE('',*,*,#6222,.F.);
#6222 = EDGE_CURVE('',#895,#6223,#6225,.T.);
#6223 = VERTEX_POINT('',#6224);
#6224 = CARTESIAN_POINT('',(-11.8,-43.,14.8));
#6225 = SEAM_CURVE('',#6226,(#6230,#6237),.PCURVE_S1.);
#6226 = LINE('',#6227,#6228);
#6227 = CARTESIAN_POINT('',(-11.8,-43.,-0.5));
#6228 = VECTOR('',#6229,1.);
#6229 = DIRECTION('',(0.,0.,1.));
#6230 = PCURVE('',#915,#6231);
#6231 = DEFINITIONAL_REPRESENTATION('',(#6232),#6236);
#6232 = LINE('',#6233,#6234);
#6233 = CARTESIAN_POINT('',(-6.28318530718,0.));
#6234 = VECTOR('',#6235,1.);
#6235 = DIRECTION('',(-0.,-1.));
#6236 = ( GEOMETRIC_REPRESENTATION_CONTEXT(2) 
PARAMETRIC_REPRESENTATION_CONTEXT() REPRESENTATION_CONTEXT('2D SPACE',''
  ) );
#6237 = PCURVE('',#915,#6238);
#6238 = DEFINITIONAL_REPRESENTATION('',(#6239),#6243);
#6239 = LINE('',#6240,#6241);
#6240 = CARTESIAN_POINT('',(-0.,0.));
#6241 = VECTOR('',#6242,1.);
#6242 = DIRECTION('',(-0.,-1.));
#6243 = ( GEOMETRIC_REPRESENTATION_CONTEXT(2) 
PARAMETRIC_REPRESENTATION_CONTEXT() REPRESENTATION_CONTEXT('2D SPACE',''
  ) );
#6244 = ORIENTED_EDGE('',*,*,#894,.T.);
#6245 = ORIENTED_EDGE('',*,*,#6222,.T.);
#6246 = ORIENTED_EDGE('',*,*,#6247,.F.);
#6247 = EDGE_CURVE('',#6223,#6223,#6248,.T.);
#6248 = SURFACE_CURVE('',#6249,(#6254,#6261),.PCURVE_S1.);
#6249 = CIRCLE('',#6250,1.7);
#6250 = AXIS2_PLACEMENT_3D('',#6251,#6252,#6253);
#6251 = CARTESIAN_POINT('',(-13.5,-43.,14.8));
#6252 = DIRECTION('',(0.,0.,-1.));
#6253 = DIRECTION('',(1.,0.,0.));
#6254 = PCURVE('',#915,#6255);
#6255 = DEFINITIONAL_REPRESENTATION('',(#6256),#6260);
#6256 = LINE('',#6257,#6258);
#6257 = CARTESIAN_POINT('',(-6.28318530718,-15.3));
#6258 = VECTOR('',#6259,1.);
#6259 = DIRECTION('',(1.,-0.));
#6260 = ( GEOMETRIC_REPRESENTATION_CONTEXT(2) 
PARAMETRIC_REPRESENTATION_CONTEXT() REPRESENTATION_CONTEXT('2D SPACE',''
  ) );
#6261 = PCURVE('',#6262,#6267);
#6262 = PLANE('',#6263);
#6263 = AXIS2_PLACEMENT_3D('',#6264,#6265,#6266);
#6264 = CARTESIAN_POINT('',(-13.5,-43.,14.8));
#6265 = DIRECTION('',(0.,0.,1.));
#6266 = DIRECTION('',(1.,0.,-0.));
#6267 = DEFINITIONAL_REPRESENTATION('',(#6268),#6276);
#6268 = ( BOUNDED_CURVE() B_SPLINE_CURVE(2,(#6269,#6270,#6271,#6272,
#6273,#6274,#6275),.UNSPECIFIED.,.T.,.F.) B_SPLINE_CURVE_WITH_KNOTS((1,2
    ,2,2,2,1),(-2.094395102393,0.,2.094395102393,4.188790204786,
6.28318530718,8.377580409573),.UNSPECIFIED.) CURVE() 
GEOMETRIC_REPRESENTATION_ITEM() RATIONAL_B_SPLINE_CURVE((1.,0.5,1.,0.5,
1.,0.5,1.)) REPRESENTATION_ITEM('') );
#6269 = CARTESIAN_POINT('',(1.7,0.));
#6270 = CARTESIAN_POINT('',(1.7,-2.944486372867));
#6271 = CARTESIAN_POINT('',(-0.85,-1.472243186434));
#6272 = CARTESIAN_POINT('',(-3.4,-4.163799117101E-16));
#6273 = CARTESIAN_POINT('',(-0.85,1.472243186434));
#6274 = CARTESIAN_POINT('',(1.7,2.944486372867));
#6275 = CARTESIAN_POINT('',(1.7,0.));
#6276 = ( GEOMETRIC_REPRESENTATION_CONTEXT(2) 
PARAMETRIC_REPRESENTATION_CONTEXT() REPRESENTATION_CONTEXT('2D SPACE',''
  ) );
#6277 = ADVANCED_FACE('',(#6278),#950,.F.);
#6278 = FACE_BOUND('',#6279,.T.);
#6279 = EDGE_LOOP('',(#6280,#6303,#6304,#6305));
#6280 = ORIENTED_EDGE('',*,*,#6281,.F.);
#6281 = EDGE_CURVE('',#930,#6282,#6284,.T.);
#6282 = VERTEX_POINT('',#6283);
#6283 = CARTESIAN_POINT('',(-27.8,-21.5,15.8));
#6284 = SEAM_CURVE('',#6285,(#6289,#6296),.PCURVE_S1.);
#6285 = LINE('',#6286,#6287);
#6286 = CARTESIAN_POINT('',(-27.8,-21.5,-0.5));
#6287 = VECTOR('',#6288,1.);
#6288 = DIRECTION('',(0.,0.,1.));
#6289 = PCURVE('',#950,#6290);
#6290 = DEFINITIONAL_REPRESENTATION('',(#6291),#6295);
#6291 = LINE('',#6292,#6293);
#6292 = CARTESIAN_POINT('',(-6.28318530718,0.));
#6293 = VECTOR('',#6294,1.);
#6294 = DIRECTION('',(-0.,-1.));
#6295 = ( GEOMETRIC_REPRESENTATION_CONTEXT(2) 
PARAMETRIC_REPRESENTATION_CONTEXT() REPRESENTATION_CONTEXT('2D SPACE',''
  ) );
#6296 = PCURVE('',#950,#6297);
#6297 = DEFINITIONAL_REPRESENTATION('',(#6298),#6302);
#6298 = LINE('',#6299,#6300);
#6299 = CARTESIAN_POINT('',(-0.,0.));
#6300 = VECTOR('',#6301,1.);
#6301 = DIRECTION('',(-0.,-1.));
#6302 = ( GEOMETRIC_REPRESENTATION_CONTEXT(2) 
PARAMETRIC_REPRESENTATION_CONTEXT() REPRESENTATION_CONTEXT('2D SPACE',''
  ) );
#6303 = ORIENTED_EDGE('',*,*,#929,.T.);
#6304 = ORIENTED_EDGE('',*,*,#6281,.T.);
#6305 = ORIENTED_EDGE('',*,*,#6306,.F.);
#6306 = EDGE_CURVE('',#6282,#6282,#6307,.T.);
#6307 = SURFACE_CURVE('',#6308,(#6313,#6320),.PCURVE_S1.);
#6308 = CIRCLE('',#6309,1.2);
#6309 = AXIS2_PLACEMENT_3D('',#6310,#6311,#6312);
#6310 = CARTESIAN_POINT('',(-29.,-21.5,15.8));
#6311 = DIRECTION('',(0.,0.,-1.));
#6312 = DIRECTION('',(1.,0.,0.));
#6313 = PCURVE('',#950,#6314);
#6314 = DEFINITIONAL_REPRESENTATION('',(#6315),#6319);
#6315 = LINE('',#6316,#6317);
#6316 = CARTESIAN_POINT('',(-6.28318530718,-16.3));
#6317 = VECTOR('',#6318,1.);
#6318 = DIRECTION('',(1.,-0.));
#6319 = ( GEOMETRIC_REPRESENTATION_CONTEXT(2) 
PARAMETRIC_REPRESENTATION_CONTEXT() REPRESENTATION_CONTEXT('2D SPACE',''
  ) );
#6320 = PCURVE('',#6321,#6326);
#6321 = PLANE('',#6322);
#6322 = AXIS2_PLACEMENT_3D('',#6323,#6324,#6325);
#6323 = CARTESIAN_POINT('',(-29.,-21.5,15.8));
#6324 = DIRECTION('',(0.,0.,1.));
#6325 = DIRECTION('',(1.,0.,-0.));
#6326 = DEFINITIONAL_REPRESENTATION('',(#6327),#6335);
#6327 = ( BOUNDED_CURVE() B_SPLINE_CURVE(2,(#6328,#6329,#6330,#6331,
#6332,#6333,#6334),.UNSPECIFIED.,.T.,.F.) B_SPLINE_CURVE_WITH_KNOTS((1,2
    ,2,2,2,1),(-2.094395102393,0.,2.094395102393,4.188790204786,
6.28318530718,8.377580409573),.UNSPECIFIED.) CURVE() 
GEOMETRIC_REPRESENTATION_ITEM() RATIONAL_B_SPLINE_CURVE((1.,0.5,1.,0.5,
1.,0.5,1.)) REPRESENTATION_ITEM('') );
#6328 = CARTESIAN_POINT('',(1.2,0.));
#6329 = CARTESIAN_POINT('',(1.2,-2.078460969083));
#6330 = CARTESIAN_POINT('',(-0.6,-1.039230484541));
#6331 = CARTESIAN_POINT('',(-2.4,-2.939152317954E-16));
#6332 = CARTESIAN_POINT('',(-0.6,1.039230484541));
#6333 = CARTESIAN_POINT('',(1.2,2.078460969083));
#6334 = CARTESIAN_POINT('',(1.2,0.));
#6335 = ( GEOMETRIC_REPRESENTATION_CONTEXT(2) 
PARAMETRIC_REPRESENTATION_CONTEXT() REPRESENTATION_CONTEXT('2D SPACE',''
  ) );
#6336 = ADVANCED_FACE('',(#6337),#985,.F.);
#6337 = FACE_BOUND('',#6338,.T.);
#6338 = EDGE_LOOP('',(#6339,#6362,#6363,#6364));
#6339 = ORIENTED_EDGE('',*,*,#6340,.F.);
#6340 = EDGE_CURVE('',#965,#6341,#6343,.T.);
#6341 = VERTEX_POINT('',#6342);
#6342 = CARTESIAN_POINT('',(15.2,-43.,14.8));
#6343 = SEAM_CURVE('',#6344,(#6348,#6355),.PCURVE_S1.);
#6344 = LINE('',#6345,#6346);
#6345 = CARTESIAN_POINT('',(15.2,-43.,-0.5));
#6346 = VECTOR('',#6347,1.);
#6347 = DIRECTION('',(0.,0.,1.));
#6348 = PCURVE('',#985,#6349);
#6349 = DEFINITIONAL_REPRESENTATION('',(#6350),#6354);
#6350 = LINE('',#6351,#6352);
#6351 = CARTESIAN_POINT('',(-6.28318530718,0.));
#6352 = VECTOR('',#6353,1.);
#6353 = DIRECTION('',(-0.,-1.));
#6354 = ( GEOMETRIC_REPRESENTATION_CONTEXT(2) 
PARAMETRIC_REPRESENTATION_CONTEXT() REPRESENTATION_CONTEXT('2D SPACE',''
  ) );
#6355 = PCURVE('',#985,#6356);
#6356 = DEFINITIONAL_REPRESENTATION('',(#6357),#6361);
#6357 = LINE('',#6358,#6359);
#6358 = CARTESIAN_POINT('',(-0.,0.));
#6359 = VECTOR('',#6360,1.);
#6360 = DIRECTION('',(-0.,-1.));
#6361 = ( GEOMETRIC_REPRESENTATION_CONTEXT(2) 
PARAMETRIC_REPRESENTATION_CONTEXT() REPRESENTATION_CONTEXT('2D SPACE',''
  ) );
#6362 = ORIENTED_EDGE('',*,*,#964,.T.);
#6363 = ORIENTED_EDGE('',*,*,#6340,.T.);
#6364 = ORIENTED_EDGE('',*,*,#6365,.F.);
#6365 = EDGE_CURVE('',#6341,#6341,#6366,.T.);
#6366 = SURFACE_CURVE('',#6367,(#6372,#6379),.PCURVE_S1.);
#6367 = CIRCLE('',#6368,1.7);
#6368 = AXIS2_PLACEMENT_3D('',#6369,#6370,#6371);
#6369 = CARTESIAN_POINT('',(13.5,-43.,14.8));
#6370 = DIRECTION('',(0.,0.,-1.));
#6371 = DIRECTION('',(1.,0.,0.));
#6372 = PCURVE('',#985,#6373);
#6373 = DEFINITIONAL_REPRESENTATION('',(#6374),#6378);
#6374 = LINE('',#6375,#6376);
#6375 = CARTESIAN_POINT('',(-6.28318530718,-15.3));
#6376 = VECTOR('',#6377,1.);
#6377 = DIRECTION('',(1.,-0.));
#6378 = ( GEOMETRIC_REPRESENTATION_CONTEXT(2) 
PARAMETRIC_REPRESENTATION_CONTEXT() REPRESENTATION_CONTEXT('2D SPACE',''
  ) );
#6379 = PCURVE('',#6380,#6385);
#6380 = PLANE('',#6381);
#6381 = AXIS2_PLACEMENT_3D('',#6382,#6383,#6384);
#6382 = CARTESIAN_POINT('',(13.5,-43.,14.8));
#6383 = DIRECTION('',(0.,0.,1.));
#6384 = DIRECTION('',(1.,0.,-0.));
#6385 = DEFINITIONAL_REPRESENTATION('',(#6386),#6394);
#6386 = ( BOUNDED_CURVE() B_SPLINE_CURVE(2,(#6387,#6388,#6389,#6390,
#6391,#6392,#6393),.UNSPECIFIED.,.T.,.F.) B_SPLINE_CURVE_WITH_KNOTS((1,2
    ,2,2,2,1),(-2.094395102393,0.,2.094395102393,4.188790204786,
6.28318530718,8.377580409573),.UNSPECIFIED.) CURVE() 
GEOMETRIC_REPRESENTATION_ITEM() RATIONAL_B_SPLINE_CURVE((1.,0.5,1.,0.5,
1.,0.5,1.)) REPRESENTATION_ITEM('') );
#6387 = CARTESIAN_POINT('',(1.7,0.));
#6388 = CARTESIAN_POINT('',(1.7,-2.944486372867));
#6389 = CARTESIAN_POINT('',(-0.85,-1.472243186434));
#6390 = CARTESIAN_POINT('',(-3.4,-4.163799117101E-16));
#6391 = CARTESIAN_POINT('',(-0.85,1.472243186434));
#6392 = CARTESIAN_POINT('',(1.7,2.944486372867));
#6393 = CARTESIAN_POINT('',(1.7,0.));
#6394 = ( GEOMETRIC_REPRESENTATION_CONTEXT(2) 
PARAMETRIC_REPRESENTATION_CONTEXT() REPRESENTATION_CONTEXT('2D SPACE',''
  ) );
#6395 = ADVANCED_FACE('',(#6396),#1020,.F.);
#6396 = FACE_BOUND('',#6397,.T.);
#6397 = EDGE_LOOP('',(#6398,#6421,#6422,#6423));
#6398 = ORIENTED_EDGE('',*,*,#6399,.F.);
#6399 = EDGE_CURVE('',#1000,#6400,#6402,.T.);
#6400 = VERTEX_POINT('',#6401);
#6401 = CARTESIAN_POINT('',(30.2,-21.5,15.8));
#6402 = SEAM_CURVE('',#6403,(#6407,#6414),.PCURVE_S1.);
#6403 = LINE('',#6404,#6405);
#6404 = CARTESIAN_POINT('',(30.2,-21.5,-0.5));
#6405 = VECTOR('',#6406,1.);
#6406 = DIRECTION('',(0.,0.,1.));
#6407 = PCURVE('',#1020,#6408);
#6408 = DEFINITIONAL_REPRESENTATION('',(#6409),#6413);
#6409 = LINE('',#6410,#6411);
#6410 = CARTESIAN_POINT('',(-6.28318530718,0.));
#6411 = VECTOR('',#6412,1.);
#6412 = DIRECTION('',(-0.,-1.));
#6413 = ( GEOMETRIC_REPRESENTATION_CONTEXT(2) 
PARAMETRIC_REPRESENTATION_CONTEXT() REPRESENTATION_CONTEXT('2D SPACE',''
  ) );
#6414 = PCURVE('',#1020,#6415);
#6415 = DEFINITIONAL_REPRESENTATION('',(#6416),#6420);
#6416 = LINE('',#6417,#6418);
#6417 = CARTESIAN_POINT('',(-0.,0.));
#6418 = VECTOR('',#6419,1.);
#6419 = DIRECTION('',(-0.,-1.));
#6420 = ( GEOMETRIC_REPRESENTATION_CONTEXT(2) 
PARAMETRIC_REPRESENTATION_CONTEXT() REPRESENTATION_CONTEXT('2D SPACE',''
  ) );
#6421 = ORIENTED_EDGE('',*,*,#999,.T.);
#6422 = ORIENTED_EDGE('',*,*,#6399,.T.);
#6423 = ORIENTED_EDGE('',*,*,#6424,.F.);
#6424 = EDGE_CURVE('',#6400,#6400,#6425,.T.);
#6425 = SURFACE_CURVE('',#6426,(#6431,#6438),.PCURVE_S1.);
#6426 = CIRCLE('',#6427,1.2);
#6427 = AXIS2_PLACEMENT_3D('',#6428,#6429,#6430);
#6428 = CARTESIAN_POINT('',(29.,-21.5,15.8));
#6429 = DIRECTION('',(0.,0.,-1.));
#6430 = DIRECTION('',(1.,0.,0.));
#6431 = PCURVE('',#1020,#6432);
#6432 = DEFINITIONAL_REPRESENTATION('',(#6433),#6437);
#6433 = LINE('',#6434,#6435);
#6434 = CARTESIAN_POINT('',(-6.28318530718,-16.3));
#6435 = VECTOR('',#6436,1.);
#6436 = DIRECTION('',(1.,-0.));
#6437 = ( GEOMETRIC_REPRESENTATION_CONTEXT(2) 
PARAMETRIC_REPRESENTATION_CONTEXT() REPRESENTATION_CONTEXT('2D SPACE',''
  ) );
#6438 = PCURVE('',#6439,#6444);
#6439 = PLANE('',#6440);
#6440 = AXIS2_PLACEMENT_3D('',#6441,#6442,#6443);
#6441 = CARTESIAN_POINT('',(29.,-21.5,15.8));
#6442 = DIRECTION('',(0.,0.,1.));
#6443 = DIRECTION('',(1.,0.,-0.));
#6444 = DEFINITIONAL_REPRESENTATION('',(#6445),#6453);
#6445 = ( BOUNDED_CURVE() B_SPLINE_CURVE(2,(#6446,#6447,#6448,#6449,
#6450,#6451,#6452),.UNSPECIFIED.,.T.,.F.) B_SPLINE_CURVE_WITH_KNOTS((1,2
    ,2,2,2,1),(-2.094395102393,0.,2.094395102393,4.188790204786,
6.28318530718,8.377580409573),.UNSPECIFIED.) CURVE() 
GEOMETRIC_REPRESENTATION_ITEM() RATIONAL_B_SPLINE_CURVE((1.,0.5,1.,0.5,
1.,0.5,1.)) REPRESENTATION_ITEM('') );
#6446 = CARTESIAN_POINT('',(1.2,0.));
#6447 = CARTESIAN_POINT('',(1.2,-2.078460969083));
#6448 = CARTESIAN_POINT('',(-0.6,-1.039230484541));
#6449 = CARTESIAN_POINT('',(-2.4,-2.939152317954E-16));
#6450 = CARTESIAN_POINT('',(-0.6,1.039230484541));
#6451 = CARTESIAN_POINT('',(1.2,2.078460969083));
#6452 = CARTESIAN_POINT('',(1.2,0.));
#6453 = ( GEOMETRIC_REPRESENTATION_CONTEXT(2) 
PARAMETRIC_REPRESENTATION_CONTEXT() REPRESENTATION_CONTEXT('2D SPACE',''
  ) );
#6454 = ADVANCED_FACE('',(#6455),#1055,.F.);
#6455 = FACE_BOUND('',#6456,.T.);
#6456 = EDGE_LOOP('',(#6457,#6480,#6481,#6482));
#6457 = ORIENTED_EDGE('',*,*,#6458,.F.);
#6458 = EDGE_CURVE('',#1035,#6459,#6461,.T.);
#6459 = VERTEX_POINT('',#6460);
#6460 = CARTESIAN_POINT('',(-27.8,21.5,15.8));
#6461 = SEAM_CURVE('',#6462,(#6466,#6473),.PCURVE_S1.);
#6462 = LINE('',#6463,#6464);
#6463 = CARTESIAN_POINT('',(-27.8,21.5,-0.5));
#6464 = VECTOR('',#6465,1.);
#6465 = DIRECTION('',(0.,0.,1.));
#6466 = PCURVE('',#1055,#6467);
#6467 = DEFINITIONAL_REPRESENTATION('',(#6468),#6472);
#6468 = LINE('',#6469,#6470);
#6469 = CARTESIAN_POINT('',(-6.28318530718,0.));
#6470 = VECTOR('',#6471,1.);
#6471 = DIRECTION('',(-0.,-1.));
#6472 = ( GEOMETRIC_REPRESENTATION_CONTEXT(2) 
PARAMETRIC_REPRESENTATION_CONTEXT() REPRESENTATION_CONTEXT('2D SPACE',''
  ) );
#6473 = PCURVE('',#1055,#6474);
#6474 = DEFINITIONAL_REPRESENTATION('',(#6475),#6479);
#6475 = LINE('',#6476,#6477);
#6476 = CARTESIAN_POINT('',(-0.,0.));
#6477 = VECTOR('',#6478,1.);
#6478 = DIRECTION('',(-0.,-1.));
#6479 = ( GEOMETRIC_REPRESENTATION_CONTEXT(2) 
PARAMETRIC_REPRESENTATION_CONTEXT() REPRESENTATION_CONTEXT('2D SPACE',''
  ) );
#6480 = ORIENTED_EDGE('',*,*,#1034,.T.);
#6481 = ORIENTED_EDGE('',*,*,#6458,.T.);
#6482 = ORIENTED_EDGE('',*,*,#6483,.F.);
#6483 = EDGE_CURVE('',#6459,#6459,#6484,.T.);
#6484 = SURFACE_CURVE('',#6485,(#6490,#6497),.PCURVE_S1.);
#6485 = CIRCLE('',#6486,1.2);
#6486 = AXIS2_PLACEMENT_3D('',#6487,#6488,#6489);
#6487 = CARTESIAN_POINT('',(-29.,21.5,15.8));
#6488 = DIRECTION('',(0.,0.,-1.));
#6489 = DIRECTION('',(1.,0.,0.));
#6490 = PCURVE('',#1055,#6491);
#6491 = DEFINITIONAL_REPRESENTATION('',(#6492),#6496);
#6492 = LINE('',#6493,#6494);
#6493 = CARTESIAN_POINT('',(-6.28318530718,-16.3));
#6494 = VECTOR('',#6495,1.);
#6495 = DIRECTION('',(1.,-0.));
#6496 = ( GEOMETRIC_REPRESENTATION_CONTEXT(2) 
PARAMETRIC_REPRESENTATION_CONTEXT() REPRESENTATION_CONTEXT('2D SPACE',''
  ) );
#6497 = PCURVE('',#6498,#6503);
#6498 = PLANE('',#6499);
#6499 = AXIS2_PLACEMENT_3D('',#6500,#6501,#6502);
#6500 = CARTESIAN_POINT('',(-29.,21.5,15.8));
#6501 = DIRECTION('',(0.,0.,1.));
#6502 = DIRECTION('',(1.,0.,-0.));
#6503 = DEFINITIONAL_REPRESENTATION('',(#6504),#6512);
#6504 = ( BOUNDED_CURVE() B_SPLINE_CURVE(2,(#6505,#6506,#6507,#6508,
#6509,#6510,#6511),.UNSPECIFIED.,.T.,.F.) B_SPLINE_CURVE_WITH_KNOTS((1,2
    ,2,2,2,1),(-2.094395102393,0.,2.094395102393,4.188790204786,
6.28318530718,8.377580409573),.UNSPECIFIED.) CURVE() 
GEOMETRIC_REPRESENTATION_ITEM() RATIONAL_B_SPLINE_CURVE((1.,0.5,1.,0.5,
1.,0.5,1.)) REPRESENTATION_ITEM('') );
#6505 = CARTESIAN_POINT('',(1.2,0.));
#6506 = CARTESIAN_POINT('',(1.2,-2.078460969083));
#6507 = CARTESIAN_POINT('',(-0.6,-1.039230484541));
#6508 = CARTESIAN_POINT('',(-2.4,-2.939152317954E-16));
#6509 = CARTESIAN_POINT('',(-0.6,1.039230484541));
#6510 = CARTESIAN_POINT('',(1.2,2.078460969083));
#6511 = CARTESIAN_POINT('',(1.2,0.));
#6512 = ( GEOMETRIC_REPRESENTATION_CONTEXT(2) 
PARAMETRIC_REPRESENTATION_CONTEXT() REPRESENTATION_CONTEXT('2D SPACE',''
  ) );
#6513 = ADVANCED_FACE('',(#6514),#1087,.F.);
#6514 = FACE_BOUND('',#6515,.F.);
#6515 = EDGE_LOOP('',(#6516,#6546,#6565,#6566,#6587,#6610,#6631,#6652,
    #6673,#6696,#6717,#6738,#6759,#6782,#6803,#6824));
#6516 = ORIENTED_EDGE('',*,*,#6517,.F.);
#6517 = EDGE_CURVE('',#6518,#6520,#6522,.T.);
#6518 = VERTEX_POINT('',#6519);
#6519 = CARTESIAN_POINT('',(12.3,-20.3,10.055));
#6520 = VERTEX_POINT('',#6521);
#6521 = CARTESIAN_POINT('',(12.3,-17.2,10.055));
#6522 = SURFACE_CURVE('',#6523,(#6527,#6534),.PCURVE_S1.);
#6523 = LINE('',#6524,#6525);
#6524 = CARTESIAN_POINT('',(12.3,-43.,10.055));
#6525 = VECTOR('',#6526,1.);
#6526 = DIRECTION('',(0.,1.,0.));
#6527 = PCURVE('',#1087,#6528);
#6528 = DEFINITIONAL_REPRESENTATION('',(#6529),#6533);
#6529 = LINE('',#6530,#6531);
#6530 = CARTESIAN_POINT('',(10.055,0.));
#6531 = VECTOR('',#6532,1.);
#6532 = DIRECTION('',(0.,-1.));
#6533 = ( GEOMETRIC_REPRESENTATION_CONTEXT(2) 
PARAMETRIC_REPRESENTATION_CONTEXT() REPRESENTATION_CONTEXT('2D SPACE',''
  ) );
#6534 = PCURVE('',#6535,#6540);
#6535 = PLANE('',#6536);
#6536 = AXIS2_PLACEMENT_3D('',#6537,#6538,#6539);
#6537 = CARTESIAN_POINT('',(8.,0.,15.));
#6538 = DIRECTION('',(0.754605522164,0.,0.656178714925));
#6539 = DIRECTION('',(0.656178714925,0.,-0.754605522164));
#6540 = DEFINITIONAL_REPRESENTATION('',(#6541),#6545);
#6541 = LINE('',#6542,#6543);
#6542 = CARTESIAN_POINT('',(6.553092781275,-43.));
#6543 = VECTOR('',#6544,1.);
#6544 = DIRECTION('',(0.,1.));
#6545 = ( GEOMETRIC_REPRESENTATION_CONTEXT(2) 
PARAMETRIC_REPRESENTATION_CONTEXT() REPRESENTATION_CONTEXT('2D SPACE',''
  ) );
#6546 = ORIENTED_EDGE('',*,*,#6547,.F.);
#6547 = EDGE_CURVE('',#1070,#6518,#6548,.T.);
#6548 = SURFACE_CURVE('',#6549,(#6553,#6559),.PCURVE_S1.);
#6549 = LINE('',#6550,#6551);
#6550 = CARTESIAN_POINT('',(12.3,-20.3,0.));
#6551 = VECTOR('',#6552,1.);
#6552 = DIRECTION('',(0.,0.,1.));
#6553 = PCURVE('',#1087,#6554);
#6554 = DEFINITIONAL_REPRESENTATION('',(#6555),#6558);
#6555 = B_SPLINE_CURVE_WITH_KNOTS('',1,(#6556,#6557),.UNSPECIFIED.,.F.,
  .F.,(2,2),(0.,15.),.PIECEWISE_BEZIER_KNOTS.);
#6556 = CARTESIAN_POINT('',(0.,-22.7));
#6557 = CARTESIAN_POINT('',(15.,-22.7));
#6558 = ( GEOMETRIC_REPRESENTATION_CONTEXT(2) 
PARAMETRIC_REPRESENTATION_CONTEXT() REPRESENTATION_CONTEXT('2D SPACE',''
  ) );
#6559 = PCURVE('',#1115,#6560);
#6560 = DEFINITIONAL_REPRESENTATION('',(#6561),#6564);
#6561 = B_SPLINE_CURVE_WITH_KNOTS('',1,(#6562,#6563),.UNSPECIFIED.,.F.,
  .F.,(2,2),(0.,15.),.PIECEWISE_BEZIER_KNOTS.);
#6562 = CARTESIAN_POINT('',(0.,41.3));
#6563 = CARTESIAN_POINT('',(15.,41.3));
#6564 = ( GEOMETRIC_REPRESENTATION_CONTEXT(2) 
PARAMETRIC_REPRESENTATION_CONTEXT() REPRESENTATION_CONTEXT('2D SPACE',''
  ) );
#6565 = ORIENTED_EDGE('',*,*,#1069,.T.);
#6566 = ORIENTED_EDGE('',*,*,#6567,.T.);
#6567 = EDGE_CURVE('',#1072,#6568,#6570,.T.);
#6568 = VERTEX_POINT('',#6569);
#6569 = CARTESIAN_POINT('',(12.3,20.3,10.055));
#6570 = SURFACE_CURVE('',#6571,(#6575,#6581),.PCURVE_S1.);
#6571 = LINE('',#6572,#6573);
#6572 = CARTESIAN_POINT('',(12.3,20.3,0.));
#6573 = VECTOR('',#6574,1.);
#6574 = DIRECTION('',(0.,0.,1.));
#6575 = PCURVE('',#1087,#6576);
#6576 = DEFINITIONAL_REPRESENTATION('',(#6577),#6580);
#6577 = B_SPLINE_CURVE_WITH_KNOTS('',1,(#6578,#6579),.UNSPECIFIED.,.F.,
  .F.,(2,2),(0.,15.),.PIECEWISE_BEZIER_KNOTS.);
#6578 = CARTESIAN_POINT('',(0.,-63.3));
#6579 = CARTESIAN_POINT('',(15.,-63.3));
#6580 = ( GEOMETRIC_REPRESENTATION_CONTEXT(2) 
PARAMETRIC_REPRESENTATION_CONTEXT() REPRESENTATION_CONTEXT('2D SPACE',''
  ) );
#6581 = PCURVE('',#1169,#6582);
#6582 = DEFINITIONAL_REPRESENTATION('',(#6583),#6586);
#6583 = B_SPLINE_CURVE_WITH_KNOTS('',1,(#6584,#6585),.UNSPECIFIED.,.F.,
  .F.,(2,2),(0.,15.),.PIECEWISE_BEZIER_KNOTS.);
#6584 = CARTESIAN_POINT('',(0.,41.3));
#6585 = CARTESIAN_POINT('',(15.,41.3));
#6586 = ( GEOMETRIC_REPRESENTATION_CONTEXT(2) 
PARAMETRIC_REPRESENTATION_CONTEXT() REPRESENTATION_CONTEXT('2D SPACE',''
  ) );
#6587 = ORIENTED_EDGE('',*,*,#6588,.F.);
#6588 = EDGE_CURVE('',#6589,#6568,#6591,.T.);
#6589 = VERTEX_POINT('',#6590);
#6590 = CARTESIAN_POINT('',(12.3,17.2,10.055));
#6591 = SURFACE_CURVE('',#6592,(#6596,#6603),.PCURVE_S1.);
#6592 = LINE('',#6593,#6594);
#6593 = CARTESIAN_POINT('',(12.3,-43.,10.055));
#6594 = VECTOR('',#6595,1.);
#6595 = DIRECTION('',(0.,1.,0.));
#6596 = PCURVE('',#1087,#6597);
#6597 = DEFINITIONAL_REPRESENTATION('',(#6598),#6602);
#6598 = LINE('',#6599,#6600);
#6599 = CARTESIAN_POINT('',(10.055,0.));
#6600 = VECTOR('',#6601,1.);
#6601 = DIRECTION('',(0.,-1.));
#6602 = ( GEOMETRIC_REPRESENTATION_CONTEXT(2) 
PARAMETRIC_REPRESENTATION_CONTEXT() REPRESENTATION_CONTEXT('2D SPACE',''
  ) );
#6603 = PCURVE('',#6535,#6604);
#6604 = DEFINITIONAL_REPRESENTATION('',(#6605),#6609);
#6605 = LINE('',#6606,#6607);
#6606 = CARTESIAN_POINT('',(6.553092781275,-43.));
#6607 = VECTOR('',#6608,1.);
#6608 = DIRECTION('',(0.,1.));
#6609 = ( GEOMETRIC_REPRESENTATION_CONTEXT(2) 
PARAMETRIC_REPRESENTATION_CONTEXT() REPRESENTATION_CONTEXT('2D SPACE',''
  ) );
#6610 = ORIENTED_EDGE('',*,*,#6611,.T.);
#6611 = EDGE_CURVE('',#6589,#6612,#6614,.T.);
#6612 = VERTEX_POINT('',#6613);
#6613 = CARTESIAN_POINT('',(12.3,17.2,3.));
#6614 = SURFACE_CURVE('',#6615,(#6619,#6625),.PCURVE_S1.);
#6615 = LINE('',#6616,#6617);
#6616 = CARTESIAN_POINT('',(12.3,17.2,3.75));
#6617 = VECTOR('',#6618,1.);
#6618 = DIRECTION('',(0.,0.,-1.));
#6619 = PCURVE('',#1087,#6620);
#6620 = DEFINITIONAL_REPRESENTATION('',(#6621),#6624);
#6621 = B_SPLINE_CURVE_WITH_KNOTS('',1,(#6622,#6623),.UNSPECIFIED.,.F.,
  .F.,(2,2),(-6.305,0.75),.PIECEWISE_BEZIER_KNOTS.);
#6622 = CARTESIAN_POINT('',(10.055,-60.2));
#6623 = CARTESIAN_POINT('',(3.,-60.2));
#6624 = ( GEOMETRIC_REPRESENTATION_CONTEXT(2) 
PARAMETRIC_REPRESENTATION_CONTEXT() REPRESENTATION_CONTEXT('2D SPACE',''
  ) );
#6625 = PCURVE('',#4987,#6626);
#6626 = DEFINITIONAL_REPRESENTATION('',(#6627),#6630);
#6627 = B_SPLINE_CURVE_WITH_KNOTS('',1,(#6628,#6629),.UNSPECIFIED.,.F.,
  .F.,(2,2),(-6.305,0.75),.PIECEWISE_BEZIER_KNOTS.);
#6628 = CARTESIAN_POINT('',(-2.555,-1.2));
#6629 = CARTESIAN_POINT('',(4.5,-1.2));
#6630 = ( GEOMETRIC_REPRESENTATION_CONTEXT(2) 
PARAMETRIC_REPRESENTATION_CONTEXT() REPRESENTATION_CONTEXT('2D SPACE',''
  ) );
#6631 = ORIENTED_EDGE('',*,*,#6632,.T.);
#6632 = EDGE_CURVE('',#6612,#6633,#6635,.T.);
#6633 = VERTEX_POINT('',#6634);
#6634 = CARTESIAN_POINT('',(12.3,10.8,3.));
#6635 = SURFACE_CURVE('',#6636,(#6640,#6646),.PCURVE_S1.);
#6636 = LINE('',#6637,#6638);
#6637 = CARTESIAN_POINT('',(12.3,-14.5,3.));
#6638 = VECTOR('',#6639,1.);
#6639 = DIRECTION('',(0.,-1.,0.));
#6640 = PCURVE('',#1087,#6641);
#6641 = DEFINITIONAL_REPRESENTATION('',(#6642),#6645);
#6642 = B_SPLINE_CURVE_WITH_KNOTS('',1,(#6643,#6644),.UNSPECIFIED.,.F.,
  .F.,(2,2),(-31.7,-25.3),.PIECEWISE_BEZIER_KNOTS.);
#6643 = CARTESIAN_POINT('',(3.,-60.2));
#6644 = CARTESIAN_POINT('',(3.,-53.8));
#6645 = ( GEOMETRIC_REPRESENTATION_CONTEXT(2) 
PARAMETRIC_REPRESENTATION_CONTEXT() REPRESENTATION_CONTEXT('2D SPACE',''
  ) );
#6646 = PCURVE('',#5013,#6647);
#6647 = DEFINITIONAL_REPRESENTATION('',(#6648),#6651);
#6648 = B_SPLINE_CURVE_WITH_KNOTS('',1,(#6649,#6650),.UNSPECIFIED.,.F.,
  .F.,(2,2),(-31.7,-25.3),.PIECEWISE_BEZIER_KNOTS.);
#6649 = CARTESIAN_POINT('',(0.8,3.2));
#6650 = CARTESIAN_POINT('',(0.8,-3.2));
#6651 = ( GEOMETRIC_REPRESENTATION_CONTEXT(2) 
PARAMETRIC_REPRESENTATION_CONTEXT() REPRESENTATION_CONTEXT('2D SPACE',''
  ) );
#6652 = ORIENTED_EDGE('',*,*,#6653,.F.);
#6653 = EDGE_CURVE('',#6654,#6633,#6656,.T.);
#6654 = VERTEX_POINT('',#6655);
#6655 = CARTESIAN_POINT('',(12.3,10.8,10.055));
#6656 = SURFACE_CURVE('',#6657,(#6661,#6667),.PCURVE_S1.);
#6657 = LINE('',#6658,#6659);
#6658 = CARTESIAN_POINT('',(12.3,10.8,3.75));
#6659 = VECTOR('',#6660,1.);
#6660 = DIRECTION('',(0.,0.,-1.));
#6661 = PCURVE('',#1087,#6662);
#6662 = DEFINITIONAL_REPRESENTATION('',(#6663),#6666);
#6663 = B_SPLINE_CURVE_WITH_KNOTS('',1,(#6664,#6665),.UNSPECIFIED.,.F.,
  .F.,(2,2),(-6.305,0.75),.PIECEWISE_BEZIER_KNOTS.);
#6664 = CARTESIAN_POINT('',(10.055,-53.8));
#6665 = CARTESIAN_POINT('',(3.,-53.8));
#6666 = ( GEOMETRIC_REPRESENTATION_CONTEXT(2) 
PARAMETRIC_REPRESENTATION_CONTEXT() REPRESENTATION_CONTEXT('2D SPACE',''
  ) );
#6667 = PCURVE('',#5039,#6668);
#6668 = DEFINITIONAL_REPRESENTATION('',(#6669),#6672);
#6669 = B_SPLINE_CURVE_WITH_KNOTS('',1,(#6670,#6671),.UNSPECIFIED.,.F.,
  .F.,(2,2),(-6.305,0.75),.PIECEWISE_BEZIER_KNOTS.);
#6670 = CARTESIAN_POINT('',(-2.555,-1.2));
#6671 = CARTESIAN_POINT('',(4.5,-1.2));
#6672 = ( GEOMETRIC_REPRESENTATION_CONTEXT(2) 
PARAMETRIC_REPRESENTATION_CONTEXT() REPRESENTATION_CONTEXT('2D SPACE',''
  ) );
#6673 = ORIENTED_EDGE('',*,*,#6674,.F.);
#6674 = EDGE_CURVE('',#6675,#6654,#6677,.T.);
#6675 = VERTEX_POINT('',#6676);
#6676 = CARTESIAN_POINT('',(12.3,3.2,10.055));
#6677 = SURFACE_CURVE('',#6678,(#6682,#6689),.PCURVE_S1.);
#6678 = LINE('',#6679,#6680);
#6679 = CARTESIAN_POINT('',(12.3,-43.,10.055));
#6680 = VECTOR('',#6681,1.);
#6681 = DIRECTION('',(0.,1.,0.));
#6682 = PCURVE('',#1087,#6683);
#6683 = DEFINITIONAL_REPRESENTATION('',(#6684),#6688);
#6684 = LINE('',#6685,#6686);
#6685 = CARTESIAN_POINT('',(10.055,0.));
#6686 = VECTOR('',#6687,1.);
#6687 = DIRECTION('',(0.,-1.));
#6688 = ( GEOMETRIC_REPRESENTATION_CONTEXT(2) 
PARAMETRIC_REPRESENTATION_CONTEXT() REPRESENTATION_CONTEXT('2D SPACE',''
  ) );
#6689 = PCURVE('',#6535,#6690);
#6690 = DEFINITIONAL_REPRESENTATION('',(#6691),#6695);
#6691 = LINE('',#6692,#6693);
#6692 = CARTESIAN_POINT('',(6.553092781275,-43.));
#6693 = VECTOR('',#6694,1.);
#6694 = DIRECTION('',(0.,1.));
#6695 = ( GEOMETRIC_REPRESENTATION_CONTEXT(2) 
PARAMETRIC_REPRESENTATION_CONTEXT() REPRESENTATION_CONTEXT('2D SPACE',''
  ) );
#6696 = ORIENTED_EDGE('',*,*,#6697,.T.);
#6697 = EDGE_CURVE('',#6675,#6698,#6700,.T.);
#6698 = VERTEX_POINT('',#6699);
#6699 = CARTESIAN_POINT('',(12.3,3.2,3.));
#6700 = SURFACE_CURVE('',#6701,(#6705,#6711),.PCURVE_S1.);
#6701 = LINE('',#6702,#6703);
#6702 = CARTESIAN_POINT('',(12.3,3.2,3.75));
#6703 = VECTOR('',#6704,1.);
#6704 = DIRECTION('',(0.,0.,-1.));
#6705 = PCURVE('',#1087,#6706);
#6706 = DEFINITIONAL_REPRESENTATION('',(#6707),#6710);
#6707 = B_SPLINE_CURVE_WITH_KNOTS('',1,(#6708,#6709),.UNSPECIFIED.,.F.,
  .F.,(2,2),(-6.305,0.75),.PIECEWISE_BEZIER_KNOTS.);
#6708 = CARTESIAN_POINT('',(10.055,-46.2));
#6709 = CARTESIAN_POINT('',(3.,-46.2));
#6710 = ( GEOMETRIC_REPRESENTATION_CONTEXT(2) 
PARAMETRIC_REPRESENTATION_CONTEXT() REPRESENTATION_CONTEXT('2D SPACE',''
  ) );
#6711 = PCURVE('',#5088,#6712);
#6712 = DEFINITIONAL_REPRESENTATION('',(#6713),#6716);
#6713 = B_SPLINE_CURVE_WITH_KNOTS('',1,(#6714,#6715),.UNSPECIFIED.,.F.,
  .F.,(2,2),(-6.305,0.75),.PIECEWISE_BEZIER_KNOTS.);
#6714 = CARTESIAN_POINT('',(-2.555,-1.2));
#6715 = CARTESIAN_POINT('',(4.5,-1.2));
#6716 = ( GEOMETRIC_REPRESENTATION_CONTEXT(2) 
PARAMETRIC_REPRESENTATION_CONTEXT() REPRESENTATION_CONTEXT('2D SPACE',''
  ) );
#6717 = ORIENTED_EDGE('',*,*,#6718,.T.);
#6718 = EDGE_CURVE('',#6698,#6719,#6721,.T.);
#6719 = VERTEX_POINT('',#6720);
#6720 = CARTESIAN_POINT('',(12.3,-3.2,3.));
#6721 = SURFACE_CURVE('',#6722,(#6726,#6732),.PCURVE_S1.);
#6722 = LINE('',#6723,#6724);
#6723 = CARTESIAN_POINT('',(12.3,-21.5,3.));
#6724 = VECTOR('',#6725,1.);
#6725 = DIRECTION('',(0.,-1.,0.));
#6726 = PCURVE('',#1087,#6727);
#6727 = DEFINITIONAL_REPRESENTATION('',(#6728),#6731);
#6728 = B_SPLINE_CURVE_WITH_KNOTS('',1,(#6729,#6730),.UNSPECIFIED.,.F.,
  .F.,(2,2),(-24.7,-18.3),.PIECEWISE_BEZIER_KNOTS.);
#6729 = CARTESIAN_POINT('',(3.,-46.2));
#6730 = CARTESIAN_POINT('',(3.,-39.8));
#6731 = ( GEOMETRIC_REPRESENTATION_CONTEXT(2) 
PARAMETRIC_REPRESENTATION_CONTEXT() REPRESENTATION_CONTEXT('2D SPACE',''
  ) );
#6732 = PCURVE('',#5114,#6733);
#6733 = DEFINITIONAL_REPRESENTATION('',(#6734),#6737);
#6734 = B_SPLINE_CURVE_WITH_KNOTS('',1,(#6735,#6736),.UNSPECIFIED.,.F.,
  .F.,(2,2),(-24.7,-18.3),.PIECEWISE_BEZIER_KNOTS.);
#6735 = CARTESIAN_POINT('',(0.8,3.2));
#6736 = CARTESIAN_POINT('',(0.8,-3.2));
#6737 = ( GEOMETRIC_REPRESENTATION_CONTEXT(2) 
PARAMETRIC_REPRESENTATION_CONTEXT() REPRESENTATION_CONTEXT('2D SPACE',''
  ) );
#6738 = ORIENTED_EDGE('',*,*,#6739,.F.);
#6739 = EDGE_CURVE('',#6740,#6719,#6742,.T.);
#6740 = VERTEX_POINT('',#6741);
#6741 = CARTESIAN_POINT('',(12.3,-3.2,10.055));
#6742 = SURFACE_CURVE('',#6743,(#6747,#6753),.PCURVE_S1.);
#6743 = LINE('',#6744,#6745);
#6744 = CARTESIAN_POINT('',(12.3,-3.2,3.75));
#6745 = VECTOR('',#6746,1.);
#6746 = DIRECTION('',(0.,0.,-1.));
#6747 = PCURVE('',#1087,#6748);
#6748 = DEFINITIONAL_REPRESENTATION('',(#6749),#6752);
#6749 = B_SPLINE_CURVE_WITH_KNOTS('',1,(#6750,#6751),.UNSPECIFIED.,.F.,
  .F.,(2,2),(-6.305,0.75),.PIECEWISE_BEZIER_KNOTS.);
#6750 = CARTESIAN_POINT('',(10.055,-39.8));
#6751 = CARTESIAN_POINT('',(3.,-39.8));
#6752 = ( GEOMETRIC_REPRESENTATION_CONTEXT(2) 
PARAMETRIC_REPRESENTATION_CONTEXT() REPRESENTATION_CONTEXT('2D SPACE',''
  ) );
#6753 = PCURVE('',#5140,#6754);
#6754 = DEFINITIONAL_REPRESENTATION('',(#6755),#6758);
#6755 = B_SPLINE_CURVE_WITH_KNOTS('',1,(#6756,#6757),.UNSPECIFIED.,.F.,
  .F.,(2,2),(-6.305,0.75),.PIECEWISE_BEZIER_KNOTS.);
#6756 = CARTESIAN_POINT('',(-2.555,-1.2));
#6757 = CARTESIAN_POINT('',(4.5,-1.2));
#6758 = ( GEOMETRIC_REPRESENTATION_CONTEXT(2) 
PARAMETRIC_REPRESENTATION_CONTEXT() REPRESENTATION_CONTEXT('2D SPACE',''
  ) );
#6759 = ORIENTED_EDGE('',*,*,#6760,.F.);
#6760 = EDGE_CURVE('',#6761,#6740,#6763,.T.);
#6761 = VERTEX_POINT('',#6762);
#6762 = CARTESIAN_POINT('',(12.3,-10.8,10.055));
#6763 = SURFACE_CURVE('',#6764,(#6768,#6775),.PCURVE_S1.);
#6764 = LINE('',#6765,#6766);
#6765 = CARTESIAN_POINT('',(12.3,-43.,10.055));
#6766 = VECTOR('',#6767,1.);
#6767 = DIRECTION('',(0.,1.,0.));
#6768 = PCURVE('',#1087,#6769);
#6769 = DEFINITIONAL_REPRESENTATION('',(#6770),#6774);
#6770 = LINE('',#6771,#6772);
#6771 = CARTESIAN_POINT('',(10.055,0.));
#6772 = VECTOR('',#6773,1.);
#6773 = DIRECTION('',(0.,-1.));
#6774 = ( GEOMETRIC_REPRESENTATION_CONTEXT(2) 
PARAMETRIC_REPRESENTATION_CONTEXT() REPRESENTATION_CONTEXT('2D SPACE',''
  ) );
#6775 = PCURVE('',#6535,#6776);
#6776 = DEFINITIONAL_REPRESENTATION('',(#6777),#6781);
#6777 = LINE('',#6778,#6779);
#6778 = CARTESIAN_POINT('',(6.553092781275,-43.));
#6779 = VECTOR('',#6780,1.);
#6780 = DIRECTION('',(0.,1.));
#6781 = ( GEOMETRIC_REPRESENTATION_CONTEXT(2) 
PARAMETRIC_REPRESENTATION_CONTEXT() REPRESENTATION_CONTEXT('2D SPACE',''
  ) );
#6782 = ORIENTED_EDGE('',*,*,#6783,.T.);
#6783 = EDGE_CURVE('',#6761,#6784,#6786,.T.);
#6784 = VERTEX_POINT('',#6785);
#6785 = CARTESIAN_POINT('',(12.3,-10.8,3.));
#6786 = SURFACE_CURVE('',#6787,(#6791,#6797),.PCURVE_S1.);
#6787 = LINE('',#6788,#6789);
#6788 = CARTESIAN_POINT('',(12.3,-10.8,3.75));
#6789 = VECTOR('',#6790,1.);
#6790 = DIRECTION('',(0.,0.,-1.));
#6791 = PCURVE('',#1087,#6792);
#6792 = DEFINITIONAL_REPRESENTATION('',(#6793),#6796);
#6793 = B_SPLINE_CURVE_WITH_KNOTS('',1,(#6794,#6795),.UNSPECIFIED.,.F.,
  .F.,(2,2),(-6.305,0.75),.PIECEWISE_BEZIER_KNOTS.);
#6794 = CARTESIAN_POINT('',(10.055,-32.2));
#6795 = CARTESIAN_POINT('',(3.,-32.2));
#6796 = ( GEOMETRIC_REPRESENTATION_CONTEXT(2) 
PARAMETRIC_REPRESENTATION_CONTEXT() REPRESENTATION_CONTEXT('2D SPACE',''
  ) );
#6797 = PCURVE('',#5189,#6798);
#6798 = DEFINITIONAL_REPRESENTATION('',(#6799),#6802);
#6799 = B_SPLINE_CURVE_WITH_KNOTS('',1,(#6800,#6801),.UNSPECIFIED.,.F.,
  .F.,(2,2),(-6.305,0.75),.PIECEWISE_BEZIER_KNOTS.);
#6800 = CARTESIAN_POINT('',(-2.555,-1.2));
#6801 = CARTESIAN_POINT('',(4.5,-1.2));
#6802 = ( GEOMETRIC_REPRESENTATION_CONTEXT(2) 
PARAMETRIC_REPRESENTATION_CONTEXT() REPRESENTATION_CONTEXT('2D SPACE',''
  ) );
#6803 = ORIENTED_EDGE('',*,*,#6804,.T.);
#6804 = EDGE_CURVE('',#6784,#6805,#6807,.T.);
#6805 = VERTEX_POINT('',#6806);
#6806 = CARTESIAN_POINT('',(12.3,-17.2,3.));
#6807 = SURFACE_CURVE('',#6808,(#6812,#6818),.PCURVE_S1.);
#6808 = LINE('',#6809,#6810);
#6809 = CARTESIAN_POINT('',(12.3,-28.5,3.));
#6810 = VECTOR('',#6811,1.);
#6811 = DIRECTION('',(0.,-1.,0.));
#6812 = PCURVE('',#1087,#6813);
#6813 = DEFINITIONAL_REPRESENTATION('',(#6814),#6817);
#6814 = B_SPLINE_CURVE_WITH_KNOTS('',1,(#6815,#6816),.UNSPECIFIED.,.F.,
  .F.,(2,2),(-17.7,-11.3),.PIECEWISE_BEZIER_KNOTS.);
#6815 = CARTESIAN_POINT('',(3.,-32.2));
#6816 = CARTESIAN_POINT('',(3.,-25.8));
#6817 = ( GEOMETRIC_REPRESENTATION_CONTEXT(2) 
PARAMETRIC_REPRESENTATION_CONTEXT() REPRESENTATION_CONTEXT('2D SPACE',''
  ) );
#6818 = PCURVE('',#5215,#6819);
#6819 = DEFINITIONAL_REPRESENTATION('',(#6820),#6823);
#6820 = B_SPLINE_CURVE_WITH_KNOTS('',1,(#6821,#6822),.UNSPECIFIED.,.F.,
  .F.,(2,2),(-17.7,-11.3),.PIECEWISE_BEZIER_KNOTS.);
#6821 = CARTESIAN_POINT('',(0.8,3.2));
#6822 = CARTESIAN_POINT('',(0.8,-3.2));
#6823 = ( GEOMETRIC_REPRESENTATION_CONTEXT(2) 
PARAMETRIC_REPRESENTATION_CONTEXT() REPRESENTATION_CONTEXT('2D SPACE',''
  ) );
#6824 = ORIENTED_EDGE('',*,*,#6825,.F.);
#6825 = EDGE_CURVE('',#6520,#6805,#6826,.T.);
#6826 = SURFACE_CURVE('',#6827,(#6831,#6837),.PCURVE_S1.);
#6827 = LINE('',#6828,#6829);
#6828 = CARTESIAN_POINT('',(12.3,-17.2,3.75));
#6829 = VECTOR('',#6830,1.);
#6830 = DIRECTION('',(0.,0.,-1.));
#6831 = PCURVE('',#1087,#6832);
#6832 = DEFINITIONAL_REPRESENTATION('',(#6833),#6836);
#6833 = B_SPLINE_CURVE_WITH_KNOTS('',1,(#6834,#6835),.UNSPECIFIED.,.F.,
  .F.,(2,2),(-6.305,0.75),.PIECEWISE_BEZIER_KNOTS.);
#6834 = CARTESIAN_POINT('',(10.055,-25.8));
#6835 = CARTESIAN_POINT('',(3.,-25.8));
#6836 = ( GEOMETRIC_REPRESENTATION_CONTEXT(2) 
PARAMETRIC_REPRESENTATION_CONTEXT() REPRESENTATION_CONTEXT('2D SPACE',''
  ) );
#6837 = PCURVE('',#5241,#6838);
#6838 = DEFINITIONAL_REPRESENTATION('',(#6839),#6842);
#6839 = B_SPLINE_CURVE_WITH_KNOTS('',1,(#6840,#6841),.UNSPECIFIED.,.F.,
  .F.,(2,2),(-6.305,0.75),.PIECEWISE_BEZIER_KNOTS.);
#6840 = CARTESIAN_POINT('',(-2.555,-1.2));
#6841 = CARTESIAN_POINT('',(4.5,-1.2));
#6842 = ( GEOMETRIC_REPRESENTATION_CONTEXT(2) 
PARAMETRIC_REPRESENTATION_CONTEXT() REPRESENTATION_CONTEXT('2D SPACE',''
  ) );
#6843 = ADVANCED_FACE('',(#6844),#1115,.T.);
#6844 = FACE_BOUND('',#6845,.T.);
#6845 = EDGE_LOOP('',(#6846,#6847,#6868,#6896,#6917,#6938,#6959,#6980));
#6846 = ORIENTED_EDGE('',*,*,#1099,.F.);
#6847 = ORIENTED_EDGE('',*,*,#6848,.T.);
#6848 = EDGE_CURVE('',#1100,#6849,#6851,.T.);
#6849 = VERTEX_POINT('',#6850);
#6850 = CARTESIAN_POINT('',(-12.3,-20.3,10.055));
#6851 = SURFACE_CURVE('',#6852,(#6856,#6862),.PCURVE_S1.);
#6852 = LINE('',#6853,#6854);
#6853 = CARTESIAN_POINT('',(-12.3,-20.3,0.));
#6854 = VECTOR('',#6855,1.);
#6855 = DIRECTION('',(0.,0.,1.));
#6856 = PCURVE('',#1115,#6857);
#6857 = DEFINITIONAL_REPRESENTATION('',(#6858),#6861);
#6858 = B_SPLINE_CURVE_WITH_KNOTS('',1,(#6859,#6860),.UNSPECIFIED.,.F.,
  .F.,(2,2),(0.,15.),.PIECEWISE_BEZIER_KNOTS.);
#6859 = CARTESIAN_POINT('',(0.,16.7));
#6860 = CARTESIAN_POINT('',(15.,16.7));
#6861 = ( GEOMETRIC_REPRESENTATION_CONTEXT(2) 
PARAMETRIC_REPRESENTATION_CONTEXT() REPRESENTATION_CONTEXT('2D SPACE',''
  ) );
#6862 = PCURVE('',#1143,#6863);
#6863 = DEFINITIONAL_REPRESENTATION('',(#6864),#6867);
#6864 = B_SPLINE_CURVE_WITH_KNOTS('',1,(#6865,#6866),.UNSPECIFIED.,.F.,
  .F.,(2,2),(0.,15.),.PIECEWISE_BEZIER_KNOTS.);
#6865 = CARTESIAN_POINT('',(0.,-22.7));
#6866 = CARTESIAN_POINT('',(15.,-22.7));
#6867 = ( GEOMETRIC_REPRESENTATION_CONTEXT(2) 
PARAMETRIC_REPRESENTATION_CONTEXT() REPRESENTATION_CONTEXT('2D SPACE',''
  ) );
#6868 = ORIENTED_EDGE('',*,*,#6869,.T.);
#6869 = EDGE_CURVE('',#6849,#6870,#6872,.T.);
#6870 = VERTEX_POINT('',#6871);
#6871 = CARTESIAN_POINT('',(-3.2,-20.3,10.055));
#6872 = SURFACE_CURVE('',#6873,(#6877,#6884),.PCURVE_S1.);
#6873 = LINE('',#6874,#6875);
#6874 = CARTESIAN_POINT('',(-29.,-20.3,10.055));
#6875 = VECTOR('',#6876,1.);
#6876 = DIRECTION('',(1.,0.,0.));
#6877 = PCURVE('',#1115,#6878);
#6878 = DEFINITIONAL_REPRESENTATION('',(#6879),#6883);
#6879 = LINE('',#6880,#6881);
#6880 = CARTESIAN_POINT('',(10.055,0.));
#6881 = VECTOR('',#6882,1.);
#6882 = DIRECTION('',(0.,1.));
#6883 = ( GEOMETRIC_REPRESENTATION_CONTEXT(2) 
PARAMETRIC_REPRESENTATION_CONTEXT() REPRESENTATION_CONTEXT('2D SPACE',''
  ) );
#6884 = PCURVE('',#6885,#6890);
#6885 = PLANE('',#6886);
#6886 = AXIS2_PLACEMENT_3D('',#6887,#6888,#6889);
#6887 = CARTESIAN_POINT('',(0.,-20.3,10.055));
#6888 = DIRECTION('',(0.,-0.754605522164,0.656178714925));
#6889 = DIRECTION('',(0.,0.656178714925,0.754605522164));
#6890 = DEFINITIONAL_REPRESENTATION('',(#6891),#6895);
#6891 = LINE('',#6892,#6893);
#6892 = CARTESIAN_POINT('',(0.,29.));
#6893 = VECTOR('',#6894,1.);
#6894 = DIRECTION('',(0.,-1.));
#6895 = ( GEOMETRIC_REPRESENTATION_CONTEXT(2) 
PARAMETRIC_REPRESENTATION_CONTEXT() REPRESENTATION_CONTEXT('2D SPACE',''
  ) );
#6896 = ORIENTED_EDGE('',*,*,#6897,.T.);
#6897 = EDGE_CURVE('',#6870,#6898,#6900,.T.);
#6898 = VERTEX_POINT('',#6899);
#6899 = CARTESIAN_POINT('',(-3.2,-20.3,3.));
#6900 = SURFACE_CURVE('',#6901,(#6905,#6911),.PCURVE_S1.);
#6901 = LINE('',#6902,#6903);
#6902 = CARTESIAN_POINT('',(-3.2,-20.3,3.75));
#6903 = VECTOR('',#6904,1.);
#6904 = DIRECTION('',(0.,0.,-1.));
#6905 = PCURVE('',#1115,#6906);
#6906 = DEFINITIONAL_REPRESENTATION('',(#6907),#6910);
#6907 = B_SPLINE_CURVE_WITH_KNOTS('',1,(#6908,#6909),.UNSPECIFIED.,.F.,
  .F.,(2,2),(-6.305,0.75),.PIECEWISE_BEZIER_KNOTS.);
#6908 = CARTESIAN_POINT('',(10.055,25.8));
#6909 = CARTESIAN_POINT('',(3.,25.8));
#6910 = ( GEOMETRIC_REPRESENTATION_CONTEXT(2) 
PARAMETRIC_REPRESENTATION_CONTEXT() REPRESENTATION_CONTEXT('2D SPACE',''
  ) );
#6911 = PCURVE('',#2297,#6912);
#6912 = DEFINITIONAL_REPRESENTATION('',(#6913),#6916);
#6913 = B_SPLINE_CURVE_WITH_KNOTS('',1,(#6914,#6915),.UNSPECIFIED.,.F.,
  .F.,(2,2),(-6.305,0.75),.PIECEWISE_BEZIER_KNOTS.);
#6914 = CARTESIAN_POINT('',(2.555,-1.2));
#6915 = CARTESIAN_POINT('',(-4.5,-1.2));
#6916 = ( GEOMETRIC_REPRESENTATION_CONTEXT(2) 
PARAMETRIC_REPRESENTATION_CONTEXT() REPRESENTATION_CONTEXT('2D SPACE',''
  ) );
#6917 = ORIENTED_EDGE('',*,*,#6918,.T.);
#6918 = EDGE_CURVE('',#6898,#6919,#6921,.T.);
#6919 = VERTEX_POINT('',#6920);
#6920 = CARTESIAN_POINT('',(3.2,-20.3,3.));
#6921 = SURFACE_CURVE('',#6922,(#6926,#6932),.PCURVE_S1.);
#6922 = LINE('',#6923,#6924);
#6923 = CARTESIAN_POINT('',(-14.5,-20.3,3.));
#6924 = VECTOR('',#6925,1.);
#6925 = DIRECTION('',(1.,0.,0.));
#6926 = PCURVE('',#1115,#6927);
#6927 = DEFINITIONAL_REPRESENTATION('',(#6928),#6931);
#6928 = B_SPLINE_CURVE_WITH_KNOTS('',1,(#6929,#6930),.UNSPECIFIED.,.F.,
  .F.,(2,2),(11.3,17.7),.PIECEWISE_BEZIER_KNOTS.);
#6929 = CARTESIAN_POINT('',(3.,25.8));
#6930 = CARTESIAN_POINT('',(3.,32.2));
#6931 = ( GEOMETRIC_REPRESENTATION_CONTEXT(2) 
PARAMETRIC_REPRESENTATION_CONTEXT() REPRESENTATION_CONTEXT('2D SPACE',''
  ) );
#6932 = PCURVE('',#2323,#6933);
#6933 = DEFINITIONAL_REPRESENTATION('',(#6934),#6937);
#6934 = B_SPLINE_CURVE_WITH_KNOTS('',1,(#6935,#6936),.UNSPECIFIED.,.F.,
  .F.,(2,2),(11.3,17.7),.PIECEWISE_BEZIER_KNOTS.);
#6935 = CARTESIAN_POINT('',(3.2,3.2));
#6936 = CARTESIAN_POINT('',(3.2,-3.2));
#6937 = ( GEOMETRIC_REPRESENTATION_CONTEXT(2) 
PARAMETRIC_REPRESENTATION_CONTEXT() REPRESENTATION_CONTEXT('2D SPACE',''
  ) );
#6938 = ORIENTED_EDGE('',*,*,#6939,.F.);
#6939 = EDGE_CURVE('',#6940,#6919,#6942,.T.);
#6940 = VERTEX_POINT('',#6941);
#6941 = CARTESIAN_POINT('',(3.2,-20.3,10.055));
#6942 = SURFACE_CURVE('',#6943,(#6947,#6953),.PCURVE_S1.);
#6943 = LINE('',#6944,#6945);
#6944 = CARTESIAN_POINT('',(3.2,-20.3,3.75));
#6945 = VECTOR('',#6946,1.);
#6946 = DIRECTION('',(0.,0.,-1.));
#6947 = PCURVE('',#1115,#6948);
#6948 = DEFINITIONAL_REPRESENTATION('',(#6949),#6952);
#6949 = B_SPLINE_CURVE_WITH_KNOTS('',1,(#6950,#6951),.UNSPECIFIED.,.F.,
  .F.,(2,2),(-6.305,0.75),.PIECEWISE_BEZIER_KNOTS.);
#6950 = CARTESIAN_POINT('',(10.055,32.2));
#6951 = CARTESIAN_POINT('',(3.,32.2));
#6952 = ( GEOMETRIC_REPRESENTATION_CONTEXT(2) 
PARAMETRIC_REPRESENTATION_CONTEXT() REPRESENTATION_CONTEXT('2D SPACE',''
  ) );
#6953 = PCURVE('',#2349,#6954);
#6954 = DEFINITIONAL_REPRESENTATION('',(#6955),#6958);
#6955 = B_SPLINE_CURVE_WITH_KNOTS('',1,(#6956,#6957),.UNSPECIFIED.,.F.,
  .F.,(2,2),(-6.305,0.75),.PIECEWISE_BEZIER_KNOTS.);
#6956 = CARTESIAN_POINT('',(2.555,-1.2));
#6957 = CARTESIAN_POINT('',(-4.5,-1.2));
#6958 = ( GEOMETRIC_REPRESENTATION_CONTEXT(2) 
PARAMETRIC_REPRESENTATION_CONTEXT() REPRESENTATION_CONTEXT('2D SPACE',''
  ) );
#6959 = ORIENTED_EDGE('',*,*,#6960,.T.);
#6960 = EDGE_CURVE('',#6940,#6518,#6961,.T.);
#6961 = SURFACE_CURVE('',#6962,(#6966,#6973),.PCURVE_S1.);
#6962 = LINE('',#6963,#6964);
#6963 = CARTESIAN_POINT('',(-29.,-20.3,10.055));
#6964 = VECTOR('',#6965,1.);
#6965 = DIRECTION('',(1.,0.,0.));
#6966 = PCURVE('',#1115,#6967);
#6967 = DEFINITIONAL_REPRESENTATION('',(#6968),#6972);
#6968 = LINE('',#6969,#6970);
#6969 = CARTESIAN_POINT('',(10.055,0.));
#6970 = VECTOR('',#6971,1.);
#6971 = DIRECTION('',(0.,1.));
#6972 = ( GEOMETRIC_REPRESENTATION_CONTEXT(2) 
PARAMETRIC_REPRESENTATION_CONTEXT() REPRESENTATION_CONTEXT('2D SPACE',''
  ) );
#6973 = PCURVE('',#6885,#6974);
#6974 = DEFINITIONAL_REPRESENTATION('',(#6975),#6979);
#6975 = LINE('',#6976,#6977);
#6976 = CARTESIAN_POINT('',(0.,29.));
#6977 = VECTOR('',#6978,1.);
#6978 = DIRECTION('',(0.,-1.));
#6979 = ( GEOMETRIC_REPRESENTATION_CONTEXT(2) 
PARAMETRIC_REPRESENTATION_CONTEXT() REPRESENTATION_CONTEXT('2D SPACE',''
  ) );
#6980 = ORIENTED_EDGE('',*,*,#6547,.F.);
#6981 = ADVANCED_FACE('',(#6982),#1169,.F.);
#6982 = FACE_BOUND('',#6983,.F.);
#6983 = EDGE_LOOP('',(#6984,#6985,#7006,#7034,#7055,#7076,#7097,#7118));
#6984 = ORIENTED_EDGE('',*,*,#1155,.F.);
#6985 = ORIENTED_EDGE('',*,*,#6986,.T.);
#6986 = EDGE_CURVE('',#1128,#6987,#6989,.T.);
#6987 = VERTEX_POINT('',#6988);
#6988 = CARTESIAN_POINT('',(-12.3,20.3,10.055));
#6989 = SURFACE_CURVE('',#6990,(#6994,#7000),.PCURVE_S1.);
#6990 = LINE('',#6991,#6992);
#6991 = CARTESIAN_POINT('',(-12.3,20.3,0.));
#6992 = VECTOR('',#6993,1.);
#6993 = DIRECTION('',(0.,0.,1.));
#6994 = PCURVE('',#1169,#6995);
#6995 = DEFINITIONAL_REPRESENTATION('',(#6996),#6999);
#6996 = B_SPLINE_CURVE_WITH_KNOTS('',1,(#6997,#6998),.UNSPECIFIED.,.F.,
  .F.,(2,2),(0.,15.),.PIECEWISE_BEZIER_KNOTS.);
#6997 = CARTESIAN_POINT('',(0.,16.7));
#6998 = CARTESIAN_POINT('',(15.,16.7));
#6999 = ( GEOMETRIC_REPRESENTATION_CONTEXT(2) 
PARAMETRIC_REPRESENTATION_CONTEXT() REPRESENTATION_CONTEXT('2D SPACE',''
  ) );
#7000 = PCURVE('',#1143,#7001);
#7001 = DEFINITIONAL_REPRESENTATION('',(#7002),#7005);
#7002 = B_SPLINE_CURVE_WITH_KNOTS('',1,(#7003,#7004),.UNSPECIFIED.,.F.,
  .F.,(2,2),(0.,15.),.PIECEWISE_BEZIER_KNOTS.);
#7003 = CARTESIAN_POINT('',(0.,-63.3));
#7004 = CARTESIAN_POINT('',(15.,-63.3));
#7005 = ( GEOMETRIC_REPRESENTATION_CONTEXT(2) 
PARAMETRIC_REPRESENTATION_CONTEXT() REPRESENTATION_CONTEXT('2D SPACE',''
  ) );
#7006 = ORIENTED_EDGE('',*,*,#7007,.F.);
#7007 = EDGE_CURVE('',#7008,#6987,#7010,.T.);
#7008 = VERTEX_POINT('',#7009);
#7009 = CARTESIAN_POINT('',(-3.2,20.3,10.055));
#7010 = SURFACE_CURVE('',#7011,(#7015,#7022),.PCURVE_S1.);
#7011 = LINE('',#7012,#7013);
#7012 = CARTESIAN_POINT('',(29.,20.3,10.055));
#7013 = VECTOR('',#7014,1.);
#7014 = DIRECTION('',(-1.,0.,0.));
#7015 = PCURVE('',#1169,#7016);
#7016 = DEFINITIONAL_REPRESENTATION('',(#7017),#7021);
#7017 = LINE('',#7018,#7019);
#7018 = CARTESIAN_POINT('',(10.055,58.));
#7019 = VECTOR('',#7020,1.);
#7020 = DIRECTION('',(0.,-1.));
#7021 = ( GEOMETRIC_REPRESENTATION_CONTEXT(2) 
PARAMETRIC_REPRESENTATION_CONTEXT() REPRESENTATION_CONTEXT('2D SPACE',''
  ) );
#7022 = PCURVE('',#7023,#7028);
#7023 = PLANE('',#7024);
#7024 = AXIS2_PLACEMENT_3D('',#7025,#7026,#7027);
#7025 = CARTESIAN_POINT('',(0.,16.,15.));
#7026 = DIRECTION('',(-0.,0.754605522164,0.656178714925));
#7027 = DIRECTION('',(0.,0.656178714925,-0.754605522164));
#7028 = DEFINITIONAL_REPRESENTATION('',(#7029),#7033);
#7029 = LINE('',#7030,#7031);
#7030 = CARTESIAN_POINT('',(6.553092781275,-29.));
#7031 = VECTOR('',#7032,1.);
#7032 = DIRECTION('',(0.,1.));
#7033 = ( GEOMETRIC_REPRESENTATION_CONTEXT(2) 
PARAMETRIC_REPRESENTATION_CONTEXT() REPRESENTATION_CONTEXT('2D SPACE',''
  ) );
#7034 = ORIENTED_EDGE('',*,*,#7035,.T.);
#7035 = EDGE_CURVE('',#7008,#7036,#7038,.T.);
#7036 = VERTEX_POINT('',#7037);
#7037 = CARTESIAN_POINT('',(-3.2,20.3,3.));
#7038 = SURFACE_CURVE('',#7039,(#7043,#7049),.PCURVE_S1.);
#7039 = LINE('',#7040,#7041);
#7040 = CARTESIAN_POINT('',(-3.2,20.3,3.75));
#7041 = VECTOR('',#7042,1.);
#7042 = DIRECTION('',(0.,0.,-1.));
#7043 = PCURVE('',#1169,#7044);
#7044 = DEFINITIONAL_REPRESENTATION('',(#7045),#7048);
#7045 = B_SPLINE_CURVE_WITH_KNOTS('',1,(#7046,#7047),.UNSPECIFIED.,.F.,
  .F.,(2,2),(-6.305,0.75),.PIECEWISE_BEZIER_KNOTS.);
#7046 = CARTESIAN_POINT('',(10.055,25.8));
#7047 = CARTESIAN_POINT('',(3.,25.8));
#7048 = ( GEOMETRIC_REPRESENTATION_CONTEXT(2) 
PARAMETRIC_REPRESENTATION_CONTEXT() REPRESENTATION_CONTEXT('2D SPACE',''
  ) );
#7049 = PCURVE('',#4761,#7050);
#7050 = DEFINITIONAL_REPRESENTATION('',(#7051),#7054);
#7051 = B_SPLINE_CURVE_WITH_KNOTS('',1,(#7052,#7053),.UNSPECIFIED.,.F.,
  .F.,(2,2),(-6.305,0.75),.PIECEWISE_BEZIER_KNOTS.);
#7052 = CARTESIAN_POINT('',(2.555,1.2));
#7053 = CARTESIAN_POINT('',(-4.5,1.2));
#7054 = ( GEOMETRIC_REPRESENTATION_CONTEXT(2) 
PARAMETRIC_REPRESENTATION_CONTEXT() REPRESENTATION_CONTEXT('2D SPACE',''
  ) );
#7055 = ORIENTED_EDGE('',*,*,#7056,.T.);
#7056 = EDGE_CURVE('',#7036,#7057,#7059,.T.);
#7057 = VERTEX_POINT('',#7058);
#7058 = CARTESIAN_POINT('',(3.2,20.3,3.));
#7059 = SURFACE_CURVE('',#7060,(#7064,#7070),.PCURVE_S1.);
#7060 = LINE('',#7061,#7062);
#7061 = CARTESIAN_POINT('',(-14.5,20.3,3.));
#7062 = VECTOR('',#7063,1.);
#7063 = DIRECTION('',(1.,0.,0.));
#7064 = PCURVE('',#1169,#7065);
#7065 = DEFINITIONAL_REPRESENTATION('',(#7066),#7069);
#7066 = B_SPLINE_CURVE_WITH_KNOTS('',1,(#7067,#7068),.UNSPECIFIED.,.F.,
  .F.,(2,2),(11.3,17.7),.PIECEWISE_BEZIER_KNOTS.);
#7067 = CARTESIAN_POINT('',(3.,25.8));
#7068 = CARTESIAN_POINT('',(3.,32.2));
#7069 = ( GEOMETRIC_REPRESENTATION_CONTEXT(2) 
PARAMETRIC_REPRESENTATION_CONTEXT() REPRESENTATION_CONTEXT('2D SPACE',''
  ) );
#7070 = PCURVE('',#4787,#7071);
#7071 = DEFINITIONAL_REPRESENTATION('',(#7072),#7075);
#7072 = B_SPLINE_CURVE_WITH_KNOTS('',1,(#7073,#7074),.UNSPECIFIED.,.F.,
  .F.,(2,2),(11.3,17.7),.PIECEWISE_BEZIER_KNOTS.);
#7073 = CARTESIAN_POINT('',(0.8,3.2));
#7074 = CARTESIAN_POINT('',(0.8,-3.2));
#7075 = ( GEOMETRIC_REPRESENTATION_CONTEXT(2) 
PARAMETRIC_REPRESENTATION_CONTEXT() REPRESENTATION_CONTEXT('2D SPACE',''
  ) );
#7076 = ORIENTED_EDGE('',*,*,#7077,.F.);
#7077 = EDGE_CURVE('',#7078,#7057,#7080,.T.);
#7078 = VERTEX_POINT('',#7079);
#7079 = CARTESIAN_POINT('',(3.2,20.3,10.055));
#7080 = SURFACE_CURVE('',#7081,(#7085,#7091),.PCURVE_S1.);
#7081 = LINE('',#7082,#7083);
#7082 = CARTESIAN_POINT('',(3.2,20.3,3.75));
#7083 = VECTOR('',#7084,1.);
#7084 = DIRECTION('',(0.,0.,-1.));
#7085 = PCURVE('',#1169,#7086);
#7086 = DEFINITIONAL_REPRESENTATION('',(#7087),#7090);
#7087 = B_SPLINE_CURVE_WITH_KNOTS('',1,(#7088,#7089),.UNSPECIFIED.,.F.,
  .F.,(2,2),(-6.305,0.75),.PIECEWISE_BEZIER_KNOTS.);
#7088 = CARTESIAN_POINT('',(10.055,32.2));
#7089 = CARTESIAN_POINT('',(3.,32.2));
#7090 = ( GEOMETRIC_REPRESENTATION_CONTEXT(2) 
PARAMETRIC_REPRESENTATION_CONTEXT() REPRESENTATION_CONTEXT('2D SPACE',''
  ) );
#7091 = PCURVE('',#4813,#7092);
#7092 = DEFINITIONAL_REPRESENTATION('',(#7093),#7096);
#7093 = B_SPLINE_CURVE_WITH_KNOTS('',1,(#7094,#7095),.UNSPECIFIED.,.F.,
  .F.,(2,2),(-6.305,0.75),.PIECEWISE_BEZIER_KNOTS.);
#7094 = CARTESIAN_POINT('',(2.555,1.2));
#7095 = CARTESIAN_POINT('',(-4.5,1.2));
#7096 = ( GEOMETRIC_REPRESENTATION_CONTEXT(2) 
PARAMETRIC_REPRESENTATION_CONTEXT() REPRESENTATION_CONTEXT('2D SPACE',''
  ) );
#7097 = ORIENTED_EDGE('',*,*,#7098,.F.);
#7098 = EDGE_CURVE('',#6568,#7078,#7099,.T.);
#7099 = SURFACE_CURVE('',#7100,(#7104,#7111),.PCURVE_S1.);
#7100 = LINE('',#7101,#7102);
#7101 = CARTESIAN_POINT('',(29.,20.3,10.055));
#7102 = VECTOR('',#7103,1.);
#7103 = DIRECTION('',(-1.,0.,0.));
#7104 = PCURVE('',#1169,#7105);
#7105 = DEFINITIONAL_REPRESENTATION('',(#7106),#7110);
#7106 = LINE('',#7107,#7108);
#7107 = CARTESIAN_POINT('',(10.055,58.));
#7108 = VECTOR('',#7109,1.);
#7109 = DIRECTION('',(0.,-1.));
#7110 = ( GEOMETRIC_REPRESENTATION_CONTEXT(2) 
PARAMETRIC_REPRESENTATION_CONTEXT() REPRESENTATION_CONTEXT('2D SPACE',''
  ) );
#7111 = PCURVE('',#7023,#7112);
#7112 = DEFINITIONAL_REPRESENTATION('',(#7113),#7117);
#7113 = LINE('',#7114,#7115);
#7114 = CARTESIAN_POINT('',(6.553092781275,-29.));
#7115 = VECTOR('',#7116,1.);
#7116 = DIRECTION('',(0.,1.));
#7117 = ( GEOMETRIC_REPRESENTATION_CONTEXT(2) 
PARAMETRIC_REPRESENTATION_CONTEXT() REPRESENTATION_CONTEXT('2D SPACE',''
  ) );
#7118 = ORIENTED_EDGE('',*,*,#6567,.F.);
#7119 = ADVANCED_FACE('',(#7120),#1143,.T.);
#7120 = FACE_BOUND('',#7121,.T.);
#7121 = EDGE_LOOP('',(#7122,#7123,#7124,#7125,#7153,#7174,#7195,#7216,
    #7239,#7260,#7281,#7302,#7325,#7346,#7367,#7388));
#7122 = ORIENTED_EDGE('',*,*,#6848,.F.);
#7123 = ORIENTED_EDGE('',*,*,#1127,.T.);
#7124 = ORIENTED_EDGE('',*,*,#6986,.T.);
#7125 = ORIENTED_EDGE('',*,*,#7126,.T.);
#7126 = EDGE_CURVE('',#6987,#7127,#7129,.T.);
#7127 = VERTEX_POINT('',#7128);
#7128 = CARTESIAN_POINT('',(-12.3,17.2,10.055));
#7129 = SURFACE_CURVE('',#7130,(#7134,#7141),.PCURVE_S1.);
#7130 = LINE('',#7131,#7132);
#7131 = CARTESIAN_POINT('',(-12.3,43.,10.055));
#7132 = VECTOR('',#7133,1.);
#7133 = DIRECTION('',(0.,-1.,0.));
#7134 = PCURVE('',#1143,#7135);
#7135 = DEFINITIONAL_REPRESENTATION('',(#7136),#7140);
#7136 = LINE('',#7137,#7138);
#7137 = CARTESIAN_POINT('',(10.055,-86.));
#7138 = VECTOR('',#7139,1.);
#7139 = DIRECTION('',(0.,1.));
#7140 = ( GEOMETRIC_REPRESENTATION_CONTEXT(2) 
PARAMETRIC_REPRESENTATION_CONTEXT() REPRESENTATION_CONTEXT('2D SPACE',''
  ) );
#7141 = PCURVE('',#7142,#7147);
#7142 = PLANE('',#7143);
#7143 = AXIS2_PLACEMENT_3D('',#7144,#7145,#7146);
#7144 = CARTESIAN_POINT('',(-12.3,0.,10.055));
#7145 = DIRECTION('',(-0.754605522164,0.,0.656178714925));
#7146 = DIRECTION('',(0.656178714925,0.,0.754605522164));
#7147 = DEFINITIONAL_REPRESENTATION('',(#7148),#7152);
#7148 = LINE('',#7149,#7150);
#7149 = CARTESIAN_POINT('',(0.,43.));
#7150 = VECTOR('',#7151,1.);
#7151 = DIRECTION('',(0.,-1.));
#7152 = ( GEOMETRIC_REPRESENTATION_CONTEXT(2) 
PARAMETRIC_REPRESENTATION_CONTEXT() REPRESENTATION_CONTEXT('2D SPACE',''
  ) );
#7153 = ORIENTED_EDGE('',*,*,#7154,.T.);
#7154 = EDGE_CURVE('',#7127,#7155,#7157,.T.);
#7155 = VERTEX_POINT('',#7156);
#7156 = CARTESIAN_POINT('',(-12.3,17.2,3.));
#7157 = SURFACE_CURVE('',#7158,(#7162,#7168),.PCURVE_S1.);
#7158 = LINE('',#7159,#7160);
#7159 = CARTESIAN_POINT('',(-12.3,17.2,3.75));
#7160 = VECTOR('',#7161,1.);
#7161 = DIRECTION('',(0.,0.,-1.));
#7162 = PCURVE('',#1143,#7163);
#7163 = DEFINITIONAL_REPRESENTATION('',(#7164),#7167);
#7164 = B_SPLINE_CURVE_WITH_KNOTS('',1,(#7165,#7166),.UNSPECIFIED.,.F.,
  .F.,(2,2),(-6.305,0.75),.PIECEWISE_BEZIER_KNOTS.);
#7165 = CARTESIAN_POINT('',(10.055,-60.2));
#7166 = CARTESIAN_POINT('',(3.,-60.2));
#7167 = ( GEOMETRIC_REPRESENTATION_CONTEXT(2) 
PARAMETRIC_REPRESENTATION_CONTEXT() REPRESENTATION_CONTEXT('2D SPACE',''
  ) );
#7168 = PCURVE('',#2523,#7169);
#7169 = DEFINITIONAL_REPRESENTATION('',(#7170),#7173);
#7170 = B_SPLINE_CURVE_WITH_KNOTS('',1,(#7171,#7172),.UNSPECIFIED.,.F.,
  .F.,(2,2),(-6.305,0.75),.PIECEWISE_BEZIER_KNOTS.);
#7171 = CARTESIAN_POINT('',(-2.555,1.2));
#7172 = CARTESIAN_POINT('',(4.5,1.2));
#7173 = ( GEOMETRIC_REPRESENTATION_CONTEXT(2) 
PARAMETRIC_REPRESENTATION_CONTEXT() REPRESENTATION_CONTEXT('2D SPACE',''
  ) );
#7174 = ORIENTED_EDGE('',*,*,#7175,.T.);
#7175 = EDGE_CURVE('',#7155,#7176,#7178,.T.);
#7176 = VERTEX_POINT('',#7177);
#7177 = CARTESIAN_POINT('',(-12.3,10.8,3.));
#7178 = SURFACE_CURVE('',#7179,(#7183,#7189),.PCURVE_S1.);
#7179 = LINE('',#7180,#7181);
#7180 = CARTESIAN_POINT('',(-12.3,-14.5,3.));
#7181 = VECTOR('',#7182,1.);
#7182 = DIRECTION('',(0.,-1.,0.));
#7183 = PCURVE('',#1143,#7184);
#7184 = DEFINITIONAL_REPRESENTATION('',(#7185),#7188);
#7185 = B_SPLINE_CURVE_WITH_KNOTS('',1,(#7186,#7187),.UNSPECIFIED.,.F.,
  .F.,(2,2),(-31.7,-25.3),.PIECEWISE_BEZIER_KNOTS.);
#7186 = CARTESIAN_POINT('',(3.,-60.2));
#7187 = CARTESIAN_POINT('',(3.,-53.8));
#7188 = ( GEOMETRIC_REPRESENTATION_CONTEXT(2) 
PARAMETRIC_REPRESENTATION_CONTEXT() REPRESENTATION_CONTEXT('2D SPACE',''
  ) );
#7189 = PCURVE('',#2549,#7190);
#7190 = DEFINITIONAL_REPRESENTATION('',(#7191),#7194);
#7191 = B_SPLINE_CURVE_WITH_KNOTS('',1,(#7192,#7193),.UNSPECIFIED.,.F.,
  .F.,(2,2),(-31.7,-25.3),.PIECEWISE_BEZIER_KNOTS.);
#7192 = CARTESIAN_POINT('',(3.2,3.2));
#7193 = CARTESIAN_POINT('',(3.2,-3.2));
#7194 = ( GEOMETRIC_REPRESENTATION_CONTEXT(2) 
PARAMETRIC_REPRESENTATION_CONTEXT() REPRESENTATION_CONTEXT('2D SPACE',''
  ) );
#7195 = ORIENTED_EDGE('',*,*,#7196,.F.);
#7196 = EDGE_CURVE('',#7197,#7176,#7199,.T.);
#7197 = VERTEX_POINT('',#7198);
#7198 = CARTESIAN_POINT('',(-12.3,10.8,10.055));
#7199 = SURFACE_CURVE('',#7200,(#7204,#7210),.PCURVE_S1.);
#7200 = LINE('',#7201,#7202);
#7201 = CARTESIAN_POINT('',(-12.3,10.8,3.75));
#7202 = VECTOR('',#7203,1.);
#7203 = DIRECTION('',(0.,0.,-1.));
#7204 = PCURVE('',#1143,#7205);
#7205 = DEFINITIONAL_REPRESENTATION('',(#7206),#7209);
#7206 = B_SPLINE_CURVE_WITH_KNOTS('',1,(#7207,#7208),.UNSPECIFIED.,.F.,
  .F.,(2,2),(-6.305,0.75),.PIECEWISE_BEZIER_KNOTS.);
#7207 = CARTESIAN_POINT('',(10.055,-53.8));
#7208 = CARTESIAN_POINT('',(3.,-53.8));
#7209 = ( GEOMETRIC_REPRESENTATION_CONTEXT(2) 
PARAMETRIC_REPRESENTATION_CONTEXT() REPRESENTATION_CONTEXT('2D SPACE',''
  ) );
#7210 = PCURVE('',#2575,#7211);
#7211 = DEFINITIONAL_REPRESENTATION('',(#7212),#7215);
#7212 = B_SPLINE_CURVE_WITH_KNOTS('',1,(#7213,#7214),.UNSPECIFIED.,.F.,
  .F.,(2,2),(-6.305,0.75),.PIECEWISE_BEZIER_KNOTS.);
#7213 = CARTESIAN_POINT('',(-2.555,1.2));
#7214 = CARTESIAN_POINT('',(4.5,1.2));
#7215 = ( GEOMETRIC_REPRESENTATION_CONTEXT(2) 
PARAMETRIC_REPRESENTATION_CONTEXT() REPRESENTATION_CONTEXT('2D SPACE',''
  ) );
#7216 = ORIENTED_EDGE('',*,*,#7217,.T.);
#7217 = EDGE_CURVE('',#7197,#7218,#7220,.T.);
#7218 = VERTEX_POINT('',#7219);
#7219 = CARTESIAN_POINT('',(-12.3,3.2,10.055));
#7220 = SURFACE_CURVE('',#7221,(#7225,#7232),.PCURVE_S1.);
#7221 = LINE('',#7222,#7223);
#7222 = CARTESIAN_POINT('',(-12.3,43.,10.055));
#7223 = VECTOR('',#7224,1.);
#7224 = DIRECTION('',(0.,-1.,0.));
#7225 = PCURVE('',#1143,#7226);
#7226 = DEFINITIONAL_REPRESENTATION('',(#7227),#7231);
#7227 = LINE('',#7228,#7229);
#7228 = CARTESIAN_POINT('',(10.055,-86.));
#7229 = VECTOR('',#7230,1.);
#7230 = DIRECTION('',(0.,1.));
#7231 = ( GEOMETRIC_REPRESENTATION_CONTEXT(2) 
PARAMETRIC_REPRESENTATION_CONTEXT() REPRESENTATION_CONTEXT('2D SPACE',''
  ) );
#7232 = PCURVE('',#7142,#7233);
#7233 = DEFINITIONAL_REPRESENTATION('',(#7234),#7238);
#7234 = LINE('',#7235,#7236);
#7235 = CARTESIAN_POINT('',(0.,43.));
#7236 = VECTOR('',#7237,1.);
#7237 = DIRECTION('',(0.,-1.));
#7238 = ( GEOMETRIC_REPRESENTATION_CONTEXT(2) 
PARAMETRIC_REPRESENTATION_CONTEXT() REPRESENTATION_CONTEXT('2D SPACE',''
  ) );
#7239 = ORIENTED_EDGE('',*,*,#7240,.T.);
#7240 = EDGE_CURVE('',#7218,#7241,#7243,.T.);
#7241 = VERTEX_POINT('',#7242);
#7242 = CARTESIAN_POINT('',(-12.3,3.2,3.));
#7243 = SURFACE_CURVE('',#7244,(#7248,#7254),.PCURVE_S1.);
#7244 = LINE('',#7245,#7246);
#7245 = CARTESIAN_POINT('',(-12.3,3.2,3.75));
#7246 = VECTOR('',#7247,1.);
#7247 = DIRECTION('',(0.,0.,-1.));
#7248 = PCURVE('',#1143,#7249);
#7249 = DEFINITIONAL_REPRESENTATION('',(#7250),#7253);
#7250 = B_SPLINE_CURVE_WITH_KNOTS('',1,(#7251,#7252),.UNSPECIFIED.,.F.,
  .F.,(2,2),(-6.305,0.75),.PIECEWISE_BEZIER_KNOTS.);
#7251 = CARTESIAN_POINT('',(10.055,-46.2));
#7252 = CARTESIAN_POINT('',(3.,-46.2));
#7253 = ( GEOMETRIC_REPRESENTATION_CONTEXT(2) 
PARAMETRIC_REPRESENTATION_CONTEXT() REPRESENTATION_CONTEXT('2D SPACE',''
  ) );
#7254 = PCURVE('',#2624,#7255);
#7255 = DEFINITIONAL_REPRESENTATION('',(#7256),#7259);
#7256 = B_SPLINE_CURVE_WITH_KNOTS('',1,(#7257,#7258),.UNSPECIFIED.,.F.,
  .F.,(2,2),(-6.305,0.75),.PIECEWISE_BEZIER_KNOTS.);
#7257 = CARTESIAN_POINT('',(-2.555,1.2));
#7258 = CARTESIAN_POINT('',(4.5,1.2));
#7259 = ( GEOMETRIC_REPRESENTATION_CONTEXT(2) 
PARAMETRIC_REPRESENTATION_CONTEXT() REPRESENTATION_CONTEXT('2D SPACE',''
  ) );
#7260 = ORIENTED_EDGE('',*,*,#7261,.T.);
#7261 = EDGE_CURVE('',#7241,#7262,#7264,.T.);
#7262 = VERTEX_POINT('',#7263);
#7263 = CARTESIAN_POINT('',(-12.3,-3.2,3.));
#7264 = SURFACE_CURVE('',#7265,(#7269,#7275),.PCURVE_S1.);
#7265 = LINE('',#7266,#7267);
#7266 = CARTESIAN_POINT('',(-12.3,-21.5,3.));
#7267 = VECTOR('',#7268,1.);
#7268 = DIRECTION('',(0.,-1.,0.));
#7269 = PCURVE('',#1143,#7270);
#7270 = DEFINITIONAL_REPRESENTATION('',(#7271),#7274);
#7271 = B_SPLINE_CURVE_WITH_KNOTS('',1,(#7272,#7273),.UNSPECIFIED.,.F.,
  .F.,(2,2),(-24.7,-18.3),.PIECEWISE_BEZIER_KNOTS.);
#7272 = CARTESIAN_POINT('',(3.,-46.2));
#7273 = CARTESIAN_POINT('',(3.,-39.8));
#7274 = ( GEOMETRIC_REPRESENTATION_CONTEXT(2) 
PARAMETRIC_REPRESENTATION_CONTEXT() REPRESENTATION_CONTEXT('2D SPACE',''
  ) );
#7275 = PCURVE('',#2650,#7276);
#7276 = DEFINITIONAL_REPRESENTATION('',(#7277),#7280);
#7277 = B_SPLINE_CURVE_WITH_KNOTS('',1,(#7278,#7279),.UNSPECIFIED.,.F.,
  .F.,(2,2),(-24.7,-18.3),.PIECEWISE_BEZIER_KNOTS.);
#7278 = CARTESIAN_POINT('',(3.2,3.2));
#7279 = CARTESIAN_POINT('',(3.2,-3.2));
#7280 = ( GEOMETRIC_REPRESENTATION_CONTEXT(2) 
PARAMETRIC_REPRESENTATION_CONTEXT() REPRESENTATION_CONTEXT('2D SPACE',''
  ) );
#7281 = ORIENTED_EDGE('',*,*,#7282,.F.);
#7282 = EDGE_CURVE('',#7283,#7262,#7285,.T.);
#7283 = VERTEX_POINT('',#7284);
#7284 = CARTESIAN_POINT('',(-12.3,-3.2,10.055));
#7285 = SURFACE_CURVE('',#7286,(#7290,#7296),.PCURVE_S1.);
#7286 = LINE('',#7287,#7288);
#7287 = CARTESIAN_POINT('',(-12.3,-3.2,3.75));
#7288 = VECTOR('',#7289,1.);
#7289 = DIRECTION('',(0.,0.,-1.));
#7290 = PCURVE('',#1143,#7291);
#7291 = DEFINITIONAL_REPRESENTATION('',(#7292),#7295);
#7292 = B_SPLINE_CURVE_WITH_KNOTS('',1,(#7293,#7294),.UNSPECIFIED.,.F.,
  .F.,(2,2),(-6.305,0.75),.PIECEWISE_BEZIER_KNOTS.);
#7293 = CARTESIAN_POINT('',(10.055,-39.8));
#7294 = CARTESIAN_POINT('',(3.,-39.8));
#7295 = ( GEOMETRIC_REPRESENTATION_CONTEXT(2) 
PARAMETRIC_REPRESENTATION_CONTEXT() REPRESENTATION_CONTEXT('2D SPACE',''
  ) );
#7296 = PCURVE('',#2676,#7297);
#7297 = DEFINITIONAL_REPRESENTATION('',(#7298),#7301);
#7298 = B_SPLINE_CURVE_WITH_KNOTS('',1,(#7299,#7300),.UNSPECIFIED.,.F.,
  .F.,(2,2),(-6.305,0.75),.PIECEWISE_BEZIER_KNOTS.);
#7299 = CARTESIAN_POINT('',(-2.555,1.2));
#7300 = CARTESIAN_POINT('',(4.5,1.2));
#7301 = ( GEOMETRIC_REPRESENTATION_CONTEXT(2) 
PARAMETRIC_REPRESENTATION_CONTEXT() REPRESENTATION_CONTEXT('2D SPACE',''
  ) );
#7302 = ORIENTED_EDGE('',*,*,#7303,.T.);
#7303 = EDGE_CURVE('',#7283,#7304,#7306,.T.);
#7304 = VERTEX_POINT('',#7305);
#7305 = CARTESIAN_POINT('',(-12.3,-10.8,10.055));
#7306 = SURFACE_CURVE('',#7307,(#7311,#7318),.PCURVE_S1.);
#7307 = LINE('',#7308,#7309);
#7308 = CARTESIAN_POINT('',(-12.3,43.,10.055));
#7309 = VECTOR('',#7310,1.);
#7310 = DIRECTION('',(0.,-1.,0.));
#7311 = PCURVE('',#1143,#7312);
#7312 = DEFINITIONAL_REPRESENTATION('',(#7313),#7317);
#7313 = LINE('',#7314,#7315);
#7314 = CARTESIAN_POINT('',(10.055,-86.));
#7315 = VECTOR('',#7316,1.);
#7316 = DIRECTION('',(0.,1.));
#7317 = ( GEOMETRIC_REPRESENTATION_CONTEXT(2) 
PARAMETRIC_REPRESENTATION_CONTEXT() REPRESENTATION_CONTEXT('2D SPACE',''
  ) );
#7318 = PCURVE('',#7142,#7319);
#7319 = DEFINITIONAL_REPRESENTATION('',(#7320),#7324);
#7320 = LINE('',#7321,#7322);
#7321 = CARTESIAN_POINT('',(0.,43.));
#7322 = VECTOR('',#7323,1.);
#7323 = DIRECTION('',(0.,-1.));
#7324 = ( GEOMETRIC_REPRESENTATION_CONTEXT(2) 
PARAMETRIC_REPRESENTATION_CONTEXT() REPRESENTATION_CONTEXT('2D SPACE',''
  ) );
#7325 = ORIENTED_EDGE('',*,*,#7326,.T.);
#7326 = EDGE_CURVE('',#7304,#7327,#7329,.T.);
#7327 = VERTEX_POINT('',#7328);
#7328 = CARTESIAN_POINT('',(-12.3,-10.8,3.));
#7329 = SURFACE_CURVE('',#7330,(#7334,#7340),.PCURVE_S1.);
#7330 = LINE('',#7331,#7332);
#7331 = CARTESIAN_POINT('',(-12.3,-10.8,3.75));
#7332 = VECTOR('',#7333,1.);
#7333 = DIRECTION('',(0.,0.,-1.));
#7334 = PCURVE('',#1143,#7335);
#7335 = DEFINITIONAL_REPRESENTATION('',(#7336),#7339);
#7336 = B_SPLINE_CURVE_WITH_KNOTS('',1,(#7337,#7338),.UNSPECIFIED.,.F.,
  .F.,(2,2),(-6.305,0.75),.PIECEWISE_BEZIER_KNOTS.);
#7337 = CARTESIAN_POINT('',(10.055,-32.2));
#7338 = CARTESIAN_POINT('',(3.,-32.2));
#7339 = ( GEOMETRIC_REPRESENTATION_CONTEXT(2) 
PARAMETRIC_REPRESENTATION_CONTEXT() REPRESENTATION_CONTEXT('2D SPACE',''
  ) );
#7340 = PCURVE('',#2725,#7341);
#7341 = DEFINITIONAL_REPRESENTATION('',(#7342),#7345);
#7342 = B_SPLINE_CURVE_WITH_KNOTS('',1,(#7343,#7344),.UNSPECIFIED.,.F.,
  .F.,(2,2),(-6.305,0.75),.PIECEWISE_BEZIER_KNOTS.);
#7343 = CARTESIAN_POINT('',(-2.555,1.2));
#7344 = CARTESIAN_POINT('',(4.5,1.2));
#7345 = ( GEOMETRIC_REPRESENTATION_CONTEXT(2) 
PARAMETRIC_REPRESENTATION_CONTEXT() REPRESENTATION_CONTEXT('2D SPACE',''
  ) );
#7346 = ORIENTED_EDGE('',*,*,#7347,.T.);
#7347 = EDGE_CURVE('',#7327,#7348,#7350,.T.);
#7348 = VERTEX_POINT('',#7349);
#7349 = CARTESIAN_POINT('',(-12.3,-17.2,3.));
#7350 = SURFACE_CURVE('',#7351,(#7355,#7361),.PCURVE_S1.);
#7351 = LINE('',#7352,#7353);
#7352 = CARTESIAN_POINT('',(-12.3,-28.5,3.));
#7353 = VECTOR('',#7354,1.);
#7354 = DIRECTION('',(0.,-1.,0.));
#7355 = PCURVE('',#1143,#7356);
#7356 = DEFINITIONAL_REPRESENTATION('',(#7357),#7360);
#7357 = B_SPLINE_CURVE_WITH_KNOTS('',1,(#7358,#7359),.UNSPECIFIED.,.F.,
  .F.,(2,2),(-17.7,-11.3),.PIECEWISE_BEZIER_KNOTS.);
#7358 = CARTESIAN_POINT('',(3.,-32.2));
#7359 = CARTESIAN_POINT('',(3.,-25.8));
#7360 = ( GEOMETRIC_REPRESENTATION_CONTEXT(2) 
PARAMETRIC_REPRESENTATION_CONTEXT() REPRESENTATION_CONTEXT('2D SPACE',''
  ) );
#7361 = PCURVE('',#2751,#7362);
#7362 = DEFINITIONAL_REPRESENTATION('',(#7363),#7366);
#7363 = B_SPLINE_CURVE_WITH_KNOTS('',1,(#7364,#7365),.UNSPECIFIED.,.F.,
  .F.,(2,2),(-17.7,-11.3),.PIECEWISE_BEZIER_KNOTS.);
#7364 = CARTESIAN_POINT('',(3.2,3.2));
#7365 = CARTESIAN_POINT('',(3.2,-3.2));
#7366 = ( GEOMETRIC_REPRESENTATION_CONTEXT(2) 
PARAMETRIC_REPRESENTATION_CONTEXT() REPRESENTATION_CONTEXT('2D SPACE',''
  ) );
#7367 = ORIENTED_EDGE('',*,*,#7368,.F.);
#7368 = EDGE_CURVE('',#7369,#7348,#7371,.T.);
#7369 = VERTEX_POINT('',#7370);
#7370 = CARTESIAN_POINT('',(-12.3,-17.2,10.055));
#7371 = SURFACE_CURVE('',#7372,(#7376,#7382),.PCURVE_S1.);
#7372 = LINE('',#7373,#7374);
#7373 = CARTESIAN_POINT('',(-12.3,-17.2,3.75));
#7374 = VECTOR('',#7375,1.);
#7375 = DIRECTION('',(0.,0.,-1.));
#7376 = PCURVE('',#1143,#7377);
#7377 = DEFINITIONAL_REPRESENTATION('',(#7378),#7381);
#7378 = B_SPLINE_CURVE_WITH_KNOTS('',1,(#7379,#7380),.UNSPECIFIED.,.F.,
  .F.,(2,2),(-6.305,0.75),.PIECEWISE_BEZIER_KNOTS.);
#7379 = CARTESIAN_POINT('',(10.055,-25.8));
#7380 = CARTESIAN_POINT('',(3.,-25.8));
#7381 = ( GEOMETRIC_REPRESENTATION_CONTEXT(2) 
PARAMETRIC_REPRESENTATION_CONTEXT() REPRESENTATION_CONTEXT('2D SPACE',''
  ) );
#7382 = PCURVE('',#2777,#7383);
#7383 = DEFINITIONAL_REPRESENTATION('',(#7384),#7387);
#7384 = B_SPLINE_CURVE_WITH_KNOTS('',1,(#7385,#7386),.UNSPECIFIED.,.F.,
  .F.,(2,2),(-6.305,0.75),.PIECEWISE_BEZIER_KNOTS.);
#7385 = CARTESIAN_POINT('',(-2.555,1.2));
#7386 = CARTESIAN_POINT('',(4.5,1.2));
#7387 = ( GEOMETRIC_REPRESENTATION_CONTEXT(2) 
PARAMETRIC_REPRESENTATION_CONTEXT() REPRESENTATION_CONTEXT('2D SPACE',''
  ) );
#7388 = ORIENTED_EDGE('',*,*,#7389,.T.);
#7389 = EDGE_CURVE('',#7369,#6849,#7390,.T.);
#7390 = SURFACE_CURVE('',#7391,(#7395,#7402),.PCURVE_S1.);
#7391 = LINE('',#7392,#7393);
#7392 = CARTESIAN_POINT('',(-12.3,43.,10.055));
#7393 = VECTOR('',#7394,1.);
#7394 = DIRECTION('',(0.,-1.,0.));
#7395 = PCURVE('',#1143,#7396);
#7396 = DEFINITIONAL_REPRESENTATION('',(#7397),#7401);
#7397 = LINE('',#7398,#7399);
#7398 = CARTESIAN_POINT('',(10.055,-86.));
#7399 = VECTOR('',#7400,1.);
#7400 = DIRECTION('',(0.,1.));
#7401 = ( GEOMETRIC_REPRESENTATION_CONTEXT(2) 
PARAMETRIC_REPRESENTATION_CONTEXT() REPRESENTATION_CONTEXT('2D SPACE',''
  ) );
#7402 = PCURVE('',#7142,#7403);
#7403 = DEFINITIONAL_REPRESENTATION('',(#7404),#7408);
#7404 = LINE('',#7405,#7406);
#7405 = CARTESIAN_POINT('',(0.,43.));
#7406 = VECTOR('',#7407,1.);
#7407 = DIRECTION('',(0.,-1.));
#7408 = ( GEOMETRIC_REPRESENTATION_CONTEXT(2) 
PARAMETRIC_REPRESENTATION_CONTEXT() REPRESENTATION_CONTEXT('2D SPACE',''
  ) );
#7409 = ADVANCED_FACE('',(#7410),#1204,.F.);
#7410 = FACE_BOUND('',#7411,.T.);
#7411 = EDGE_LOOP('',(#7412,#7435,#7436,#7437));
#7412 = ORIENTED_EDGE('',*,*,#7413,.F.);
#7413 = EDGE_CURVE('',#1184,#7414,#7416,.T.);
#7414 = VERTEX_POINT('',#7415);
#7415 = CARTESIAN_POINT('',(-11.8,43.,14.8));
#7416 = SEAM_CURVE('',#7417,(#7421,#7428),.PCURVE_S1.);
#7417 = LINE('',#7418,#7419);
#7418 = CARTESIAN_POINT('',(-11.8,43.,-0.5));
#7419 = VECTOR('',#7420,1.);
#7420 = DIRECTION('',(0.,0.,1.));
#7421 = PCURVE('',#1204,#7422);
#7422 = DEFINITIONAL_REPRESENTATION('',(#7423),#7427);
#7423 = LINE('',#7424,#7425);
#7424 = CARTESIAN_POINT('',(-6.28318530718,0.));
#7425 = VECTOR('',#7426,1.);
#7426 = DIRECTION('',(-0.,-1.));
#7427 = ( GEOMETRIC_REPRESENTATION_CONTEXT(2) 
PARAMETRIC_REPRESENTATION_CONTEXT() REPRESENTATION_CONTEXT('2D SPACE',''
  ) );
#7428 = PCURVE('',#1204,#7429);
#7429 = DEFINITIONAL_REPRESENTATION('',(#7430),#7434);
#7430 = LINE('',#7431,#7432);
#7431 = CARTESIAN_POINT('',(-0.,0.));
#7432 = VECTOR('',#7433,1.);
#7433 = DIRECTION('',(-0.,-1.));
#7434 = ( GEOMETRIC_REPRESENTATION_CONTEXT(2) 
PARAMETRIC_REPRESENTATION_CONTEXT() REPRESENTATION_CONTEXT('2D SPACE',''
  ) );
#7435 = ORIENTED_EDGE('',*,*,#1183,.T.);
#7436 = ORIENTED_EDGE('',*,*,#7413,.T.);
#7437 = ORIENTED_EDGE('',*,*,#7438,.F.);
#7438 = EDGE_CURVE('',#7414,#7414,#7439,.T.);
#7439 = SURFACE_CURVE('',#7440,(#7445,#7452),.PCURVE_S1.);
#7440 = CIRCLE('',#7441,1.7);
#7441 = AXIS2_PLACEMENT_3D('',#7442,#7443,#7444);
#7442 = CARTESIAN_POINT('',(-13.5,43.,14.8));
#7443 = DIRECTION('',(0.,0.,-1.));
#7444 = DIRECTION('',(1.,0.,0.));
#7445 = PCURVE('',#1204,#7446);
#7446 = DEFINITIONAL_REPRESENTATION('',(#7447),#7451);
#7447 = LINE('',#7448,#7449);
#7448 = CARTESIAN_POINT('',(-6.28318530718,-15.3));
#7449 = VECTOR('',#7450,1.);
#7450 = DIRECTION('',(1.,-0.));
#7451 = ( GEOMETRIC_REPRESENTATION_CONTEXT(2) 
PARAMETRIC_REPRESENTATION_CONTEXT() REPRESENTATION_CONTEXT('2D SPACE',''
  ) );
#7452 = PCURVE('',#7453,#7458);
#7453 = PLANE('',#7454);
#7454 = AXIS2_PLACEMENT_3D('',#7455,#7456,#7457);
#7455 = CARTESIAN_POINT('',(-13.5,43.,14.8));
#7456 = DIRECTION('',(0.,0.,1.));
#7457 = DIRECTION('',(1.,0.,-0.));
#7458 = DEFINITIONAL_REPRESENTATION('',(#7459),#7467);
#7459 = ( BOUNDED_CURVE() B_SPLINE_CURVE(2,(#7460,#7461,#7462,#7463,
#7464,#7465,#7466),.UNSPECIFIED.,.T.,.F.) B_SPLINE_CURVE_WITH_KNOTS((1,2
    ,2,2,2,1),(-2.094395102393,0.,2.094395102393,4.188790204786,
6.28318530718,8.377580409573),.UNSPECIFIED.) CURVE() 
GEOMETRIC_REPRESENTATION_ITEM() RATIONAL_B_SPLINE_CURVE((1.,0.5,1.,0.5,
1.,0.5,1.)) REPRESENTATION_ITEM('') );
#7460 = CARTESIAN_POINT('',(1.7,0.));
#7461 = CARTESIAN_POINT('',(1.7,-2.944486372867));
#7462 = CARTESIAN_POINT('',(-0.85,-1.472243186434));
#7463 = CARTESIAN_POINT('',(-3.4,-4.163799117101E-16));
#7464 = CARTESIAN_POINT('',(-0.85,1.472243186434));
#7465 = CARTESIAN_POINT('',(1.7,2.944486372867));
#7466 = CARTESIAN_POINT('',(1.7,0.));
#7467 = ( GEOMETRIC_REPRESENTATION_CONTEXT(2) 
PARAMETRIC_REPRESENTATION_CONTEXT() REPRESENTATION_CONTEXT('2D SPACE',''
  ) );
#7468 = ADVANCED_FACE('',(#7469),#1239,.F.);
#7469 = FACE_BOUND('',#7470,.T.);
#7470 = EDGE_LOOP('',(#7471,#7494,#7495,#7496));
#7471 = ORIENTED_EDGE('',*,*,#7472,.F.);
#7472 = EDGE_CURVE('',#1219,#7473,#7475,.T.);
#7473 = VERTEX_POINT('',#7474);
#7474 = CARTESIAN_POINT('',(30.2,21.5,15.8));
#7475 = SEAM_CURVE('',#7476,(#7480,#7487),.PCURVE_S1.);
#7476 = LINE('',#7477,#7478);
#7477 = CARTESIAN_POINT('',(30.2,21.5,-0.5));
#7478 = VECTOR('',#7479,1.);
#7479 = DIRECTION('',(0.,0.,1.));
#7480 = PCURVE('',#1239,#7481);
#7481 = DEFINITIONAL_REPRESENTATION('',(#7482),#7486);
#7482 = LINE('',#7483,#7484);
#7483 = CARTESIAN_POINT('',(-6.28318530718,0.));
#7484 = VECTOR('',#7485,1.);
#7485 = DIRECTION('',(-0.,-1.));
#7486 = ( GEOMETRIC_REPRESENTATION_CONTEXT(2) 
PARAMETRIC_REPRESENTATION_CONTEXT() REPRESENTATION_CONTEXT('2D SPACE',''
  ) );
#7487 = PCURVE('',#1239,#7488);
#7488 = DEFINITIONAL_REPRESENTATION('',(#7489),#7493);
#7489 = LINE('',#7490,#7491);
#7490 = CARTESIAN_POINT('',(-0.,0.));
#7491 = VECTOR('',#7492,1.);
#7492 = DIRECTION('',(-0.,-1.));
#7493 = ( GEOMETRIC_REPRESENTATION_CONTEXT(2) 
PARAMETRIC_REPRESENTATION_CONTEXT() REPRESENTATION_CONTEXT('2D SPACE',''
  ) );
#7494 = ORIENTED_EDGE('',*,*,#1218,.T.);
#7495 = ORIENTED_EDGE('',*,*,#7472,.T.);
#7496 = ORIENTED_EDGE('',*,*,#7497,.F.);
#7497 = EDGE_CURVE('',#7473,#7473,#7498,.T.);
#7498 = SURFACE_CURVE('',#7499,(#7504,#7511),.PCURVE_S1.);
#7499 = CIRCLE('',#7500,1.2);
#7500 = AXIS2_PLACEMENT_3D('',#7501,#7502,#7503);
#7501 = CARTESIAN_POINT('',(29.,21.5,15.8));
#7502 = DIRECTION('',(0.,0.,-1.));
#7503 = DIRECTION('',(1.,0.,0.));
#7504 = PCURVE('',#1239,#7505);
#7505 = DEFINITIONAL_REPRESENTATION('',(#7506),#7510);
#7506 = LINE('',#7507,#7508);
#7507 = CARTESIAN_POINT('',(-6.28318530718,-16.3));
#7508 = VECTOR('',#7509,1.);
#7509 = DIRECTION('',(1.,-0.));
#7510 = ( GEOMETRIC_REPRESENTATION_CONTEXT(2) 
PARAMETRIC_REPRESENTATION_CONTEXT() REPRESENTATION_CONTEXT('2D SPACE',''
  ) );
#7511 = PCURVE('',#7512,#7517);
#7512 = PLANE('',#7513);
#7513 = AXIS2_PLACEMENT_3D('',#7514,#7515,#7516);
#7514 = CARTESIAN_POINT('',(29.,21.5,15.8));
#7515 = DIRECTION('',(0.,0.,1.));
#7516 = DIRECTION('',(1.,0.,-0.));
#7517 = DEFINITIONAL_REPRESENTATION('',(#7518),#7526);
#7518 = ( BOUNDED_CURVE() B_SPLINE_CURVE(2,(#7519,#7520,#7521,#7522,
#7523,#7524,#7525),.UNSPECIFIED.,.T.,.F.) B_SPLINE_CURVE_WITH_KNOTS((1,2
    ,2,2,2,1),(-2.094395102393,0.,2.094395102393,4.188790204786,
6.28318530718,8.377580409573),.UNSPECIFIED.) CURVE() 
GEOMETRIC_REPRESENTATION_ITEM() RATIONAL_B_SPLINE_CURVE((1.,0.5,1.,0.5,
1.,0.5,1.)) REPRESENTATION_ITEM('') );
#7519 = CARTESIAN_POINT('',(1.2,0.));
#7520 = CARTESIAN_POINT('',(1.2,-2.078460969083));
#7521 = CARTESIAN_POINT('',(-0.6,-1.039230484541));
#7522 = CARTESIAN_POINT('',(-2.4,-2.939152317954E-16));
#7523 = CARTESIAN_POINT('',(-0.6,1.039230484541));
#7524 = CARTESIAN_POINT('',(1.2,2.078460969083));
#7525 = CARTESIAN_POINT('',(1.2,0.));
#7526 = ( GEOMETRIC_REPRESENTATION_CONTEXT(2) 
PARAMETRIC_REPRESENTATION_CONTEXT() REPRESENTATION_CONTEXT('2D SPACE',''
  ) );
#7527 = ADVANCED_FACE('',(#7528),#1274,.F.);
#7528 = FACE_BOUND('',#7529,.T.);
#7529 = EDGE_LOOP('',(#7530,#7553,#7554,#7555));
#7530 = ORIENTED_EDGE('',*,*,#7531,.F.);
#7531 = EDGE_CURVE('',#1254,#7532,#7534,.T.);
#7532 = VERTEX_POINT('',#7533);
#7533 = CARTESIAN_POINT('',(15.2,43.,14.8));
#7534 = SEAM_CURVE('',#7535,(#7539,#7546),.PCURVE_S1.);
#7535 = LINE('',#7536,#7537);
#7536 = CARTESIAN_POINT('',(15.2,43.,-0.5));
#7537 = VECTOR('',#7538,1.);
#7538 = DIRECTION('',(0.,0.,1.));
#7539 = PCURVE('',#1274,#7540);
#7540 = DEFINITIONAL_REPRESENTATION('',(#7541),#7545);
#7541 = LINE('',#7542,#7543);
#7542 = CARTESIAN_POINT('',(-6.28318530718,0.));
#7543 = VECTOR('',#7544,1.);
#7544 = DIRECTION('',(-0.,-1.));
#7545 = ( GEOMETRIC_REPRESENTATION_CONTEXT(2) 
PARAMETRIC_REPRESENTATION_CONTEXT() REPRESENTATION_CONTEXT('2D SPACE',''
  ) );
#7546 = PCURVE('',#1274,#7547);
#7547 = DEFINITIONAL_REPRESENTATION('',(#7548),#7552);
#7548 = LINE('',#7549,#7550);
#7549 = CARTESIAN_POINT('',(-0.,0.));
#7550 = VECTOR('',#7551,1.);
#7551 = DIRECTION('',(-0.,-1.));
#7552 = ( GEOMETRIC_REPRESENTATION_CONTEXT(2) 
PARAMETRIC_REPRESENTATION_CONTEXT() REPRESENTATION_CONTEXT('2D SPACE',''
  ) );
#7553 = ORIENTED_EDGE('',*,*,#1253,.T.);
#7554 = ORIENTED_EDGE('',*,*,#7531,.T.);
#7555 = ORIENTED_EDGE('',*,*,#7556,.F.);
#7556 = EDGE_CURVE('',#7532,#7532,#7557,.T.);
#7557 = SURFACE_CURVE('',#7558,(#7563,#7570),.PCURVE_S1.);
#7558 = CIRCLE('',#7559,1.7);
#7559 = AXIS2_PLACEMENT_3D('',#7560,#7561,#7562);
#7560 = CARTESIAN_POINT('',(13.5,43.,14.8));
#7561 = DIRECTION('',(0.,0.,-1.));
#7562 = DIRECTION('',(1.,0.,0.));
#7563 = PCURVE('',#1274,#7564);
#7564 = DEFINITIONAL_REPRESENTATION('',(#7565),#7569);
#7565 = LINE('',#7566,#7567);
#7566 = CARTESIAN_POINT('',(-6.28318530718,-15.3));
#7567 = VECTOR('',#7568,1.);
#7568 = DIRECTION('',(1.,-0.));
#7569 = ( GEOMETRIC_REPRESENTATION_CONTEXT(2) 
PARAMETRIC_REPRESENTATION_CONTEXT() REPRESENTATION_CONTEXT('2D SPACE',''
  ) );
#7570 = PCURVE('',#7571,#7576);
#7571 = PLANE('',#7572);
#7572 = AXIS2_PLACEMENT_3D('',#7573,#7574,#7575);
#7573 = CARTESIAN_POINT('',(13.5,43.,14.8));
#7574 = DIRECTION('',(0.,0.,1.));
#7575 = DIRECTION('',(1.,0.,-0.));
#7576 = DEFINITIONAL_REPRESENTATION('',(#7577),#7585);
#7577 = ( BOUNDED_CURVE() B_SPLINE_CURVE(2,(#7578,#7579,#7580,#7581,
#7582,#7583,#7584),.UNSPECIFIED.,.T.,.F.) B_SPLINE_CURVE_WITH_KNOTS((1,2
    ,2,2,2,1),(-2.094395102393,0.,2.094395102393,4.188790204786,
6.28318530718,8.377580409573),.UNSPECIFIED.) CURVE() 
GEOMETRIC_REPRESENTATION_ITEM() RATIONAL_B_SPLINE_CURVE((1.,0.5,1.,0.5,
1.,0.5,1.)) REPRESENTATION_ITEM('') );
#7578 = CARTESIAN_POINT('',(1.7,0.));
#7579 = CARTESIAN_POINT('',(1.7,-2.944486372867));
#7580 = CARTESIAN_POINT('',(-0.85,-1.472243186434));
#7581 = CARTESIAN_POINT('',(-3.4,-4.163799117101E-16));
#7582 = CARTESIAN_POINT('',(-0.85,1.472243186434));
#7583 = CARTESIAN_POINT('',(1.7,2.944486372867));
#7584 = CARTESIAN_POINT('',(1.7,0.));
#7585 = ( GEOMETRIC_REPRESENTATION_CONTEXT(2) 
PARAMETRIC_REPRESENTATION_CONTEXT() REPRESENTATION_CONTEXT('2D SPACE',''
  ) );
#7586 = ADVANCED_FACE('',(#7587),#1307,.F.);
#7587 = FACE_BOUND('',#7588,.F.);
#7588 = EDGE_LOOP('',(#7589,#7612,#7613,#7614,#7635,#7661,#7680,#7681));
#7589 = ORIENTED_EDGE('',*,*,#7590,.F.);
#7590 = EDGE_CURVE('',#1463,#7591,#7593,.T.);
#7591 = VERTEX_POINT('',#7592);
#7592 = CARTESIAN_POINT('',(-19.,-27.,15.));
#7593 = SURFACE_CURVE('',#7594,(#7598,#7605),.PCURVE_S1.);
#7594 = LINE('',#7595,#7596);
#7595 = CARTESIAN_POINT('',(-19.,-43.,15.));
#7596 = VECTOR('',#7597,1.);
#7597 = DIRECTION('',(1.110223024625E-16,1.,0.));
#7598 = PCURVE('',#1307,#7599);
#7599 = DEFINITIONAL_REPRESENTATION('',(#7600),#7604);
#7600 = LINE('',#7601,#7602);
#7601 = CARTESIAN_POINT('',(-1.340448680344E-15,-43.));
#7602 = VECTOR('',#7603,1.);
#7603 = DIRECTION('',(7.285047175784E-17,1.));
#7604 = ( GEOMETRIC_REPRESENTATION_CONTEXT(2) 
PARAMETRIC_REPRESENTATION_CONTEXT() REPRESENTATION_CONTEXT('2D SPACE',''
  ) );
#7605 = PCURVE('',#1508,#7606);
#7606 = DEFINITIONAL_REPRESENTATION('',(#7607),#7611);
#7607 = LINE('',#7608,#7609);
#7608 = CARTESIAN_POINT('',(0.,0.));
#7609 = VECTOR('',#7610,1.);
#7610 = DIRECTION('',(1.,0.));
#7611 = ( GEOMETRIC_REPRESENTATION_CONTEXT(2) 
PARAMETRIC_REPRESENTATION_CONTEXT() REPRESENTATION_CONTEXT('2D SPACE',''
  ) );
#7612 = ORIENTED_EDGE('',*,*,#1462,.F.);
#7613 = ORIENTED_EDGE('',*,*,#1289,.T.);
#7614 = ORIENTED_EDGE('',*,*,#7615,.F.);
#7615 = EDGE_CURVE('',#7616,#1292,#7618,.T.);
#7616 = VERTEX_POINT('',#7617);
#7617 = CARTESIAN_POINT('',(-15.97674418604,-33.7,11.523255813953));
#7618 = SURFACE_CURVE('',#7619,(#7623,#7629),.PCURVE_S1.);
#7619 = LINE('',#7620,#7621);
#7620 = CARTESIAN_POINT('',(-15.95909580193,-33.7,11.502960172228));
#7621 = VECTOR('',#7622,1.);
#7622 = DIRECTION('',(0.656178714925,0.,-0.754605522164));
#7623 = PCURVE('',#1307,#7624);
#7624 = DEFINITIONAL_REPRESENTATION('',(#7625),#7628);
#7625 = B_SPLINE_CURVE_WITH_KNOTS('',1,(#7626,#7627),.UNSPECIFIED.,.F.,
  .F.,(2,2),(-0.658675046992,1.918830607119),.PIECEWISE_BEZIER_KNOTS.);
#7626 = CARTESIAN_POINT('',(3.975587127164,-33.7));
#7627 = CARTESIAN_POINT('',(6.553092781275,-33.7));
#7628 = ( GEOMETRIC_REPRESENTATION_CONTEXT(2) 
PARAMETRIC_REPRESENTATION_CONTEXT() REPRESENTATION_CONTEXT('2D SPACE',''
  ) );
#7629 = PCURVE('',#1448,#7630);
#7630 = DEFINITIONAL_REPRESENTATION('',(#7631),#7634);
#7631 = B_SPLINE_CURVE_WITH_KNOTS('',1,(#7632,#7633),.UNSPECIFIED.,.F.,
  .F.,(2,2),(-0.658675046992,1.918830607119),.PIECEWISE_BEZIER_KNOTS.);
#7632 = CARTESIAN_POINT('',(-4.5,-2.891304347826));
#7633 = CARTESIAN_POINT('',(-2.555,-1.2));
#7634 = ( GEOMETRIC_REPRESENTATION_CONTEXT(2) 
PARAMETRIC_REPRESENTATION_CONTEXT() REPRESENTATION_CONTEXT('2D SPACE',''
  ) );
#7635 = ORIENTED_EDGE('',*,*,#7636,.T.);
#7636 = EDGE_CURVE('',#7616,#7637,#7639,.T.);
#7637 = VERTEX_POINT('',#7638);
#7638 = CARTESIAN_POINT('',(-15.97674418604,-27.3,11.523255813953));
#7639 = SURFACE_CURVE('',#7640,(#7644,#7650),.PCURVE_S1.);
#7640 = LINE('',#7641,#7642);
#7641 = CARTESIAN_POINT('',(-15.97674418604,-15.25,11.523255813953));
#7642 = VECTOR('',#7643,1.);
#7643 = DIRECTION('',(-0.,1.,0.));
#7644 = PCURVE('',#1307,#7645);
#7645 = DEFINITIONAL_REPRESENTATION('',(#7646),#7649);
#7646 = B_SPLINE_CURVE_WITH_KNOTS('',1,(#7647,#7648),.UNSPECIFIED.,.F.,
  .F.,(2,2),(-18.45,-12.05),.PIECEWISE_BEZIER_KNOTS.);
#7647 = CARTESIAN_POINT('',(4.607366476829,-33.7));
#7648 = CARTESIAN_POINT('',(4.607366476829,-27.3));
#7649 = ( GEOMETRIC_REPRESENTATION_CONTEXT(2) 
PARAMETRIC_REPRESENTATION_CONTEXT() REPRESENTATION_CONTEXT('2D SPACE',''
  ) );
#7650 = PCURVE('',#7651,#7656);
#7651 = PLANE('',#7652);
#7652 = AXIS2_PLACEMENT_3D('',#7653,#7654,#7655);
#7653 = CARTESIAN_POINT('',(-15.5,-30.5,12.));
#7654 = DIRECTION('',(0.707106781187,0.,-0.707106781187));
#7655 = DIRECTION('',(-0.707106781187,0.,-0.707106781187));
#7656 = DEFINITIONAL_REPRESENTATION('',(#7657),#7660);
#7657 = B_SPLINE_CURVE_WITH_KNOTS('',1,(#7658,#7659),.UNSPECIFIED.,.F.,
  .F.,(2,2),(-18.45,-12.05),.PIECEWISE_BEZIER_KNOTS.);
#7658 = CARTESIAN_POINT('',(0.674218093689,-3.2));
#7659 = CARTESIAN_POINT('',(0.674218093689,3.2));
#7660 = ( GEOMETRIC_REPRESENTATION_CONTEXT(2) 
PARAMETRIC_REPRESENTATION_CONTEXT() REPRESENTATION_CONTEXT('2D SPACE',''
  ) );
#7661 = ORIENTED_EDGE('',*,*,#7662,.T.);
#7662 = EDGE_CURVE('',#7637,#1361,#7663,.T.);
#7663 = SURFACE_CURVE('',#7664,(#7668,#7674),.PCURVE_S1.);
#7664 = LINE('',#7665,#7666);
#7665 = CARTESIAN_POINT('',(-15.95909580193,-27.3,11.502960172228));
#7666 = VECTOR('',#7667,1.);
#7667 = DIRECTION('',(0.656178714925,0.,-0.754605522164));
#7668 = PCURVE('',#1307,#7669);
#7669 = DEFINITIONAL_REPRESENTATION('',(#7670),#7673);
#7670 = B_SPLINE_CURVE_WITH_KNOTS('',1,(#7671,#7672),.UNSPECIFIED.,.F.,
  .F.,(2,2),(-0.658675046992,1.918830607119),.PIECEWISE_BEZIER_KNOTS.);
#7671 = CARTESIAN_POINT('',(3.975587127164,-27.3));
#7672 = CARTESIAN_POINT('',(6.553092781275,-27.3));
#7673 = ( GEOMETRIC_REPRESENTATION_CONTEXT(2) 
PARAMETRIC_REPRESENTATION_CONTEXT() REPRESENTATION_CONTEXT('2D SPACE',''
  ) );
#7674 = PCURVE('',#1398,#7675);
#7675 = DEFINITIONAL_REPRESENTATION('',(#7676),#7679);
#7676 = B_SPLINE_CURVE_WITH_KNOTS('',1,(#7677,#7678),.UNSPECIFIED.,.F.,
  .F.,(2,2),(-0.658675046992,1.918830607119),.PIECEWISE_BEZIER_KNOTS.);
#7677 = CARTESIAN_POINT('',(-4.5,-2.891304347826));
#7678 = CARTESIAN_POINT('',(-2.555,-1.2));
#7679 = ( GEOMETRIC_REPRESENTATION_CONTEXT(2) 
PARAMETRIC_REPRESENTATION_CONTEXT() REPRESENTATION_CONTEXT('2D SPACE',''
  ) );
#7680 = ORIENTED_EDGE('',*,*,#1360,.T.);
#7681 = ORIENTED_EDGE('',*,*,#7682,.T.);
#7682 = EDGE_CURVE('',#1340,#7591,#7683,.T.);
#7683 = SURFACE_CURVE('',#7684,(#7688,#7694),.PCURVE_S1.);
#7684 = LINE('',#7685,#7686);
#7685 = CARTESIAN_POINT('',(-12.07750188111,-20.07750188111,
    7.039127163281));
#7686 = VECTOR('',#7687,1.);
#7687 = DIRECTION('',(-0.548614782048,-0.548614782048,0.630906999356));
#7688 = PCURVE('',#1307,#7689);
#7689 = DEFINITIONAL_REPRESENTATION('',(#7690),#7693);
#7690 = B_SPLINE_CURVE_WITH_KNOTS('',1,(#7691,#7692),.UNSPECIFIED.,.F.,
  .F.,(2,2),(4.780217749683,12.618139987113),.PIECEWISE_BEZIER_KNOTS.);
#7691 = CARTESIAN_POINT('',(6.553092781275,-22.7));
#7692 = CARTESIAN_POINT('',(0.,-27.));
#7693 = ( GEOMETRIC_REPRESENTATION_CONTEXT(2) 
PARAMETRIC_REPRESENTATION_CONTEXT() REPRESENTATION_CONTEXT('2D SPACE',''
  ) );
#7694 = PCURVE('',#1639,#7695);
#7695 = DEFINITIONAL_REPRESENTATION('',(#7696),#7699);
#7696 = B_SPLINE_CURVE_WITH_KNOTS('',1,(#7697,#7698),.UNSPECIFIED.,.F.,
  .F.,(2,2),(4.780217749683,12.618139987113),.PIECEWISE_BEZIER_KNOTS.);
#7697 = CARTESIAN_POINT('',(6.553092781275,14.7));
#7698 = CARTESIAN_POINT('',(0.,19.));
#7699 = ( GEOMETRIC_REPRESENTATION_CONTEXT(2) 
PARAMETRIC_REPRESENTATION_CONTEXT() REPRESENTATION_CONTEXT('2D SPACE',''
  ) );
#7700 = ADVANCED_FACE('',(#7701),#1448,.F.);
#7701 = FACE_BOUND('',#7702,.F.);
#7702 = EDGE_LOOP('',(#7703,#7704,#7725,#7726,#7747,#7775,#7803,#7824));
#7703 = ORIENTED_EDGE('',*,*,#1435,.T.);
#7704 = ORIENTED_EDGE('',*,*,#7705,.T.);
#7705 = EDGE_CURVE('',#1410,#2048,#7706,.T.);
#7706 = SURFACE_CURVE('',#7707,(#7711,#7718),.PCURVE_S1.);
#7707 = LINE('',#7708,#7709);
#7708 = CARTESIAN_POINT('',(-15.5,-33.7,3.));
#7709 = VECTOR('',#7710,1.);
#7710 = DIRECTION('',(1.,0.,0.));
#7711 = PCURVE('',#1448,#7712);
#7712 = DEFINITIONAL_REPRESENTATION('',(#7713),#7717);
#7713 = LINE('',#7714,#7715);
#7714 = CARTESIAN_POINT('',(4.5,-2.));
#7715 = VECTOR('',#7716,1.);
#7716 = DIRECTION('',(0.,1.));
#7717 = ( GEOMETRIC_REPRESENTATION_CONTEXT(2) 
PARAMETRIC_REPRESENTATION_CONTEXT() REPRESENTATION_CONTEXT('2D SPACE',''
  ) );
#7718 = PCURVE('',#1424,#7719);
#7719 = DEFINITIONAL_REPRESENTATION('',(#7720),#7724);
#7720 = LINE('',#7721,#7722);
#7721 = CARTESIAN_POINT('',(0.,-3.2));
#7722 = VECTOR('',#7723,1.);
#7723 = DIRECTION('',(1.,0.));
#7724 = ( GEOMETRIC_REPRESENTATION_CONTEXT(2) 
PARAMETRIC_REPRESENTATION_CONTEXT() REPRESENTATION_CONTEXT('2D SPACE',''
  ) );
#7725 = ORIENTED_EDGE('',*,*,#2068,.F.);
#7726 = ORIENTED_EDGE('',*,*,#7727,.T.);
#7727 = EDGE_CURVE('',#2069,#7728,#7730,.T.);
#7728 = VERTEX_POINT('',#7729);
#7729 = CARTESIAN_POINT('',(-11.02325581395,-33.7,11.523255813953));
#7730 = SURFACE_CURVE('',#7731,(#7735,#7741),.PCURVE_S1.);
#7731 = LINE('',#7732,#7733);
#7732 = CARTESIAN_POINT('',(-13.19090419806,-33.7,9.030460172228));
#7733 = VECTOR('',#7734,1.);
#7734 = DIRECTION('',(0.656178714925,-0.,0.754605522164));
#7735 = PCURVE('',#1448,#7736);
#7736 = DEFINITIONAL_REPRESENTATION('',(#7737),#7740);
#7737 = B_SPLINE_CURVE_WITH_KNOTS('',1,(#7738,#7739),.UNSPECIFIED.,.F.,
  .F.,(2,2),(1.357715783519,3.93522143763),.PIECEWISE_BEZIER_KNOTS.);
#7738 = CARTESIAN_POINT('',(-2.555,1.2));
#7739 = CARTESIAN_POINT('',(-4.5,2.891304347826));
#7740 = ( GEOMETRIC_REPRESENTATION_CONTEXT(2) 
PARAMETRIC_REPRESENTATION_CONTEXT() REPRESENTATION_CONTEXT('2D SPACE',''
  ) );
#7741 = PCURVE('',#1779,#7742);
#7742 = DEFINITIONAL_REPRESENTATION('',(#7743),#7746);
#7743 = B_SPLINE_CURVE_WITH_KNOTS('',1,(#7744,#7745),.UNSPECIFIED.,.F.,
  .F.,(2,2),(1.357715783519,3.93522143763),.PIECEWISE_BEZIER_KNOTS.);
#7744 = CARTESIAN_POINT('',(0.,-33.7));
#7745 = CARTESIAN_POINT('',(2.577505654111,-33.7));
#7746 = ( GEOMETRIC_REPRESENTATION_CONTEXT(2) 
PARAMETRIC_REPRESENTATION_CONTEXT() REPRESENTATION_CONTEXT('2D SPACE',''
  ) );
#7747 = ORIENTED_EDGE('',*,*,#7748,.T.);
#7748 = EDGE_CURVE('',#7728,#7749,#7751,.T.);
#7749 = VERTEX_POINT('',#7750);
#7750 = CARTESIAN_POINT('',(-11.5,-33.7,12.));
#7751 = SURFACE_CURVE('',#7752,(#7756,#7763),.PCURVE_S1.);
#7752 = LINE('',#7753,#7754);
#7753 = CARTESIAN_POINT('',(-7.5,-33.7,8.));
#7754 = VECTOR('',#7755,1.);
#7755 = DIRECTION('',(-0.707106781187,0.,0.707106781187));
#7756 = PCURVE('',#1448,#7757);
#7757 = DEFINITIONAL_REPRESENTATION('',(#7758),#7762);
#7758 = LINE('',#7759,#7760);
#7759 = CARTESIAN_POINT('',(-0.5,6.));
#7760 = VECTOR('',#7761,1.);
#7761 = DIRECTION('',(-0.707106781187,-0.707106781187));
#7762 = ( GEOMETRIC_REPRESENTATION_CONTEXT(2) 
PARAMETRIC_REPRESENTATION_CONTEXT() REPRESENTATION_CONTEXT('2D SPACE',''
  ) );
#7763 = PCURVE('',#7764,#7769);
#7764 = PLANE('',#7765);
#7765 = AXIS2_PLACEMENT_3D('',#7766,#7767,#7768);
#7766 = CARTESIAN_POINT('',(-7.5,-30.5,8.));
#7767 = DIRECTION('',(-0.707106781187,-0.,-0.707106781187));
#7768 = DIRECTION('',(-0.707106781187,0.,0.707106781187));
#7769 = DEFINITIONAL_REPRESENTATION('',(#7770),#7774);
#7770 = LINE('',#7771,#7772);
#7771 = CARTESIAN_POINT('',(0.,-3.2));
#7772 = VECTOR('',#7773,1.);
#7773 = DIRECTION('',(1.,0.));
#7774 = ( GEOMETRIC_REPRESENTATION_CONTEXT(2) 
PARAMETRIC_REPRESENTATION_CONTEXT() REPRESENTATION_CONTEXT('2D SPACE',''
  ) );
#7775 = ORIENTED_EDGE('',*,*,#7776,.T.);
#7776 = EDGE_CURVE('',#7749,#7777,#7779,.T.);
#7777 = VERTEX_POINT('',#7778);
#7778 = CARTESIAN_POINT('',(-15.5,-33.7,12.));
#7779 = SURFACE_CURVE('',#7780,(#7784,#7791),.PCURVE_S1.);
#7780 = LINE('',#7781,#7782);
#7781 = CARTESIAN_POINT('',(-11.5,-33.7,12.));
#7782 = VECTOR('',#7783,1.);
#7783 = DIRECTION('',(-1.,0.,0.));
#7784 = PCURVE('',#1448,#7785);
#7785 = DEFINITIONAL_REPRESENTATION('',(#7786),#7790);
#7786 = LINE('',#7787,#7788);
#7787 = CARTESIAN_POINT('',(-4.5,2.));
#7788 = VECTOR('',#7789,1.);
#7789 = DIRECTION('',(0.,-1.));
#7790 = ( GEOMETRIC_REPRESENTATION_CONTEXT(2) 
PARAMETRIC_REPRESENTATION_CONTEXT() REPRESENTATION_CONTEXT('2D SPACE',''
  ) );
#7791 = PCURVE('',#7792,#7797);
#7792 = PLANE('',#7793);
#7793 = AXIS2_PLACEMENT_3D('',#7794,#7795,#7796);
#7794 = CARTESIAN_POINT('',(-11.5,-30.5,12.));
#7795 = DIRECTION('',(-0.,-0.,-1.));
#7796 = DIRECTION('',(-1.,0.,0.));
#7797 = DEFINITIONAL_REPRESENTATION('',(#7798),#7802);
#7798 = LINE('',#7799,#7800);
#7799 = CARTESIAN_POINT('',(0.,-3.2));
#7800 = VECTOR('',#7801,1.);
#7801 = DIRECTION('',(1.,0.));
#7802 = ( GEOMETRIC_REPRESENTATION_CONTEXT(2) 
PARAMETRIC_REPRESENTATION_CONTEXT() REPRESENTATION_CONTEXT('2D SPACE',''
  ) );
#7803 = ORIENTED_EDGE('',*,*,#7804,.T.);
#7804 = EDGE_CURVE('',#7777,#7616,#7805,.T.);
#7805 = SURFACE_CURVE('',#7806,(#7810,#7817),.PCURVE_S1.);
#7806 = LINE('',#7807,#7808);
#7807 = CARTESIAN_POINT('',(-15.5,-33.7,12.));
#7808 = VECTOR('',#7809,1.);
#7809 = DIRECTION('',(-0.707106781187,0.,-0.707106781187));
#7810 = PCURVE('',#1448,#7811);
#7811 = DEFINITIONAL_REPRESENTATION('',(#7812),#7816);
#7812 = LINE('',#7813,#7814);
#7813 = CARTESIAN_POINT('',(-4.5,-2.));
#7814 = VECTOR('',#7815,1.);
#7815 = DIRECTION('',(0.707106781187,-0.707106781187));
#7816 = ( GEOMETRIC_REPRESENTATION_CONTEXT(2) 
PARAMETRIC_REPRESENTATION_CONTEXT() REPRESENTATION_CONTEXT('2D SPACE',''
  ) );
#7817 = PCURVE('',#7651,#7818);
#7818 = DEFINITIONAL_REPRESENTATION('',(#7819),#7823);
#7819 = LINE('',#7820,#7821);
#7820 = CARTESIAN_POINT('',(-0.,-3.2));
#7821 = VECTOR('',#7822,1.);
#7822 = DIRECTION('',(1.,0.));
#7823 = ( GEOMETRIC_REPRESENTATION_CONTEXT(2) 
PARAMETRIC_REPRESENTATION_CONTEXT() REPRESENTATION_CONTEXT('2D SPACE',''
  ) );
#7824 = ORIENTED_EDGE('',*,*,#7615,.T.);
#7825 = ADVANCED_FACE('',(#7826),#1424,.T.);
#7826 = FACE_BOUND('',#7827,.T.);
#7827 = EDGE_LOOP('',(#7828,#7829,#7830,#7831));
#7828 = ORIENTED_EDGE('',*,*,#1409,.T.);
#7829 = ORIENTED_EDGE('',*,*,#7705,.T.);
#7830 = ORIENTED_EDGE('',*,*,#2047,.F.);
#7831 = ORIENTED_EDGE('',*,*,#7832,.F.);
#7832 = EDGE_CURVE('',#1384,#2027,#7833,.T.);
#7833 = SURFACE_CURVE('',#7834,(#7838,#7845),.PCURVE_S1.);
#7834 = LINE('',#7835,#7836);
#7835 = CARTESIAN_POINT('',(-15.5,-27.3,3.));
#7836 = VECTOR('',#7837,1.);
#7837 = DIRECTION('',(1.,0.,0.));
#7838 = PCURVE('',#1424,#7839);
#7839 = DEFINITIONAL_REPRESENTATION('',(#7840),#7844);
#7840 = LINE('',#7841,#7842);
#7841 = CARTESIAN_POINT('',(0.,3.2));
#7842 = VECTOR('',#7843,1.);
#7843 = DIRECTION('',(1.,0.));
#7844 = ( GEOMETRIC_REPRESENTATION_CONTEXT(2) 
PARAMETRIC_REPRESENTATION_CONTEXT() REPRESENTATION_CONTEXT('2D SPACE',''
  ) );
#7845 = PCURVE('',#1398,#7846);
#7846 = DEFINITIONAL_REPRESENTATION('',(#7847),#7851);
#7847 = LINE('',#7848,#7849);
#7848 = CARTESIAN_POINT('',(4.5,-2.));
#7849 = VECTOR('',#7850,1.);
#7850 = DIRECTION('',(0.,1.));
#7851 = ( GEOMETRIC_REPRESENTATION_CONTEXT(2) 
PARAMETRIC_REPRESENTATION_CONTEXT() REPRESENTATION_CONTEXT('2D SPACE',''
  ) );
#7852 = ADVANCED_FACE('',(#7853),#1398,.T.);
#7853 = FACE_BOUND('',#7854,.T.);
#7854 = EDGE_LOOP('',(#7855,#7856,#7857,#7858,#7879,#7902,#7925,#7946));
#7855 = ORIENTED_EDGE('',*,*,#1383,.T.);
#7856 = ORIENTED_EDGE('',*,*,#7832,.T.);
#7857 = ORIENTED_EDGE('',*,*,#2026,.F.);
#7858 = ORIENTED_EDGE('',*,*,#7859,.T.);
#7859 = EDGE_CURVE('',#2004,#7860,#7862,.T.);
#7860 = VERTEX_POINT('',#7861);
#7861 = CARTESIAN_POINT('',(-11.02325581395,-27.3,11.523255813953));
#7862 = SURFACE_CURVE('',#7863,(#7867,#7873),.PCURVE_S1.);
#7863 = LINE('',#7864,#7865);
#7864 = CARTESIAN_POINT('',(-13.19090419806,-27.3,9.030460172228));
#7865 = VECTOR('',#7866,1.);
#7866 = DIRECTION('',(0.656178714925,-0.,0.754605522164));
#7867 = PCURVE('',#1398,#7868);
#7868 = DEFINITIONAL_REPRESENTATION('',(#7869),#7872);
#7869 = B_SPLINE_CURVE_WITH_KNOTS('',1,(#7870,#7871),.UNSPECIFIED.,.F.,
  .F.,(2,2),(1.357715783519,3.93522143763),.PIECEWISE_BEZIER_KNOTS.);
#7870 = CARTESIAN_POINT('',(-2.555,1.2));
#7871 = CARTESIAN_POINT('',(-4.5,2.891304347826));
#7872 = ( GEOMETRIC_REPRESENTATION_CONTEXT(2) 
PARAMETRIC_REPRESENTATION_CONTEXT() REPRESENTATION_CONTEXT('2D SPACE',''
  ) );
#7873 = PCURVE('',#1779,#7874);
#7874 = DEFINITIONAL_REPRESENTATION('',(#7875),#7878);
#7875 = B_SPLINE_CURVE_WITH_KNOTS('',1,(#7876,#7877),.UNSPECIFIED.,.F.,
  .F.,(2,2),(1.357715783519,3.93522143763),.PIECEWISE_BEZIER_KNOTS.);
#7876 = CARTESIAN_POINT('',(0.,-27.3));
#7877 = CARTESIAN_POINT('',(2.577505654111,-27.3));
#7878 = ( GEOMETRIC_REPRESENTATION_CONTEXT(2) 
PARAMETRIC_REPRESENTATION_CONTEXT() REPRESENTATION_CONTEXT('2D SPACE',''
  ) );
#7879 = ORIENTED_EDGE('',*,*,#7880,.T.);
#7880 = EDGE_CURVE('',#7860,#7881,#7883,.T.);
#7881 = VERTEX_POINT('',#7882);
#7882 = CARTESIAN_POINT('',(-11.5,-27.3,12.));
#7883 = SURFACE_CURVE('',#7884,(#7888,#7895),.PCURVE_S1.);
#7884 = LINE('',#7885,#7886);
#7885 = CARTESIAN_POINT('',(-7.5,-27.3,8.));
#7886 = VECTOR('',#7887,1.);
#7887 = DIRECTION('',(-0.707106781187,0.,0.707106781187));
#7888 = PCURVE('',#1398,#7889);
#7889 = DEFINITIONAL_REPRESENTATION('',(#7890),#7894);
#7890 = LINE('',#7891,#7892);
#7891 = CARTESIAN_POINT('',(-0.5,6.));
#7892 = VECTOR('',#7893,1.);
#7893 = DIRECTION('',(-0.707106781187,-0.707106781187));
#7894 = ( GEOMETRIC_REPRESENTATION_CONTEXT(2) 
PARAMETRIC_REPRESENTATION_CONTEXT() REPRESENTATION_CONTEXT('2D SPACE',''
  ) );
#7895 = PCURVE('',#7764,#7896);
#7896 = DEFINITIONAL_REPRESENTATION('',(#7897),#7901);
#7897 = LINE('',#7898,#7899);
#7898 = CARTESIAN_POINT('',(0.,3.2));
#7899 = VECTOR('',#7900,1.);
#7900 = DIRECTION('',(1.,0.));
#7901 = ( GEOMETRIC_REPRESENTATION_CONTEXT(2) 
PARAMETRIC_REPRESENTATION_CONTEXT() REPRESENTATION_CONTEXT('2D SPACE',''
  ) );
#7902 = ORIENTED_EDGE('',*,*,#7903,.T.);
#7903 = EDGE_CURVE('',#7881,#7904,#7906,.T.);
#7904 = VERTEX_POINT('',#7905);
#7905 = CARTESIAN_POINT('',(-15.5,-27.3,12.));
#7906 = SURFACE_CURVE('',#7907,(#7911,#7918),.PCURVE_S1.);
#7907 = LINE('',#7908,#7909);
#7908 = CARTESIAN_POINT('',(-11.5,-27.3,12.));
#7909 = VECTOR('',#7910,1.);
#7910 = DIRECTION('',(-1.,0.,0.));
#7911 = PCURVE('',#1398,#7912);
#7912 = DEFINITIONAL_REPRESENTATION('',(#7913),#7917);
#7913 = LINE('',#7914,#7915);
#7914 = CARTESIAN_POINT('',(-4.5,2.));
#7915 = VECTOR('',#7916,1.);
#7916 = DIRECTION('',(0.,-1.));
#7917 = ( GEOMETRIC_REPRESENTATION_CONTEXT(2) 
PARAMETRIC_REPRESENTATION_CONTEXT() REPRESENTATION_CONTEXT('2D SPACE',''
  ) );
#7918 = PCURVE('',#7792,#7919);
#7919 = DEFINITIONAL_REPRESENTATION('',(#7920),#7924);
#7920 = LINE('',#7921,#7922);
#7921 = CARTESIAN_POINT('',(0.,3.2));
#7922 = VECTOR('',#7923,1.);
#7923 = DIRECTION('',(1.,0.));
#7924 = ( GEOMETRIC_REPRESENTATION_CONTEXT(2) 
PARAMETRIC_REPRESENTATION_CONTEXT() REPRESENTATION_CONTEXT('2D SPACE',''
  ) );
#7925 = ORIENTED_EDGE('',*,*,#7926,.T.);
#7926 = EDGE_CURVE('',#7904,#7637,#7927,.T.);
#7927 = SURFACE_CURVE('',#7928,(#7932,#7939),.PCURVE_S1.);
#7928 = LINE('',#7929,#7930);
#7929 = CARTESIAN_POINT('',(-15.5,-27.3,12.));
#7930 = VECTOR('',#7931,1.);
#7931 = DIRECTION('',(-0.707106781187,0.,-0.707106781187));
#7932 = PCURVE('',#1398,#7933);
#7933 = DEFINITIONAL_REPRESENTATION('',(#7934),#7938);
#7934 = LINE('',#7935,#7936);
#7935 = CARTESIAN_POINT('',(-4.5,-2.));
#7936 = VECTOR('',#7937,1.);
#7937 = DIRECTION('',(0.707106781187,-0.707106781187));
#7938 = ( GEOMETRIC_REPRESENTATION_CONTEXT(2) 
PARAMETRIC_REPRESENTATION_CONTEXT() REPRESENTATION_CONTEXT('2D SPACE',''
  ) );
#7939 = PCURVE('',#7651,#7940);
#7940 = DEFINITIONAL_REPRESENTATION('',(#7941),#7945);
#7941 = LINE('',#7942,#7943);
#7942 = CARTESIAN_POINT('',(0.,3.2));
#7943 = VECTOR('',#7944,1.);
#7944 = DIRECTION('',(1.,0.));
#7945 = ( GEOMETRIC_REPRESENTATION_CONTEXT(2) 
PARAMETRIC_REPRESENTATION_CONTEXT() REPRESENTATION_CONTEXT('2D SPACE',''
  ) );
#7946 = ORIENTED_EDGE('',*,*,#7662,.T.);
#7947 = ADVANCED_FACE('',(#7948),#1508,.T.);
#7948 = FACE_BOUND('',#7949,.T.);
#7949 = EDGE_LOOP('',(#7950,#7951,#7952,#7975));
#7950 = ORIENTED_EDGE('',*,*,#7590,.F.);
#7951 = ORIENTED_EDGE('',*,*,#1492,.T.);
#7952 = ORIENTED_EDGE('',*,*,#7953,.T.);
#7953 = EDGE_CURVE('',#1493,#7954,#7956,.T.);
#7954 = VERTEX_POINT('',#7955);
#7955 = CARTESIAN_POINT('',(-19.,-27.,18.));
#7956 = SURFACE_CURVE('',#7957,(#7961,#7968),.PCURVE_S1.);
#7957 = LINE('',#7958,#7959);
#7958 = CARTESIAN_POINT('',(-19.,-43.,18.));
#7959 = VECTOR('',#7960,1.);
#7960 = DIRECTION('',(1.110223024625E-16,1.,0.));
#7961 = PCURVE('',#1508,#7962);
#7962 = DEFINITIONAL_REPRESENTATION('',(#7963),#7967);
#7963 = LINE('',#7964,#7965);
#7964 = CARTESIAN_POINT('',(0.,-3.));
#7965 = VECTOR('',#7966,1.);
#7966 = DIRECTION('',(1.,0.));
#7967 = ( GEOMETRIC_REPRESENTATION_CONTEXT(2) 
PARAMETRIC_REPRESENTATION_CONTEXT() REPRESENTATION_CONTEXT('2D SPACE',''
  ) );
#7968 = PCURVE('',#1536,#7969);
#7969 = DEFINITIONAL_REPRESENTATION('',(#7970),#7974);
#7970 = LINE('',#7971,#7972);
#7971 = CARTESIAN_POINT('',(5.5,-43.));
#7972 = VECTOR('',#7973,1.);
#7973 = DIRECTION('',(-1.110223024625E-16,1.));
#7974 = ( GEOMETRIC_REPRESENTATION_CONTEXT(2) 
PARAMETRIC_REPRESENTATION_CONTEXT() REPRESENTATION_CONTEXT('2D SPACE',''
  ) );
#7975 = ORIENTED_EDGE('',*,*,#7976,.F.);
#7976 = EDGE_CURVE('',#7591,#7954,#7977,.T.);
#7977 = SURFACE_CURVE('',#7978,(#7982,#7988),.PCURVE_S1.);
#7978 = LINE('',#7979,#7980);
#7979 = CARTESIAN_POINT('',(-19.,-27.,15.));
#7980 = VECTOR('',#7981,1.);
#7981 = DIRECTION('',(0.,0.,1.));
#7982 = PCURVE('',#1508,#7983);
#7983 = DEFINITIONAL_REPRESENTATION('',(#7984),#7987);
#7984 = B_SPLINE_CURVE_WITH_KNOTS('',1,(#7985,#7986),.UNSPECIFIED.,.F.,
  .F.,(2,2),(0.,3.),.PIECEWISE_BEZIER_KNOTS.);
#7985 = CARTESIAN_POINT('',(16.,0.));
#7986 = CARTESIAN_POINT('',(16.,-3.));
#7987 = ( GEOMETRIC_REPRESENTATION_CONTEXT(2) 
PARAMETRIC_REPRESENTATION_CONTEXT() REPRESENTATION_CONTEXT('2D SPACE',''
  ) );
#7988 = PCURVE('',#1937,#7989);
#7989 = DEFINITIONAL_REPRESENTATION('',(#7990),#7993);
#7990 = B_SPLINE_CURVE_WITH_KNOTS('',1,(#7991,#7992),.UNSPECIFIED.,.F.,
  .F.,(2,2),(0.,3.),.PIECEWISE_BEZIER_KNOTS.);
#7991 = CARTESIAN_POINT('',(48.,0.));
#7992 = CARTESIAN_POINT('',(48.,-3.));
#7993 = ( GEOMETRIC_REPRESENTATION_CONTEXT(2) 
PARAMETRIC_REPRESENTATION_CONTEXT() REPRESENTATION_CONTEXT('2D SPACE',''
  ) );
#7994 = ADVANCED_FACE('',(#7995,#8447,#8478,#8509,#8544,#8575,#8610,
    #8641,#8672,#8707,#8738,#8852,#8887,#8918),#1536,.F.);
#7995 = FACE_BOUND('',#7996,.F.);
#7996 = EDGE_LOOP('',(#7997,#7998,#8021,#8042,#8043,#8066,#8094,#8115,
    #8116,#8117,#8138,#8139,#8162,#8190,#8211,#8212,#8235,#8256,#8257,
    #8280,#8308,#8329,#8330,#8353,#8374,#8375,#8398,#8426));
#7997 = ORIENTED_EDGE('',*,*,#4333,.F.);
#7998 = ORIENTED_EDGE('',*,*,#7999,.T.);
#7999 = EDGE_CURVE('',#4307,#8000,#8002,.T.);
#8000 = VERTEX_POINT('',#8001);
#8001 = CARTESIAN_POINT('',(19.,-27.,18.));
#8002 = SURFACE_CURVE('',#8003,(#8007,#8014),.PCURVE_S1.);
#8003 = LINE('',#8004,#8005);
#8004 = CARTESIAN_POINT('',(29.,-27.,18.));
#8005 = VECTOR('',#8006,1.);
#8006 = DIRECTION('',(-1.,0.,0.));
#8007 = PCURVE('',#1536,#8008);
#8008 = DEFINITIONAL_REPRESENTATION('',(#8009),#8013);
#8009 = LINE('',#8010,#8011);
#8010 = CARTESIAN_POINT('',(-42.5,-27.));
#8011 = VECTOR('',#8012,1.);
#8012 = DIRECTION('',(1.,0.));
#8013 = ( GEOMETRIC_REPRESENTATION_CONTEXT(2) 
PARAMETRIC_REPRESENTATION_CONTEXT() REPRESENTATION_CONTEXT('2D SPACE',''
  ) );
#8014 = PCURVE('',#4321,#8015);
#8015 = DEFINITIONAL_REPRESENTATION('',(#8016),#8020);
#8016 = LINE('',#8017,#8018);
#8017 = CARTESIAN_POINT('',(0.,-3.));
#8018 = VECTOR('',#8019,1.);
#8019 = DIRECTION('',(1.,0.));
#8020 = ( GEOMETRIC_REPRESENTATION_CONTEXT(2) 
PARAMETRIC_REPRESENTATION_CONTEXT() REPRESENTATION_CONTEXT('2D SPACE',''
  ) );
#8021 = ORIENTED_EDGE('',*,*,#8022,.T.);
#8022 = EDGE_CURVE('',#8000,#3231,#8023,.T.);
#8023 = SURFACE_CURVE('',#8024,(#8028,#8035),.PCURVE_S1.);
#8024 = LINE('',#8025,#8026);
#8025 = CARTESIAN_POINT('',(19.,43.,18.));
#8026 = VECTOR('',#8027,1.);
#8027 = DIRECTION('',(-1.110223024625E-16,-1.,0.));
#8028 = PCURVE('',#1536,#8029);
#8029 = DEFINITIONAL_REPRESENTATION('',(#8030),#8034);
#8030 = LINE('',#8031,#8032);
#8031 = CARTESIAN_POINT('',(-32.5,43.));
#8032 = VECTOR('',#8033,1.);
#8033 = DIRECTION('',(1.110223024625E-16,-1.));
#8034 = ( GEOMETRIC_REPRESENTATION_CONTEXT(2) 
PARAMETRIC_REPRESENTATION_CONTEXT() REPRESENTATION_CONTEXT('2D SPACE',''
  ) );
#8035 = PCURVE('',#3268,#8036);
#8036 = DEFINITIONAL_REPRESENTATION('',(#8037),#8041);
#8037 = LINE('',#8038,#8039);
#8038 = CARTESIAN_POINT('',(0.,-3.));
#8039 = VECTOR('',#8040,1.);
#8040 = DIRECTION('',(1.,0.));
#8041 = ( GEOMETRIC_REPRESENTATION_CONTEXT(2) 
PARAMETRIC_REPRESENTATION_CONTEXT() REPRESENTATION_CONTEXT('2D SPACE',''
  ) );
#8042 = ORIENTED_EDGE('',*,*,#3230,.T.);
#8043 = ORIENTED_EDGE('',*,*,#8044,.T.);
#8044 = EDGE_CURVE('',#3203,#8045,#8047,.T.);
#8045 = VERTEX_POINT('',#8046);
#8046 = CARTESIAN_POINT('',(8.,-27.,18.));
#8047 = SURFACE_CURVE('',#8048,(#8052,#8059),.PCURVE_S1.);
#8048 = LINE('',#8049,#8050);
#8049 = CARTESIAN_POINT('',(8.,-43.,18.));
#8050 = VECTOR('',#8051,1.);
#8051 = DIRECTION('',(1.110223024625E-16,1.,0.));
#8052 = PCURVE('',#1536,#8053);
#8053 = DEFINITIONAL_REPRESENTATION('',(#8054),#8058);
#8054 = LINE('',#8055,#8056);
#8055 = CARTESIAN_POINT('',(-21.5,-43.));
#8056 = VECTOR('',#8057,1.);
#8057 = DIRECTION('',(-1.110223024625E-16,1.));
#8058 = ( GEOMETRIC_REPRESENTATION_CONTEXT(2) 
PARAMETRIC_REPRESENTATION_CONTEXT() REPRESENTATION_CONTEXT('2D SPACE',''
  ) );
#8059 = PCURVE('',#3218,#8060);
#8060 = DEFINITIONAL_REPRESENTATION('',(#8061),#8065);
#8061 = LINE('',#8062,#8063);
#8062 = CARTESIAN_POINT('',(0.,-3.));
#8063 = VECTOR('',#8064,1.);
#8064 = DIRECTION('',(1.,0.));
#8065 = ( GEOMETRIC_REPRESENTATION_CONTEXT(2) 
PARAMETRIC_REPRESENTATION_CONTEXT() REPRESENTATION_CONTEXT('2D SPACE',''
  ) );
#8066 = ORIENTED_EDGE('',*,*,#8067,.T.);
#8067 = EDGE_CURVE('',#8045,#8068,#8070,.T.);
#8068 = VERTEX_POINT('',#8069);
#8069 = CARTESIAN_POINT('',(-8.,-27.,18.));
#8070 = SURFACE_CURVE('',#8071,(#8075,#8082),.PCURVE_S1.);
#8071 = LINE('',#8072,#8073);
#8072 = CARTESIAN_POINT('',(29.,-27.,18.));
#8073 = VECTOR('',#8074,1.);
#8074 = DIRECTION('',(-1.,0.,0.));
#8075 = PCURVE('',#1536,#8076);
#8076 = DEFINITIONAL_REPRESENTATION('',(#8077),#8081);
#8077 = LINE('',#8078,#8079);
#8078 = CARTESIAN_POINT('',(-42.5,-27.));
#8079 = VECTOR('',#8080,1.);
#8080 = DIRECTION('',(1.,0.));
#8081 = ( GEOMETRIC_REPRESENTATION_CONTEXT(2) 
PARAMETRIC_REPRESENTATION_CONTEXT() REPRESENTATION_CONTEXT('2D SPACE',''
  ) );
#8082 = PCURVE('',#8083,#8088);
#8083 = PLANE('',#8084);
#8084 = AXIS2_PLACEMENT_3D('',#8085,#8086,#8087);
#8085 = CARTESIAN_POINT('',(29.,-27.,15.));
#8086 = DIRECTION('',(0.,-1.,0.));
#8087 = DIRECTION('',(-1.,0.,0.));
#8088 = DEFINITIONAL_REPRESENTATION('',(#8089),#8093);
#8089 = LINE('',#8090,#8091);
#8090 = CARTESIAN_POINT('',(0.,-3.));
#8091 = VECTOR('',#8092,1.);
#8092 = DIRECTION('',(1.,0.));
#8093 = ( GEOMETRIC_REPRESENTATION_CONTEXT(2) 
PARAMETRIC_REPRESENTATION_CONTEXT() REPRESENTATION_CONTEXT('2D SPACE',''
  ) );
#8094 = ORIENTED_EDGE('',*,*,#8095,.T.);
#8095 = EDGE_CURVE('',#8068,#1521,#8096,.T.);
#8096 = SURFACE_CURVE('',#8097,(#8101,#8108),.PCURVE_S1.);
#8097 = LINE('',#8098,#8099);
#8098 = CARTESIAN_POINT('',(-8.,43.,18.));
#8099 = VECTOR('',#8100,1.);
#8100 = DIRECTION('',(-1.110223024625E-16,-1.,0.));
#8101 = PCURVE('',#1536,#8102);
#8102 = DEFINITIONAL_REPRESENTATION('',(#8103),#8107);
#8103 = LINE('',#8104,#8105);
#8104 = CARTESIAN_POINT('',(-5.5,43.));
#8105 = VECTOR('',#8106,1.);
#8106 = DIRECTION('',(1.110223024625E-16,-1.));
#8107 = ( GEOMETRIC_REPRESENTATION_CONTEXT(2) 
PARAMETRIC_REPRESENTATION_CONTEXT() REPRESENTATION_CONTEXT('2D SPACE',''
  ) );
#8108 = PCURVE('',#1563,#8109);
#8109 = DEFINITIONAL_REPRESENTATION('',(#8110),#8114);
#8110 = LINE('',#8111,#8112);
#8111 = CARTESIAN_POINT('',(0.,-3.));
#8112 = VECTOR('',#8113,1.);
#8113 = DIRECTION('',(1.,0.));
#8114 = ( GEOMETRIC_REPRESENTATION_CONTEXT(2) 
PARAMETRIC_REPRESENTATION_CONTEXT() REPRESENTATION_CONTEXT('2D SPACE',''
  ) );
#8115 = ORIENTED_EDGE('',*,*,#1520,.T.);
#8116 = ORIENTED_EDGE('',*,*,#7953,.T.);
#8117 = ORIENTED_EDGE('',*,*,#8118,.T.);
#8118 = EDGE_CURVE('',#7954,#1899,#8119,.T.);
#8119 = SURFACE_CURVE('',#8120,(#8124,#8131),.PCURVE_S1.);
#8120 = LINE('',#8121,#8122);
#8121 = CARTESIAN_POINT('',(29.,-27.,18.));
#8122 = VECTOR('',#8123,1.);
#8123 = DIRECTION('',(-1.,0.,0.));
#8124 = PCURVE('',#1536,#8125);
#8125 = DEFINITIONAL_REPRESENTATION('',(#8126),#8130);
#8126 = LINE('',#8127,#8128);
#8127 = CARTESIAN_POINT('',(-42.5,-27.));
#8128 = VECTOR('',#8129,1.);
#8129 = DIRECTION('',(1.,0.));
#8130 = ( GEOMETRIC_REPRESENTATION_CONTEXT(2) 
PARAMETRIC_REPRESENTATION_CONTEXT() REPRESENTATION_CONTEXT('2D SPACE',''
  ) );
#8131 = PCURVE('',#1937,#8132);
#8132 = DEFINITIONAL_REPRESENTATION('',(#8133),#8137);
#8133 = LINE('',#8134,#8135);
#8134 = CARTESIAN_POINT('',(0.,-3.));
#8135 = VECTOR('',#8136,1.);
#8136 = DIRECTION('',(1.,0.));
#8137 = ( GEOMETRIC_REPRESENTATION_CONTEXT(2) 
PARAMETRIC_REPRESENTATION_CONTEXT() REPRESENTATION_CONTEXT('2D SPACE',''
  ) );
#8138 = ORIENTED_EDGE('',*,*,#1898,.T.);
#8139 = ORIENTED_EDGE('',*,*,#8140,.T.);
#8140 = EDGE_CURVE('',#1871,#8141,#8143,.T.);
#8141 = VERTEX_POINT('',#8142);
#8142 = CARTESIAN_POINT('',(-19.,-16.,18.));
#8143 = SURFACE_CURVE('',#8144,(#8148,#8155),.PCURVE_S1.);
#8144 = LINE('',#8145,#8146);
#8145 = CARTESIAN_POINT('',(-29.,-16.,18.));
#8146 = VECTOR('',#8147,1.);
#8147 = DIRECTION('',(1.,0.,0.));
#8148 = PCURVE('',#1536,#8149);
#8149 = DEFINITIONAL_REPRESENTATION('',(#8150),#8154);
#8150 = LINE('',#8151,#8152);
#8151 = CARTESIAN_POINT('',(15.5,-16.));
#8152 = VECTOR('',#8153,1.);
#8153 = DIRECTION('',(-1.,0.));
#8154 = ( GEOMETRIC_REPRESENTATION_CONTEXT(2) 
PARAMETRIC_REPRESENTATION_CONTEXT() REPRESENTATION_CONTEXT('2D SPACE',''
  ) );
#8155 = PCURVE('',#1886,#8156);
#8156 = DEFINITIONAL_REPRESENTATION('',(#8157),#8161);
#8157 = LINE('',#8158,#8159);
#8158 = CARTESIAN_POINT('',(0.,-3.));
#8159 = VECTOR('',#8160,1.);
#8160 = DIRECTION('',(1.,0.));
#8161 = ( GEOMETRIC_REPRESENTATION_CONTEXT(2) 
PARAMETRIC_REPRESENTATION_CONTEXT() REPRESENTATION_CONTEXT('2D SPACE',''
  ) );
#8162 = ORIENTED_EDGE('',*,*,#8163,.T.);
#8163 = EDGE_CURVE('',#8141,#8164,#8166,.T.);
#8164 = VERTEX_POINT('',#8165);
#8165 = CARTESIAN_POINT('',(-19.,16.,18.));
#8166 = SURFACE_CURVE('',#8167,(#8171,#8178),.PCURVE_S1.);
#8167 = LINE('',#8168,#8169);
#8168 = CARTESIAN_POINT('',(-19.,-43.,18.));
#8169 = VECTOR('',#8170,1.);
#8170 = DIRECTION('',(1.110223024625E-16,1.,0.));
#8171 = PCURVE('',#1536,#8172);
#8172 = DEFINITIONAL_REPRESENTATION('',(#8173),#8177);
#8173 = LINE('',#8174,#8175);
#8174 = CARTESIAN_POINT('',(5.5,-43.));
#8175 = VECTOR('',#8176,1.);
#8176 = DIRECTION('',(-1.110223024625E-16,1.));
#8177 = ( GEOMETRIC_REPRESENTATION_CONTEXT(2) 
PARAMETRIC_REPRESENTATION_CONTEXT() REPRESENTATION_CONTEXT('2D SPACE',''
  ) );
#8178 = PCURVE('',#8179,#8184);
#8179 = PLANE('',#8180);
#8180 = AXIS2_PLACEMENT_3D('',#8181,#8182,#8183);
#8181 = CARTESIAN_POINT('',(-19.,-43.,15.));
#8182 = DIRECTION('',(-1.,1.110223024625E-16,0.));
#8183 = DIRECTION('',(1.110223024625E-16,1.,0.));
#8184 = DEFINITIONAL_REPRESENTATION('',(#8185),#8189);
#8185 = LINE('',#8186,#8187);
#8186 = CARTESIAN_POINT('',(0.,-3.));
#8187 = VECTOR('',#8188,1.);
#8188 = DIRECTION('',(1.,0.));
#8189 = ( GEOMETRIC_REPRESENTATION_CONTEXT(2) 
PARAMETRIC_REPRESENTATION_CONTEXT() REPRESENTATION_CONTEXT('2D SPACE',''
  ) );
#8190 = ORIENTED_EDGE('',*,*,#8191,.T.);
#8191 = EDGE_CURVE('',#8164,#3390,#8192,.T.);
#8192 = SURFACE_CURVE('',#8193,(#8197,#8204),.PCURVE_S1.);
#8193 = LINE('',#8194,#8195);
#8194 = CARTESIAN_POINT('',(29.,16.,18.));
#8195 = VECTOR('',#8196,1.);
#8196 = DIRECTION('',(-1.,0.,0.));
#8197 = PCURVE('',#1536,#8198);
#8198 = DEFINITIONAL_REPRESENTATION('',(#8199),#8203);
#8199 = LINE('',#8200,#8201);
#8200 = CARTESIAN_POINT('',(-42.5,16.));
#8201 = VECTOR('',#8202,1.);
#8202 = DIRECTION('',(1.,0.));
#8203 = ( GEOMETRIC_REPRESENTATION_CONTEXT(2) 
PARAMETRIC_REPRESENTATION_CONTEXT() REPRESENTATION_CONTEXT('2D SPACE',''
  ) );
#8204 = PCURVE('',#3428,#8205);
#8205 = DEFINITIONAL_REPRESENTATION('',(#8206),#8210);
#8206 = LINE('',#8207,#8208);
#8207 = CARTESIAN_POINT('',(0.,-3.));
#8208 = VECTOR('',#8209,1.);
#8209 = DIRECTION('',(1.,0.));
#8210 = ( GEOMETRIC_REPRESENTATION_CONTEXT(2) 
PARAMETRIC_REPRESENTATION_CONTEXT() REPRESENTATION_CONTEXT('2D SPACE',''
  ) );
#8211 = ORIENTED_EDGE('',*,*,#3389,.T.);
#8212 = ORIENTED_EDGE('',*,*,#8213,.T.);
#8213 = EDGE_CURVE('',#3362,#8214,#8216,.T.);
#8214 = VERTEX_POINT('',#8215);
#8215 = CARTESIAN_POINT('',(-19.,27.,18.));
#8216 = SURFACE_CURVE('',#8217,(#8221,#8228),.PCURVE_S1.);
#8217 = LINE('',#8218,#8219);
#8218 = CARTESIAN_POINT('',(-29.,27.,18.));
#8219 = VECTOR('',#8220,1.);
#8220 = DIRECTION('',(1.,0.,0.));
#8221 = PCURVE('',#1536,#8222);
#8222 = DEFINITIONAL_REPRESENTATION('',(#8223),#8227);
#8223 = LINE('',#8224,#8225);
#8224 = CARTESIAN_POINT('',(15.5,27.));
#8225 = VECTOR('',#8226,1.);
#8226 = DIRECTION('',(-1.,0.));
#8227 = ( GEOMETRIC_REPRESENTATION_CONTEXT(2) 
PARAMETRIC_REPRESENTATION_CONTEXT() REPRESENTATION_CONTEXT('2D SPACE',''
  ) );
#8228 = PCURVE('',#3377,#8229);
#8229 = DEFINITIONAL_REPRESENTATION('',(#8230),#8234);
#8230 = LINE('',#8231,#8232);
#8231 = CARTESIAN_POINT('',(0.,-3.));
#8232 = VECTOR('',#8233,1.);
#8233 = DIRECTION('',(1.,0.));
#8234 = ( GEOMETRIC_REPRESENTATION_CONTEXT(2) 
PARAMETRIC_REPRESENTATION_CONTEXT() REPRESENTATION_CONTEXT('2D SPACE',''
  ) );
#8235 = ORIENTED_EDGE('',*,*,#8236,.T.);
#8236 = EDGE_CURVE('',#8214,#4193,#8237,.T.);
#8237 = SURFACE_CURVE('',#8238,(#8242,#8249),.PCURVE_S1.);
#8238 = LINE('',#8239,#8240);
#8239 = CARTESIAN_POINT('',(-19.,-43.,18.));
#8240 = VECTOR('',#8241,1.);
#8241 = DIRECTION('',(1.110223024625E-16,1.,0.));
#8242 = PCURVE('',#1536,#8243);
#8243 = DEFINITIONAL_REPRESENTATION('',(#8244),#8248);
#8244 = LINE('',#8245,#8246);
#8245 = CARTESIAN_POINT('',(5.5,-43.));
#8246 = VECTOR('',#8247,1.);
#8247 = DIRECTION('',(-1.110223024625E-16,1.));
#8248 = ( GEOMETRIC_REPRESENTATION_CONTEXT(2) 
PARAMETRIC_REPRESENTATION_CONTEXT() REPRESENTATION_CONTEXT('2D SPACE',''
  ) );
#8249 = PCURVE('',#4230,#8250);
#8250 = DEFINITIONAL_REPRESENTATION('',(#8251),#8255);
#8251 = LINE('',#8252,#8253);
#8252 = CARTESIAN_POINT('',(0.,-3.));
#8253 = VECTOR('',#8254,1.);
#8254 = DIRECTION('',(1.,0.));
#8255 = ( GEOMETRIC_REPRESENTATION_CONTEXT(2) 
PARAMETRIC_REPRESENTATION_CONTEXT() REPRESENTATION_CONTEXT('2D SPACE',''
  ) );
#8256 = ORIENTED_EDGE('',*,*,#4192,.T.);
#8257 = ORIENTED_EDGE('',*,*,#8258,.T.);
#8258 = EDGE_CURVE('',#4166,#8259,#8261,.T.);
#8259 = VERTEX_POINT('',#8260);
#8260 = CARTESIAN_POINT('',(-8.,27.,18.));
#8261 = SURFACE_CURVE('',#8262,(#8266,#8273),.PCURVE_S1.);
#8262 = LINE('',#8263,#8264);
#8263 = CARTESIAN_POINT('',(-8.,43.,18.));
#8264 = VECTOR('',#8265,1.);
#8265 = DIRECTION('',(-1.110223024625E-16,-1.,0.));
#8266 = PCURVE('',#1536,#8267);
#8267 = DEFINITIONAL_REPRESENTATION('',(#8268),#8272);
#8268 = LINE('',#8269,#8270);
#8269 = CARTESIAN_POINT('',(-5.5,43.));
#8270 = VECTOR('',#8271,1.);
#8271 = DIRECTION('',(1.110223024625E-16,-1.));
#8272 = ( GEOMETRIC_REPRESENTATION_CONTEXT(2) 
PARAMETRIC_REPRESENTATION_CONTEXT() REPRESENTATION_CONTEXT('2D SPACE',''
  ) );
#8273 = PCURVE('',#4180,#8274);
#8274 = DEFINITIONAL_REPRESENTATION('',(#8275),#8279);
#8275 = LINE('',#8276,#8277);
#8276 = CARTESIAN_POINT('',(0.,-3.));
#8277 = VECTOR('',#8278,1.);
#8278 = DIRECTION('',(1.,0.));
#8279 = ( GEOMETRIC_REPRESENTATION_CONTEXT(2) 
PARAMETRIC_REPRESENTATION_CONTEXT() REPRESENTATION_CONTEXT('2D SPACE',''
  ) );
#8280 = ORIENTED_EDGE('',*,*,#8281,.T.);
#8281 = EDGE_CURVE('',#8259,#8282,#8284,.T.);
#8282 = VERTEX_POINT('',#8283);
#8283 = CARTESIAN_POINT('',(8.,27.,18.));
#8284 = SURFACE_CURVE('',#8285,(#8289,#8296),.PCURVE_S1.);
#8285 = LINE('',#8286,#8287);
#8286 = CARTESIAN_POINT('',(-29.,27.,18.));
#8287 = VECTOR('',#8288,1.);
#8288 = DIRECTION('',(1.,0.,0.));
#8289 = PCURVE('',#1536,#8290);
#8290 = DEFINITIONAL_REPRESENTATION('',(#8291),#8295);
#8291 = LINE('',#8292,#8293);
#8292 = CARTESIAN_POINT('',(15.5,27.));
#8293 = VECTOR('',#8294,1.);
#8294 = DIRECTION('',(-1.,0.));
#8295 = ( GEOMETRIC_REPRESENTATION_CONTEXT(2) 
PARAMETRIC_REPRESENTATION_CONTEXT() REPRESENTATION_CONTEXT('2D SPACE',''
  ) );
#8296 = PCURVE('',#8297,#8302);
#8297 = PLANE('',#8298);
#8298 = AXIS2_PLACEMENT_3D('',#8299,#8300,#8301);
#8299 = CARTESIAN_POINT('',(-29.,27.,15.));
#8300 = DIRECTION('',(0.,1.,0.));
#8301 = DIRECTION('',(1.,0.,0.));
#8302 = DEFINITIONAL_REPRESENTATION('',(#8303),#8307);
#8303 = LINE('',#8304,#8305);
#8304 = CARTESIAN_POINT('',(0.,-3.));
#8305 = VECTOR('',#8306,1.);
#8306 = DIRECTION('',(1.,0.));
#8307 = ( GEOMETRIC_REPRESENTATION_CONTEXT(2) 
PARAMETRIC_REPRESENTATION_CONTEXT() REPRESENTATION_CONTEXT('2D SPACE',''
  ) );
#8308 = ORIENTED_EDGE('',*,*,#8309,.T.);
#8309 = EDGE_CURVE('',#8282,#5719,#8310,.T.);
#8310 = SURFACE_CURVE('',#8311,(#8315,#8322),.PCURVE_S1.);
#8311 = LINE('',#8312,#8313);
#8312 = CARTESIAN_POINT('',(8.,-43.,18.));
#8313 = VECTOR('',#8314,1.);
#8314 = DIRECTION('',(1.110223024625E-16,1.,0.));
#8315 = PCURVE('',#1536,#8316);
#8316 = DEFINITIONAL_REPRESENTATION('',(#8317),#8321);
#8317 = LINE('',#8318,#8319);
#8318 = CARTESIAN_POINT('',(-21.5,-43.));
#8319 = VECTOR('',#8320,1.);
#8320 = DIRECTION('',(-1.110223024625E-16,1.));
#8321 = ( GEOMETRIC_REPRESENTATION_CONTEXT(2) 
PARAMETRIC_REPRESENTATION_CONTEXT() REPRESENTATION_CONTEXT('2D SPACE',''
  ) );
#8322 = PCURVE('',#5756,#8323);
#8323 = DEFINITIONAL_REPRESENTATION('',(#8324),#8328);
#8324 = LINE('',#8325,#8326);
#8325 = CARTESIAN_POINT('',(0.,-3.));
#8326 = VECTOR('',#8327,1.);
#8327 = DIRECTION('',(1.,0.));
#8328 = ( GEOMETRIC_REPRESENTATION_CONTEXT(2) 
PARAMETRIC_REPRESENTATION_CONTEXT() REPRESENTATION_CONTEXT('2D SPACE',''
  ) );
#8329 = ORIENTED_EDGE('',*,*,#5718,.T.);
#8330 = ORIENTED_EDGE('',*,*,#8331,.T.);
#8331 = EDGE_CURVE('',#5692,#8332,#8334,.T.);
#8332 = VERTEX_POINT('',#8333);
#8333 = CARTESIAN_POINT('',(19.,27.,18.));
#8334 = SURFACE_CURVE('',#8335,(#8339,#8346),.PCURVE_S1.);
#8335 = LINE('',#8336,#8337);
#8336 = CARTESIAN_POINT('',(19.,43.,18.));
#8337 = VECTOR('',#8338,1.);
#8338 = DIRECTION('',(-1.110223024625E-16,-1.,0.));
#8339 = PCURVE('',#1536,#8340);
#8340 = DEFINITIONAL_REPRESENTATION('',(#8341),#8345);
#8341 = LINE('',#8342,#8343);
#8342 = CARTESIAN_POINT('',(-32.5,43.));
#8343 = VECTOR('',#8344,1.);
#8344 = DIRECTION('',(1.110223024625E-16,-1.));
#8345 = ( GEOMETRIC_REPRESENTATION_CONTEXT(2) 
PARAMETRIC_REPRESENTATION_CONTEXT() REPRESENTATION_CONTEXT('2D SPACE',''
  ) );
#8346 = PCURVE('',#5706,#8347);
#8347 = DEFINITIONAL_REPRESENTATION('',(#8348),#8352);
#8348 = LINE('',#8349,#8350);
#8349 = CARTESIAN_POINT('',(0.,-3.));
#8350 = VECTOR('',#8351,1.);
#8351 = DIRECTION('',(1.,0.));
#8352 = ( GEOMETRIC_REPRESENTATION_CONTEXT(2) 
PARAMETRIC_REPRESENTATION_CONTEXT() REPRESENTATION_CONTEXT('2D SPACE',''
  ) );
#8353 = ORIENTED_EDGE('',*,*,#8354,.T.);
#8354 = EDGE_CURVE('',#8332,#5860,#8355,.T.);
#8355 = SURFACE_CURVE('',#8356,(#8360,#8367),.PCURVE_S1.);
#8356 = LINE('',#8357,#8358);
#8357 = CARTESIAN_POINT('',(-29.,27.,18.));
#8358 = VECTOR('',#8359,1.);
#8359 = DIRECTION('',(1.,0.,0.));
#8360 = PCURVE('',#1536,#8361);
#8361 = DEFINITIONAL_REPRESENTATION('',(#8362),#8366);
#8362 = LINE('',#8363,#8364);
#8363 = CARTESIAN_POINT('',(15.5,27.));
#8364 = VECTOR('',#8365,1.);
#8365 = DIRECTION('',(-1.,0.));
#8366 = ( GEOMETRIC_REPRESENTATION_CONTEXT(2) 
PARAMETRIC_REPRESENTATION_CONTEXT() REPRESENTATION_CONTEXT('2D SPACE',''
  ) );
#8367 = PCURVE('',#5902,#8368);
#8368 = DEFINITIONAL_REPRESENTATION('',(#8369),#8373);
#8369 = LINE('',#8370,#8371);
#8370 = CARTESIAN_POINT('',(0.,-3.));
#8371 = VECTOR('',#8372,1.);
#8372 = DIRECTION('',(1.,0.));
#8373 = ( GEOMETRIC_REPRESENTATION_CONTEXT(2) 
PARAMETRIC_REPRESENTATION_CONTEXT() REPRESENTATION_CONTEXT('2D SPACE',''
  ) );
#8374 = ORIENTED_EDGE('',*,*,#5859,.F.);
#8375 = ORIENTED_EDGE('',*,*,#8376,.T.);
#8376 = EDGE_CURVE('',#5833,#8377,#8379,.T.);
#8377 = VERTEX_POINT('',#8378);
#8378 = CARTESIAN_POINT('',(19.,16.,18.));
#8379 = SURFACE_CURVE('',#8380,(#8384,#8391),.PCURVE_S1.);
#8380 = LINE('',#8381,#8382);
#8381 = CARTESIAN_POINT('',(29.,16.,18.));
#8382 = VECTOR('',#8383,1.);
#8383 = DIRECTION('',(-1.,0.,0.));
#8384 = PCURVE('',#1536,#8385);
#8385 = DEFINITIONAL_REPRESENTATION('',(#8386),#8390);
#8386 = LINE('',#8387,#8388);
#8387 = CARTESIAN_POINT('',(-42.5,16.));
#8388 = VECTOR('',#8389,1.);
#8389 = DIRECTION('',(1.,0.));
#8390 = ( GEOMETRIC_REPRESENTATION_CONTEXT(2) 
PARAMETRIC_REPRESENTATION_CONTEXT() REPRESENTATION_CONTEXT('2D SPACE',''
  ) );
#8391 = PCURVE('',#5847,#8392);
#8392 = DEFINITIONAL_REPRESENTATION('',(#8393),#8397);
#8393 = LINE('',#8394,#8395);
#8394 = CARTESIAN_POINT('',(0.,-3.));
#8395 = VECTOR('',#8396,1.);
#8396 = DIRECTION('',(1.,0.));
#8397 = ( GEOMETRIC_REPRESENTATION_CONTEXT(2) 
PARAMETRIC_REPRESENTATION_CONTEXT() REPRESENTATION_CONTEXT('2D SPACE',''
  ) );
#8398 = ORIENTED_EDGE('',*,*,#8399,.T.);
#8399 = EDGE_CURVE('',#8377,#8400,#8402,.T.);
#8400 = VERTEX_POINT('',#8401);
#8401 = CARTESIAN_POINT('',(19.,-16.,18.));
#8402 = SURFACE_CURVE('',#8403,(#8407,#8414),.PCURVE_S1.);
#8403 = LINE('',#8404,#8405);
#8404 = CARTESIAN_POINT('',(19.,43.,18.));
#8405 = VECTOR('',#8406,1.);
#8406 = DIRECTION('',(-1.110223024625E-16,-1.,0.));
#8407 = PCURVE('',#1536,#8408);
#8408 = DEFINITIONAL_REPRESENTATION('',(#8409),#8413);
#8409 = LINE('',#8410,#8411);
#8410 = CARTESIAN_POINT('',(-32.5,43.));
#8411 = VECTOR('',#8412,1.);
#8412 = DIRECTION('',(1.110223024625E-16,-1.));
#8413 = ( GEOMETRIC_REPRESENTATION_CONTEXT(2) 
PARAMETRIC_REPRESENTATION_CONTEXT() REPRESENTATION_CONTEXT('2D SPACE',''
  ) );
#8414 = PCURVE('',#8415,#8420);
#8415 = PLANE('',#8416);
#8416 = AXIS2_PLACEMENT_3D('',#8417,#8418,#8419);
#8417 = CARTESIAN_POINT('',(19.,43.,15.));
#8418 = DIRECTION('',(1.,-1.110223024625E-16,0.));
#8419 = DIRECTION('',(-1.110223024625E-16,-1.,0.));
#8420 = DEFINITIONAL_REPRESENTATION('',(#8421),#8425);
#8421 = LINE('',#8422,#8423);
#8422 = CARTESIAN_POINT('',(0.,-3.));
#8423 = VECTOR('',#8424,1.);
#8424 = DIRECTION('',(1.,0.));
#8425 = ( GEOMETRIC_REPRESENTATION_CONTEXT(2) 
PARAMETRIC_REPRESENTATION_CONTEXT() REPRESENTATION_CONTEXT('2D SPACE',''
  ) );
#8426 = ORIENTED_EDGE('',*,*,#8427,.T.);
#8427 = EDGE_CURVE('',#8400,#4334,#8428,.T.);
#8428 = SURFACE_CURVE('',#8429,(#8433,#8440),.PCURVE_S1.);
#8429 = LINE('',#8430,#8431);
#8430 = CARTESIAN_POINT('',(-29.,-16.,18.));
#8431 = VECTOR('',#8432,1.);
#8432 = DIRECTION('',(1.,0.,0.));
#8433 = PCURVE('',#1536,#8434);
#8434 = DEFINITIONAL_REPRESENTATION('',(#8435),#8439);
#8435 = LINE('',#8436,#8437);
#8436 = CARTESIAN_POINT('',(15.5,-16.));
#8437 = VECTOR('',#8438,1.);
#8438 = DIRECTION('',(-1.,0.));
#8439 = ( GEOMETRIC_REPRESENTATION_CONTEXT(2) 
PARAMETRIC_REPRESENTATION_CONTEXT() REPRESENTATION_CONTEXT('2D SPACE',''
  ) );
#8440 = PCURVE('',#4376,#8441);
#8441 = DEFINITIONAL_REPRESENTATION('',(#8442),#8446);
#8442 = LINE('',#8443,#8444);
#8443 = CARTESIAN_POINT('',(0.,-3.));
#8444 = VECTOR('',#8445,1.);
#8445 = DIRECTION('',(1.,0.));
#8446 = ( GEOMETRIC_REPRESENTATION_CONTEXT(2) 
PARAMETRIC_REPRESENTATION_CONTEXT() REPRESENTATION_CONTEXT('2D SPACE',''
  ) );
#8447 = FACE_BOUND('',#8448,.F.);
#8448 = EDGE_LOOP('',(#8449));
#8449 = ORIENTED_EDGE('',*,*,#8450,.F.);
#8450 = EDGE_CURVE('',#8451,#8451,#8453,.T.);
#8451 = VERTEX_POINT('',#8452);
#8452 = CARTESIAN_POINT('',(16.7,-43.,18.));
#8453 = SURFACE_CURVE('',#8454,(#8459,#8466),.PCURVE_S1.);
#8454 = CIRCLE('',#8455,3.2);
#8455 = AXIS2_PLACEMENT_3D('',#8456,#8457,#8458);
#8456 = CARTESIAN_POINT('',(13.5,-43.,18.));
#8457 = DIRECTION('',(0.,0.,-1.));
#8458 = DIRECTION('',(1.,0.,0.));
#8459 = PCURVE('',#1536,#8460);
#8460 = DEFINITIONAL_REPRESENTATION('',(#8461),#8465);
#8461 = CIRCLE('',#8462,3.2);
#8462 = AXIS2_PLACEMENT_2D('',#8463,#8464);
#8463 = CARTESIAN_POINT('',(-27.,-43.));
#8464 = DIRECTION('',(-1.,0.));
#8465 = ( GEOMETRIC_REPRESENTATION_CONTEXT(2) 
PARAMETRIC_REPRESENTATION_CONTEXT() REPRESENTATION_CONTEXT('2D SPACE',''
  ) );
#8466 = PCURVE('',#8467,#8472);
#8467 = CYLINDRICAL_SURFACE('',#8468,3.2);
#8468 = AXIS2_PLACEMENT_3D('',#8469,#8470,#8471);
#8469 = CARTESIAN_POINT('',(13.5,-43.,14.8));
#8470 = DIRECTION('',(-0.,-0.,-1.));
#8471 = DIRECTION('',(1.,0.,0.));
#8472 = DEFINITIONAL_REPRESENTATION('',(#8473),#8477);
#8473 = LINE('',#8474,#8475);
#8474 = CARTESIAN_POINT('',(-6.28318530718,-3.2));
#8475 = VECTOR('',#8476,1.);
#8476 = DIRECTION('',(1.,-0.));
#8477 = ( GEOMETRIC_REPRESENTATION_CONTEXT(2) 
PARAMETRIC_REPRESENTATION_CONTEXT() REPRESENTATION_CONTEXT('2D SPACE',''
  ) );
#8478 = FACE_BOUND('',#8479,.F.);
#8479 = EDGE_LOOP('',(#8480));
#8480 = ORIENTED_EDGE('',*,*,#8481,.F.);
#8481 = EDGE_CURVE('',#8482,#8482,#8484,.T.);
#8482 = VERTEX_POINT('',#8483);
#8483 = CARTESIAN_POINT('',(31.4,-21.5,18.));
#8484 = SURFACE_CURVE('',#8485,(#8490,#8497),.PCURVE_S1.);
#8485 = CIRCLE('',#8486,2.4);
#8486 = AXIS2_PLACEMENT_3D('',#8487,#8488,#8489);
#8487 = CARTESIAN_POINT('',(29.,-21.5,18.));
#8488 = DIRECTION('',(0.,0.,-1.));
#8489 = DIRECTION('',(1.,0.,0.));
#8490 = PCURVE('',#1536,#8491);
#8491 = DEFINITIONAL_REPRESENTATION('',(#8492),#8496);
#8492 = CIRCLE('',#8493,2.4);
#8493 = AXIS2_PLACEMENT_2D('',#8494,#8495);
#8494 = CARTESIAN_POINT('',(-42.5,-21.5));
#8495 = DIRECTION('',(-1.,0.));
#8496 = ( GEOMETRIC_REPRESENTATION_CONTEXT(2) 
PARAMETRIC_REPRESENTATION_CONTEXT() REPRESENTATION_CONTEXT('2D SPACE',''
  ) );
#8497 = PCURVE('',#8498,#8503);
#8498 = CYLINDRICAL_SURFACE('',#8499,2.4);
#8499 = AXIS2_PLACEMENT_3D('',#8500,#8501,#8502);
#8500 = CARTESIAN_POINT('',(29.,-21.5,15.8));
#8501 = DIRECTION('',(-0.,-0.,-1.));
#8502 = DIRECTION('',(1.,0.,0.));
#8503 = DEFINITIONAL_REPRESENTATION('',(#8504),#8508);
#8504 = LINE('',#8505,#8506);
#8505 = CARTESIAN_POINT('',(-6.28318530718,-2.2));
#8506 = VECTOR('',#8507,1.);
#8507 = DIRECTION('',(1.,-0.));
#8508 = ( GEOMETRIC_REPRESENTATION_CONTEXT(2) 
PARAMETRIC_REPRESENTATION_CONTEXT() REPRESENTATION_CONTEXT('2D SPACE',''
  ) );
#8509 = FACE_BOUND('',#8510,.F.);
#8510 = EDGE_LOOP('',(#8511));
#8511 = ORIENTED_EDGE('',*,*,#8512,.T.);
#8512 = EDGE_CURVE('',#8513,#8513,#8515,.T.);
#8513 = VERTEX_POINT('',#8514);
#8514 = CARTESIAN_POINT('',(18.25,-15.25,18.));
#8515 = SURFACE_CURVE('',#8516,(#8521,#8532),.PCURVE_S1.);
#8516 = CIRCLE('',#8517,3.);
#8517 = AXIS2_PLACEMENT_3D('',#8518,#8519,#8520);
#8518 = CARTESIAN_POINT('',(15.25,-15.25,18.));
#8519 = DIRECTION('',(0.,0.,1.));
#8520 = DIRECTION('',(1.,0.,0.));
#8521 = PCURVE('',#1536,#8522);
#8522 = DEFINITIONAL_REPRESENTATION('',(#8523),#8531);
#8523 = ( BOUNDED_CURVE() B_SPLINE_CURVE(2,(#8524,#8525,#8526,#8527,
#8528,#8529,#8530),.UNSPECIFIED.,.T.,.F.) B_SPLINE_CURVE_WITH_KNOTS((1,2
    ,2,2,2,1),(-2.094395102393,0.,2.094395102393,4.188790204786,
6.28318530718,8.377580409573),.UNSPECIFIED.) CURVE() 
GEOMETRIC_REPRESENTATION_ITEM() RATIONAL_B_SPLINE_CURVE((1.,0.5,1.,0.5,
1.,0.5,1.)) REPRESENTATION_ITEM('') );
#8524 = CARTESIAN_POINT('',(-31.75,-15.25));
#8525 = CARTESIAN_POINT('',(-31.75,-10.05384757729));
#8526 = CARTESIAN_POINT('',(-27.25,-12.65192378864));
#8527 = CARTESIAN_POINT('',(-22.75,-15.25));
#8528 = CARTESIAN_POINT('',(-27.25,-17.84807621135));
#8529 = CARTESIAN_POINT('',(-31.75,-20.4461524227));
#8530 = CARTESIAN_POINT('',(-31.75,-15.25));
#8531 = ( GEOMETRIC_REPRESENTATION_CONTEXT(2) 
PARAMETRIC_REPRESENTATION_CONTEXT() REPRESENTATION_CONTEXT('2D SPACE',''
  ) );
#8532 = PCURVE('',#8533,#8538);
#8533 = CYLINDRICAL_SURFACE('',#8534,3.);
#8534 = AXIS2_PLACEMENT_3D('',#8535,#8536,#8537);
#8535 = CARTESIAN_POINT('',(15.25,-15.25,18.));
#8536 = DIRECTION('',(-0.,-0.,-1.));
#8537 = DIRECTION('',(1.,0.,0.));
#8538 = DEFINITIONAL_REPRESENTATION('',(#8539),#8543);
#8539 = LINE('',#8540,#8541);
#8540 = CARTESIAN_POINT('',(-0.,0.));
#8541 = VECTOR('',#8542,1.);
#8542 = DIRECTION('',(-1.,0.));
#8543 = ( GEOMETRIC_REPRESENTATION_CONTEXT(2) 
PARAMETRIC_REPRESENTATION_CONTEXT() REPRESENTATION_CONTEXT('2D SPACE',''
  ) );
#8544 = FACE_BOUND('',#8545,.F.);
#8545 = EDGE_LOOP('',(#8546));
#8546 = ORIENTED_EDGE('',*,*,#8547,.F.);
#8547 = EDGE_CURVE('',#8548,#8548,#8550,.T.);
#8548 = VERTEX_POINT('',#8549);
#8549 = CARTESIAN_POINT('',(-10.3,-43.,18.));
#8550 = SURFACE_CURVE('',#8551,(#8556,#8563),.PCURVE_S1.);
#8551 = CIRCLE('',#8552,3.2);
#8552 = AXIS2_PLACEMENT_3D('',#8553,#8554,#8555);
#8553 = CARTESIAN_POINT('',(-13.5,-43.,18.));
#8554 = DIRECTION('',(0.,0.,-1.));
#8555 = DIRECTION('',(1.,0.,0.));
#8556 = PCURVE('',#1536,#8557);
#8557 = DEFINITIONAL_REPRESENTATION('',(#8558),#8562);
#8558 = CIRCLE('',#8559,3.2);
#8559 = AXIS2_PLACEMENT_2D('',#8560,#8561);
#8560 = CARTESIAN_POINT('',(0.,-43.));
#8561 = DIRECTION('',(-1.,0.));
#8562 = ( GEOMETRIC_REPRESENTATION_CONTEXT(2) 
PARAMETRIC_REPRESENTATION_CONTEXT() REPRESENTATION_CONTEXT('2D SPACE',''
  ) );
#8563 = PCURVE('',#8564,#8569);
#8564 = CYLINDRICAL_SURFACE('',#8565,3.2);
#8565 = AXIS2_PLACEMENT_3D('',#8566,#8567,#8568);
#8566 = CARTESIAN_POINT('',(-13.5,-43.,14.8));
#8567 = DIRECTION('',(-0.,-0.,-1.));
#8568 = DIRECTION('',(1.,0.,0.));
#8569 = DEFINITIONAL_REPRESENTATION('',(#8570),#8574);
#8570 = LINE('',#8571,#8572);
#8571 = CARTESIAN_POINT('',(-6.28318530718,-3.2));
#8572 = VECTOR('',#8573,1.);
#8573 = DIRECTION('',(1.,-0.));
#8574 = ( GEOMETRIC_REPRESENTATION_CONTEXT(2) 
PARAMETRIC_REPRESENTATION_CONTEXT() REPRESENTATION_CONTEXT('2D SPACE',''
  ) );
#8575 = FACE_BOUND('',#8576,.F.);
#8576 = EDGE_LOOP('',(#8577));
#8577 = ORIENTED_EDGE('',*,*,#8578,.T.);
#8578 = EDGE_CURVE('',#8579,#8579,#8581,.T.);
#8579 = VERTEX_POINT('',#8580);
#8580 = CARTESIAN_POINT('',(-12.25,-15.25,18.));
#8581 = SURFACE_CURVE('',#8582,(#8587,#8598),.PCURVE_S1.);
#8582 = CIRCLE('',#8583,3.);
#8583 = AXIS2_PLACEMENT_3D('',#8584,#8585,#8586);
#8584 = CARTESIAN_POINT('',(-15.25,-15.25,18.));
#8585 = DIRECTION('',(0.,0.,1.));
#8586 = DIRECTION('',(1.,0.,0.));
#8587 = PCURVE('',#1536,#8588);
#8588 = DEFINITIONAL_REPRESENTATION('',(#8589),#8597);
#8589 = ( BOUNDED_CURVE() B_SPLINE_CURVE(2,(#8590,#8591,#8592,#8593,
#8594,#8595,#8596),.UNSPECIFIED.,.T.,.F.) B_SPLINE_CURVE_WITH_KNOTS((1,2
    ,2,2,2,1),(-2.094395102393,0.,2.094395102393,4.188790204786,
6.28318530718,8.377580409573),.UNSPECIFIED.) CURVE() 
GEOMETRIC_REPRESENTATION_ITEM() RATIONAL_B_SPLINE_CURVE((1.,0.5,1.,0.5,
1.,0.5,1.)) REPRESENTATION_ITEM('') );
#8590 = CARTESIAN_POINT('',(-1.25,-15.25));
#8591 = CARTESIAN_POINT('',(-1.25,-10.05384757729));
#8592 = CARTESIAN_POINT('',(3.25,-12.65192378864));
#8593 = CARTESIAN_POINT('',(7.75,-15.25));
#8594 = CARTESIAN_POINT('',(3.25,-17.84807621135));
#8595 = CARTESIAN_POINT('',(-1.25,-20.4461524227));
#8596 = CARTESIAN_POINT('',(-1.25,-15.25));
#8597 = ( GEOMETRIC_REPRESENTATION_CONTEXT(2) 
PARAMETRIC_REPRESENTATION_CONTEXT() REPRESENTATION_CONTEXT('2D SPACE',''
  ) );
#8598 = PCURVE('',#8599,#8604);
#8599 = CYLINDRICAL_SURFACE('',#8600,3.);
#8600 = AXIS2_PLACEMENT_3D('',#8601,#8602,#8603);
#8601 = CARTESIAN_POINT('',(-15.25,-15.25,18.));
#8602 = DIRECTION('',(-0.,-0.,-1.));
#8603 = DIRECTION('',(1.,0.,0.));
#8604 = DEFINITIONAL_REPRESENTATION('',(#8605),#8609);
#8605 = LINE('',#8606,#8607);
#8606 = CARTESIAN_POINT('',(-0.,0.));
#8607 = VECTOR('',#8608,1.);
#8608 = DIRECTION('',(-1.,0.));
#8609 = ( GEOMETRIC_REPRESENTATION_CONTEXT(2) 
PARAMETRIC_REPRESENTATION_CONTEXT() REPRESENTATION_CONTEXT('2D SPACE',''
  ) );
#8610 = FACE_BOUND('',#8611,.F.);
#8611 = EDGE_LOOP('',(#8612));
#8612 = ORIENTED_EDGE('',*,*,#8613,.F.);
#8613 = EDGE_CURVE('',#8614,#8614,#8616,.T.);
#8614 = VERTEX_POINT('',#8615);
#8615 = CARTESIAN_POINT('',(-26.6,-21.5,18.));
#8616 = SURFACE_CURVE('',#8617,(#8622,#8629),.PCURVE_S1.);
#8617 = CIRCLE('',#8618,2.4);
#8618 = AXIS2_PLACEMENT_3D('',#8619,#8620,#8621);
#8619 = CARTESIAN_POINT('',(-29.,-21.5,18.));
#8620 = DIRECTION('',(0.,0.,-1.));
#8621 = DIRECTION('',(1.,0.,0.));
#8622 = PCURVE('',#1536,#8623);
#8623 = DEFINITIONAL_REPRESENTATION('',(#8624),#8628);
#8624 = CIRCLE('',#8625,2.4);
#8625 = AXIS2_PLACEMENT_2D('',#8626,#8627);
#8626 = CARTESIAN_POINT('',(15.5,-21.5));
#8627 = DIRECTION('',(-1.,0.));
#8628 = ( GEOMETRIC_REPRESENTATION_CONTEXT(2) 
PARAMETRIC_REPRESENTATION_CONTEXT() REPRESENTATION_CONTEXT('2D SPACE',''
  ) );
#8629 = PCURVE('',#8630,#8635);
#8630 = CYLINDRICAL_SURFACE('',#8631,2.4);
#8631 = AXIS2_PLACEMENT_3D('',#8632,#8633,#8634);
#8632 = CARTESIAN_POINT('',(-29.,-21.5,15.8));
#8633 = DIRECTION('',(-0.,-0.,-1.));
#8634 = DIRECTION('',(1.,0.,0.));
#8635 = DEFINITIONAL_REPRESENTATION('',(#8636),#8640);
#8636 = LINE('',#8637,#8638);
#8637 = CARTESIAN_POINT('',(-6.28318530718,-2.2));
#8638 = VECTOR('',#8639,1.);
#8639 = DIRECTION('',(1.,-0.));
#8640 = ( GEOMETRIC_REPRESENTATION_CONTEXT(2) 
PARAMETRIC_REPRESENTATION_CONTEXT() REPRESENTATION_CONTEXT('2D SPACE',''
  ) );
#8641 = FACE_BOUND('',#8642,.F.);
#8642 = EDGE_LOOP('',(#8643));
#8643 = ORIENTED_EDGE('',*,*,#8644,.F.);
#8644 = EDGE_CURVE('',#8645,#8645,#8647,.T.);
#8645 = VERTEX_POINT('',#8646);
#8646 = CARTESIAN_POINT('',(31.4,21.5,18.));
#8647 = SURFACE_CURVE('',#8648,(#8653,#8660),.PCURVE_S1.);
#8648 = CIRCLE('',#8649,2.4);
#8649 = AXIS2_PLACEMENT_3D('',#8650,#8651,#8652);
#8650 = CARTESIAN_POINT('',(29.,21.5,18.));
#8651 = DIRECTION('',(0.,0.,-1.));
#8652 = DIRECTION('',(1.,0.,0.));
#8653 = PCURVE('',#1536,#8654);
#8654 = DEFINITIONAL_REPRESENTATION('',(#8655),#8659);
#8655 = CIRCLE('',#8656,2.4);
#8656 = AXIS2_PLACEMENT_2D('',#8657,#8658);
#8657 = CARTESIAN_POINT('',(-42.5,21.5));
#8658 = DIRECTION('',(-1.,0.));
#8659 = ( GEOMETRIC_REPRESENTATION_CONTEXT(2) 
PARAMETRIC_REPRESENTATION_CONTEXT() REPRESENTATION_CONTEXT('2D SPACE',''
  ) );
#8660 = PCURVE('',#8661,#8666);
#8661 = CYLINDRICAL_SURFACE('',#8662,2.4);
#8662 = AXIS2_PLACEMENT_3D('',#8663,#8664,#8665);
#8663 = CARTESIAN_POINT('',(29.,21.5,15.8));
#8664 = DIRECTION('',(-0.,-0.,-1.));
#8665 = DIRECTION('',(1.,0.,0.));
#8666 = DEFINITIONAL_REPRESENTATION('',(#8667),#8671);
#8667 = LINE('',#8668,#8669);
#8668 = CARTESIAN_POINT('',(-6.28318530718,-2.2));
#8669 = VECTOR('',#8670,1.);
#8670 = DIRECTION('',(1.,-0.));
#8671 = ( GEOMETRIC_REPRESENTATION_CONTEXT(2) 
PARAMETRIC_REPRESENTATION_CONTEXT() REPRESENTATION_CONTEXT('2D SPACE',''
  ) );
#8672 = FACE_BOUND('',#8673,.F.);
#8673 = EDGE_LOOP('',(#8674));
#8674 = ORIENTED_EDGE('',*,*,#8675,.T.);
#8675 = EDGE_CURVE('',#8676,#8676,#8678,.T.);
#8676 = VERTEX_POINT('',#8677);
#8677 = CARTESIAN_POINT('',(18.25,15.25,18.));
#8678 = SURFACE_CURVE('',#8679,(#8684,#8695),.PCURVE_S1.);
#8679 = CIRCLE('',#8680,3.);
#8680 = AXIS2_PLACEMENT_3D('',#8681,#8682,#8683);
#8681 = CARTESIAN_POINT('',(15.25,15.25,18.));
#8682 = DIRECTION('',(0.,0.,1.));
#8683 = DIRECTION('',(1.,0.,0.));
#8684 = PCURVE('',#1536,#8685);
#8685 = DEFINITIONAL_REPRESENTATION('',(#8686),#8694);
#8686 = ( BOUNDED_CURVE() B_SPLINE_CURVE(2,(#8687,#8688,#8689,#8690,
#8691,#8692,#8693),.UNSPECIFIED.,.T.,.F.) B_SPLINE_CURVE_WITH_KNOTS((1,2
    ,2,2,2,1),(-2.094395102393,0.,2.094395102393,4.188790204786,
6.28318530718,8.377580409573),.UNSPECIFIED.) CURVE() 
GEOMETRIC_REPRESENTATION_ITEM() RATIONAL_B_SPLINE_CURVE((1.,0.5,1.,0.5,
1.,0.5,1.)) REPRESENTATION_ITEM('') );
#8687 = CARTESIAN_POINT('',(-31.75,15.25));
#8688 = CARTESIAN_POINT('',(-31.75,20.446152422707));
#8689 = CARTESIAN_POINT('',(-27.25,17.848076211353));
#8690 = CARTESIAN_POINT('',(-22.75,15.25));
#8691 = CARTESIAN_POINT('',(-27.25,12.651923788647));
#8692 = CARTESIAN_POINT('',(-31.75,10.053847577293));
#8693 = CARTESIAN_POINT('',(-31.75,15.25));
#8694 = ( GEOMETRIC_REPRESENTATION_CONTEXT(2) 
PARAMETRIC_REPRESENTATION_CONTEXT() REPRESENTATION_CONTEXT('2D SPACE',''
  ) );
#8695 = PCURVE('',#8696,#8701);
#8696 = CYLINDRICAL_SURFACE('',#8697,3.);
#8697 = AXIS2_PLACEMENT_3D('',#8698,#8699,#8700);
#8698 = CARTESIAN_POINT('',(15.25,15.25,18.));
#8699 = DIRECTION('',(-0.,-0.,-1.));
#8700 = DIRECTION('',(1.,0.,0.));
#8701 = DEFINITIONAL_REPRESENTATION('',(#8702),#8706);
#8702 = LINE('',#8703,#8704);
#8703 = CARTESIAN_POINT('',(-0.,0.));
#8704 = VECTOR('',#8705,1.);
#8705 = DIRECTION('',(-1.,0.));
#8706 = ( GEOMETRIC_REPRESENTATION_CONTEXT(2) 
PARAMETRIC_REPRESENTATION_CONTEXT() REPRESENTATION_CONTEXT('2D SPACE',''
  ) );
#8707 = FACE_BOUND('',#8708,.F.);
#8708 = EDGE_LOOP('',(#8709));
#8709 = ORIENTED_EDGE('',*,*,#8710,.F.);
#8710 = EDGE_CURVE('',#8711,#8711,#8713,.T.);
#8711 = VERTEX_POINT('',#8712);
#8712 = CARTESIAN_POINT('',(16.7,43.,18.));
#8713 = SURFACE_CURVE('',#8714,(#8719,#8726),.PCURVE_S1.);
#8714 = CIRCLE('',#8715,3.2);
#8715 = AXIS2_PLACEMENT_3D('',#8716,#8717,#8718);
#8716 = CARTESIAN_POINT('',(13.5,43.,18.));
#8717 = DIRECTION('',(0.,0.,-1.));
#8718 = DIRECTION('',(1.,0.,0.));
#8719 = PCURVE('',#1536,#8720);
#8720 = DEFINITIONAL_REPRESENTATION('',(#8721),#8725);
#8721 = CIRCLE('',#8722,3.2);
#8722 = AXIS2_PLACEMENT_2D('',#8723,#8724);
#8723 = CARTESIAN_POINT('',(-27.,43.));
#8724 = DIRECTION('',(-1.,0.));
#8725 = ( GEOMETRIC_REPRESENTATION_CONTEXT(2) 
PARAMETRIC_REPRESENTATION_CONTEXT() REPRESENTATION_CONTEXT('2D SPACE',''
  ) );
#8726 = PCURVE('',#8727,#8732);
#8727 = CYLINDRICAL_SURFACE('',#8728,3.2);
#8728 = AXIS2_PLACEMENT_3D('',#8729,#8730,#8731);
#8729 = CARTESIAN_POINT('',(13.5,43.,14.8));
#8730 = DIRECTION('',(-0.,-0.,-1.));
#8731 = DIRECTION('',(1.,0.,0.));
#8732 = DEFINITIONAL_REPRESENTATION('',(#8733),#8737);
#8733 = LINE('',#8734,#8735);
#8734 = CARTESIAN_POINT('',(-6.28318530718,-3.2));
#8735 = VECTOR('',#8736,1.);
#8736 = DIRECTION('',(1.,-0.));
#8737 = ( GEOMETRIC_REPRESENTATION_CONTEXT(2) 
PARAMETRIC_REPRESENTATION_CONTEXT() REPRESENTATION_CONTEXT('2D SPACE',''
  ) );
#8738 = FACE_BOUND('',#8739,.F.);
#8739 = EDGE_LOOP('',(#8740,#8770,#8798,#8826));
#8740 = ORIENTED_EDGE('',*,*,#8741,.T.);
#8741 = EDGE_CURVE('',#8742,#8744,#8746,.T.);
#8742 = VERTEX_POINT('',#8743);
#8743 = CARTESIAN_POINT('',(-8.,16.,18.));
#8744 = VERTEX_POINT('',#8745);
#8745 = CARTESIAN_POINT('',(-8.,-16.,18.));
#8746 = SURFACE_CURVE('',#8747,(#8751,#8758),.PCURVE_S1.);
#8747 = LINE('',#8748,#8749);
#8748 = CARTESIAN_POINT('',(-8.,43.,18.));
#8749 = VECTOR('',#8750,1.);
#8750 = DIRECTION('',(-1.110223024625E-16,-1.,0.));
#8751 = PCURVE('',#1536,#8752);
#8752 = DEFINITIONAL_REPRESENTATION('',(#8753),#8757);
#8753 = LINE('',#8754,#8755);
#8754 = CARTESIAN_POINT('',(-5.5,43.));
#8755 = VECTOR('',#8756,1.);
#8756 = DIRECTION('',(1.110223024625E-16,-1.));
#8757 = ( GEOMETRIC_REPRESENTATION_CONTEXT(2) 
PARAMETRIC_REPRESENTATION_CONTEXT() REPRESENTATION_CONTEXT('2D SPACE',''
  ) );
#8758 = PCURVE('',#8759,#8764);
#8759 = PLANE('',#8760);
#8760 = AXIS2_PLACEMENT_3D('',#8761,#8762,#8763);
#8761 = CARTESIAN_POINT('',(-8.,43.,15.));
#8762 = DIRECTION('',(1.,-1.110223024625E-16,0.));
#8763 = DIRECTION('',(-1.110223024625E-16,-1.,0.));
#8764 = DEFINITIONAL_REPRESENTATION('',(#8765),#8769);
#8765 = LINE('',#8766,#8767);
#8766 = CARTESIAN_POINT('',(0.,-3.));
#8767 = VECTOR('',#8768,1.);
#8768 = DIRECTION('',(1.,0.));
#8769 = ( GEOMETRIC_REPRESENTATION_CONTEXT(2) 
PARAMETRIC_REPRESENTATION_CONTEXT() REPRESENTATION_CONTEXT('2D SPACE',''
  ) );
#8770 = ORIENTED_EDGE('',*,*,#8771,.T.);
#8771 = EDGE_CURVE('',#8744,#8772,#8774,.T.);
#8772 = VERTEX_POINT('',#8773);
#8773 = CARTESIAN_POINT('',(8.,-16.,18.));
#8774 = SURFACE_CURVE('',#8775,(#8779,#8786),.PCURVE_S1.);
#8775 = LINE('',#8776,#8777);
#8776 = CARTESIAN_POINT('',(-29.,-16.,18.));
#8777 = VECTOR('',#8778,1.);
#8778 = DIRECTION('',(1.,0.,0.));
#8779 = PCURVE('',#1536,#8780);
#8780 = DEFINITIONAL_REPRESENTATION('',(#8781),#8785);
#8781 = LINE('',#8782,#8783);
#8782 = CARTESIAN_POINT('',(15.5,-16.));
#8783 = VECTOR('',#8784,1.);
#8784 = DIRECTION('',(-1.,0.));
#8785 = ( GEOMETRIC_REPRESENTATION_CONTEXT(2) 
PARAMETRIC_REPRESENTATION_CONTEXT() REPRESENTATION_CONTEXT('2D SPACE',''
  ) );
#8786 = PCURVE('',#8787,#8792);
#8787 = PLANE('',#8788);
#8788 = AXIS2_PLACEMENT_3D('',#8789,#8790,#8791);
#8789 = CARTESIAN_POINT('',(-29.,-16.,15.));
#8790 = DIRECTION('',(0.,1.,0.));
#8791 = DIRECTION('',(1.,0.,0.));
#8792 = DEFINITIONAL_REPRESENTATION('',(#8793),#8797);
#8793 = LINE('',#8794,#8795);
#8794 = CARTESIAN_POINT('',(0.,-3.));
#8795 = VECTOR('',#8796,1.);
#8796 = DIRECTION('',(1.,0.));
#8797 = ( GEOMETRIC_REPRESENTATION_CONTEXT(2) 
PARAMETRIC_REPRESENTATION_CONTEXT() REPRESENTATION_CONTEXT('2D SPACE',''
  ) );
#8798 = ORIENTED_EDGE('',*,*,#8799,.T.);
#8799 = EDGE_CURVE('',#8772,#8800,#8802,.T.);
#8800 = VERTEX_POINT('',#8801);
#8801 = CARTESIAN_POINT('',(8.,16.,18.));
#8802 = SURFACE_CURVE('',#8803,(#8807,#8814),.PCURVE_S1.);
#8803 = LINE('',#8804,#8805);
#8804 = CARTESIAN_POINT('',(8.,-43.,18.));
#8805 = VECTOR('',#8806,1.);
#8806 = DIRECTION('',(1.110223024625E-16,1.,0.));
#8807 = PCURVE('',#1536,#8808);
#8808 = DEFINITIONAL_REPRESENTATION('',(#8809),#8813);
#8809 = LINE('',#8810,#8811);
#8810 = CARTESIAN_POINT('',(-21.5,-43.));
#8811 = VECTOR('',#8812,1.);
#8812 = DIRECTION('',(-1.110223024625E-16,1.));
#8813 = ( GEOMETRIC_REPRESENTATION_CONTEXT(2) 
PARAMETRIC_REPRESENTATION_CONTEXT() REPRESENTATION_CONTEXT('2D SPACE',''
  ) );
#8814 = PCURVE('',#8815,#8820);
#8815 = PLANE('',#8816);
#8816 = AXIS2_PLACEMENT_3D('',#8817,#8818,#8819);
#8817 = CARTESIAN_POINT('',(8.,-43.,15.));
#8818 = DIRECTION('',(-1.,1.110223024625E-16,0.));
#8819 = DIRECTION('',(1.110223024625E-16,1.,0.));
#8820 = DEFINITIONAL_REPRESENTATION('',(#8821),#8825);
#8821 = LINE('',#8822,#8823);
#8822 = CARTESIAN_POINT('',(0.,-3.));
#8823 = VECTOR('',#8824,1.);
#8824 = DIRECTION('',(1.,0.));
#8825 = ( GEOMETRIC_REPRESENTATION_CONTEXT(2) 
PARAMETRIC_REPRESENTATION_CONTEXT() REPRESENTATION_CONTEXT('2D SPACE',''
  ) );
#8826 = ORIENTED_EDGE('',*,*,#8827,.T.);
#8827 = EDGE_CURVE('',#8800,#8742,#8828,.T.);
#8828 = SURFACE_CURVE('',#8829,(#8833,#8840),.PCURVE_S1.);
#8829 = LINE('',#8830,#8831);
#8830 = CARTESIAN_POINT('',(29.,16.,18.));
#8831 = VECTOR('',#8832,1.);
#8832 = DIRECTION('',(-1.,0.,0.));
#8833 = PCURVE('',#1536,#8834);
#8834 = DEFINITIONAL_REPRESENTATION('',(#8835),#8839);
#8835 = LINE('',#8836,#8837);
#8836 = CARTESIAN_POINT('',(-42.5,16.));
#8837 = VECTOR('',#8838,1.);
#8838 = DIRECTION('',(1.,0.));
#8839 = ( GEOMETRIC_REPRESENTATION_CONTEXT(2) 
PARAMETRIC_REPRESENTATION_CONTEXT() REPRESENTATION_CONTEXT('2D SPACE',''
  ) );
#8840 = PCURVE('',#8841,#8846);
#8841 = PLANE('',#8842);
#8842 = AXIS2_PLACEMENT_3D('',#8843,#8844,#8845);
#8843 = CARTESIAN_POINT('',(29.,16.,15.));
#8844 = DIRECTION('',(0.,-1.,0.));
#8845 = DIRECTION('',(-1.,0.,0.));
#8846 = DEFINITIONAL_REPRESENTATION('',(#8847),#8851);
#8847 = LINE('',#8848,#8849);
#8848 = CARTESIAN_POINT('',(0.,-3.));
#8849 = VECTOR('',#8850,1.);
#8850 = DIRECTION('',(1.,0.));
#8851 = ( GEOMETRIC_REPRESENTATION_CONTEXT(2) 
PARAMETRIC_REPRESENTATION_CONTEXT() REPRESENTATION_CONTEXT('2D SPACE',''
  ) );
#8852 = FACE_BOUND('',#8853,.F.);
#8853 = EDGE_LOOP('',(#8854));
#8854 = ORIENTED_EDGE('',*,*,#8855,.T.);
#8855 = EDGE_CURVE('',#8856,#8856,#8858,.T.);
#8856 = VERTEX_POINT('',#8857);
#8857 = CARTESIAN_POINT('',(-12.25,15.25,18.));
#8858 = SURFACE_CURVE('',#8859,(#8864,#8875),.PCURVE_S1.);
#8859 = CIRCLE('',#8860,3.);
#8860 = AXIS2_PLACEMENT_3D('',#8861,#8862,#8863);
#8861 = CARTESIAN_POINT('',(-15.25,15.25,18.));
#8862 = DIRECTION('',(0.,0.,1.));
#8863 = DIRECTION('',(1.,0.,0.));
#8864 = PCURVE('',#1536,#8865);
#8865 = DEFINITIONAL_REPRESENTATION('',(#8866),#8874);
#8866 = ( BOUNDED_CURVE() B_SPLINE_CURVE(2,(#8867,#8868,#8869,#8870,
#8871,#8872,#8873),.UNSPECIFIED.,.T.,.F.) B_SPLINE_CURVE_WITH_KNOTS((1,2
    ,2,2,2,1),(-2.094395102393,0.,2.094395102393,4.188790204786,
6.28318530718,8.377580409573),.UNSPECIFIED.) CURVE() 
GEOMETRIC_REPRESENTATION_ITEM() RATIONAL_B_SPLINE_CURVE((1.,0.5,1.,0.5,
1.,0.5,1.)) REPRESENTATION_ITEM('') );
#8867 = CARTESIAN_POINT('',(-1.25,15.25));
#8868 = CARTESIAN_POINT('',(-1.25,20.446152422707));
#8869 = CARTESIAN_POINT('',(3.25,17.848076211353));
#8870 = CARTESIAN_POINT('',(7.75,15.25));
#8871 = CARTESIAN_POINT('',(3.25,12.651923788647));
#8872 = CARTESIAN_POINT('',(-1.25,10.053847577293));
#8873 = CARTESIAN_POINT('',(-1.25,15.25));
#8874 = ( GEOMETRIC_REPRESENTATION_CONTEXT(2) 
PARAMETRIC_REPRESENTATION_CONTEXT() REPRESENTATION_CONTEXT('2D SPACE',''
  ) );
#8875 = PCURVE('',#8876,#8881);
#8876 = CYLINDRICAL_SURFACE('',#8877,3.);
#8877 = AXIS2_PLACEMENT_3D('',#8878,#8879,#8880);
#8878 = CARTESIAN_POINT('',(-15.25,15.25,18.));
#8879 = DIRECTION('',(-0.,-0.,-1.));
#8880 = DIRECTION('',(1.,0.,0.));
#8881 = DEFINITIONAL_REPRESENTATION('',(#8882),#8886);
#8882 = LINE('',#8883,#8884);
#8883 = CARTESIAN_POINT('',(-0.,0.));
#8884 = VECTOR('',#8885,1.);
#8885 = DIRECTION('',(-1.,0.));
#8886 = ( GEOMETRIC_REPRESENTATION_CONTEXT(2) 
PARAMETRIC_REPRESENTATION_CONTEXT() REPRESENTATION_CONTEXT('2D SPACE',''
  ) );
#8887 = FACE_BOUND('',#8888,.F.);
#8888 = EDGE_LOOP('',(#8889));
#8889 = ORIENTED_EDGE('',*,*,#8890,.F.);
#8890 = EDGE_CURVE('',#8891,#8891,#8893,.T.);
#8891 = VERTEX_POINT('',#8892);
#8892 = CARTESIAN_POINT('',(-26.6,21.5,18.));
#8893 = SURFACE_CURVE('',#8894,(#8899,#8906),.PCURVE_S1.);
#8894 = CIRCLE('',#8895,2.4);
#8895 = AXIS2_PLACEMENT_3D('',#8896,#8897,#8898);
#8896 = CARTESIAN_POINT('',(-29.,21.5,18.));
#8897 = DIRECTION('',(0.,0.,-1.));
#8898 = DIRECTION('',(1.,0.,0.));
#8899 = PCURVE('',#1536,#8900);
#8900 = DEFINITIONAL_REPRESENTATION('',(#8901),#8905);
#8901 = CIRCLE('',#8902,2.4);
#8902 = AXIS2_PLACEMENT_2D('',#8903,#8904);
#8903 = CARTESIAN_POINT('',(15.5,21.5));
#8904 = DIRECTION('',(-1.,0.));
#8905 = ( GEOMETRIC_REPRESENTATION_CONTEXT(2) 
PARAMETRIC_REPRESENTATION_CONTEXT() REPRESENTATION_CONTEXT('2D SPACE',''
  ) );
#8906 = PCURVE('',#8907,#8912);
#8907 = CYLINDRICAL_SURFACE('',#8908,2.4);
#8908 = AXIS2_PLACEMENT_3D('',#8909,#8910,#8911);
#8909 = CARTESIAN_POINT('',(-29.,21.5,15.8));
#8910 = DIRECTION('',(-0.,-0.,-1.));
#8911 = DIRECTION('',(1.,0.,0.));
#8912 = DEFINITIONAL_REPRESENTATION('',(#8913),#8917);
#8913 = LINE('',#8914,#8915);
#8914 = CARTESIAN_POINT('',(-6.28318530718,-2.2));
#8915 = VECTOR('',#8916,1.);
#8916 = DIRECTION('',(1.,-0.));
#8917 = ( GEOMETRIC_REPRESENTATION_CONTEXT(2) 
PARAMETRIC_REPRESENTATION_CONTEXT() REPRESENTATION_CONTEXT('2D SPACE',''
  ) );
#8918 = FACE_BOUND('',#8919,.F.);
#8919 = EDGE_LOOP('',(#8920));
#8920 = ORIENTED_EDGE('',*,*,#8921,.F.);
#8921 = EDGE_CURVE('',#8922,#8922,#8924,.T.);
#8922 = VERTEX_POINT('',#8923);
#8923 = CARTESIAN_POINT('',(-10.3,43.,18.));
#8924 = SURFACE_CURVE('',#8925,(#8930,#8937),.PCURVE_S1.);
#8925 = CIRCLE('',#8926,3.2);
#8926 = AXIS2_PLACEMENT_3D('',#8927,#8928,#8929);
#8927 = CARTESIAN_POINT('',(-13.5,43.,18.));
#8928 = DIRECTION('',(0.,0.,-1.));
#8929 = DIRECTION('',(1.,0.,0.));
#8930 = PCURVE('',#1536,#8931);
#8931 = DEFINITIONAL_REPRESENTATION('',(#8932),#8936);
#8932 = CIRCLE('',#8933,3.2);
#8933 = AXIS2_PLACEMENT_2D('',#8934,#8935);
#8934 = CARTESIAN_POINT('',(0.,43.));
#8935 = DIRECTION('',(-1.,0.));
#8936 = ( GEOMETRIC_REPRESENTATION_CONTEXT(2) 
PARAMETRIC_REPRESENTATION_CONTEXT() REPRESENTATION_CONTEXT('2D SPACE',''
  ) );
#8937 = PCURVE('',#8938,#8943);
#8938 = CYLINDRICAL_SURFACE('',#8939,3.2);
#8939 = AXIS2_PLACEMENT_3D('',#8940,#8941,#8942);
#8940 = CARTESIAN_POINT('',(-13.5,43.,14.8));
#8941 = DIRECTION('',(-0.,-0.,-1.));
#8942 = DIRECTION('',(1.,0.,0.));
#8943 = DEFINITIONAL_REPRESENTATION('',(#8944),#8948);
#8944 = LINE('',#8945,#8946);
#8945 = CARTESIAN_POINT('',(-6.28318530718,-3.2));
#8946 = VECTOR('',#8947,1.);
#8947 = DIRECTION('',(1.,-0.));
#8948 = ( GEOMETRIC_REPRESENTATION_CONTEXT(2) 
PARAMETRIC_REPRESENTATION_CONTEXT() REPRESENTATION_CONTEXT('2D SPACE',''
  ) );
#8949 = ADVANCED_FACE('',(#8950),#1563,.T.);
#8950 = FACE_BOUND('',#8951,.T.);
#8951 = EDGE_LOOP('',(#8952,#8973,#8974,#8975));
#8952 = ORIENTED_EDGE('',*,*,#8953,.F.);
#8953 = EDGE_CURVE('',#8068,#8954,#8956,.T.);
#8954 = VERTEX_POINT('',#8955);
#8955 = CARTESIAN_POINT('',(-8.,-27.,15.));
#8956 = SURFACE_CURVE('',#8957,(#8961,#8967),.PCURVE_S1.);
#8957 = LINE('',#8958,#8959);
#8958 = CARTESIAN_POINT('',(-8.,-27.,15.));
#8959 = VECTOR('',#8960,1.);
#8960 = DIRECTION('',(0.,0.,-1.));
#8961 = PCURVE('',#1563,#8962);
#8962 = DEFINITIONAL_REPRESENTATION('',(#8963),#8966);
#8963 = B_SPLINE_CURVE_WITH_KNOTS('',1,(#8964,#8965),.UNSPECIFIED.,.F.,
  .F.,(2,2),(-3.,0.),.PIECEWISE_BEZIER_KNOTS.);
#8964 = CARTESIAN_POINT('',(70.,-3.));
#8965 = CARTESIAN_POINT('',(70.,0.));
#8966 = ( GEOMETRIC_REPRESENTATION_CONTEXT(2) 
PARAMETRIC_REPRESENTATION_CONTEXT() REPRESENTATION_CONTEXT('2D SPACE',''
  ) );
#8967 = PCURVE('',#8083,#8968);
#8968 = DEFINITIONAL_REPRESENTATION('',(#8969),#8972);
#8969 = B_SPLINE_CURVE_WITH_KNOTS('',1,(#8970,#8971),.UNSPECIFIED.,.F.,
  .F.,(2,2),(-3.,0.),.PIECEWISE_BEZIER_KNOTS.);
#8970 = CARTESIAN_POINT('',(37.,-3.));
#8971 = CARTESIAN_POINT('',(37.,0.));
#8972 = ( GEOMETRIC_REPRESENTATION_CONTEXT(2) 
PARAMETRIC_REPRESENTATION_CONTEXT() REPRESENTATION_CONTEXT('2D SPACE',''
  ) );
#8973 = ORIENTED_EDGE('',*,*,#8095,.T.);
#8974 = ORIENTED_EDGE('',*,*,#1548,.F.);
#8975 = ORIENTED_EDGE('',*,*,#8976,.F.);
#8976 = EDGE_CURVE('',#8954,#1549,#8977,.T.);
#8977 = SURFACE_CURVE('',#8978,(#8982,#8989),.PCURVE_S1.);
#8978 = LINE('',#8979,#8980);
#8979 = CARTESIAN_POINT('',(-8.,43.,15.));
#8980 = VECTOR('',#8981,1.);
#8981 = DIRECTION('',(-1.110223024625E-16,-1.,0.));
#8982 = PCURVE('',#1563,#8983);
#8983 = DEFINITIONAL_REPRESENTATION('',(#8984),#8988);
#8984 = LINE('',#8985,#8986);
#8985 = CARTESIAN_POINT('',(0.,0.));
#8986 = VECTOR('',#8987,1.);
#8987 = DIRECTION('',(1.,0.));
#8988 = ( GEOMETRIC_REPRESENTATION_CONTEXT(2) 
PARAMETRIC_REPRESENTATION_CONTEXT() REPRESENTATION_CONTEXT('2D SPACE',''
  ) );
#8989 = PCURVE('',#1779,#8990);
#8990 = DEFINITIONAL_REPRESENTATION('',(#8991),#8995);
#8991 = LINE('',#8992,#8993);
#8992 = CARTESIAN_POINT('',(6.553092781275,43.));
#8993 = VECTOR('',#8994,1.);
#8994 = DIRECTION('',(-7.285047175784E-17,-1.));
#8995 = ( GEOMETRIC_REPRESENTATION_CONTEXT(2) 
PARAMETRIC_REPRESENTATION_CONTEXT() REPRESENTATION_CONTEXT('2D SPACE',''
  ) );
#8996 = ADVANCED_FACE('',(#8997),#1639,.F.);
#8997 = FACE_BOUND('',#8998,.F.);
#8998 = EDGE_LOOP('',(#8999,#9020,#9021,#9022,#9043,#9069,#9088,#9089));
#8999 = ORIENTED_EDGE('',*,*,#9000,.F.);
#9000 = EDGE_CURVE('',#7591,#1922,#9001,.T.);
#9001 = SURFACE_CURVE('',#9002,(#9006,#9013),.PCURVE_S1.);
#9002 = LINE('',#9003,#9004);
#9003 = CARTESIAN_POINT('',(29.,-27.,15.));
#9004 = VECTOR('',#9005,1.);
#9005 = DIRECTION('',(-1.,0.,0.));
#9006 = PCURVE('',#1639,#9007);
#9007 = DEFINITIONAL_REPRESENTATION('',(#9008),#9012);
#9008 = LINE('',#9009,#9010);
#9009 = CARTESIAN_POINT('',(0.,-29.));
#9010 = VECTOR('',#9011,1.);
#9011 = DIRECTION('',(0.,1.));
#9012 = ( GEOMETRIC_REPRESENTATION_CONTEXT(2) 
PARAMETRIC_REPRESENTATION_CONTEXT() REPRESENTATION_CONTEXT('2D SPACE',''
  ) );
#9013 = PCURVE('',#1937,#9014);
#9014 = DEFINITIONAL_REPRESENTATION('',(#9015),#9019);
#9015 = LINE('',#9016,#9017);
#9016 = CARTESIAN_POINT('',(0.,-0.));
#9017 = VECTOR('',#9018,1.);
#9018 = DIRECTION('',(1.,0.));
#9019 = ( GEOMETRIC_REPRESENTATION_CONTEXT(2) 
PARAMETRIC_REPRESENTATION_CONTEXT() REPRESENTATION_CONTEXT('2D SPACE',''
  ) );
#9020 = ORIENTED_EDGE('',*,*,#7682,.F.);
#9021 = ORIENTED_EDGE('',*,*,#1729,.T.);
#9022 = ORIENTED_EDGE('',*,*,#9023,.F.);
#9023 = EDGE_CURVE('',#9024,#1704,#9026,.T.);
#9024 = VERTEX_POINT('',#9025);
#9025 = CARTESIAN_POINT('',(-15.8,-23.27906976744,10.720930232558));
#9026 = SURFACE_CURVE('',#9027,(#9031,#9037),.PCURVE_S1.);
#9027 = LINE('',#9028,#9029);
#9028 = CARTESIAN_POINT('',(-15.8,-23.95909580193,11.502960172228));
#9029 = VECTOR('',#9030,1.);
#9030 = DIRECTION('',(0.,0.656178714925,-0.754605522164));
#9031 = PCURVE('',#1639,#9032);
#9032 = DEFINITIONAL_REPRESENTATION('',(#9033),#9036);
#9033 = B_SPLINE_CURVE_WITH_KNOTS('',1,(#9034,#9035),.UNSPECIFIED.,.F.,
  .F.,(2,2),(-0.658675046992,1.918830607119),.PIECEWISE_BEZIER_KNOTS.);
#9034 = CARTESIAN_POINT('',(3.975587127164,15.8));
#9035 = CARTESIAN_POINT('',(6.553092781275,15.8));
#9036 = ( GEOMETRIC_REPRESENTATION_CONTEXT(2) 
PARAMETRIC_REPRESENTATION_CONTEXT() REPRESENTATION_CONTEXT('2D SPACE',''
  ) );
#9037 = PCURVE('',#1718,#9038);
#9038 = DEFINITIONAL_REPRESENTATION('',(#9039),#9042);
#9039 = B_SPLINE_CURVE_WITH_KNOTS('',1,(#9040,#9041),.UNSPECIFIED.,.F.,
  .F.,(2,2),(-0.658675046992,1.918830607119),.PIECEWISE_BEZIER_KNOTS.);
#9040 = CARTESIAN_POINT('',(4.5,2.891304347826));
#9041 = CARTESIAN_POINT('',(2.555,1.2));
#9042 = ( GEOMETRIC_REPRESENTATION_CONTEXT(2) 
PARAMETRIC_REPRESENTATION_CONTEXT() REPRESENTATION_CONTEXT('2D SPACE',''
  ) );
#9043 = ORIENTED_EDGE('',*,*,#9044,.T.);
#9044 = EDGE_CURVE('',#9024,#9045,#9047,.T.);
#9045 = VERTEX_POINT('',#9046);
#9046 = CARTESIAN_POINT('',(-22.2,-23.27906976744,10.720930232558));
#9047 = SURFACE_CURVE('',#9048,(#9052,#9058),.PCURVE_S1.);
#9048 = LINE('',#9049,#9050);
#9049 = CARTESIAN_POINT('',(-9.5,-23.27906976744,10.720930232558));
#9050 = VECTOR('',#9051,1.);
#9051 = DIRECTION('',(-1.,0.,-0.));
#9052 = PCURVE('',#1639,#9053);
#9053 = DEFINITIONAL_REPRESENTATION('',(#9054),#9057);
#9054 = B_SPLINE_CURVE_WITH_KNOTS('',1,(#9055,#9056),.UNSPECIFIED.,.F.,
  .F.,(2,2),(6.3,12.7),.PIECEWISE_BEZIER_KNOTS.);
#9055 = CARTESIAN_POINT('',(5.670604894559,15.8));
#9056 = CARTESIAN_POINT('',(5.670604894559,22.2));
#9057 = ( GEOMETRIC_REPRESENTATION_CONTEXT(2) 
PARAMETRIC_REPRESENTATION_CONTEXT() REPRESENTATION_CONTEXT('2D SPACE',''
  ) );
#9058 = PCURVE('',#9059,#9064);
#9059 = PLANE('',#9060);
#9060 = AXIS2_PLACEMENT_3D('',#9061,#9062,#9063);
#9061 = CARTESIAN_POINT('',(-19.,-22.,12.));
#9062 = DIRECTION('',(0.,0.707106781187,-0.707106781187));
#9063 = DIRECTION('',(0.,-0.707106781187,-0.707106781187));
#9064 = DEFINITIONAL_REPRESENTATION('',(#9065),#9068);
#9065 = B_SPLINE_CURVE_WITH_KNOTS('',1,(#9066,#9067),.UNSPECIFIED.,.F.,
  .F.,(2,2),(6.3,12.7),.PIECEWISE_BEZIER_KNOTS.);
#9066 = CARTESIAN_POINT('',(1.808877812338,-3.2));
#9067 = CARTESIAN_POINT('',(1.808877812338,3.2));
#9068 = ( GEOMETRIC_REPRESENTATION_CONTEXT(2) 
PARAMETRIC_REPRESENTATION_CONTEXT() REPRESENTATION_CONTEXT('2D SPACE',''
  ) );
#9069 = ORIENTED_EDGE('',*,*,#9070,.T.);
#9070 = EDGE_CURVE('',#9045,#1624,#9071,.T.);
#9071 = SURFACE_CURVE('',#9072,(#9076,#9082),.PCURVE_S1.);
#9072 = LINE('',#9073,#9074);
#9073 = CARTESIAN_POINT('',(-22.2,-23.95909580193,11.502960172228));
#9074 = VECTOR('',#9075,1.);
#9075 = DIRECTION('',(0.,0.656178714925,-0.754605522164));
#9076 = PCURVE('',#1639,#9077);
#9077 = DEFINITIONAL_REPRESENTATION('',(#9078),#9081);
#9078 = B_SPLINE_CURVE_WITH_KNOTS('',1,(#9079,#9080),.UNSPECIFIED.,.F.,
  .F.,(2,2),(-0.658675046992,1.918830607119),.PIECEWISE_BEZIER_KNOTS.);
#9079 = CARTESIAN_POINT('',(3.975587127164,22.2));
#9080 = CARTESIAN_POINT('',(6.553092781275,22.2));
#9081 = ( GEOMETRIC_REPRESENTATION_CONTEXT(2) 
PARAMETRIC_REPRESENTATION_CONTEXT() REPRESENTATION_CONTEXT('2D SPACE',''
  ) );
#9082 = PCURVE('',#1666,#9083);
#9083 = DEFINITIONAL_REPRESENTATION('',(#9084),#9087);
#9084 = B_SPLINE_CURVE_WITH_KNOTS('',1,(#9085,#9086),.UNSPECIFIED.,.F.,
  .F.,(2,2),(-0.658675046992,1.918830607119),.PIECEWISE_BEZIER_KNOTS.);
#9085 = CARTESIAN_POINT('',(4.5,2.891304347826));
#9086 = CARTESIAN_POINT('',(2.555,1.2));
#9087 = ( GEOMETRIC_REPRESENTATION_CONTEXT(2) 
PARAMETRIC_REPRESENTATION_CONTEXT() REPRESENTATION_CONTEXT('2D SPACE',''
  ) );
#9088 = ORIENTED_EDGE('',*,*,#1623,.T.);
#9089 = ORIENTED_EDGE('',*,*,#1949,.F.);
#9090 = ADVANCED_FACE('',(#9091),#1718,.F.);
#9091 = FACE_BOUND('',#9092,.F.);
#9092 = EDGE_LOOP('',(#9093,#9094,#9117,#9145,#9166,#9167,#9188,#9216,
    #9244,#9265));
#9093 = ORIENTED_EDGE('',*,*,#1703,.T.);
#9094 = ORIENTED_EDGE('',*,*,#9095,.T.);
#9095 = EDGE_CURVE('',#1678,#9096,#9098,.T.);
#9096 = VERTEX_POINT('',#9097);
#9097 = CARTESIAN_POINT('',(-15.8,-22.,3.));
#9098 = SURFACE_CURVE('',#9099,(#9103,#9110),.PCURVE_S1.);
#9099 = LINE('',#9100,#9101);
#9100 = CARTESIAN_POINT('',(-15.8,-25.,6.));
#9101 = VECTOR('',#9102,1.);
#9102 = DIRECTION('',(0.,0.707106781187,-0.707106781187));
#9103 = PCURVE('',#1718,#9104);
#9104 = DEFINITIONAL_REPRESENTATION('',(#9105),#9109);
#9105 = LINE('',#9106,#9107);
#9106 = CARTESIAN_POINT('',(-1.5,3.5));
#9107 = VECTOR('',#9108,1.);
#9108 = DIRECTION('',(-0.707106781187,-0.707106781187));
#9109 = ( GEOMETRIC_REPRESENTATION_CONTEXT(2) 
PARAMETRIC_REPRESENTATION_CONTEXT() REPRESENTATION_CONTEXT('2D SPACE',''
  ) );
#9110 = PCURVE('',#1692,#9111);
#9111 = DEFINITIONAL_REPRESENTATION('',(#9112),#9116);
#9112 = LINE('',#9113,#9114);
#9113 = CARTESIAN_POINT('',(0.,-3.2));
#9114 = VECTOR('',#9115,1.);
#9115 = DIRECTION('',(1.,0.));
#9116 = ( GEOMETRIC_REPRESENTATION_CONTEXT(2) 
PARAMETRIC_REPRESENTATION_CONTEXT() REPRESENTATION_CONTEXT('2D SPACE',''
  ) );
#9117 = ORIENTED_EDGE('',*,*,#9118,.T.);
#9118 = EDGE_CURVE('',#9096,#9119,#9121,.T.);
#9119 = VERTEX_POINT('',#9120);
#9120 = CARTESIAN_POINT('',(-15.8,-21.,3.));
#9121 = SURFACE_CURVE('',#9122,(#9126,#9133),.PCURVE_S1.);
#9122 = LINE('',#9123,#9124);
#9123 = CARTESIAN_POINT('',(-15.8,-22.,3.));
#9124 = VECTOR('',#9125,1.);
#9125 = DIRECTION('',(0.,1.,0.));
#9126 = PCURVE('',#1718,#9127);
#9127 = DEFINITIONAL_REPRESENTATION('',(#9128),#9132);
#9128 = LINE('',#9129,#9130);
#9129 = CARTESIAN_POINT('',(-4.5,0.5));
#9130 = VECTOR('',#9131,1.);
#9131 = DIRECTION('',(0.,-1.));
#9132 = ( GEOMETRIC_REPRESENTATION_CONTEXT(2) 
PARAMETRIC_REPRESENTATION_CONTEXT() REPRESENTATION_CONTEXT('2D SPACE',''
  ) );
#9133 = PCURVE('',#9134,#9139);
#9134 = PLANE('',#9135);
#9135 = AXIS2_PLACEMENT_3D('',#9136,#9137,#9138);
#9136 = CARTESIAN_POINT('',(-19.,-22.,3.));
#9137 = DIRECTION('',(0.,0.,1.));
#9138 = DIRECTION('',(0.,1.,0.));
#9139 = DEFINITIONAL_REPRESENTATION('',(#9140),#9144);
#9140 = LINE('',#9141,#9142);
#9141 = CARTESIAN_POINT('',(0.,-3.2));
#9142 = VECTOR('',#9143,1.);
#9143 = DIRECTION('',(1.,0.));
#9144 = ( GEOMETRIC_REPRESENTATION_CONTEXT(2) 
PARAMETRIC_REPRESENTATION_CONTEXT() REPRESENTATION_CONTEXT('2D SPACE',''
  ) );
#9145 = ORIENTED_EDGE('',*,*,#9146,.T.);
#9146 = EDGE_CURVE('',#9119,#2161,#9147,.T.);
#9147 = SURFACE_CURVE('',#9148,(#9152,#9159),.PCURVE_S1.);
#9148 = LINE('',#9149,#9150);
#9149 = CARTESIAN_POINT('',(-15.8,-21.,3.));
#9150 = VECTOR('',#9151,1.);
#9151 = DIRECTION('',(0.,0.707106781187,0.707106781187));
#9152 = PCURVE('',#1718,#9153);
#9153 = DEFINITIONAL_REPRESENTATION('',(#9154),#9158);
#9154 = LINE('',#9155,#9156);
#9155 = CARTESIAN_POINT('',(-4.5,-0.5));
#9156 = VECTOR('',#9157,1.);
#9157 = DIRECTION('',(0.707106781187,-0.707106781187));
#9158 = ( GEOMETRIC_REPRESENTATION_CONTEXT(2) 
PARAMETRIC_REPRESENTATION_CONTEXT() REPRESENTATION_CONTEXT('2D SPACE',''
  ) );
#9159 = PCURVE('',#2175,#9160);
#9160 = DEFINITIONAL_REPRESENTATION('',(#9161),#9165);
#9161 = LINE('',#9162,#9163);
#9162 = CARTESIAN_POINT('',(0.,-3.2));
#9163 = VECTOR('',#9164,1.);
#9164 = DIRECTION('',(1.,0.));
#9165 = ( GEOMETRIC_REPRESENTATION_CONTEXT(2) 
PARAMETRIC_REPRESENTATION_CONTEXT() REPRESENTATION_CONTEXT('2D SPACE',''
  ) );
#9166 = ORIENTED_EDGE('',*,*,#2186,.F.);
#9167 = ORIENTED_EDGE('',*,*,#9168,.T.);
#9168 = EDGE_CURVE('',#2187,#9169,#9171,.T.);
#9169 = VERTEX_POINT('',#9170);
#9170 = CARTESIAN_POINT('',(-15.8,-19.72093023255,10.720930232558));
#9171 = SURFACE_CURVE('',#9172,(#9176,#9182),.PCURVE_S1.);
#9172 = LINE('',#9173,#9174);
#9173 = CARTESIAN_POINT('',(-15.8,-21.19090419806,9.030460172228));
#9174 = VECTOR('',#9175,1.);
#9175 = DIRECTION('',(-0.,0.656178714925,0.754605522164));
#9176 = PCURVE('',#1718,#9177);
#9177 = DEFINITIONAL_REPRESENTATION('',(#9178),#9181);
#9178 = B_SPLINE_CURVE_WITH_KNOTS('',1,(#9179,#9180),.UNSPECIFIED.,.F.,
  .F.,(2,2),(1.357715783519,3.93522143763),.PIECEWISE_BEZIER_KNOTS.);
#9179 = CARTESIAN_POINT('',(2.555,-1.2));
#9180 = CARTESIAN_POINT('',(4.5,-2.891304347826));
#9181 = ( GEOMETRIC_REPRESENTATION_CONTEXT(2) 
PARAMETRIC_REPRESENTATION_CONTEXT() REPRESENTATION_CONTEXT('2D SPACE',''
  ) );
#9182 = PCURVE('',#1858,#9183);
#9183 = DEFINITIONAL_REPRESENTATION('',(#9184),#9187);
#9184 = B_SPLINE_CURVE_WITH_KNOTS('',1,(#9185,#9186),.UNSPECIFIED.,.F.,
  .F.,(2,2),(1.357715783519,3.93522143763),.PIECEWISE_BEZIER_KNOTS.);
#9185 = CARTESIAN_POINT('',(0.,15.8));
#9186 = CARTESIAN_POINT('',(2.577505654111,15.8));
#9187 = ( GEOMETRIC_REPRESENTATION_CONTEXT(2) 
PARAMETRIC_REPRESENTATION_CONTEXT() REPRESENTATION_CONTEXT('2D SPACE',''
  ) );
#9188 = ORIENTED_EDGE('',*,*,#9189,.T.);
#9189 = EDGE_CURVE('',#9169,#9190,#9192,.T.);
#9190 = VERTEX_POINT('',#9191);
#9191 = CARTESIAN_POINT('',(-15.8,-21.,12.));
#9192 = SURFACE_CURVE('',#9193,(#9197,#9204),.PCURVE_S1.);
#9193 = LINE('',#9194,#9195);
#9194 = CARTESIAN_POINT('',(-15.8,-18.,9.));
#9195 = VECTOR('',#9196,1.);
#9196 = DIRECTION('',(0.,-0.707106781187,0.707106781187));
#9197 = PCURVE('',#1718,#9198);
#9198 = DEFINITIONAL_REPRESENTATION('',(#9199),#9203);
#9199 = LINE('',#9200,#9201);
#9200 = CARTESIAN_POINT('',(1.5,-3.5));
#9201 = VECTOR('',#9202,1.);
#9202 = DIRECTION('',(0.707106781187,0.707106781187));
#9203 = ( GEOMETRIC_REPRESENTATION_CONTEXT(2) 
PARAMETRIC_REPRESENTATION_CONTEXT() REPRESENTATION_CONTEXT('2D SPACE',''
  ) );
#9204 = PCURVE('',#9205,#9210);
#9205 = PLANE('',#9206);
#9206 = AXIS2_PLACEMENT_3D('',#9207,#9208,#9209);
#9207 = CARTESIAN_POINT('',(-19.,-18.,9.));
#9208 = DIRECTION('',(0.,-0.707106781187,-0.707106781187));
#9209 = DIRECTION('',(0.,-0.707106781187,0.707106781187));
#9210 = DEFINITIONAL_REPRESENTATION('',(#9211),#9215);
#9211 = LINE('',#9212,#9213);
#9212 = CARTESIAN_POINT('',(0.,-3.2));
#9213 = VECTOR('',#9214,1.);
#9214 = DIRECTION('',(1.,0.));
#9215 = ( GEOMETRIC_REPRESENTATION_CONTEXT(2) 
PARAMETRIC_REPRESENTATION_CONTEXT() REPRESENTATION_CONTEXT('2D SPACE',''
  ) );
#9216 = ORIENTED_EDGE('',*,*,#9217,.T.);
#9217 = EDGE_CURVE('',#9190,#9218,#9220,.T.);
#9218 = VERTEX_POINT('',#9219);
#9219 = CARTESIAN_POINT('',(-15.8,-22.,12.));
#9220 = SURFACE_CURVE('',#9221,(#9225,#9232),.PCURVE_S1.);
#9221 = LINE('',#9222,#9223);
#9222 = CARTESIAN_POINT('',(-15.8,-21.,12.));
#9223 = VECTOR('',#9224,1.);
#9224 = DIRECTION('',(0.,-1.,0.));
#9225 = PCURVE('',#1718,#9226);
#9226 = DEFINITIONAL_REPRESENTATION('',(#9227),#9231);
#9227 = LINE('',#9228,#9229);
#9228 = CARTESIAN_POINT('',(4.5,-0.5));
#9229 = VECTOR('',#9230,1.);
#9230 = DIRECTION('',(0.,1.));
#9231 = ( GEOMETRIC_REPRESENTATION_CONTEXT(2) 
PARAMETRIC_REPRESENTATION_CONTEXT() REPRESENTATION_CONTEXT('2D SPACE',''
  ) );
#9232 = PCURVE('',#9233,#9238);
#9233 = PLANE('',#9234);
#9234 = AXIS2_PLACEMENT_3D('',#9235,#9236,#9237);
#9235 = CARTESIAN_POINT('',(-19.,-21.,12.));
#9236 = DIRECTION('',(0.,0.,-1.));
#9237 = DIRECTION('',(0.,-1.,0.));
#9238 = DEFINITIONAL_REPRESENTATION('',(#9239),#9243);
#9239 = LINE('',#9240,#9241);
#9240 = CARTESIAN_POINT('',(0.,-3.2));
#9241 = VECTOR('',#9242,1.);
#9242 = DIRECTION('',(1.,0.));
#9243 = ( GEOMETRIC_REPRESENTATION_CONTEXT(2) 
PARAMETRIC_REPRESENTATION_CONTEXT() REPRESENTATION_CONTEXT('2D SPACE',''
  ) );
#9244 = ORIENTED_EDGE('',*,*,#9245,.T.);
#9245 = EDGE_CURVE('',#9218,#9024,#9246,.T.);
#9246 = SURFACE_CURVE('',#9247,(#9251,#9258),.PCURVE_S1.);
#9247 = LINE('',#9248,#9249);
#9248 = CARTESIAN_POINT('',(-15.8,-22.,12.));
#9249 = VECTOR('',#9250,1.);
#9250 = DIRECTION('',(0.,-0.707106781187,-0.707106781187));
#9251 = PCURVE('',#1718,#9252);
#9252 = DEFINITIONAL_REPRESENTATION('',(#9253),#9257);
#9253 = LINE('',#9254,#9255);
#9254 = CARTESIAN_POINT('',(4.5,0.5));
#9255 = VECTOR('',#9256,1.);
#9256 = DIRECTION('',(-0.707106781187,0.707106781187));
#9257 = ( GEOMETRIC_REPRESENTATION_CONTEXT(2) 
PARAMETRIC_REPRESENTATION_CONTEXT() REPRESENTATION_CONTEXT('2D SPACE',''
  ) );
#9258 = PCURVE('',#9059,#9259);
#9259 = DEFINITIONAL_REPRESENTATION('',(#9260),#9264);
#9260 = LINE('',#9261,#9262);
#9261 = CARTESIAN_POINT('',(0.,-3.2));
#9262 = VECTOR('',#9263,1.);
#9263 = DIRECTION('',(1.,0.));
#9264 = ( GEOMETRIC_REPRESENTATION_CONTEXT(2) 
PARAMETRIC_REPRESENTATION_CONTEXT() REPRESENTATION_CONTEXT('2D SPACE',''
  ) );
#9265 = ORIENTED_EDGE('',*,*,#9023,.T.);
#9266 = ADVANCED_FACE('',(#9267),#1692,.T.);
#9267 = FACE_BOUND('',#9268,.T.);
#9268 = EDGE_LOOP('',(#9269,#9270,#9271,#9294));
#9269 = ORIENTED_EDGE('',*,*,#1677,.T.);
#9270 = ORIENTED_EDGE('',*,*,#9095,.T.);
#9271 = ORIENTED_EDGE('',*,*,#9272,.F.);
#9272 = EDGE_CURVE('',#9273,#9096,#9275,.T.);
#9273 = VERTEX_POINT('',#9274);
#9274 = CARTESIAN_POINT('',(-22.2,-22.,3.));
#9275 = SURFACE_CURVE('',#9276,(#9280,#9287),.PCURVE_S1.);
#9276 = LINE('',#9277,#9278);
#9277 = CARTESIAN_POINT('',(-22.2,-22.,3.));
#9278 = VECTOR('',#9279,1.);
#9279 = DIRECTION('',(1.,0.,0.));
#9280 = PCURVE('',#1692,#9281);
#9281 = DEFINITIONAL_REPRESENTATION('',(#9282),#9286);
#9282 = LINE('',#9283,#9284);
#9283 = CARTESIAN_POINT('',(4.242640687119,3.2));
#9284 = VECTOR('',#9285,1.);
#9285 = DIRECTION('',(0.,-1.));
#9286 = ( GEOMETRIC_REPRESENTATION_CONTEXT(2) 
PARAMETRIC_REPRESENTATION_CONTEXT() REPRESENTATION_CONTEXT('2D SPACE',''
  ) );
#9287 = PCURVE('',#9134,#9288);
#9288 = DEFINITIONAL_REPRESENTATION('',(#9289),#9293);
#9289 = LINE('',#9290,#9291);
#9290 = CARTESIAN_POINT('',(0.,3.2));
#9291 = VECTOR('',#9292,1.);
#9292 = DIRECTION('',(0.,-1.));
#9293 = ( GEOMETRIC_REPRESENTATION_CONTEXT(2) 
PARAMETRIC_REPRESENTATION_CONTEXT() REPRESENTATION_CONTEXT('2D SPACE',''
  ) );
#9294 = ORIENTED_EDGE('',*,*,#9295,.F.);
#9295 = EDGE_CURVE('',#1652,#9273,#9296,.T.);
#9296 = SURFACE_CURVE('',#9297,(#9301,#9308),.PCURVE_S1.);
#9297 = LINE('',#9298,#9299);
#9298 = CARTESIAN_POINT('',(-22.2,-25.,6.));
#9299 = VECTOR('',#9300,1.);
#9300 = DIRECTION('',(0.,0.707106781187,-0.707106781187));
#9301 = PCURVE('',#1692,#9302);
#9302 = DEFINITIONAL_REPRESENTATION('',(#9303),#9307);
#9303 = LINE('',#9304,#9305);
#9304 = CARTESIAN_POINT('',(0.,3.2));
#9305 = VECTOR('',#9306,1.);
#9306 = DIRECTION('',(1.,0.));
#9307 = ( GEOMETRIC_REPRESENTATION_CONTEXT(2) 
PARAMETRIC_REPRESENTATION_CONTEXT() REPRESENTATION_CONTEXT('2D SPACE',''
  ) );
#9308 = PCURVE('',#1666,#9309);
#9309 = DEFINITIONAL_REPRESENTATION('',(#9310),#9314);
#9310 = LINE('',#9311,#9312);
#9311 = CARTESIAN_POINT('',(-1.5,3.5));
#9312 = VECTOR('',#9313,1.);
#9313 = DIRECTION('',(-0.707106781187,-0.707106781187));
#9314 = ( GEOMETRIC_REPRESENTATION_CONTEXT(2) 
PARAMETRIC_REPRESENTATION_CONTEXT() REPRESENTATION_CONTEXT('2D SPACE',''
  ) );
#9315 = ADVANCED_FACE('',(#9316),#1666,.T.);
#9316 = FACE_BOUND('',#9317,.T.);
#9317 = EDGE_LOOP('',(#9318,#9319,#9320,#9343,#9364,#9365,#9386,#9409,
    #9432,#9453));
#9318 = ORIENTED_EDGE('',*,*,#1651,.T.);
#9319 = ORIENTED_EDGE('',*,*,#9295,.T.);
#9320 = ORIENTED_EDGE('',*,*,#9321,.T.);
#9321 = EDGE_CURVE('',#9273,#9322,#9324,.T.);
#9322 = VERTEX_POINT('',#9323);
#9323 = CARTESIAN_POINT('',(-22.2,-21.,3.));
#9324 = SURFACE_CURVE('',#9325,(#9329,#9336),.PCURVE_S1.);
#9325 = LINE('',#9326,#9327);
#9326 = CARTESIAN_POINT('',(-22.2,-22.,3.));
#9327 = VECTOR('',#9328,1.);
#9328 = DIRECTION('',(0.,1.,0.));
#9329 = PCURVE('',#1666,#9330);
#9330 = DEFINITIONAL_REPRESENTATION('',(#9331),#9335);
#9331 = LINE('',#9332,#9333);
#9332 = CARTESIAN_POINT('',(-4.5,0.5));
#9333 = VECTOR('',#9334,1.);
#9334 = DIRECTION('',(0.,-1.));
#9335 = ( GEOMETRIC_REPRESENTATION_CONTEXT(2) 
PARAMETRIC_REPRESENTATION_CONTEXT() REPRESENTATION_CONTEXT('2D SPACE',''
  ) );
#9336 = PCURVE('',#9134,#9337);
#9337 = DEFINITIONAL_REPRESENTATION('',(#9338),#9342);
#9338 = LINE('',#9339,#9340);
#9339 = CARTESIAN_POINT('',(0.,3.2));
#9340 = VECTOR('',#9341,1.);
#9341 = DIRECTION('',(1.,0.));
#9342 = ( GEOMETRIC_REPRESENTATION_CONTEXT(2) 
PARAMETRIC_REPRESENTATION_CONTEXT() REPRESENTATION_CONTEXT('2D SPACE',''
  ) );
#9343 = ORIENTED_EDGE('',*,*,#9344,.T.);
#9344 = EDGE_CURVE('',#9322,#2140,#9345,.T.);
#9345 = SURFACE_CURVE('',#9346,(#9350,#9357),.PCURVE_S1.);
#9346 = LINE('',#9347,#9348);
#9347 = CARTESIAN_POINT('',(-22.2,-21.,3.));
#9348 = VECTOR('',#9349,1.);
#9349 = DIRECTION('',(0.,0.707106781187,0.707106781187));
#9350 = PCURVE('',#1666,#9351);
#9351 = DEFINITIONAL_REPRESENTATION('',(#9352),#9356);
#9352 = LINE('',#9353,#9354);
#9353 = CARTESIAN_POINT('',(-4.5,-0.5));
#9354 = VECTOR('',#9355,1.);
#9355 = DIRECTION('',(0.707106781187,-0.707106781187));
#9356 = ( GEOMETRIC_REPRESENTATION_CONTEXT(2) 
PARAMETRIC_REPRESENTATION_CONTEXT() REPRESENTATION_CONTEXT('2D SPACE',''
  ) );
#9357 = PCURVE('',#2175,#9358);
#9358 = DEFINITIONAL_REPRESENTATION('',(#9359),#9363);
#9359 = LINE('',#9360,#9361);
#9360 = CARTESIAN_POINT('',(0.,3.2));
#9361 = VECTOR('',#9362,1.);
#9362 = DIRECTION('',(1.,0.));
#9363 = ( GEOMETRIC_REPRESENTATION_CONTEXT(2) 
PARAMETRIC_REPRESENTATION_CONTEXT() REPRESENTATION_CONTEXT('2D SPACE',''
  ) );
#9364 = ORIENTED_EDGE('',*,*,#2139,.F.);
#9365 = ORIENTED_EDGE('',*,*,#9366,.T.);
#9366 = EDGE_CURVE('',#2117,#9367,#9369,.T.);
#9367 = VERTEX_POINT('',#9368);
#9368 = CARTESIAN_POINT('',(-22.2,-19.72093023255,10.720930232558));
#9369 = SURFACE_CURVE('',#9370,(#9374,#9380),.PCURVE_S1.);
#9370 = LINE('',#9371,#9372);
#9371 = CARTESIAN_POINT('',(-22.2,-21.19090419806,9.030460172228));
#9372 = VECTOR('',#9373,1.);
#9373 = DIRECTION('',(-0.,0.656178714925,0.754605522164));
#9374 = PCURVE('',#1666,#9375);
#9375 = DEFINITIONAL_REPRESENTATION('',(#9376),#9379);
#9376 = B_SPLINE_CURVE_WITH_KNOTS('',1,(#9377,#9378),.UNSPECIFIED.,.F.,
  .F.,(2,2),(1.357715783519,3.93522143763),.PIECEWISE_BEZIER_KNOTS.);
#9377 = CARTESIAN_POINT('',(2.555,-1.2));
#9378 = CARTESIAN_POINT('',(4.5,-2.891304347826));
#9379 = ( GEOMETRIC_REPRESENTATION_CONTEXT(2) 
PARAMETRIC_REPRESENTATION_CONTEXT() REPRESENTATION_CONTEXT('2D SPACE',''
  ) );
#9380 = PCURVE('',#1858,#9381);
#9381 = DEFINITIONAL_REPRESENTATION('',(#9382),#9385);
#9382 = B_SPLINE_CURVE_WITH_KNOTS('',1,(#9383,#9384),.UNSPECIFIED.,.F.,
  .F.,(2,2),(1.357715783519,3.93522143763),.PIECEWISE_BEZIER_KNOTS.);
#9383 = CARTESIAN_POINT('',(0.,22.2));
#9384 = CARTESIAN_POINT('',(2.577505654111,22.2));
#9385 = ( GEOMETRIC_REPRESENTATION_CONTEXT(2) 
PARAMETRIC_REPRESENTATION_CONTEXT() REPRESENTATION_CONTEXT('2D SPACE',''
  ) );
#9386 = ORIENTED_EDGE('',*,*,#9387,.T.);
#9387 = EDGE_CURVE('',#9367,#9388,#9390,.T.);
#9388 = VERTEX_POINT('',#9389);
#9389 = CARTESIAN_POINT('',(-22.2,-21.,12.));
#9390 = SURFACE_CURVE('',#9391,(#9395,#9402),.PCURVE_S1.);
#9391 = LINE('',#9392,#9393);
#9392 = CARTESIAN_POINT('',(-22.2,-18.,9.));
#9393 = VECTOR('',#9394,1.);
#9394 = DIRECTION('',(0.,-0.707106781187,0.707106781187));
#9395 = PCURVE('',#1666,#9396);
#9396 = DEFINITIONAL_REPRESENTATION('',(#9397),#9401);
#9397 = LINE('',#9398,#9399);
#9398 = CARTESIAN_POINT('',(1.5,-3.5));
#9399 = VECTOR('',#9400,1.);
#9400 = DIRECTION('',(0.707106781187,0.707106781187));
#9401 = ( GEOMETRIC_REPRESENTATION_CONTEXT(2) 
PARAMETRIC_REPRESENTATION_CONTEXT() REPRESENTATION_CONTEXT('2D SPACE',''
  ) );
#9402 = PCURVE('',#9205,#9403);
#9403 = DEFINITIONAL_REPRESENTATION('',(#9404),#9408);
#9404 = LINE('',#9405,#9406);
#9405 = CARTESIAN_POINT('',(0.,3.2));
#9406 = VECTOR('',#9407,1.);
#9407 = DIRECTION('',(1.,0.));
#9408 = ( GEOMETRIC_REPRESENTATION_CONTEXT(2) 
PARAMETRIC_REPRESENTATION_CONTEXT() REPRESENTATION_CONTEXT('2D SPACE',''
  ) );
#9409 = ORIENTED_EDGE('',*,*,#9410,.T.);
#9410 = EDGE_CURVE('',#9388,#9411,#9413,.T.);
#9411 = VERTEX_POINT('',#9412);
#9412 = CARTESIAN_POINT('',(-22.2,-22.,12.));
#9413 = SURFACE_CURVE('',#9414,(#9418,#9425),.PCURVE_S1.);
#9414 = LINE('',#9415,#9416);
#9415 = CARTESIAN_POINT('',(-22.2,-21.,12.));
#9416 = VECTOR('',#9417,1.);
#9417 = DIRECTION('',(0.,-1.,0.));
#9418 = PCURVE('',#1666,#9419);
#9419 = DEFINITIONAL_REPRESENTATION('',(#9420),#9424);
#9420 = LINE('',#9421,#9422);
#9421 = CARTESIAN_POINT('',(4.5,-0.5));
#9422 = VECTOR('',#9423,1.);
#9423 = DIRECTION('',(0.,1.));
#9424 = ( GEOMETRIC_REPRESENTATION_CONTEXT(2) 
PARAMETRIC_REPRESENTATION_CONTEXT() REPRESENTATION_CONTEXT('2D SPACE',''
  ) );
#9425 = PCURVE('',#9233,#9426);
#9426 = DEFINITIONAL_REPRESENTATION('',(#9427),#9431);
#9427 = LINE('',#9428,#9429);
#9428 = CARTESIAN_POINT('',(0.,3.2));
#9429 = VECTOR('',#9430,1.);
#9430 = DIRECTION('',(1.,0.));
#9431 = ( GEOMETRIC_REPRESENTATION_CONTEXT(2) 
PARAMETRIC_REPRESENTATION_CONTEXT() REPRESENTATION_CONTEXT('2D SPACE',''
  ) );
#9432 = ORIENTED_EDGE('',*,*,#9433,.T.);
#9433 = EDGE_CURVE('',#9411,#9045,#9434,.T.);
#9434 = SURFACE_CURVE('',#9435,(#9439,#9446),.PCURVE_S1.);
#9435 = LINE('',#9436,#9437);
#9436 = CARTESIAN_POINT('',(-22.2,-22.,12.));
#9437 = VECTOR('',#9438,1.);
#9438 = DIRECTION('',(0.,-0.707106781187,-0.707106781187));
#9439 = PCURVE('',#1666,#9440);
#9440 = DEFINITIONAL_REPRESENTATION('',(#9441),#9445);
#9441 = LINE('',#9442,#9443);
#9442 = CARTESIAN_POINT('',(4.5,0.5));
#9443 = VECTOR('',#9444,1.);
#9444 = DIRECTION('',(-0.707106781187,0.707106781187));
#9445 = ( GEOMETRIC_REPRESENTATION_CONTEXT(2) 
PARAMETRIC_REPRESENTATION_CONTEXT() REPRESENTATION_CONTEXT('2D SPACE',''
  ) );
#9446 = PCURVE('',#9059,#9447);
#9447 = DEFINITIONAL_REPRESENTATION('',(#9448),#9452);
#9448 = LINE('',#9449,#9450);
#9449 = CARTESIAN_POINT('',(-0.,3.2));
#9450 = VECTOR('',#9451,1.);
#9451 = DIRECTION('',(1.,0.));
#9452 = ( GEOMETRIC_REPRESENTATION_CONTEXT(2) 
PARAMETRIC_REPRESENTATION_CONTEXT() REPRESENTATION_CONTEXT('2D SPACE',''
  ) );
#9453 = ORIENTED_EDGE('',*,*,#9070,.T.);
#9454 = ADVANCED_FACE('',(#9455),#1779,.F.);
#9455 = FACE_BOUND('',#9456,.F.);
#9456 = EDGE_LOOP('',(#9457,#9458,#9477,#9478,#9479,#9498,#9499,#9500));
#9457 = ORIENTED_EDGE('',*,*,#8976,.F.);
#9458 = ORIENTED_EDGE('',*,*,#9459,.T.);
#9459 = EDGE_CURVE('',#8954,#1983,#9460,.T.);
#9460 = SURFACE_CURVE('',#9461,(#9465,#9471),.PCURVE_S1.);
#9461 = LINE('',#9462,#9463);
#9462 = CARTESIAN_POINT('',(-12.36218961625,-22.63781038374,
    9.983481941309));
#9463 = VECTOR('',#9464,1.);
#9464 = DIRECTION('',(-0.548614782048,0.548614782048,-0.630906999356));
#9465 = PCURVE('',#1779,#9466);
#9466 = DEFINITIONAL_REPRESENTATION('',(#9467),#9470);
#9467 = B_SPLINE_CURVE_WITH_KNOTS('',1,(#9468,#9469),.UNSPECIFIED.,.F.,
  .F.,(2,2),(-7.951279766771,-0.113357529341),.PIECEWISE_BEZIER_KNOTS.);
#9468 = CARTESIAN_POINT('',(6.553092781275,-27.));
#9469 = CARTESIAN_POINT('',(-1.110223024625E-16,-22.7));
#9470 = ( GEOMETRIC_REPRESENTATION_CONTEXT(2) 
PARAMETRIC_REPRESENTATION_CONTEXT() REPRESENTATION_CONTEXT('2D SPACE',''
  ) );
#9471 = PCURVE('',#2270,#9472);
#9472 = DEFINITIONAL_REPRESENTATION('',(#9473),#9476);
#9473 = B_SPLINE_CURVE_WITH_KNOTS('',1,(#9474,#9475),.UNSPECIFIED.,.F.,
  .F.,(2,2),(-7.951279766771,-0.113357529341),.PIECEWISE_BEZIER_KNOTS.);
#9474 = CARTESIAN_POINT('',(0.,8.));
#9475 = CARTESIAN_POINT('',(6.553092781275,12.3));
#9476 = ( GEOMETRIC_REPRESENTATION_CONTEXT(2) 
PARAMETRIC_REPRESENTATION_CONTEXT() REPRESENTATION_CONTEXT('2D SPACE',''
  ) );
#9477 = ORIENTED_EDGE('',*,*,#2003,.T.);
#9478 = ORIENTED_EDGE('',*,*,#7859,.T.);
#9479 = ORIENTED_EDGE('',*,*,#9480,.T.);
#9480 = EDGE_CURVE('',#7860,#7728,#9481,.T.);
#9481 = SURFACE_CURVE('',#9482,(#9486,#9492),.PCURVE_S1.);
#9482 = LINE('',#9483,#9484);
#9483 = CARTESIAN_POINT('',(-11.02325581395,-15.25,11.523255813953));
#9484 = VECTOR('',#9485,1.);
#9485 = DIRECTION('',(0.,-1.,0.));
#9486 = PCURVE('',#1779,#9487);
#9487 = DEFINITIONAL_REPRESENTATION('',(#9488),#9491);
#9488 = B_SPLINE_CURVE_WITH_KNOTS('',1,(#9489,#9490),.UNSPECIFIED.,.F.,
  .F.,(2,2),(12.05,18.45),.PIECEWISE_BEZIER_KNOTS.);
#9489 = CARTESIAN_POINT('',(1.945726304446,-27.3));
#9490 = CARTESIAN_POINT('',(1.945726304446,-33.7));
#9491 = ( GEOMETRIC_REPRESENTATION_CONTEXT(2) 
PARAMETRIC_REPRESENTATION_CONTEXT() REPRESENTATION_CONTEXT('2D SPACE',''
  ) );
#9492 = PCURVE('',#7764,#9493);
#9493 = DEFINITIONAL_REPRESENTATION('',(#9494),#9497);
#9494 = B_SPLINE_CURVE_WITH_KNOTS('',1,(#9495,#9496),.UNSPECIFIED.,.F.,
  .F.,(2,2),(12.05,18.45),.PIECEWISE_BEZIER_KNOTS.);
#9495 = CARTESIAN_POINT('',(4.982636155803,3.2));
#9496 = CARTESIAN_POINT('',(4.982636155803,-3.2));
#9497 = ( GEOMETRIC_REPRESENTATION_CONTEXT(2) 
PARAMETRIC_REPRESENTATION_CONTEXT() REPRESENTATION_CONTEXT('2D SPACE',''
  ) );
#9498 = ORIENTED_EDGE('',*,*,#7727,.F.);
#9499 = ORIENTED_EDGE('',*,*,#2089,.T.);
#9500 = ORIENTED_EDGE('',*,*,#1756,.F.);
#9501 = ADVANCED_FACE('',(#9502),#1858,.F.);
#9502 = FACE_BOUND('',#9503,.F.);
#9503 = EDGE_LOOP('',(#9504,#9505,#9506,#9507,#9526,#9527,#9528,#9549));
#9504 = ORIENTED_EDGE('',*,*,#1835,.F.);
#9505 = ORIENTED_EDGE('',*,*,#2116,.T.);
#9506 = ORIENTED_EDGE('',*,*,#9366,.T.);
#9507 = ORIENTED_EDGE('',*,*,#9508,.T.);
#9508 = EDGE_CURVE('',#9367,#9169,#9509,.T.);
#9509 = SURFACE_CURVE('',#9510,(#9514,#9520),.PCURVE_S1.);
#9510 = LINE('',#9511,#9512);
#9511 = CARTESIAN_POINT('',(-9.5,-19.72093023255,10.720930232558));
#9512 = VECTOR('',#9513,1.);
#9513 = DIRECTION('',(1.,0.,0.));
#9514 = PCURVE('',#1858,#9515);
#9515 = DEFINITIONAL_REPRESENTATION('',(#9516),#9519);
#9516 = B_SPLINE_CURVE_WITH_KNOTS('',1,(#9517,#9518),.UNSPECIFIED.,.F.,
  .F.,(2,2),(-12.7,-6.3),.PIECEWISE_BEZIER_KNOTS.);
#9517 = CARTESIAN_POINT('',(0.882487886716,22.2));
#9518 = CARTESIAN_POINT('',(0.882487886716,15.8));
#9519 = ( GEOMETRIC_REPRESENTATION_CONTEXT(2) 
PARAMETRIC_REPRESENTATION_CONTEXT() REPRESENTATION_CONTEXT('2D SPACE',''
  ) );
#9520 = PCURVE('',#9205,#9521);
#9521 = DEFINITIONAL_REPRESENTATION('',(#9522),#9525);
#9522 = B_SPLINE_CURVE_WITH_KNOTS('',1,(#9523,#9524),.UNSPECIFIED.,.F.,
  .F.,(2,2),(-12.7,-6.3),.PIECEWISE_BEZIER_KNOTS.);
#9523 = CARTESIAN_POINT('',(2.433762874782,3.2));
#9524 = CARTESIAN_POINT('',(2.433762874782,-3.2));
#9525 = ( GEOMETRIC_REPRESENTATION_CONTEXT(2) 
PARAMETRIC_REPRESENTATION_CONTEXT() REPRESENTATION_CONTEXT('2D SPACE',''
  ) );
#9526 = ORIENTED_EDGE('',*,*,#9168,.F.);
#9527 = ORIENTED_EDGE('',*,*,#2207,.T.);
#9528 = ORIENTED_EDGE('',*,*,#9529,.F.);
#9529 = EDGE_CURVE('',#9530,#2208,#9532,.T.);
#9530 = VERTEX_POINT('',#9531);
#9531 = CARTESIAN_POINT('',(-19.,-16.,15.));
#9532 = SURFACE_CURVE('',#9533,(#9537,#9543),.PCURVE_S1.);
#9533 = LINE('',#9534,#9535);
#9534 = CARTESIAN_POINT('',(-17.0456358164,-17.95436418359,
    12.752481188864));
#9535 = VECTOR('',#9536,1.);
#9536 = DIRECTION('',(0.548614782048,-0.548614782048,-0.630906999356));
#9537 = PCURVE('',#1858,#9538);
#9538 = DEFINITIONAL_REPRESENTATION('',(#9539),#9542);
#9539 = B_SPLINE_CURVE_WITH_KNOTS('',1,(#9540,#9541),.UNSPECIFIED.,.F.,
  .F.,(2,2),(-3.562361510384,4.275560727046),.PIECEWISE_BEZIER_KNOTS.);
#9540 = CARTESIAN_POINT('',(6.553092781275,19.));
#9541 = CARTESIAN_POINT('',(0.,14.7));
#9542 = ( GEOMETRIC_REPRESENTATION_CONTEXT(2) 
PARAMETRIC_REPRESENTATION_CONTEXT() REPRESENTATION_CONTEXT('2D SPACE',''
  ) );
#9543 = PCURVE('',#2444,#9544);
#9544 = DEFINITIONAL_REPRESENTATION('',(#9545),#9548);
#9545 = B_SPLINE_CURVE_WITH_KNOTS('',1,(#9546,#9547),.UNSPECIFIED.,.F.,
  .F.,(2,2),(-3.562361510384,4.275560727046),.PIECEWISE_BEZIER_KNOTS.);
#9546 = CARTESIAN_POINT('',(4.440892098501E-16,-16.));
#9547 = CARTESIAN_POINT('',(6.553092781275,-20.3));
#9548 = ( GEOMETRIC_REPRESENTATION_CONTEXT(2) 
PARAMETRIC_REPRESENTATION_CONTEXT() REPRESENTATION_CONTEXT('2D SPACE',''
  ) );
#9549 = ORIENTED_EDGE('',*,*,#9550,.F.);
#9550 = EDGE_CURVE('',#1836,#9530,#9551,.T.);
#9551 = SURFACE_CURVE('',#9552,(#9556,#9563),.PCURVE_S1.);
#9552 = LINE('',#9553,#9554);
#9553 = CARTESIAN_POINT('',(-29.,-16.,15.));
#9554 = VECTOR('',#9555,1.);
#9555 = DIRECTION('',(1.,0.,0.));
#9556 = PCURVE('',#1858,#9557);
#9557 = DEFINITIONAL_REPRESENTATION('',(#9558),#9562);
#9558 = LINE('',#9559,#9560);
#9559 = CARTESIAN_POINT('',(6.553092781275,29.));
#9560 = VECTOR('',#9561,1.);
#9561 = DIRECTION('',(0.,-1.));
#9562 = ( GEOMETRIC_REPRESENTATION_CONTEXT(2) 
PARAMETRIC_REPRESENTATION_CONTEXT() REPRESENTATION_CONTEXT('2D SPACE',''
  ) );
#9563 = PCURVE('',#1886,#9564);
#9564 = DEFINITIONAL_REPRESENTATION('',(#9565),#9569);
#9565 = LINE('',#9566,#9567);
#9566 = CARTESIAN_POINT('',(0.,0.));
#9567 = VECTOR('',#9568,1.);
#9568 = DIRECTION('',(1.,0.));
#9569 = ( GEOMETRIC_REPRESENTATION_CONTEXT(2) 
PARAMETRIC_REPRESENTATION_CONTEXT() REPRESENTATION_CONTEXT('2D SPACE',''
  ) );
#9570 = ADVANCED_FACE('',(#9571),#1886,.T.);
#9571 = FACE_BOUND('',#9572,.T.);
#9572 = EDGE_LOOP('',(#9573,#9574,#9575,#9576));
#9573 = ORIENTED_EDGE('',*,*,#9550,.F.);
#9574 = ORIENTED_EDGE('',*,*,#1870,.T.);
#9575 = ORIENTED_EDGE('',*,*,#8140,.T.);
#9576 = ORIENTED_EDGE('',*,*,#9577,.T.);
#9577 = EDGE_CURVE('',#8141,#9530,#9578,.T.);
#9578 = SURFACE_CURVE('',#9579,(#9583,#9589),.PCURVE_S1.);
#9579 = LINE('',#9580,#9581);
#9580 = CARTESIAN_POINT('',(-19.,-16.,15.));
#9581 = VECTOR('',#9582,1.);
#9582 = DIRECTION('',(0.,0.,-1.));
#9583 = PCURVE('',#1886,#9584);
#9584 = DEFINITIONAL_REPRESENTATION('',(#9585),#9588);
#9585 = B_SPLINE_CURVE_WITH_KNOTS('',1,(#9586,#9587),.UNSPECIFIED.,.F.,
  .F.,(2,2),(-3.,0.),.PIECEWISE_BEZIER_KNOTS.);
#9586 = CARTESIAN_POINT('',(10.,-3.));
#9587 = CARTESIAN_POINT('',(10.,0.));
#9588 = ( GEOMETRIC_REPRESENTATION_CONTEXT(2) 
PARAMETRIC_REPRESENTATION_CONTEXT() REPRESENTATION_CONTEXT('2D SPACE',''
  ) );
#9589 = PCURVE('',#8179,#9590);
#9590 = DEFINITIONAL_REPRESENTATION('',(#9591),#9594);
#9591 = B_SPLINE_CURVE_WITH_KNOTS('',1,(#9592,#9593),.UNSPECIFIED.,.F.,
  .F.,(2,2),(-3.,0.),.PIECEWISE_BEZIER_KNOTS.);
#9592 = CARTESIAN_POINT('',(27.,-3.));
#9593 = CARTESIAN_POINT('',(27.,0.));
#9594 = ( GEOMETRIC_REPRESENTATION_CONTEXT(2) 
PARAMETRIC_REPRESENTATION_CONTEXT() REPRESENTATION_CONTEXT('2D SPACE',''
  ) );
#9595 = ADVANCED_FACE('',(#9596),#1937,.T.);
#9596 = FACE_BOUND('',#9597,.T.);
#9597 = EDGE_LOOP('',(#9598,#9599,#9600,#9601));
#9598 = ORIENTED_EDGE('',*,*,#7976,.T.);
#9599 = ORIENTED_EDGE('',*,*,#8118,.T.);
#9600 = ORIENTED_EDGE('',*,*,#1921,.F.);
#9601 = ORIENTED_EDGE('',*,*,#9000,.F.);
#9602 = ADVANCED_FACE('',(#9603),#2175,.T.);
#9603 = FACE_BOUND('',#9604,.T.);
#9604 = EDGE_LOOP('',(#9605,#9626,#9627,#9628));
#9605 = ORIENTED_EDGE('',*,*,#9606,.T.);
#9606 = EDGE_CURVE('',#9322,#9119,#9607,.T.);
#9607 = SURFACE_CURVE('',#9608,(#9612,#9619),.PCURVE_S1.);
#9608 = LINE('',#9609,#9610);
#9609 = CARTESIAN_POINT('',(-22.2,-21.,3.));
#9610 = VECTOR('',#9611,1.);
#9611 = DIRECTION('',(1.,0.,0.));
#9612 = PCURVE('',#2175,#9613);
#9613 = DEFINITIONAL_REPRESENTATION('',(#9614),#9618);
#9614 = LINE('',#9615,#9616);
#9615 = CARTESIAN_POINT('',(0.,3.2));
#9616 = VECTOR('',#9617,1.);
#9617 = DIRECTION('',(0.,-1.));
#9618 = ( GEOMETRIC_REPRESENTATION_CONTEXT(2) 
PARAMETRIC_REPRESENTATION_CONTEXT() REPRESENTATION_CONTEXT('2D SPACE',''
  ) );
#9619 = PCURVE('',#9134,#9620);
#9620 = DEFINITIONAL_REPRESENTATION('',(#9621),#9625);
#9621 = LINE('',#9622,#9623);
#9622 = CARTESIAN_POINT('',(1.,3.2));
#9623 = VECTOR('',#9624,1.);
#9624 = DIRECTION('',(0.,-1.));
#9625 = ( GEOMETRIC_REPRESENTATION_CONTEXT(2) 
PARAMETRIC_REPRESENTATION_CONTEXT() REPRESENTATION_CONTEXT('2D SPACE',''
  ) );
#9626 = ORIENTED_EDGE('',*,*,#9146,.T.);
#9627 = ORIENTED_EDGE('',*,*,#2160,.F.);
#9628 = ORIENTED_EDGE('',*,*,#9344,.F.);
#9629 = ADVANCED_FACE('',(#9630),#2270,.F.);
#9630 = FACE_BOUND('',#9631,.F.);
#9631 = EDGE_LOOP('',(#9632,#9655,#9674,#9675,#9696,#9722,#9741,#9742));
#9632 = ORIENTED_EDGE('',*,*,#9633,.F.);
#9633 = EDGE_CURVE('',#9634,#8954,#9636,.T.);
#9634 = VERTEX_POINT('',#9635);
#9635 = CARTESIAN_POINT('',(8.,-27.,15.));
#9636 = SURFACE_CURVE('',#9637,(#9641,#9648),.PCURVE_S1.);
#9637 = LINE('',#9638,#9639);
#9638 = CARTESIAN_POINT('',(29.,-27.,15.));
#9639 = VECTOR('',#9640,1.);
#9640 = DIRECTION('',(-1.,0.,0.));
#9641 = PCURVE('',#2270,#9642);
#9642 = DEFINITIONAL_REPRESENTATION('',(#9643),#9647);
#9643 = LINE('',#9644,#9645);
#9644 = CARTESIAN_POINT('',(0.,-29.));
#9645 = VECTOR('',#9646,1.);
#9646 = DIRECTION('',(0.,1.));
#9647 = ( GEOMETRIC_REPRESENTATION_CONTEXT(2) 
PARAMETRIC_REPRESENTATION_CONTEXT() REPRESENTATION_CONTEXT('2D SPACE',''
  ) );
#9648 = PCURVE('',#8083,#9649);
#9649 = DEFINITIONAL_REPRESENTATION('',(#9650),#9654);
#9650 = LINE('',#9651,#9652);
#9651 = CARTESIAN_POINT('',(0.,-0.));
#9652 = VECTOR('',#9653,1.);
#9653 = DIRECTION('',(1.,0.));
#9654 = ( GEOMETRIC_REPRESENTATION_CONTEXT(2) 
PARAMETRIC_REPRESENTATION_CONTEXT() REPRESENTATION_CONTEXT('2D SPACE',''
  ) );
#9655 = ORIENTED_EDGE('',*,*,#9656,.F.);
#9656 = EDGE_CURVE('',#2361,#9634,#9657,.T.);
#9657 = SURFACE_CURVE('',#9658,(#9662,#9668),.PCURVE_S1.);
#9658 = LINE('',#9659,#9660);
#9659 = CARTESIAN_POINT('',(10.859292701279,-24.14070729872,
    11.711813393529));
#9660 = VECTOR('',#9661,1.);
#9661 = DIRECTION('',(-0.548614782048,-0.548614782048,0.630906999356));
#9662 = PCURVE('',#2270,#9663);
#9663 = DEFINITIONAL_REPRESENTATION('',(#9664),#9667);
#9664 = B_SPLINE_CURVE_WITH_KNOTS('',1,(#9665,#9666),.UNSPECIFIED.,.F.,
  .F.,(2,2),(-2.62608180797,5.21184042946),.PIECEWISE_BEZIER_KNOTS.);
#9665 = CARTESIAN_POINT('',(6.553092781275,-12.3));
#9666 = CARTESIAN_POINT('',(0.,-8.));
#9667 = ( GEOMETRIC_REPRESENTATION_CONTEXT(2) 
PARAMETRIC_REPRESENTATION_CONTEXT() REPRESENTATION_CONTEXT('2D SPACE',''
  ) );
#9668 = PCURVE('',#2903,#9669);
#9669 = DEFINITIONAL_REPRESENTATION('',(#9670),#9673);
#9670 = B_SPLINE_CURVE_WITH_KNOTS('',1,(#9671,#9672),.UNSPECIFIED.,.F.,
  .F.,(2,2),(-2.62608180797,5.21184042946),.PIECEWISE_BEZIER_KNOTS.);
#9671 = CARTESIAN_POINT('',(6.553092781275,-22.7));
#9672 = CARTESIAN_POINT('',(-1.7763568394E-15,-27.));
#9673 = ( GEOMETRIC_REPRESENTATION_CONTEXT(2) 
PARAMETRIC_REPRESENTATION_CONTEXT() REPRESENTATION_CONTEXT('2D SPACE',''
  ) );
#9674 = ORIENTED_EDGE('',*,*,#2360,.T.);
#9675 = ORIENTED_EDGE('',*,*,#9676,.F.);
#9676 = EDGE_CURVE('',#9677,#2335,#9679,.T.);
#9677 = VERTEX_POINT('',#9678);
#9678 = CARTESIAN_POINT('',(3.2,-23.97674418604,11.523255813953));
#9679 = SURFACE_CURVE('',#9680,(#9684,#9690),.PCURVE_S1.);
#9680 = LINE('',#9681,#9682);
#9681 = CARTESIAN_POINT('',(3.2,-23.95909580193,11.502960172228));
#9682 = VECTOR('',#9683,1.);
#9683 = DIRECTION('',(0.,0.656178714925,-0.754605522164));
#9684 = PCURVE('',#2270,#9685);
#9685 = DEFINITIONAL_REPRESENTATION('',(#9686),#9689);
#9686 = B_SPLINE_CURVE_WITH_KNOTS('',1,(#9687,#9688),.UNSPECIFIED.,.F.,
  .F.,(2,2),(-0.658675046992,1.918830607119),.PIECEWISE_BEZIER_KNOTS.);
#9687 = CARTESIAN_POINT('',(3.975587127164,-3.2));
#9688 = CARTESIAN_POINT('',(6.553092781275,-3.2));
#9689 = ( GEOMETRIC_REPRESENTATION_CONTEXT(2) 
PARAMETRIC_REPRESENTATION_CONTEXT() REPRESENTATION_CONTEXT('2D SPACE',''
  ) );
#9690 = PCURVE('',#2349,#9691);
#9691 = DEFINITIONAL_REPRESENTATION('',(#9692),#9695);
#9692 = B_SPLINE_CURVE_WITH_KNOTS('',1,(#9693,#9694),.UNSPECIFIED.,.F.,
  .F.,(2,2),(-0.658675046992,1.918830607119),.PIECEWISE_BEZIER_KNOTS.);
#9693 = CARTESIAN_POINT('',(4.5,2.891304347826));
#9694 = CARTESIAN_POINT('',(2.555,1.2));
#9695 = ( GEOMETRIC_REPRESENTATION_CONTEXT(2) 
PARAMETRIC_REPRESENTATION_CONTEXT() REPRESENTATION_CONTEXT('2D SPACE',''
  ) );
#9696 = ORIENTED_EDGE('',*,*,#9697,.T.);
#9697 = EDGE_CURVE('',#9677,#9698,#9700,.T.);
#9698 = VERTEX_POINT('',#9699);
#9699 = CARTESIAN_POINT('',(-3.2,-23.97674418604,11.523255813953));
#9700 = SURFACE_CURVE('',#9701,(#9705,#9711),.PCURVE_S1.);
#9701 = LINE('',#9702,#9703);
#9702 = CARTESIAN_POINT('',(0.,-23.97674418604,11.523255813953));
#9703 = VECTOR('',#9704,1.);
#9704 = DIRECTION('',(-1.,0.,-0.));
#9705 = PCURVE('',#2270,#9706);
#9706 = DEFINITIONAL_REPRESENTATION('',(#9707),#9710);
#9707 = B_SPLINE_CURVE_WITH_KNOTS('',1,(#9708,#9709),.UNSPECIFIED.,.F.,
  .F.,(2,2),(-3.2,3.2),.PIECEWISE_BEZIER_KNOTS.);
#9708 = CARTESIAN_POINT('',(4.607366476829,-3.2));
#9709 = CARTESIAN_POINT('',(4.607366476829,3.2));
#9710 = ( GEOMETRIC_REPRESENTATION_CONTEXT(2) 
PARAMETRIC_REPRESENTATION_CONTEXT() REPRESENTATION_CONTEXT('2D SPACE',''
  ) );
#9711 = PCURVE('',#9712,#9717);
#9712 = PLANE('',#9713);
#9713 = AXIS2_PLACEMENT_3D('',#9714,#9715,#9716);
#9714 = CARTESIAN_POINT('',(0.,-23.5,12.));
#9715 = DIRECTION('',(0.,0.707106781187,-0.707106781187));
#9716 = DIRECTION('',(0.,-0.707106781187,-0.707106781187));
#9717 = DEFINITIONAL_REPRESENTATION('',(#9718),#9721);
#9718 = B_SPLINE_CURVE_WITH_KNOTS('',1,(#9719,#9720),.UNSPECIFIED.,.F.,
  .F.,(2,2),(-3.2,3.2),.PIECEWISE_BEZIER_KNOTS.);
#9719 = CARTESIAN_POINT('',(0.674218093689,-3.2));
#9720 = CARTESIAN_POINT('',(0.674218093689,3.2));
#9721 = ( GEOMETRIC_REPRESENTATION_CONTEXT(2) 
PARAMETRIC_REPRESENTATION_CONTEXT() REPRESENTATION_CONTEXT('2D SPACE',''
  ) );
#9722 = ORIENTED_EDGE('',*,*,#9723,.T.);
#9723 = EDGE_CURVE('',#9698,#2255,#9724,.T.);
#9724 = SURFACE_CURVE('',#9725,(#9729,#9735),.PCURVE_S1.);
#9725 = LINE('',#9726,#9727);
#9726 = CARTESIAN_POINT('',(-3.2,-23.95909580193,11.502960172228));
#9727 = VECTOR('',#9728,1.);
#9728 = DIRECTION('',(0.,0.656178714925,-0.754605522164));
#9729 = PCURVE('',#2270,#9730);
#9730 = DEFINITIONAL_REPRESENTATION('',(#9731),#9734);
#9731 = B_SPLINE_CURVE_WITH_KNOTS('',1,(#9732,#9733),.UNSPECIFIED.,.F.,
  .F.,(2,2),(-0.658675046992,1.918830607119),.PIECEWISE_BEZIER_KNOTS.);
#9732 = CARTESIAN_POINT('',(3.975587127164,3.2));
#9733 = CARTESIAN_POINT('',(6.553092781275,3.2));
#9734 = ( GEOMETRIC_REPRESENTATION_CONTEXT(2) 
PARAMETRIC_REPRESENTATION_CONTEXT() REPRESENTATION_CONTEXT('2D SPACE',''
  ) );
#9735 = PCURVE('',#2297,#9736);
#9736 = DEFINITIONAL_REPRESENTATION('',(#9737),#9740);
#9737 = B_SPLINE_CURVE_WITH_KNOTS('',1,(#9738,#9739),.UNSPECIFIED.,.F.,
  .F.,(2,2),(-0.658675046992,1.918830607119),.PIECEWISE_BEZIER_KNOTS.);
#9738 = CARTESIAN_POINT('',(4.5,2.891304347826));
#9739 = CARTESIAN_POINT('',(2.555,1.2));
#9740 = ( GEOMETRIC_REPRESENTATION_CONTEXT(2) 
PARAMETRIC_REPRESENTATION_CONTEXT() REPRESENTATION_CONTEXT('2D SPACE',''
  ) );
#9741 = ORIENTED_EDGE('',*,*,#2254,.T.);
#9742 = ORIENTED_EDGE('',*,*,#9459,.F.);
#9743 = ADVANCED_FACE('',(#9744),#2349,.F.);
#9744 = FACE_BOUND('',#9745,.F.);
#9745 = EDGE_LOOP('',(#9746,#9747,#9768,#9769,#9790,#9818,#9846,#9867));
#9746 = ORIENTED_EDGE('',*,*,#2334,.T.);
#9747 = ORIENTED_EDGE('',*,*,#9748,.T.);
#9748 = EDGE_CURVE('',#2309,#6919,#9749,.T.);
#9749 = SURFACE_CURVE('',#9750,(#9754,#9761),.PCURVE_S1.);
#9750 = LINE('',#9751,#9752);
#9751 = CARTESIAN_POINT('',(3.2,-23.5,3.));
#9752 = VECTOR('',#9753,1.);
#9753 = DIRECTION('',(0.,1.,0.));
#9754 = PCURVE('',#2349,#9755);
#9755 = DEFINITIONAL_REPRESENTATION('',(#9756),#9760);
#9756 = LINE('',#9757,#9758);
#9757 = CARTESIAN_POINT('',(-4.5,2.));
#9758 = VECTOR('',#9759,1.);
#9759 = DIRECTION('',(0.,-1.));
#9760 = ( GEOMETRIC_REPRESENTATION_CONTEXT(2) 
PARAMETRIC_REPRESENTATION_CONTEXT() REPRESENTATION_CONTEXT('2D SPACE',''
  ) );
#9761 = PCURVE('',#2323,#9762);
#9762 = DEFINITIONAL_REPRESENTATION('',(#9763),#9767);
#9763 = LINE('',#9764,#9765);
#9764 = CARTESIAN_POINT('',(0.,-3.2));
#9765 = VECTOR('',#9766,1.);
#9766 = DIRECTION('',(1.,0.));
#9767 = ( GEOMETRIC_REPRESENTATION_CONTEXT(2) 
PARAMETRIC_REPRESENTATION_CONTEXT() REPRESENTATION_CONTEXT('2D SPACE',''
  ) );
#9768 = ORIENTED_EDGE('',*,*,#6939,.F.);
#9769 = ORIENTED_EDGE('',*,*,#9770,.T.);
#9770 = EDGE_CURVE('',#6940,#9771,#9773,.T.);
#9771 = VERTEX_POINT('',#9772);
#9772 = CARTESIAN_POINT('',(3.2,-19.02325581395,11.523255813953));
#9773 = SURFACE_CURVE('',#9774,(#9778,#9784),.PCURVE_S1.);
#9774 = LINE('',#9775,#9776);
#9775 = CARTESIAN_POINT('',(3.2,-21.19090419806,9.030460172228));
#9776 = VECTOR('',#9777,1.);
#9777 = DIRECTION('',(-0.,0.656178714925,0.754605522164));
#9778 = PCURVE('',#2349,#9779);
#9779 = DEFINITIONAL_REPRESENTATION('',(#9780),#9783);
#9780 = B_SPLINE_CURVE_WITH_KNOTS('',1,(#9781,#9782),.UNSPECIFIED.,.F.,
  .F.,(2,2),(1.357715783519,3.93522143763),.PIECEWISE_BEZIER_KNOTS.);
#9781 = CARTESIAN_POINT('',(2.555,-1.2));
#9782 = CARTESIAN_POINT('',(4.5,-2.891304347826));
#9783 = ( GEOMETRIC_REPRESENTATION_CONTEXT(2) 
PARAMETRIC_REPRESENTATION_CONTEXT() REPRESENTATION_CONTEXT('2D SPACE',''
  ) );
#9784 = PCURVE('',#6885,#9785);
#9785 = DEFINITIONAL_REPRESENTATION('',(#9786),#9789);
#9786 = B_SPLINE_CURVE_WITH_KNOTS('',1,(#9787,#9788),.UNSPECIFIED.,.F.,
  .F.,(2,2),(1.357715783519,3.93522143763),.PIECEWISE_BEZIER_KNOTS.);
#9787 = CARTESIAN_POINT('',(-8.881784197001E-16,-3.2));
#9788 = CARTESIAN_POINT('',(2.577505654111,-3.2));
#9789 = ( GEOMETRIC_REPRESENTATION_CONTEXT(2) 
PARAMETRIC_REPRESENTATION_CONTEXT() REPRESENTATION_CONTEXT('2D SPACE',''
  ) );
#9790 = ORIENTED_EDGE('',*,*,#9791,.T.);
#9791 = EDGE_CURVE('',#9771,#9792,#9794,.T.);
#9792 = VERTEX_POINT('',#9793);
#9793 = CARTESIAN_POINT('',(3.2,-19.5,12.));
#9794 = SURFACE_CURVE('',#9795,(#9799,#9806),.PCURVE_S1.);
#9795 = LINE('',#9796,#9797);
#9796 = CARTESIAN_POINT('',(3.2,-15.5,8.));
#9797 = VECTOR('',#9798,1.);
#9798 = DIRECTION('',(0.,-0.707106781187,0.707106781187));
#9799 = PCURVE('',#2349,#9800);
#9800 = DEFINITIONAL_REPRESENTATION('',(#9801),#9805);
#9801 = LINE('',#9802,#9803);
#9802 = CARTESIAN_POINT('',(0.5,-6.));
#9803 = VECTOR('',#9804,1.);
#9804 = DIRECTION('',(0.707106781187,0.707106781187));
#9805 = ( GEOMETRIC_REPRESENTATION_CONTEXT(2) 
PARAMETRIC_REPRESENTATION_CONTEXT() REPRESENTATION_CONTEXT('2D SPACE',''
  ) );
#9806 = PCURVE('',#9807,#9812);
#9807 = PLANE('',#9808);
#9808 = AXIS2_PLACEMENT_3D('',#9809,#9810,#9811);
#9809 = CARTESIAN_POINT('',(0.,-15.5,8.));
#9810 = DIRECTION('',(0.,-0.707106781187,-0.707106781187));
#9811 = DIRECTION('',(0.,-0.707106781187,0.707106781187));
#9812 = DEFINITIONAL_REPRESENTATION('',(#9813),#9817);
#9813 = LINE('',#9814,#9815);
#9814 = CARTESIAN_POINT('',(0.,-3.2));
#9815 = VECTOR('',#9816,1.);
#9816 = DIRECTION('',(1.,0.));
#9817 = ( GEOMETRIC_REPRESENTATION_CONTEXT(2) 
PARAMETRIC_REPRESENTATION_CONTEXT() REPRESENTATION_CONTEXT('2D SPACE',''
  ) );
#9818 = ORIENTED_EDGE('',*,*,#9819,.T.);
#9819 = EDGE_CURVE('',#9792,#9820,#9822,.T.);
#9820 = VERTEX_POINT('',#9821);
#9821 = CARTESIAN_POINT('',(3.2,-23.5,12.));
#9822 = SURFACE_CURVE('',#9823,(#9827,#9834),.PCURVE_S1.);
#9823 = LINE('',#9824,#9825);
#9824 = CARTESIAN_POINT('',(3.2,-19.5,12.));
#9825 = VECTOR('',#9826,1.);
#9826 = DIRECTION('',(0.,-1.,0.));
#9827 = PCURVE('',#2349,#9828);
#9828 = DEFINITIONAL_REPRESENTATION('',(#9829),#9833);
#9829 = LINE('',#9830,#9831);
#9830 = CARTESIAN_POINT('',(4.5,-2.));
#9831 = VECTOR('',#9832,1.);
#9832 = DIRECTION('',(0.,1.));
#9833 = ( GEOMETRIC_REPRESENTATION_CONTEXT(2) 
PARAMETRIC_REPRESENTATION_CONTEXT() REPRESENTATION_CONTEXT('2D SPACE',''
  ) );
#9834 = PCURVE('',#9835,#9840);
#9835 = PLANE('',#9836);
#9836 = AXIS2_PLACEMENT_3D('',#9837,#9838,#9839);
#9837 = CARTESIAN_POINT('',(0.,-19.5,12.));
#9838 = DIRECTION('',(0.,0.,-1.));
#9839 = DIRECTION('',(0.,-1.,0.));
#9840 = DEFINITIONAL_REPRESENTATION('',(#9841),#9845);
#9841 = LINE('',#9842,#9843);
#9842 = CARTESIAN_POINT('',(0.,-3.2));
#9843 = VECTOR('',#9844,1.);
#9844 = DIRECTION('',(1.,0.));
#9845 = ( GEOMETRIC_REPRESENTATION_CONTEXT(2) 
PARAMETRIC_REPRESENTATION_CONTEXT() REPRESENTATION_CONTEXT('2D SPACE',''
  ) );
#9846 = ORIENTED_EDGE('',*,*,#9847,.T.);
#9847 = EDGE_CURVE('',#9820,#9677,#9848,.T.);
#9848 = SURFACE_CURVE('',#9849,(#9853,#9860),.PCURVE_S1.);
#9849 = LINE('',#9850,#9851);
#9850 = CARTESIAN_POINT('',(3.2,-23.5,12.));
#9851 = VECTOR('',#9852,1.);
#9852 = DIRECTION('',(0.,-0.707106781187,-0.707106781187));
#9853 = PCURVE('',#2349,#9854);
#9854 = DEFINITIONAL_REPRESENTATION('',(#9855),#9859);
#9855 = LINE('',#9856,#9857);
#9856 = CARTESIAN_POINT('',(4.5,2.));
#9857 = VECTOR('',#9858,1.);
#9858 = DIRECTION('',(-0.707106781187,0.707106781187));
#9859 = ( GEOMETRIC_REPRESENTATION_CONTEXT(2) 
PARAMETRIC_REPRESENTATION_CONTEXT() REPRESENTATION_CONTEXT('2D SPACE',''
  ) );
#9860 = PCURVE('',#9712,#9861);
#9861 = DEFINITIONAL_REPRESENTATION('',(#9862),#9866);
#9862 = LINE('',#9863,#9864);
#9863 = CARTESIAN_POINT('',(0.,-3.2));
#9864 = VECTOR('',#9865,1.);
#9865 = DIRECTION('',(1.,0.));
#9866 = ( GEOMETRIC_REPRESENTATION_CONTEXT(2) 
PARAMETRIC_REPRESENTATION_CONTEXT() REPRESENTATION_CONTEXT('2D SPACE',''
  ) );
#9867 = ORIENTED_EDGE('',*,*,#9676,.T.);
#9868 = ADVANCED_FACE('',(#9869),#2323,.T.);
#9869 = FACE_BOUND('',#9870,.T.);
#9870 = EDGE_LOOP('',(#9871,#9872,#9873,#9874));
#9871 = ORIENTED_EDGE('',*,*,#2308,.T.);
#9872 = ORIENTED_EDGE('',*,*,#9748,.T.);
#9873 = ORIENTED_EDGE('',*,*,#6918,.F.);
#9874 = ORIENTED_EDGE('',*,*,#9875,.F.);
#9875 = EDGE_CURVE('',#2283,#6898,#9876,.T.);
#9876 = SURFACE_CURVE('',#9877,(#9881,#9888),.PCURVE_S1.);
#9877 = LINE('',#9878,#9879);
#9878 = CARTESIAN_POINT('',(-3.2,-23.5,3.));
#9879 = VECTOR('',#9880,1.);
#9880 = DIRECTION('',(0.,1.,0.));
#9881 = PCURVE('',#2323,#9882);
#9882 = DEFINITIONAL_REPRESENTATION('',(#9883),#9887);
#9883 = LINE('',#9884,#9885);
#9884 = CARTESIAN_POINT('',(0.,3.2));
#9885 = VECTOR('',#9886,1.);
#9886 = DIRECTION('',(1.,0.));
#9887 = ( GEOMETRIC_REPRESENTATION_CONTEXT(2) 
PARAMETRIC_REPRESENTATION_CONTEXT() REPRESENTATION_CONTEXT('2D SPACE',''
  ) );
#9888 = PCURVE('',#2297,#9889);
#9889 = DEFINITIONAL_REPRESENTATION('',(#9890),#9894);
#9890 = LINE('',#9891,#9892);
#9891 = CARTESIAN_POINT('',(-4.5,2.));
#9892 = VECTOR('',#9893,1.);
#9893 = DIRECTION('',(0.,-1.));
#9894 = ( GEOMETRIC_REPRESENTATION_CONTEXT(2) 
PARAMETRIC_REPRESENTATION_CONTEXT() REPRESENTATION_CONTEXT('2D SPACE',''
  ) );
#9895 = ADVANCED_FACE('',(#9896),#2297,.T.);
#9896 = FACE_BOUND('',#9897,.T.);
#9897 = EDGE_LOOP('',(#9898,#9899,#9900,#9901,#9922,#9945,#9968,#9989));
#9898 = ORIENTED_EDGE('',*,*,#2282,.T.);
#9899 = ORIENTED_EDGE('',*,*,#9875,.T.);
#9900 = ORIENTED_EDGE('',*,*,#6897,.F.);
#9901 = ORIENTED_EDGE('',*,*,#9902,.T.);
#9902 = EDGE_CURVE('',#6870,#9903,#9905,.T.);
#9903 = VERTEX_POINT('',#9904);
#9904 = CARTESIAN_POINT('',(-3.2,-19.02325581395,11.523255813953));
#9905 = SURFACE_CURVE('',#9906,(#9910,#9916),.PCURVE_S1.);
#9906 = LINE('',#9907,#9908);
#9907 = CARTESIAN_POINT('',(-3.2,-21.19090419806,9.030460172228));
#9908 = VECTOR('',#9909,1.);
#9909 = DIRECTION('',(-0.,0.656178714925,0.754605522164));
#9910 = PCURVE('',#2297,#9911);
#9911 = DEFINITIONAL_REPRESENTATION('',(#9912),#9915);
#9912 = B_SPLINE_CURVE_WITH_KNOTS('',1,(#9913,#9914),.UNSPECIFIED.,.F.,
  .F.,(2,2),(1.357715783519,3.93522143763),.PIECEWISE_BEZIER_KNOTS.);
#9913 = CARTESIAN_POINT('',(2.555,-1.2));
#9914 = CARTESIAN_POINT('',(4.5,-2.891304347826));
#9915 = ( GEOMETRIC_REPRESENTATION_CONTEXT(2) 
PARAMETRIC_REPRESENTATION_CONTEXT() REPRESENTATION_CONTEXT('2D SPACE',''
  ) );
#9916 = PCURVE('',#6885,#9917);
#9917 = DEFINITIONAL_REPRESENTATION('',(#9918),#9921);
#9918 = B_SPLINE_CURVE_WITH_KNOTS('',1,(#9919,#9920),.UNSPECIFIED.,.F.,
  .F.,(2,2),(1.357715783519,3.93522143763),.PIECEWISE_BEZIER_KNOTS.);
#9919 = CARTESIAN_POINT('',(-8.881784197001E-16,3.2));
#9920 = CARTESIAN_POINT('',(2.577505654111,3.2));
#9921 = ( GEOMETRIC_REPRESENTATION_CONTEXT(2) 
PARAMETRIC_REPRESENTATION_CONTEXT() REPRESENTATION_CONTEXT('2D SPACE',''
  ) );
#9922 = ORIENTED_EDGE('',*,*,#9923,.T.);
#9923 = EDGE_CURVE('',#9903,#9924,#9926,.T.);
#9924 = VERTEX_POINT('',#9925);
#9925 = CARTESIAN_POINT('',(-3.2,-19.5,12.));
#9926 = SURFACE_CURVE('',#9927,(#9931,#9938),.PCURVE_S1.);
#9927 = LINE('',#9928,#9929);
#9928 = CARTESIAN_POINT('',(-3.2,-15.5,8.));
#9929 = VECTOR('',#9930,1.);
#9930 = DIRECTION('',(0.,-0.707106781187,0.707106781187));
#9931 = PCURVE('',#2297,#9932);
#9932 = DEFINITIONAL_REPRESENTATION('',(#9933),#9937);
#9933 = LINE('',#9934,#9935);
#9934 = CARTESIAN_POINT('',(0.5,-6.));
#9935 = VECTOR('',#9936,1.);
#9936 = DIRECTION('',(0.707106781187,0.707106781187));
#9937 = ( GEOMETRIC_REPRESENTATION_CONTEXT(2) 
PARAMETRIC_REPRESENTATION_CONTEXT() REPRESENTATION_CONTEXT('2D SPACE',''
  ) );
#9938 = PCURVE('',#9807,#9939);
#9939 = DEFINITIONAL_REPRESENTATION('',(#9940),#9944);
#9940 = LINE('',#9941,#9942);
#9941 = CARTESIAN_POINT('',(0.,3.2));
#9942 = VECTOR('',#9943,1.);
#9943 = DIRECTION('',(1.,0.));
#9944 = ( GEOMETRIC_REPRESENTATION_CONTEXT(2) 
PARAMETRIC_REPRESENTATION_CONTEXT() REPRESENTATION_CONTEXT('2D SPACE',''
  ) );
#9945 = ORIENTED_EDGE('',*,*,#9946,.T.);
#9946 = EDGE_CURVE('',#9924,#9947,#9949,.T.);
#9947 = VERTEX_POINT('',#9948);
#9948 = CARTESIAN_POINT('',(-3.2,-23.5,12.));
#9949 = SURFACE_CURVE('',#9950,(#9954,#9961),.PCURVE_S1.);
#9950 = LINE('',#9951,#9952);
#9951 = CARTESIAN_POINT('',(-3.2,-19.5,12.));
#9952 = VECTOR('',#9953,1.);
#9953 = DIRECTION('',(0.,-1.,0.));
#9954 = PCURVE('',#2297,#9955);
#9955 = DEFINITIONAL_REPRESENTATION('',(#9956),#9960);
#9956 = LINE('',#9957,#9958);
#9957 = CARTESIAN_POINT('',(4.5,-2.));
#9958 = VECTOR('',#9959,1.);
#9959 = DIRECTION('',(0.,1.));
#9960 = ( GEOMETRIC_REPRESENTATION_CONTEXT(2) 
PARAMETRIC_REPRESENTATION_CONTEXT() REPRESENTATION_CONTEXT('2D SPACE',''
  ) );
#9961 = PCURVE('',#9835,#9962);
#9962 = DEFINITIONAL_REPRESENTATION('',(#9963),#9967);
#9963 = LINE('',#9964,#9965);
#9964 = CARTESIAN_POINT('',(0.,3.2));
#9965 = VECTOR('',#9966,1.);
#9966 = DIRECTION('',(1.,0.));
#9967 = ( GEOMETRIC_REPRESENTATION_CONTEXT(2) 
PARAMETRIC_REPRESENTATION_CONTEXT() REPRESENTATION_CONTEXT('2D SPACE',''
  ) );
#9968 = ORIENTED_EDGE('',*,*,#9969,.T.);
#9969 = EDGE_CURVE('',#9947,#9698,#9970,.T.);
#9970 = SURFACE_CURVE('',#9971,(#9975,#9982),.PCURVE_S1.);
#9971 = LINE('',#9972,#9973);
#9972 = CARTESIAN_POINT('',(-3.2,-23.5,12.));
#9973 = VECTOR('',#9974,1.);
#9974 = DIRECTION('',(0.,-0.707106781187,-0.707106781187));
#9975 = PCURVE('',#2297,#9976);
#9976 = DEFINITIONAL_REPRESENTATION('',(#9977),#9981);
#9977 = LINE('',#9978,#9979);
#9978 = CARTESIAN_POINT('',(4.5,2.));
#9979 = VECTOR('',#9980,1.);
#9980 = DIRECTION('',(-0.707106781187,0.707106781187));
#9981 = ( GEOMETRIC_REPRESENTATION_CONTEXT(2) 
PARAMETRIC_REPRESENTATION_CONTEXT() REPRESENTATION_CONTEXT('2D SPACE',''
  ) );
#9982 = PCURVE('',#9712,#9983);
#9983 = DEFINITIONAL_REPRESENTATION('',(#9984),#9988);
#9984 = LINE('',#9985,#9986);
#9985 = CARTESIAN_POINT('',(-0.,3.2));
#9986 = VECTOR('',#9987,1.);
#9987 = DIRECTION('',(1.,0.));
#9988 = ( GEOMETRIC_REPRESENTATION_CONTEXT(2) 
PARAMETRIC_REPRESENTATION_CONTEXT() REPRESENTATION_CONTEXT('2D SPACE',''
  ) );
#9989 = ORIENTED_EDGE('',*,*,#9723,.T.);
#9990 = ADVANCED_FACE('',(#9991),#2444,.F.);
#9991 = FACE_BOUND('',#9992,.F.);
#9992 = EDGE_LOOP('',(#9993,#10016,#10017,#10018,#10055,#10081,#10100,
    #10101,#10122,#10148,#10167,#10168,#10189,#10215,#10250,#10251));
#9993 = ORIENTED_EDGE('',*,*,#9994,.F.);
#9994 = EDGE_CURVE('',#9530,#9995,#9997,.T.);
#9995 = VERTEX_POINT('',#9996);
#9996 = CARTESIAN_POINT('',(-19.,16.,15.));
#9997 = SURFACE_CURVE('',#9998,(#10002,#10009),.PCURVE_S1.);
#9998 = LINE('',#9999,#10000);
#9999 = CARTESIAN_POINT('',(-19.,-43.,15.));
#10000 = VECTOR('',#10001,1.);
#10001 = DIRECTION('',(1.110223024625E-16,1.,0.));
#10002 = PCURVE('',#2444,#10003);
#10003 = DEFINITIONAL_REPRESENTATION('',(#10004),#10008);
#10004 = LINE('',#10005,#10006);
#10005 = CARTESIAN_POINT('',(-1.340448680344E-15,-43.));
#10006 = VECTOR('',#10007,1.);
#10007 = DIRECTION('',(7.285047175784E-17,1.));
#10008 = ( GEOMETRIC_REPRESENTATION_CONTEXT(2) 
PARAMETRIC_REPRESENTATION_CONTEXT() REPRESENTATION_CONTEXT('2D SPACE',''
  ) );
#10009 = PCURVE('',#8179,#10010);
#10010 = DEFINITIONAL_REPRESENTATION('',(#10011),#10015);
#10011 = LINE('',#10012,#10013);
#10012 = CARTESIAN_POINT('',(0.,0.));
#10013 = VECTOR('',#10014,1.);
#10014 = DIRECTION('',(1.,0.));
#10015 = ( GEOMETRIC_REPRESENTATION_CONTEXT(2) 
PARAMETRIC_REPRESENTATION_CONTEXT() REPRESENTATION_CONTEXT('2D SPACE',''
  ) );
#10016 = ORIENTED_EDGE('',*,*,#9529,.T.);
#10017 = ORIENTED_EDGE('',*,*,#2840,.T.);
#10018 = ORIENTED_EDGE('',*,*,#10019,.F.);
#10019 = EDGE_CURVE('',#10020,#2815,#10022,.T.);
#10020 = VERTEX_POINT('',#10021);
#10021 = CARTESIAN_POINT('',(-15.97674418604,-12.8579626073,
    11.523255813953));
#10022 = SURFACE_CURVE('',#10023,(#10028,#10035),.PCURVE_S1.);
#10023 = ELLIPSE('',#10024,3.809937663532,2.5);
#10024 = AXIS2_PLACEMENT_3D('',#10025,#10026,#10027);
#10025 = CARTESIAN_POINT('',(-15.25,-15.25,10.6875));
#10026 = DIRECTION('',(0.754605522164,0.,0.656178714925));
#10027 = DIRECTION('',(0.656178714925,0.,-0.754605522164));
#10028 = PCURVE('',#2444,#10029);
#10029 = DEFINITIONAL_REPRESENTATION('',(#10030),#10034);
#10030 = ELLIPSE('',#10031,3.809937663532,2.5);
#10031 = AXIS2_PLACEMENT_2D('',#10032,#10033);
#10032 = CARTESIAN_POINT('',(5.714906495298,-15.25));
#10033 = DIRECTION('',(1.,0.));
#10034 = ( GEOMETRIC_REPRESENTATION_CONTEXT(2) 
PARAMETRIC_REPRESENTATION_CONTEXT() REPRESENTATION_CONTEXT('2D SPACE',''
  ) );
#10035 = PCURVE('',#2829,#10036);
#10036 = DEFINITIONAL_REPRESENTATION('',(#10037),#10054);
#10037 = B_SPLINE_CURVE_WITH_KNOTS('',8,(#10038,#10039,#10040,#10041,
    #10042,#10043,#10044,#10045,#10046,#10047,#10048,#10049,#10050,
    #10051,#10052,#10053),.UNSPECIFIED.,.F.,.F.,(9,7,9),(1.167991743151,
    3.14159265359,5.115193564028),.UNSPECIFIED.);
#10038 = CARTESIAN_POINT('',(-1.167991743151,-0.5605));
#10039 = CARTESIAN_POINT('',(-1.414691856956,-1.212997130536));
#10040 = CARTESIAN_POINT('',(-1.661391970757,-1.943884369011));
#10041 = CARTESIAN_POINT('',(-1.908092084584,-2.692637744773));
#10042 = CARTESIAN_POINT('',(-2.154792198349,-3.388615057909));
#10043 = CARTESIAN_POINT('',(-2.401492312191,-3.962591529098));
#10044 = CARTESIAN_POINT('',(-2.648192425976,-4.362527209795));
#10045 = CARTESIAN_POINT('',(-2.894892539785,-4.5625));
#10046 = CARTESIAN_POINT('',(-3.388292767395,-4.5625));
#10047 = CARTESIAN_POINT('',(-3.634992881201,-4.362527209799));
#10048 = CARTESIAN_POINT('',(-3.881692994992,-3.962591529089));
#10049 = CARTESIAN_POINT('',(-4.1283931088,-3.388615057909));
#10050 = CARTESIAN_POINT('',(-4.375093222607,-2.69263774478));
#10051 = CARTESIAN_POINT('',(-4.621793336418,-1.943884369016));
#10052 = CARTESIAN_POINT('',(-4.868493450224,-1.212997130536));
#10053 = CARTESIAN_POINT('',(-5.115193564028,-0.5605));
#10054 = ( GEOMETRIC_REPRESENTATION_CONTEXT(2) 
PARAMETRIC_REPRESENTATION_CONTEXT() REPRESENTATION_CONTEXT('2D SPACE',''
  ) );
#10055 = ORIENTED_EDGE('',*,*,#10056,.T.);
#10056 = EDGE_CURVE('',#10020,#10057,#10059,.T.);
#10057 = VERTEX_POINT('',#10058);
#10058 = CARTESIAN_POINT('',(-15.97674418604,-10.8,11.523255813953));
#10059 = SURFACE_CURVE('',#10060,(#10064,#10070),.PCURVE_S1.);
#10060 = LINE('',#10061,#10062);
#10061 = CARTESIAN_POINT('',(-15.97674418604,-7.,11.523255813953));
#10062 = VECTOR('',#10063,1.);
#10063 = DIRECTION('',(-0.,1.,0.));
#10064 = PCURVE('',#2444,#10065);
#10065 = DEFINITIONAL_REPRESENTATION('',(#10066),#10069);
#10066 = B_SPLINE_CURVE_WITH_KNOTS('',1,(#10067,#10068),.UNSPECIFIED.,
  .F.,.F.,(2,2),(-10.2,-3.8),.PIECEWISE_BEZIER_KNOTS.);
#10067 = CARTESIAN_POINT('',(4.607366476829,-17.2));
#10068 = CARTESIAN_POINT('',(4.607366476829,-10.8));
#10069 = ( GEOMETRIC_REPRESENTATION_CONTEXT(2) 
PARAMETRIC_REPRESENTATION_CONTEXT() REPRESENTATION_CONTEXT('2D SPACE',''
  ) );
#10070 = PCURVE('',#10071,#10076);
#10071 = PLANE('',#10072);
#10072 = AXIS2_PLACEMENT_3D('',#10073,#10074,#10075);
#10073 = CARTESIAN_POINT('',(-15.5,-14.,12.));
#10074 = DIRECTION('',(0.707106781187,0.,-0.707106781187));
#10075 = DIRECTION('',(-0.707106781187,0.,-0.707106781187));
#10076 = DEFINITIONAL_REPRESENTATION('',(#10077),#10080);
#10077 = B_SPLINE_CURVE_WITH_KNOTS('',1,(#10078,#10079),.UNSPECIFIED.,
  .F.,.F.,(2,2),(-10.2,-3.8),.PIECEWISE_BEZIER_KNOTS.);
#10078 = CARTESIAN_POINT('',(0.674218093689,-3.2));
#10079 = CARTESIAN_POINT('',(0.674218093689,3.2));
#10080 = ( GEOMETRIC_REPRESENTATION_CONTEXT(2) 
PARAMETRIC_REPRESENTATION_CONTEXT() REPRESENTATION_CONTEXT('2D SPACE',''
  ) );
#10081 = ORIENTED_EDGE('',*,*,#10082,.T.);
#10082 = EDGE_CURVE('',#10057,#2688,#10083,.T.);
#10083 = SURFACE_CURVE('',#10084,(#10088,#10094),.PCURVE_S1.);
#10084 = LINE('',#10085,#10086);
#10085 = CARTESIAN_POINT('',(-15.95909580193,-10.8,11.502960172228));
#10086 = VECTOR('',#10087,1.);
#10087 = DIRECTION('',(0.656178714925,0.,-0.754605522164));
#10088 = PCURVE('',#2444,#10089);
#10089 = DEFINITIONAL_REPRESENTATION('',(#10090),#10093);
#10090 = B_SPLINE_CURVE_WITH_KNOTS('',1,(#10091,#10092),.UNSPECIFIED.,
  .F.,.F.,(2,2),(-0.658675046992,1.918830607119),
  .PIECEWISE_BEZIER_KNOTS.);
#10091 = CARTESIAN_POINT('',(3.975587127164,-10.8));
#10092 = CARTESIAN_POINT('',(6.553092781275,-10.8));
#10093 = ( GEOMETRIC_REPRESENTATION_CONTEXT(2) 
PARAMETRIC_REPRESENTATION_CONTEXT() REPRESENTATION_CONTEXT('2D SPACE',''
  ) );
#10094 = PCURVE('',#2725,#10095);
#10095 = DEFINITIONAL_REPRESENTATION('',(#10096),#10099);
#10096 = B_SPLINE_CURVE_WITH_KNOTS('',1,(#10097,#10098),.UNSPECIFIED.,
  .F.,.F.,(2,2),(-0.658675046992,1.918830607119),
  .PIECEWISE_BEZIER_KNOTS.);
#10097 = CARTESIAN_POINT('',(-4.5,-2.891304347826));
#10098 = CARTESIAN_POINT('',(-2.555,-1.2));
#10099 = ( GEOMETRIC_REPRESENTATION_CONTEXT(2) 
PARAMETRIC_REPRESENTATION_CONTEXT() REPRESENTATION_CONTEXT('2D SPACE',''
  ) );
#10100 = ORIENTED_EDGE('',*,*,#2687,.T.);
#10101 = ORIENTED_EDGE('',*,*,#10102,.F.);
#10102 = EDGE_CURVE('',#10103,#2662,#10105,.T.);
#10103 = VERTEX_POINT('',#10104);
#10104 = CARTESIAN_POINT('',(-15.97674418604,-3.2,11.523255813953));
#10105 = SURFACE_CURVE('',#10106,(#10110,#10116),.PCURVE_S1.);
#10106 = LINE('',#10107,#10108);
#10107 = CARTESIAN_POINT('',(-15.95909580193,-3.2,11.502960172228));
#10108 = VECTOR('',#10109,1.);
#10109 = DIRECTION('',(0.656178714925,0.,-0.754605522164));
#10110 = PCURVE('',#2444,#10111);
#10111 = DEFINITIONAL_REPRESENTATION('',(#10112),#10115);
#10112 = B_SPLINE_CURVE_WITH_KNOTS('',1,(#10113,#10114),.UNSPECIFIED.,
  .F.,.F.,(2,2),(-0.658675046992,1.918830607119),
  .PIECEWISE_BEZIER_KNOTS.);
#10113 = CARTESIAN_POINT('',(3.975587127164,-3.2));
#10114 = CARTESIAN_POINT('',(6.553092781275,-3.2));
#10115 = ( GEOMETRIC_REPRESENTATION_CONTEXT(2) 
PARAMETRIC_REPRESENTATION_CONTEXT() REPRESENTATION_CONTEXT('2D SPACE',''
  ) );
#10116 = PCURVE('',#2676,#10117);
#10117 = DEFINITIONAL_REPRESENTATION('',(#10118),#10121);
#10118 = B_SPLINE_CURVE_WITH_KNOTS('',1,(#10119,#10120),.UNSPECIFIED.,
  .F.,.F.,(2,2),(-0.658675046992,1.918830607119),
  .PIECEWISE_BEZIER_KNOTS.);
#10119 = CARTESIAN_POINT('',(-4.5,-2.891304347826));
#10120 = CARTESIAN_POINT('',(-2.555,-1.2));
#10121 = ( GEOMETRIC_REPRESENTATION_CONTEXT(2) 
PARAMETRIC_REPRESENTATION_CONTEXT() REPRESENTATION_CONTEXT('2D SPACE',''
  ) );
#10122 = ORIENTED_EDGE('',*,*,#10123,.T.);
#10123 = EDGE_CURVE('',#10103,#10124,#10126,.T.);
#10124 = VERTEX_POINT('',#10125);
#10125 = CARTESIAN_POINT('',(-15.97674418604,3.2,11.523255813953));
#10126 = SURFACE_CURVE('',#10127,(#10131,#10137),.PCURVE_S1.);
#10127 = LINE('',#10128,#10129);
#10128 = CARTESIAN_POINT('',(-15.97674418604,0.,11.523255813953));
#10129 = VECTOR('',#10130,1.);
#10130 = DIRECTION('',(-0.,1.,0.));
#10131 = PCURVE('',#2444,#10132);
#10132 = DEFINITIONAL_REPRESENTATION('',(#10133),#10136);
#10133 = B_SPLINE_CURVE_WITH_KNOTS('',1,(#10134,#10135),.UNSPECIFIED.,
  .F.,.F.,(2,2),(-3.2,3.2),.PIECEWISE_BEZIER_KNOTS.);
#10134 = CARTESIAN_POINT('',(4.607366476829,-3.2));
#10135 = CARTESIAN_POINT('',(4.607366476829,3.2));
#10136 = ( GEOMETRIC_REPRESENTATION_CONTEXT(2) 
PARAMETRIC_REPRESENTATION_CONTEXT() REPRESENTATION_CONTEXT('2D SPACE',''
  ) );
#10137 = PCURVE('',#10138,#10143);
#10138 = PLANE('',#10139);
#10139 = AXIS2_PLACEMENT_3D('',#10140,#10141,#10142);
#10140 = CARTESIAN_POINT('',(-15.5,0.,12.));
#10141 = DIRECTION('',(0.707106781187,0.,-0.707106781187));
#10142 = DIRECTION('',(-0.707106781187,0.,-0.707106781187));
#10143 = DEFINITIONAL_REPRESENTATION('',(#10144),#10147);
#10144 = B_SPLINE_CURVE_WITH_KNOTS('',1,(#10145,#10146),.UNSPECIFIED.,
  .F.,.F.,(2,2),(-3.2,3.2),.PIECEWISE_BEZIER_KNOTS.);
#10145 = CARTESIAN_POINT('',(0.674218093689,-3.2));
#10146 = CARTESIAN_POINT('',(0.674218093689,3.2));
#10147 = ( GEOMETRIC_REPRESENTATION_CONTEXT(2) 
PARAMETRIC_REPRESENTATION_CONTEXT() REPRESENTATION_CONTEXT('2D SPACE',''
  ) );
#10148 = ORIENTED_EDGE('',*,*,#10149,.T.);
#10149 = EDGE_CURVE('',#10124,#2587,#10150,.T.);
#10150 = SURFACE_CURVE('',#10151,(#10155,#10161),.PCURVE_S1.);
#10151 = LINE('',#10152,#10153);
#10152 = CARTESIAN_POINT('',(-15.95909580193,3.2,11.502960172228));
#10153 = VECTOR('',#10154,1.);
#10154 = DIRECTION('',(0.656178714925,0.,-0.754605522164));
#10155 = PCURVE('',#2444,#10156);
#10156 = DEFINITIONAL_REPRESENTATION('',(#10157),#10160);
#10157 = B_SPLINE_CURVE_WITH_KNOTS('',1,(#10158,#10159),.UNSPECIFIED.,
  .F.,.F.,(2,2),(-0.658675046992,1.918830607119),
  .PIECEWISE_BEZIER_KNOTS.);
#10158 = CARTESIAN_POINT('',(3.975587127164,3.2));
#10159 = CARTESIAN_POINT('',(6.553092781275,3.2));
#10160 = ( GEOMETRIC_REPRESENTATION_CONTEXT(2) 
PARAMETRIC_REPRESENTATION_CONTEXT() REPRESENTATION_CONTEXT('2D SPACE',''
  ) );
#10161 = PCURVE('',#2624,#10162);
#10162 = DEFINITIONAL_REPRESENTATION('',(#10163),#10166);
#10163 = B_SPLINE_CURVE_WITH_KNOTS('',1,(#10164,#10165),.UNSPECIFIED.,
  .F.,.F.,(2,2),(-0.658675046992,1.918830607119),
  .PIECEWISE_BEZIER_KNOTS.);
#10164 = CARTESIAN_POINT('',(-4.5,-2.891304347826));
#10165 = CARTESIAN_POINT('',(-2.555,-1.2));
#10166 = ( GEOMETRIC_REPRESENTATION_CONTEXT(2) 
PARAMETRIC_REPRESENTATION_CONTEXT() REPRESENTATION_CONTEXT('2D SPACE',''
  ) );
#10167 = ORIENTED_EDGE('',*,*,#2586,.T.);
#10168 = ORIENTED_EDGE('',*,*,#10169,.F.);
#10169 = EDGE_CURVE('',#10170,#2561,#10172,.T.);
#10170 = VERTEX_POINT('',#10171);
#10171 = CARTESIAN_POINT('',(-15.97674418604,10.8,11.523255813953));
#10172 = SURFACE_CURVE('',#10173,(#10177,#10183),.PCURVE_S1.);
#10173 = LINE('',#10174,#10175);
#10174 = CARTESIAN_POINT('',(-15.95909580193,10.8,11.502960172228));
#10175 = VECTOR('',#10176,1.);
#10176 = DIRECTION('',(0.656178714925,0.,-0.754605522164));
#10177 = PCURVE('',#2444,#10178);
#10178 = DEFINITIONAL_REPRESENTATION('',(#10179),#10182);
#10179 = B_SPLINE_CURVE_WITH_KNOTS('',1,(#10180,#10181),.UNSPECIFIED.,
  .F.,.F.,(2,2),(-0.658675046992,1.918830607119),
  .PIECEWISE_BEZIER_KNOTS.);
#10180 = CARTESIAN_POINT('',(3.975587127164,10.8));
#10181 = CARTESIAN_POINT('',(6.553092781275,10.8));
#10182 = ( GEOMETRIC_REPRESENTATION_CONTEXT(2) 
PARAMETRIC_REPRESENTATION_CONTEXT() REPRESENTATION_CONTEXT('2D SPACE',''
  ) );
#10183 = PCURVE('',#2575,#10184);
#10184 = DEFINITIONAL_REPRESENTATION('',(#10185),#10188);
#10185 = B_SPLINE_CURVE_WITH_KNOTS('',1,(#10186,#10187),.UNSPECIFIED.,
  .F.,.F.,(2,2),(-0.658675046992,1.918830607119),
  .PIECEWISE_BEZIER_KNOTS.);
#10186 = CARTESIAN_POINT('',(-4.5,-2.891304347826));
#10187 = CARTESIAN_POINT('',(-2.555,-1.2));
#10188 = ( GEOMETRIC_REPRESENTATION_CONTEXT(2) 
PARAMETRIC_REPRESENTATION_CONTEXT() REPRESENTATION_CONTEXT('2D SPACE',''
  ) );
#10189 = ORIENTED_EDGE('',*,*,#10190,.T.);
#10190 = EDGE_CURVE('',#10170,#10191,#10193,.T.);
#10191 = VERTEX_POINT('',#10192);
#10192 = CARTESIAN_POINT('',(-15.97674418604,12.857962607306,
    11.523255813953));
#10193 = SURFACE_CURVE('',#10194,(#10198,#10204),.PCURVE_S1.);
#10194 = LINE('',#10195,#10196);
#10195 = CARTESIAN_POINT('',(-15.97674418604,7.,11.523255813953));
#10196 = VECTOR('',#10197,1.);
#10197 = DIRECTION('',(-0.,1.,0.));
#10198 = PCURVE('',#2444,#10199);
#10199 = DEFINITIONAL_REPRESENTATION('',(#10200),#10203);
#10200 = B_SPLINE_CURVE_WITH_KNOTS('',1,(#10201,#10202),.UNSPECIFIED.,
  .F.,.F.,(2,2),(3.8,10.2),.PIECEWISE_BEZIER_KNOTS.);
#10201 = CARTESIAN_POINT('',(4.607366476829,10.8));
#10202 = CARTESIAN_POINT('',(4.607366476829,17.2));
#10203 = ( GEOMETRIC_REPRESENTATION_CONTEXT(2) 
PARAMETRIC_REPRESENTATION_CONTEXT() REPRESENTATION_CONTEXT('2D SPACE',''
  ) );
#10204 = PCURVE('',#10205,#10210);
#10205 = PLANE('',#10206);
#10206 = AXIS2_PLACEMENT_3D('',#10207,#10208,#10209);
#10207 = CARTESIAN_POINT('',(-15.5,14.,12.));
#10208 = DIRECTION('',(0.707106781187,0.,-0.707106781187));
#10209 = DIRECTION('',(-0.707106781187,0.,-0.707106781187));
#10210 = DEFINITIONAL_REPRESENTATION('',(#10211),#10214);
#10211 = B_SPLINE_CURVE_WITH_KNOTS('',1,(#10212,#10213),.UNSPECIFIED.,
  .F.,.F.,(2,2),(3.8,10.2),.PIECEWISE_BEZIER_KNOTS.);
#10212 = CARTESIAN_POINT('',(0.674218093689,-3.2));
#10213 = CARTESIAN_POINT('',(0.674218093689,3.2));
#10214 = ( GEOMETRIC_REPRESENTATION_CONTEXT(2) 
PARAMETRIC_REPRESENTATION_CONTEXT() REPRESENTATION_CONTEXT('2D SPACE',''
  ) );
#10215 = ORIENTED_EDGE('',*,*,#10216,.F.);
#10216 = EDGE_CURVE('',#2429,#10191,#10217,.T.);
#10217 = SURFACE_CURVE('',#10218,(#10223,#10230),.PCURVE_S1.);
#10218 = ELLIPSE('',#10219,3.809937663532,2.5);
#10219 = AXIS2_PLACEMENT_3D('',#10220,#10221,#10222);
#10220 = CARTESIAN_POINT('',(-15.25,15.25,10.6875));
#10221 = DIRECTION('',(0.754605522164,0.,0.656178714925));
#10222 = DIRECTION('',(0.656178714925,0.,-0.754605522164));
#10223 = PCURVE('',#2444,#10224);
#10224 = DEFINITIONAL_REPRESENTATION('',(#10225),#10229);
#10225 = ELLIPSE('',#10226,3.809937663532,2.5);
#10226 = AXIS2_PLACEMENT_2D('',#10227,#10228);
#10227 = CARTESIAN_POINT('',(5.714906495298,15.25));
#10228 = DIRECTION('',(1.,0.));
#10229 = ( GEOMETRIC_REPRESENTATION_CONTEXT(2) 
PARAMETRIC_REPRESENTATION_CONTEXT() REPRESENTATION_CONTEXT('2D SPACE',''
  ) );
#10230 = PCURVE('',#2471,#10231);
#10231 = DEFINITIONAL_REPRESENTATION('',(#10232),#10249);
#10232 = B_SPLINE_CURVE_WITH_KNOTS('',8,(#10233,#10234,#10235,#10236,
    #10237,#10238,#10239,#10240,#10241,#10242,#10243,#10244,#10245,
    #10246,#10247,#10248),.UNSPECIFIED.,.F.,.F.,(9,7,9),(1.167991743151,
    3.14159265359,5.115193564028),.UNSPECIFIED.);
#10233 = CARTESIAN_POINT('',(-1.167991743151,-0.5605));
#10234 = CARTESIAN_POINT('',(-1.414691856956,-1.212997130536));
#10235 = CARTESIAN_POINT('',(-1.66139197076,-1.943884369017));
#10236 = CARTESIAN_POINT('',(-1.908092084565,-2.692637744771));
#10237 = CARTESIAN_POINT('',(-2.154792198364,-3.388615057938));
#10238 = CARTESIAN_POINT('',(-2.40149231217,-3.962591529082));
#10239 = CARTESIAN_POINT('',(-2.648192425978,-4.3625272098));
#10240 = CARTESIAN_POINT('',(-2.894892539785,-4.5625));
#10241 = CARTESIAN_POINT('',(-3.388292767395,-4.5625));
#10242 = CARTESIAN_POINT('',(-3.634992881193,-4.362527209796));
#10243 = CARTESIAN_POINT('',(-3.881692995023,-3.962591529102));
#10244 = CARTESIAN_POINT('',(-4.128393108796,-3.388615057893));
#10245 = CARTESIAN_POINT('',(-4.375093222621,-2.69263774478));
#10246 = CARTESIAN_POINT('',(-4.621793336412,-1.943884369011));
#10247 = CARTESIAN_POINT('',(-4.868493450224,-1.212997130536));
#10248 = CARTESIAN_POINT('',(-5.115193564028,-0.5605));
#10249 = ( GEOMETRIC_REPRESENTATION_CONTEXT(2) 
PARAMETRIC_REPRESENTATION_CONTEXT() REPRESENTATION_CONTEXT('2D SPACE',''
  ) );
#10250 = ORIENTED_EDGE('',*,*,#2428,.T.);
#10251 = ORIENTED_EDGE('',*,*,#10252,.T.);
#10252 = EDGE_CURVE('',#2408,#9995,#10253,.T.);
#10253 = SURFACE_CURVE('',#10254,(#10258,#10264),.PCURVE_S1.);
#10254 = LINE('',#10255,#10256);
#10255 = CARTESIAN_POINT('',(-18.54853273137,16.451467268623,
    14.480812641084));
#10256 = VECTOR('',#10257,1.);
#10257 = DIRECTION('',(-0.548614782048,-0.548614782048,0.630906999356));
#10258 = PCURVE('',#2444,#10259);
#10259 = DEFINITIONAL_REPRESENTATION('',(#10260),#10263);
#10260 = B_SPLINE_CURVE_WITH_KNOTS('',1,(#10261,#10262),.UNSPECIFIED.,
  .F.,.F.,(2,2),(-7.015000064357,0.822922173073),
  .PIECEWISE_BEZIER_KNOTS.);
#10261 = CARTESIAN_POINT('',(6.553092781275,20.3));
#10262 = CARTESIAN_POINT('',(7.771561172376E-16,16.));
#10263 = ( GEOMETRIC_REPRESENTATION_CONTEXT(2) 
PARAMETRIC_REPRESENTATION_CONTEXT() REPRESENTATION_CONTEXT('2D SPACE',''
  ) );
#10264 = PCURVE('',#3055,#10265);
#10265 = DEFINITIONAL_REPRESENTATION('',(#10266),#10269);
#10266 = B_SPLINE_CURVE_WITH_KNOTS('',1,(#10267,#10268),.UNSPECIFIED.,
  .F.,.F.,(2,2),(-7.015000064357,0.822922173073),
  .PIECEWISE_BEZIER_KNOTS.);
#10267 = CARTESIAN_POINT('',(6.553092781275,14.7));
#10268 = CARTESIAN_POINT('',(7.771561172376E-16,19.));
#10269 = ( GEOMETRIC_REPRESENTATION_CONTEXT(2) 
PARAMETRIC_REPRESENTATION_CONTEXT() REPRESENTATION_CONTEXT('2D SPACE',''
  ) );
#10270 = ADVANCED_FACE('',(#10271),#2829,.F.);
#10271 = FACE_BOUND('',#10272,.T.);
#10272 = EDGE_LOOP('',(#10273,#10304,#10327,#10354,#10355,#10379,#10400,
    #10422,#10423,#10424));
#10273 = ORIENTED_EDGE('',*,*,#10274,.T.);
#10274 = EDGE_CURVE('',#10275,#10277,#10279,.T.);
#10275 = VERTEX_POINT('',#10276);
#10276 = CARTESIAN_POINT('',(-15.5,-12.76253140723,12.));
#10277 = VERTEX_POINT('',#10278);
#10278 = CARTESIAN_POINT('',(-12.75,-15.25,12.));
#10279 = SURFACE_CURVE('',#10280,(#10285,#10292),.PCURVE_S1.);
#10280 = CIRCLE('',#10281,2.5);
#10281 = AXIS2_PLACEMENT_3D('',#10282,#10283,#10284);
#10282 = CARTESIAN_POINT('',(-15.25,-15.25,12.));
#10283 = DIRECTION('',(0.,0.,-1.));
#10284 = DIRECTION('',(1.,0.,0.));
#10285 = PCURVE('',#2829,#10286);
#10286 = DEFINITIONAL_REPRESENTATION('',(#10287),#10291);
#10287 = LINE('',#10288,#10289);
#10288 = CARTESIAN_POINT('',(-6.28318530718,-3.));
#10289 = VECTOR('',#10290,1.);
#10290 = DIRECTION('',(1.,-0.));
#10291 = ( GEOMETRIC_REPRESENTATION_CONTEXT(2) 
PARAMETRIC_REPRESENTATION_CONTEXT() REPRESENTATION_CONTEXT('2D SPACE',''
  ) );
#10292 = PCURVE('',#10293,#10298);
#10293 = PLANE('',#10294);
#10294 = AXIS2_PLACEMENT_3D('',#10295,#10296,#10297);
#10295 = CARTESIAN_POINT('',(-11.5,-14.,12.));
#10296 = DIRECTION('',(-0.,-0.,-1.));
#10297 = DIRECTION('',(-1.,0.,0.));
#10298 = DEFINITIONAL_REPRESENTATION('',(#10299),#10303);
#10299 = CIRCLE('',#10300,2.5);
#10300 = AXIS2_PLACEMENT_2D('',#10301,#10302);
#10301 = CARTESIAN_POINT('',(3.75,-1.25));
#10302 = DIRECTION('',(-1.,0.));
#10303 = ( GEOMETRIC_REPRESENTATION_CONTEXT(2) 
PARAMETRIC_REPRESENTATION_CONTEXT() REPRESENTATION_CONTEXT('2D SPACE',''
  ) );
#10304 = ORIENTED_EDGE('',*,*,#10305,.T.);
#10305 = EDGE_CURVE('',#10277,#10306,#10308,.T.);
#10306 = VERTEX_POINT('',#10307);
#10307 = CARTESIAN_POINT('',(-12.75,-15.25,15.));
#10308 = SEAM_CURVE('',#10309,(#10313,#10320),.PCURVE_S1.);
#10309 = LINE('',#10310,#10311);
#10310 = CARTESIAN_POINT('',(-12.75,-15.25,9.));
#10311 = VECTOR('',#10312,1.);
#10312 = DIRECTION('',(0.,0.,1.));
#10313 = PCURVE('',#2829,#10314);
#10314 = DEFINITIONAL_REPRESENTATION('',(#10315),#10319);
#10315 = LINE('',#10316,#10317);
#10316 = CARTESIAN_POINT('',(-6.28318530718,0.));
#10317 = VECTOR('',#10318,1.);
#10318 = DIRECTION('',(-0.,-1.));
#10319 = ( GEOMETRIC_REPRESENTATION_CONTEXT(2) 
PARAMETRIC_REPRESENTATION_CONTEXT() REPRESENTATION_CONTEXT('2D SPACE',''
  ) );
#10320 = PCURVE('',#2829,#10321);
#10321 = DEFINITIONAL_REPRESENTATION('',(#10322),#10326);
#10322 = LINE('',#10323,#10324);
#10323 = CARTESIAN_POINT('',(-0.,0.));
#10324 = VECTOR('',#10325,1.);
#10325 = DIRECTION('',(-0.,-1.));
#10326 = ( GEOMETRIC_REPRESENTATION_CONTEXT(2) 
PARAMETRIC_REPRESENTATION_CONTEXT() REPRESENTATION_CONTEXT('2D SPACE',''
  ) );
#10327 = ORIENTED_EDGE('',*,*,#10328,.T.);
#10328 = EDGE_CURVE('',#10306,#10306,#10329,.T.);
#10329 = SURFACE_CURVE('',#10330,(#10335,#10342),.PCURVE_S1.);
#10330 = CIRCLE('',#10331,2.5);
#10331 = AXIS2_PLACEMENT_3D('',#10332,#10333,#10334);
#10332 = CARTESIAN_POINT('',(-15.25,-15.25,15.));
#10333 = DIRECTION('',(0.,0.,1.));
#10334 = DIRECTION('',(1.,0.,0.));
#10335 = PCURVE('',#2829,#10336);
#10336 = DEFINITIONAL_REPRESENTATION('',(#10337),#10341);
#10337 = LINE('',#10338,#10339);
#10338 = CARTESIAN_POINT('',(-0.,-6.));
#10339 = VECTOR('',#10340,1.);
#10340 = DIRECTION('',(-1.,0.));
#10341 = ( GEOMETRIC_REPRESENTATION_CONTEXT(2) 
PARAMETRIC_REPRESENTATION_CONTEXT() REPRESENTATION_CONTEXT('2D SPACE',''
  ) );
#10342 = PCURVE('',#10343,#10348);
#10343 = PLANE('',#10344);
#10344 = AXIS2_PLACEMENT_3D('',#10345,#10346,#10347);
#10345 = CARTESIAN_POINT('',(-15.25,-15.25,15.));
#10346 = DIRECTION('',(0.,0.,1.));
#10347 = DIRECTION('',(1.,0.,-0.));
#10348 = DEFINITIONAL_REPRESENTATION('',(#10349),#10353);
#10349 = CIRCLE('',#10350,2.5);
#10350 = AXIS2_PLACEMENT_2D('',#10351,#10352);
#10351 = CARTESIAN_POINT('',(0.,0.));
#10352 = DIRECTION('',(1.,0.));
#10353 = ( GEOMETRIC_REPRESENTATION_CONTEXT(2) 
PARAMETRIC_REPRESENTATION_CONTEXT() REPRESENTATION_CONTEXT('2D SPACE',''
  ) );
#10354 = ORIENTED_EDGE('',*,*,#10305,.F.);
#10355 = ORIENTED_EDGE('',*,*,#10356,.T.);
#10356 = EDGE_CURVE('',#10277,#10357,#10359,.T.);
#10357 = VERTEX_POINT('',#10358);
#10358 = CARTESIAN_POINT('',(-13.68555121528,-17.2,12.));
#10359 = SURFACE_CURVE('',#10360,(#10365,#10372),.PCURVE_S1.);
#10360 = CIRCLE('',#10361,2.5);
#10361 = AXIS2_PLACEMENT_3D('',#10362,#10363,#10364);
#10362 = CARTESIAN_POINT('',(-15.25,-15.25,12.));
#10363 = DIRECTION('',(0.,0.,-1.));
#10364 = DIRECTION('',(1.,0.,0.));
#10365 = PCURVE('',#2829,#10366);
#10366 = DEFINITIONAL_REPRESENTATION('',(#10367),#10371);
#10367 = LINE('',#10368,#10369);
#10368 = CARTESIAN_POINT('',(-6.28318530718,-3.));
#10369 = VECTOR('',#10370,1.);
#10370 = DIRECTION('',(1.,-0.));
#10371 = ( GEOMETRIC_REPRESENTATION_CONTEXT(2) 
PARAMETRIC_REPRESENTATION_CONTEXT() REPRESENTATION_CONTEXT('2D SPACE',''
  ) );
#10372 = PCURVE('',#10293,#10373);
#10373 = DEFINITIONAL_REPRESENTATION('',(#10374),#10378);
#10374 = CIRCLE('',#10375,2.5);
#10375 = AXIS2_PLACEMENT_2D('',#10376,#10377);
#10376 = CARTESIAN_POINT('',(3.75,-1.25));
#10377 = DIRECTION('',(-1.,0.));
#10378 = ( GEOMETRIC_REPRESENTATION_CONTEXT(2) 
PARAMETRIC_REPRESENTATION_CONTEXT() REPRESENTATION_CONTEXT('2D SPACE',''
  ) );
#10379 = ORIENTED_EDGE('',*,*,#10380,.T.);
#10380 = EDGE_CURVE('',#10357,#10381,#10383,.T.);
#10381 = VERTEX_POINT('',#10382);
#10382 = CARTESIAN_POINT('',(-13.68555121528,-17.2,9.));
#10383 = SURFACE_CURVE('',#10384,(#10388,#10394),.PCURVE_S1.);
#10384 = LINE('',#10385,#10386);
#10385 = CARTESIAN_POINT('',(-13.68555121528,-17.2,9.));
#10386 = VECTOR('',#10387,1.);
#10387 = DIRECTION('',(-0.,-0.,-1.));
#10388 = PCURVE('',#2829,#10389);
#10389 = DEFINITIONAL_REPRESENTATION('',(#10390),#10393);
#10390 = B_SPLINE_CURVE_WITH_KNOTS('',1,(#10391,#10392),.UNSPECIFIED.,
  .F.,.F.,(2,2),(-3.9,5.999999999062E-07),.PIECEWISE_BEZIER_KNOTS.);
#10391 = CARTESIAN_POINT('',(-5.388519489945,-3.9));
#10392 = CARTESIAN_POINT('',(-5.388519489945,5.999999999062E-07));
#10393 = ( GEOMETRIC_REPRESENTATION_CONTEXT(2) 
PARAMETRIC_REPRESENTATION_CONTEXT() REPRESENTATION_CONTEXT('2D SPACE',''
  ) );
#10394 = PCURVE('',#2777,#10395);
#10395 = DEFINITIONAL_REPRESENTATION('',(#10396),#10399);
#10396 = B_SPLINE_CURVE_WITH_KNOTS('',1,(#10397,#10398),.UNSPECIFIED.,
  .F.,.F.,(2,2),(-3.9,5.999999999062E-07),.PIECEWISE_BEZIER_KNOTS.);
#10397 = CARTESIAN_POINT('',(-5.4,-0.185551215284));
#10398 = CARTESIAN_POINT('',(-1.4999994,-0.185551215284));
#10399 = ( GEOMETRIC_REPRESENTATION_CONTEXT(2) 
PARAMETRIC_REPRESENTATION_CONTEXT() REPRESENTATION_CONTEXT('2D SPACE',''
  ) );
#10400 = ORIENTED_EDGE('',*,*,#10401,.F.);
#10401 = EDGE_CURVE('',#2789,#10381,#10402,.T.);
#10402 = SURFACE_CURVE('',#10403,(#10408,#10415),.PCURVE_S1.);
#10403 = CIRCLE('',#10404,2.5);
#10404 = AXIS2_PLACEMENT_3D('',#10405,#10406,#10407);
#10405 = CARTESIAN_POINT('',(-15.25,-15.25,9.));
#10406 = DIRECTION('',(0.,0.,1.));
#10407 = DIRECTION('',(1.,0.,0.));
#10408 = PCURVE('',#2829,#10409);
#10409 = DEFINITIONAL_REPRESENTATION('',(#10410),#10414);
#10410 = LINE('',#10411,#10412);
#10411 = CARTESIAN_POINT('',(-0.,0.));
#10412 = VECTOR('',#10413,1.);
#10413 = DIRECTION('',(-1.,0.));
#10414 = ( GEOMETRIC_REPRESENTATION_CONTEXT(2) 
PARAMETRIC_REPRESENTATION_CONTEXT() REPRESENTATION_CONTEXT('2D SPACE',''
  ) );
#10415 = PCURVE('',#2803,#10416);
#10416 = DEFINITIONAL_REPRESENTATION('',(#10417),#10421);
#10417 = CIRCLE('',#10418,2.5);
#10418 = AXIS2_PLACEMENT_2D('',#10419,#10420);
#10419 = CARTESIAN_POINT('',(0.,0.));
#10420 = DIRECTION('',(1.,0.));
#10421 = ( GEOMETRIC_REPRESENTATION_CONTEXT(2) 
PARAMETRIC_REPRESENTATION_CONTEXT() REPRESENTATION_CONTEXT('2D SPACE',''
  ) );
#10422 = ORIENTED_EDGE('',*,*,#2814,.F.);
#10423 = ORIENTED_EDGE('',*,*,#10019,.F.);
#10424 = ORIENTED_EDGE('',*,*,#10425,.T.);
#10425 = EDGE_CURVE('',#10020,#10275,#10426,.T.);
#10426 = SURFACE_CURVE('',#10427,(#10432,#10442),.PCURVE_S1.);
#10427 = ELLIPSE('',#10428,3.535533905933,2.5);
#10428 = AXIS2_PLACEMENT_3D('',#10429,#10430,#10431);
#10429 = CARTESIAN_POINT('',(-15.25,-15.25,12.25));
#10430 = DIRECTION('',(0.707106781187,0.,-0.707106781187));
#10431 = DIRECTION('',(-0.707106781187,0.,-0.707106781187));
#10432 = PCURVE('',#2829,#10433);
#10433 = DEFINITIONAL_REPRESENTATION('',(#10434),#10441);
#10434 = B_SPLINE_CURVE_WITH_KNOTS('',5,(#10435,#10436,#10437,#10438,
    #10439,#10440),.UNSPECIFIED.,.F.,.F.,(6,6),(1.255847892994,
    1.489777488008),.PIECEWISE_BEZIER_KNOTS.);
#10435 = CARTESIAN_POINT('',(-1.885744760596,-2.475581395349));
#10436 = CARTESIAN_POINT('',(-1.838958841593,-2.586792969767));
#10437 = CARTESIAN_POINT('',(-1.79217292259,-2.700123469188));
#10438 = CARTESIAN_POINT('',(-1.745387003588,-2.815065758167));
#10439 = CARTESIAN_POINT('',(-1.698601084585,-2.931093292679));
#10440 = CARTESIAN_POINT('',(-1.651815165582,-3.047674418605));
#10441 = ( GEOMETRIC_REPRESENTATION_CONTEXT(2) 
PARAMETRIC_REPRESENTATION_CONTEXT() REPRESENTATION_CONTEXT('2D SPACE',''
  ) );
#10442 = PCURVE('',#10071,#10443);
#10443 = DEFINITIONAL_REPRESENTATION('',(#10444),#10448);
#10444 = ELLIPSE('',#10445,3.535533905933,2.5);
#10445 = AXIS2_PLACEMENT_2D('',#10446,#10447);
#10446 = CARTESIAN_POINT('',(-0.353553390593,-1.25));
#10447 = DIRECTION('',(1.,0.));
#10448 = ( GEOMETRIC_REPRESENTATION_CONTEXT(2) 
PARAMETRIC_REPRESENTATION_CONTEXT() REPRESENTATION_CONTEXT('2D SPACE',''
  ) );
#10449 = ADVANCED_FACE('',(#10450),#2803,.T.);
#10450 = FACE_BOUND('',#10451,.T.);
#10451 = EDGE_LOOP('',(#10452,#10453,#10454));
#10452 = ORIENTED_EDGE('',*,*,#2788,.T.);
#10453 = ORIENTED_EDGE('',*,*,#10401,.T.);
#10454 = ORIENTED_EDGE('',*,*,#10455,.T.);
#10455 = EDGE_CURVE('',#10381,#2763,#10456,.T.);
#10456 = SURFACE_CURVE('',#10457,(#10461,#10467),.PCURVE_S1.);
#10457 = LINE('',#10458,#10459);
#10458 = CARTESIAN_POINT('',(-14.375,-17.2,9.));
#10459 = VECTOR('',#10460,1.);
#10460 = DIRECTION('',(-1.,0.,0.));
#10461 = PCURVE('',#2803,#10462);
#10462 = DEFINITIONAL_REPRESENTATION('',(#10463),#10466);
#10463 = B_SPLINE_CURVE_WITH_KNOTS('',1,(#10464,#10465),.UNSPECIFIED.,
  .F.,.F.,(2,2),(-1.625,1.601744186047),.PIECEWISE_BEZIER_KNOTS.);
#10464 = CARTESIAN_POINT('',(2.5,-1.95));
#10465 = CARTESIAN_POINT('',(-0.726744186047,-1.95));
#10466 = ( GEOMETRIC_REPRESENTATION_CONTEXT(2) 
PARAMETRIC_REPRESENTATION_CONTEXT() REPRESENTATION_CONTEXT('2D SPACE',''
  ) );
#10467 = PCURVE('',#2777,#10468);
#10468 = DEFINITIONAL_REPRESENTATION('',(#10469),#10472);
#10469 = B_SPLINE_CURVE_WITH_KNOTS('',1,(#10470,#10471),.UNSPECIFIED.,
  .F.,.F.,(2,2),(-1.625,1.601744186047),.PIECEWISE_BEZIER_KNOTS.);
#10470 = CARTESIAN_POINT('',(-1.5,0.75));
#10471 = CARTESIAN_POINT('',(-1.5,-2.476744186047));
#10472 = ( GEOMETRIC_REPRESENTATION_CONTEXT(2) 
PARAMETRIC_REPRESENTATION_CONTEXT() REPRESENTATION_CONTEXT('2D SPACE',''
  ) );
#10473 = ADVANCED_FACE('',(#10474),#2777,.F.);
#10474 = FACE_BOUND('',#10475,.F.);
#10475 = EDGE_LOOP('',(#10476,#10477,#10478,#10499,#10500,#10521,#10549,
    #10570));
#10476 = ORIENTED_EDGE('',*,*,#10455,.T.);
#10477 = ORIENTED_EDGE('',*,*,#2762,.T.);
#10478 = ORIENTED_EDGE('',*,*,#10479,.T.);
#10479 = EDGE_CURVE('',#2737,#7348,#10480,.T.);
#10480 = SURFACE_CURVE('',#10481,(#10485,#10492),.PCURVE_S1.);
#10481 = LINE('',#10482,#10483);
#10482 = CARTESIAN_POINT('',(-15.5,-17.2,3.));
#10483 = VECTOR('',#10484,1.);
#10484 = DIRECTION('',(1.,0.,0.));
#10485 = PCURVE('',#2777,#10486);
#10486 = DEFINITIONAL_REPRESENTATION('',(#10487),#10491);
#10487 = LINE('',#10488,#10489);
#10488 = CARTESIAN_POINT('',(4.5,-2.));
#10489 = VECTOR('',#10490,1.);
#10490 = DIRECTION('',(0.,1.));
#10491 = ( GEOMETRIC_REPRESENTATION_CONTEXT(2) 
PARAMETRIC_REPRESENTATION_CONTEXT() REPRESENTATION_CONTEXT('2D SPACE',''
  ) );
#10492 = PCURVE('',#2751,#10493);
#10493 = DEFINITIONAL_REPRESENTATION('',(#10494),#10498);
#10494 = LINE('',#10495,#10496);
#10495 = CARTESIAN_POINT('',(0.,-3.2));
#10496 = VECTOR('',#10497,1.);
#10497 = DIRECTION('',(1.,0.));
#10498 = ( GEOMETRIC_REPRESENTATION_CONTEXT(2) 
PARAMETRIC_REPRESENTATION_CONTEXT() REPRESENTATION_CONTEXT('2D SPACE',''
  ) );
#10499 = ORIENTED_EDGE('',*,*,#7368,.F.);
#10500 = ORIENTED_EDGE('',*,*,#10501,.T.);
#10501 = EDGE_CURVE('',#7369,#10502,#10504,.T.);
#10502 = VERTEX_POINT('',#10503);
#10503 = CARTESIAN_POINT('',(-11.02325581395,-17.2,11.523255813953));
#10504 = SURFACE_CURVE('',#10505,(#10509,#10515),.PCURVE_S1.);
#10505 = LINE('',#10506,#10507);
#10506 = CARTESIAN_POINT('',(-13.19090419806,-17.2,9.030460172228));
#10507 = VECTOR('',#10508,1.);
#10508 = DIRECTION('',(0.656178714925,-0.,0.754605522164));
#10509 = PCURVE('',#2777,#10510);
#10510 = DEFINITIONAL_REPRESENTATION('',(#10511),#10514);
#10511 = B_SPLINE_CURVE_WITH_KNOTS('',1,(#10512,#10513),.UNSPECIFIED.,
  .F.,.F.,(2,2),(1.357715783519,3.93522143763),
  .PIECEWISE_BEZIER_KNOTS.);
#10512 = CARTESIAN_POINT('',(-2.555,1.2));
#10513 = CARTESIAN_POINT('',(-4.5,2.891304347826));
#10514 = ( GEOMETRIC_REPRESENTATION_CONTEXT(2) 
PARAMETRIC_REPRESENTATION_CONTEXT() REPRESENTATION_CONTEXT('2D SPACE',''
  ) );
#10515 = PCURVE('',#7142,#10516);
#10516 = DEFINITIONAL_REPRESENTATION('',(#10517),#10520);
#10517 = B_SPLINE_CURVE_WITH_KNOTS('',1,(#10518,#10519),.UNSPECIFIED.,
  .F.,.F.,(2,2),(1.357715783519,3.93522143763),
  .PIECEWISE_BEZIER_KNOTS.);
#10518 = CARTESIAN_POINT('',(-8.881784197001E-16,-17.2));
#10519 = CARTESIAN_POINT('',(2.577505654111,-17.2));
#10520 = ( GEOMETRIC_REPRESENTATION_CONTEXT(2) 
PARAMETRIC_REPRESENTATION_CONTEXT() REPRESENTATION_CONTEXT('2D SPACE',''
  ) );
#10521 = ORIENTED_EDGE('',*,*,#10522,.T.);
#10522 = EDGE_CURVE('',#10502,#10523,#10525,.T.);
#10523 = VERTEX_POINT('',#10524);
#10524 = CARTESIAN_POINT('',(-11.5,-17.2,12.));
#10525 = SURFACE_CURVE('',#10526,(#10530,#10537),.PCURVE_S1.);
#10526 = LINE('',#10527,#10528);
#10527 = CARTESIAN_POINT('',(-7.5,-17.2,8.));
#10528 = VECTOR('',#10529,1.);
#10529 = DIRECTION('',(-0.707106781187,0.,0.707106781187));
#10530 = PCURVE('',#2777,#10531);
#10531 = DEFINITIONAL_REPRESENTATION('',(#10532),#10536);
#10532 = LINE('',#10533,#10534);
#10533 = CARTESIAN_POINT('',(-0.5,6.));
#10534 = VECTOR('',#10535,1.);
#10535 = DIRECTION('',(-0.707106781187,-0.707106781187));
#10536 = ( GEOMETRIC_REPRESENTATION_CONTEXT(2) 
PARAMETRIC_REPRESENTATION_CONTEXT() REPRESENTATION_CONTEXT('2D SPACE',''
  ) );
#10537 = PCURVE('',#10538,#10543);
#10538 = PLANE('',#10539);
#10539 = AXIS2_PLACEMENT_3D('',#10540,#10541,#10542);
#10540 = CARTESIAN_POINT('',(-7.5,-14.,8.));
#10541 = DIRECTION('',(-0.707106781187,-0.,-0.707106781187));
#10542 = DIRECTION('',(-0.707106781187,0.,0.707106781187));
#10543 = DEFINITIONAL_REPRESENTATION('',(#10544),#10548);
#10544 = LINE('',#10545,#10546);
#10545 = CARTESIAN_POINT('',(0.,-3.2));
#10546 = VECTOR('',#10547,1.);
#10547 = DIRECTION('',(1.,0.));
#10548 = ( GEOMETRIC_REPRESENTATION_CONTEXT(2) 
PARAMETRIC_REPRESENTATION_CONTEXT() REPRESENTATION_CONTEXT('2D SPACE',''
  ) );
#10549 = ORIENTED_EDGE('',*,*,#10550,.T.);
#10550 = EDGE_CURVE('',#10523,#10357,#10551,.T.);
#10551 = SURFACE_CURVE('',#10552,(#10556,#10563),.PCURVE_S1.);
#10552 = LINE('',#10553,#10554);
#10553 = CARTESIAN_POINT('',(-11.5,-17.2,12.));
#10554 = VECTOR('',#10555,1.);
#10555 = DIRECTION('',(-1.,0.,0.));
#10556 = PCURVE('',#2777,#10557);
#10557 = DEFINITIONAL_REPRESENTATION('',(#10558),#10562);
#10558 = LINE('',#10559,#10560);
#10559 = CARTESIAN_POINT('',(-4.5,2.));
#10560 = VECTOR('',#10561,1.);
#10561 = DIRECTION('',(0.,-1.));
#10562 = ( GEOMETRIC_REPRESENTATION_CONTEXT(2) 
PARAMETRIC_REPRESENTATION_CONTEXT() REPRESENTATION_CONTEXT('2D SPACE',''
  ) );
#10563 = PCURVE('',#10293,#10564);
#10564 = DEFINITIONAL_REPRESENTATION('',(#10565),#10569);
#10565 = LINE('',#10566,#10567);
#10566 = CARTESIAN_POINT('',(0.,-3.2));
#10567 = VECTOR('',#10568,1.);
#10568 = DIRECTION('',(1.,0.));
#10569 = ( GEOMETRIC_REPRESENTATION_CONTEXT(2) 
PARAMETRIC_REPRESENTATION_CONTEXT() REPRESENTATION_CONTEXT('2D SPACE',''
  ) );
#10570 = ORIENTED_EDGE('',*,*,#10380,.T.);
#10571 = ADVANCED_FACE('',(#10572),#2751,.T.);
#10572 = FACE_BOUND('',#10573,.T.);
#10573 = EDGE_LOOP('',(#10574,#10575,#10576,#10577));
#10574 = ORIENTED_EDGE('',*,*,#2736,.T.);
#10575 = ORIENTED_EDGE('',*,*,#10479,.T.);
#10576 = ORIENTED_EDGE('',*,*,#7347,.F.);
#10577 = ORIENTED_EDGE('',*,*,#10578,.F.);
#10578 = EDGE_CURVE('',#2711,#7327,#10579,.T.);
#10579 = SURFACE_CURVE('',#10580,(#10584,#10591),.PCURVE_S1.);
#10580 = LINE('',#10581,#10582);
#10581 = CARTESIAN_POINT('',(-15.5,-10.8,3.));
#10582 = VECTOR('',#10583,1.);
#10583 = DIRECTION('',(1.,0.,0.));
#10584 = PCURVE('',#2751,#10585);
#10585 = DEFINITIONAL_REPRESENTATION('',(#10586),#10590);
#10586 = LINE('',#10587,#10588);
#10587 = CARTESIAN_POINT('',(0.,3.2));
#10588 = VECTOR('',#10589,1.);
#10589 = DIRECTION('',(1.,0.));
#10590 = ( GEOMETRIC_REPRESENTATION_CONTEXT(2) 
PARAMETRIC_REPRESENTATION_CONTEXT() REPRESENTATION_CONTEXT('2D SPACE',''
  ) );
#10591 = PCURVE('',#2725,#10592);
#10592 = DEFINITIONAL_REPRESENTATION('',(#10593),#10597);
#10593 = LINE('',#10594,#10595);
#10594 = CARTESIAN_POINT('',(4.5,-2.));
#10595 = VECTOR('',#10596,1.);
#10596 = DIRECTION('',(0.,1.));
#10597 = ( GEOMETRIC_REPRESENTATION_CONTEXT(2) 
PARAMETRIC_REPRESENTATION_CONTEXT() REPRESENTATION_CONTEXT('2D SPACE',''
  ) );
#10598 = ADVANCED_FACE('',(#10599),#2725,.T.);
#10599 = FACE_BOUND('',#10600,.T.);
#10600 = EDGE_LOOP('',(#10601,#10602,#10603,#10604,#10625,#10648,#10671,
    #10692));
#10601 = ORIENTED_EDGE('',*,*,#2710,.T.);
#10602 = ORIENTED_EDGE('',*,*,#10578,.T.);
#10603 = ORIENTED_EDGE('',*,*,#7326,.F.);
#10604 = ORIENTED_EDGE('',*,*,#10605,.T.);
#10605 = EDGE_CURVE('',#7304,#10606,#10608,.T.);
#10606 = VERTEX_POINT('',#10607);
#10607 = CARTESIAN_POINT('',(-11.02325581395,-10.8,11.523255813953));
#10608 = SURFACE_CURVE('',#10609,(#10613,#10619),.PCURVE_S1.);
#10609 = LINE('',#10610,#10611);
#10610 = CARTESIAN_POINT('',(-13.19090419806,-10.8,9.030460172228));
#10611 = VECTOR('',#10612,1.);
#10612 = DIRECTION('',(0.656178714925,-0.,0.754605522164));
#10613 = PCURVE('',#2725,#10614);
#10614 = DEFINITIONAL_REPRESENTATION('',(#10615),#10618);
#10615 = B_SPLINE_CURVE_WITH_KNOTS('',1,(#10616,#10617),.UNSPECIFIED.,
  .F.,.F.,(2,2),(1.357715783519,3.93522143763),
  .PIECEWISE_BEZIER_KNOTS.);
#10616 = CARTESIAN_POINT('',(-2.555,1.2));
#10617 = CARTESIAN_POINT('',(-4.5,2.891304347826));
#10618 = ( GEOMETRIC_REPRESENTATION_CONTEXT(2) 
PARAMETRIC_REPRESENTATION_CONTEXT() REPRESENTATION_CONTEXT('2D SPACE',''
  ) );
#10619 = PCURVE('',#7142,#10620);
#10620 = DEFINITIONAL_REPRESENTATION('',(#10621),#10624);
#10621 = B_SPLINE_CURVE_WITH_KNOTS('',1,(#10622,#10623),.UNSPECIFIED.,
  .F.,.F.,(2,2),(1.357715783519,3.93522143763),
  .PIECEWISE_BEZIER_KNOTS.);
#10622 = CARTESIAN_POINT('',(-8.881784197001E-16,-10.8));
#10623 = CARTESIAN_POINT('',(2.577505654111,-10.8));
#10624 = ( GEOMETRIC_REPRESENTATION_CONTEXT(2) 
PARAMETRIC_REPRESENTATION_CONTEXT() REPRESENTATION_CONTEXT('2D SPACE',''
  ) );
#10625 = ORIENTED_EDGE('',*,*,#10626,.T.);
#10626 = EDGE_CURVE('',#10606,#10627,#10629,.T.);
#10627 = VERTEX_POINT('',#10628);
#10628 = CARTESIAN_POINT('',(-11.5,-10.8,12.));
#10629 = SURFACE_CURVE('',#10630,(#10634,#10641),.PCURVE_S1.);
#10630 = LINE('',#10631,#10632);
#10631 = CARTESIAN_POINT('',(-7.5,-10.8,8.));
#10632 = VECTOR('',#10633,1.);
#10633 = DIRECTION('',(-0.707106781187,0.,0.707106781187));
#10634 = PCURVE('',#2725,#10635);
#10635 = DEFINITIONAL_REPRESENTATION('',(#10636),#10640);
#10636 = LINE('',#10637,#10638);
#10637 = CARTESIAN_POINT('',(-0.5,6.));
#10638 = VECTOR('',#10639,1.);
#10639 = DIRECTION('',(-0.707106781187,-0.707106781187));
#10640 = ( GEOMETRIC_REPRESENTATION_CONTEXT(2) 
PARAMETRIC_REPRESENTATION_CONTEXT() REPRESENTATION_CONTEXT('2D SPACE',''
  ) );
#10641 = PCURVE('',#10538,#10642);
#10642 = DEFINITIONAL_REPRESENTATION('',(#10643),#10647);
#10643 = LINE('',#10644,#10645);
#10644 = CARTESIAN_POINT('',(0.,3.2));
#10645 = VECTOR('',#10646,1.);
#10646 = DIRECTION('',(1.,0.));
#10647 = ( GEOMETRIC_REPRESENTATION_CONTEXT(2) 
PARAMETRIC_REPRESENTATION_CONTEXT() REPRESENTATION_CONTEXT('2D SPACE',''
  ) );
#10648 = ORIENTED_EDGE('',*,*,#10649,.T.);
#10649 = EDGE_CURVE('',#10627,#10650,#10652,.T.);
#10650 = VERTEX_POINT('',#10651);
#10651 = CARTESIAN_POINT('',(-15.5,-10.8,12.));
#10652 = SURFACE_CURVE('',#10653,(#10657,#10664),.PCURVE_S1.);
#10653 = LINE('',#10654,#10655);
#10654 = CARTESIAN_POINT('',(-11.5,-10.8,12.));
#10655 = VECTOR('',#10656,1.);
#10656 = DIRECTION('',(-1.,0.,0.));
#10657 = PCURVE('',#2725,#10658);
#10658 = DEFINITIONAL_REPRESENTATION('',(#10659),#10663);
#10659 = LINE('',#10660,#10661);
#10660 = CARTESIAN_POINT('',(-4.5,2.));
#10661 = VECTOR('',#10662,1.);
#10662 = DIRECTION('',(0.,-1.));
#10663 = ( GEOMETRIC_REPRESENTATION_CONTEXT(2) 
PARAMETRIC_REPRESENTATION_CONTEXT() REPRESENTATION_CONTEXT('2D SPACE',''
  ) );
#10664 = PCURVE('',#10293,#10665);
#10665 = DEFINITIONAL_REPRESENTATION('',(#10666),#10670);
#10666 = LINE('',#10667,#10668);
#10667 = CARTESIAN_POINT('',(0.,3.2));
#10668 = VECTOR('',#10669,1.);
#10669 = DIRECTION('',(1.,0.));
#10670 = ( GEOMETRIC_REPRESENTATION_CONTEXT(2) 
PARAMETRIC_REPRESENTATION_CONTEXT() REPRESENTATION_CONTEXT('2D SPACE',''
  ) );
#10671 = ORIENTED_EDGE('',*,*,#10672,.T.);
#10672 = EDGE_CURVE('',#10650,#10057,#10673,.T.);
#10673 = SURFACE_CURVE('',#10674,(#10678,#10685),.PCURVE_S1.);
#10674 = LINE('',#10675,#10676);
#10675 = CARTESIAN_POINT('',(-15.5,-10.8,12.));
#10676 = VECTOR('',#10677,1.);
#10677 = DIRECTION('',(-0.707106781187,0.,-0.707106781187));
#10678 = PCURVE('',#2725,#10679);
#10679 = DEFINITIONAL_REPRESENTATION('',(#10680),#10684);
#10680 = LINE('',#10681,#10682);
#10681 = CARTESIAN_POINT('',(-4.5,-2.));
#10682 = VECTOR('',#10683,1.);
#10683 = DIRECTION('',(0.707106781187,-0.707106781187));
#10684 = ( GEOMETRIC_REPRESENTATION_CONTEXT(2) 
PARAMETRIC_REPRESENTATION_CONTEXT() REPRESENTATION_CONTEXT('2D SPACE',''
  ) );
#10685 = PCURVE('',#10071,#10686);
#10686 = DEFINITIONAL_REPRESENTATION('',(#10687),#10691);
#10687 = LINE('',#10688,#10689);
#10688 = CARTESIAN_POINT('',(0.,3.2));
#10689 = VECTOR('',#10690,1.);
#10690 = DIRECTION('',(1.,0.));
#10691 = ( GEOMETRIC_REPRESENTATION_CONTEXT(2) 
PARAMETRIC_REPRESENTATION_CONTEXT() REPRESENTATION_CONTEXT('2D SPACE',''
  ) );
#10692 = ORIENTED_EDGE('',*,*,#10082,.T.);
#10693 = ADVANCED_FACE('',(#10694),#2676,.F.);
#10694 = FACE_BOUND('',#10695,.F.);
#10695 = EDGE_LOOP('',(#10696,#10697,#10718,#10719,#10740,#10768,#10796,
    #10817));
#10696 = ORIENTED_EDGE('',*,*,#2661,.T.);
#10697 = ORIENTED_EDGE('',*,*,#10698,.T.);
#10698 = EDGE_CURVE('',#2636,#7262,#10699,.T.);
#10699 = SURFACE_CURVE('',#10700,(#10704,#10711),.PCURVE_S1.);
#10700 = LINE('',#10701,#10702);
#10701 = CARTESIAN_POINT('',(-15.5,-3.2,3.));
#10702 = VECTOR('',#10703,1.);
#10703 = DIRECTION('',(1.,0.,0.));
#10704 = PCURVE('',#2676,#10705);
#10705 = DEFINITIONAL_REPRESENTATION('',(#10706),#10710);
#10706 = LINE('',#10707,#10708);
#10707 = CARTESIAN_POINT('',(4.5,-2.));
#10708 = VECTOR('',#10709,1.);
#10709 = DIRECTION('',(0.,1.));
#10710 = ( GEOMETRIC_REPRESENTATION_CONTEXT(2) 
PARAMETRIC_REPRESENTATION_CONTEXT() REPRESENTATION_CONTEXT('2D SPACE',''
  ) );
#10711 = PCURVE('',#2650,#10712);
#10712 = DEFINITIONAL_REPRESENTATION('',(#10713),#10717);
#10713 = LINE('',#10714,#10715);
#10714 = CARTESIAN_POINT('',(0.,-3.2));
#10715 = VECTOR('',#10716,1.);
#10716 = DIRECTION('',(1.,0.));
#10717 = ( GEOMETRIC_REPRESENTATION_CONTEXT(2) 
PARAMETRIC_REPRESENTATION_CONTEXT() REPRESENTATION_CONTEXT('2D SPACE',''
  ) );
#10718 = ORIENTED_EDGE('',*,*,#7282,.F.);
#10719 = ORIENTED_EDGE('',*,*,#10720,.T.);
#10720 = EDGE_CURVE('',#7283,#10721,#10723,.T.);
#10721 = VERTEX_POINT('',#10722);
#10722 = CARTESIAN_POINT('',(-11.02325581395,-3.2,11.523255813953));
#10723 = SURFACE_CURVE('',#10724,(#10728,#10734),.PCURVE_S1.);
#10724 = LINE('',#10725,#10726);
#10725 = CARTESIAN_POINT('',(-13.19090419806,-3.2,9.030460172228));
#10726 = VECTOR('',#10727,1.);
#10727 = DIRECTION('',(0.656178714925,-0.,0.754605522164));
#10728 = PCURVE('',#2676,#10729);
#10729 = DEFINITIONAL_REPRESENTATION('',(#10730),#10733);
#10730 = B_SPLINE_CURVE_WITH_KNOTS('',1,(#10731,#10732),.UNSPECIFIED.,
  .F.,.F.,(2,2),(1.357715783519,3.93522143763),
  .PIECEWISE_BEZIER_KNOTS.);
#10731 = CARTESIAN_POINT('',(-2.555,1.2));
#10732 = CARTESIAN_POINT('',(-4.5,2.891304347826));
#10733 = ( GEOMETRIC_REPRESENTATION_CONTEXT(2) 
PARAMETRIC_REPRESENTATION_CONTEXT() REPRESENTATION_CONTEXT('2D SPACE',''
  ) );
#10734 = PCURVE('',#7142,#10735);
#10735 = DEFINITIONAL_REPRESENTATION('',(#10736),#10739);
#10736 = B_SPLINE_CURVE_WITH_KNOTS('',1,(#10737,#10738),.UNSPECIFIED.,
  .F.,.F.,(2,2),(1.357715783519,3.93522143763),
  .PIECEWISE_BEZIER_KNOTS.);
#10737 = CARTESIAN_POINT('',(-8.881784197001E-16,-3.2));
#10738 = CARTESIAN_POINT('',(2.577505654111,-3.2));
#10739 = ( GEOMETRIC_REPRESENTATION_CONTEXT(2) 
PARAMETRIC_REPRESENTATION_CONTEXT() REPRESENTATION_CONTEXT('2D SPACE',''
  ) );
#10740 = ORIENTED_EDGE('',*,*,#10741,.T.);
#10741 = EDGE_CURVE('',#10721,#10742,#10744,.T.);
#10742 = VERTEX_POINT('',#10743);
#10743 = CARTESIAN_POINT('',(-11.5,-3.2,12.));
#10744 = SURFACE_CURVE('',#10745,(#10749,#10756),.PCURVE_S1.);
#10745 = LINE('',#10746,#10747);
#10746 = CARTESIAN_POINT('',(-7.5,-3.2,8.));
#10747 = VECTOR('',#10748,1.);
#10748 = DIRECTION('',(-0.707106781187,0.,0.707106781187));
#10749 = PCURVE('',#2676,#10750);
#10750 = DEFINITIONAL_REPRESENTATION('',(#10751),#10755);
#10751 = LINE('',#10752,#10753);
#10752 = CARTESIAN_POINT('',(-0.5,6.));
#10753 = VECTOR('',#10754,1.);
#10754 = DIRECTION('',(-0.707106781187,-0.707106781187));
#10755 = ( GEOMETRIC_REPRESENTATION_CONTEXT(2) 
PARAMETRIC_REPRESENTATION_CONTEXT() REPRESENTATION_CONTEXT('2D SPACE',''
  ) );
#10756 = PCURVE('',#10757,#10762);
#10757 = PLANE('',#10758);
#10758 = AXIS2_PLACEMENT_3D('',#10759,#10760,#10761);
#10759 = CARTESIAN_POINT('',(-7.5,0.,8.));
#10760 = DIRECTION('',(-0.707106781187,-0.,-0.707106781187));
#10761 = DIRECTION('',(-0.707106781187,0.,0.707106781187));
#10762 = DEFINITIONAL_REPRESENTATION('',(#10763),#10767);
#10763 = LINE('',#10764,#10765);
#10764 = CARTESIAN_POINT('',(0.,-3.2));
#10765 = VECTOR('',#10766,1.);
#10766 = DIRECTION('',(1.,0.));
#10767 = ( GEOMETRIC_REPRESENTATION_CONTEXT(2) 
PARAMETRIC_REPRESENTATION_CONTEXT() REPRESENTATION_CONTEXT('2D SPACE',''
  ) );
#10768 = ORIENTED_EDGE('',*,*,#10769,.T.);
#10769 = EDGE_CURVE('',#10742,#10770,#10772,.T.);
#10770 = VERTEX_POINT('',#10771);
#10771 = CARTESIAN_POINT('',(-15.5,-3.2,12.));
#10772 = SURFACE_CURVE('',#10773,(#10777,#10784),.PCURVE_S1.);
#10773 = LINE('',#10774,#10775);
#10774 = CARTESIAN_POINT('',(-11.5,-3.2,12.));
#10775 = VECTOR('',#10776,1.);
#10776 = DIRECTION('',(-1.,0.,0.));
#10777 = PCURVE('',#2676,#10778);
#10778 = DEFINITIONAL_REPRESENTATION('',(#10779),#10783);
#10779 = LINE('',#10780,#10781);
#10780 = CARTESIAN_POINT('',(-4.5,2.));
#10781 = VECTOR('',#10782,1.);
#10782 = DIRECTION('',(0.,-1.));
#10783 = ( GEOMETRIC_REPRESENTATION_CONTEXT(2) 
PARAMETRIC_REPRESENTATION_CONTEXT() REPRESENTATION_CONTEXT('2D SPACE',''
  ) );
#10784 = PCURVE('',#10785,#10790);
#10785 = PLANE('',#10786);
#10786 = AXIS2_PLACEMENT_3D('',#10787,#10788,#10789);
#10787 = CARTESIAN_POINT('',(-11.5,0.,12.));
#10788 = DIRECTION('',(-0.,-0.,-1.));
#10789 = DIRECTION('',(-1.,0.,0.));
#10790 = DEFINITIONAL_REPRESENTATION('',(#10791),#10795);
#10791 = LINE('',#10792,#10793);
#10792 = CARTESIAN_POINT('',(0.,-3.2));
#10793 = VECTOR('',#10794,1.);
#10794 = DIRECTION('',(1.,0.));
#10795 = ( GEOMETRIC_REPRESENTATION_CONTEXT(2) 
PARAMETRIC_REPRESENTATION_CONTEXT() REPRESENTATION_CONTEXT('2D SPACE',''
  ) );
#10796 = ORIENTED_EDGE('',*,*,#10797,.T.);
#10797 = EDGE_CURVE('',#10770,#10103,#10798,.T.);
#10798 = SURFACE_CURVE('',#10799,(#10803,#10810),.PCURVE_S1.);
#10799 = LINE('',#10800,#10801);
#10800 = CARTESIAN_POINT('',(-15.5,-3.2,12.));
#10801 = VECTOR('',#10802,1.);
#10802 = DIRECTION('',(-0.707106781187,0.,-0.707106781187));
#10803 = PCURVE('',#2676,#10804);
#10804 = DEFINITIONAL_REPRESENTATION('',(#10805),#10809);
#10805 = LINE('',#10806,#10807);
#10806 = CARTESIAN_POINT('',(-4.5,-2.));
#10807 = VECTOR('',#10808,1.);
#10808 = DIRECTION('',(0.707106781187,-0.707106781187));
#10809 = ( GEOMETRIC_REPRESENTATION_CONTEXT(2) 
PARAMETRIC_REPRESENTATION_CONTEXT() REPRESENTATION_CONTEXT('2D SPACE',''
  ) );
#10810 = PCURVE('',#10138,#10811);
#10811 = DEFINITIONAL_REPRESENTATION('',(#10812),#10816);
#10812 = LINE('',#10813,#10814);
#10813 = CARTESIAN_POINT('',(-0.,-3.2));
#10814 = VECTOR('',#10815,1.);
#10815 = DIRECTION('',(1.,0.));
#10816 = ( GEOMETRIC_REPRESENTATION_CONTEXT(2) 
PARAMETRIC_REPRESENTATION_CONTEXT() REPRESENTATION_CONTEXT('2D SPACE',''
  ) );
#10817 = ORIENTED_EDGE('',*,*,#10102,.T.);
#10818 = ADVANCED_FACE('',(#10819),#2650,.T.);
#10819 = FACE_BOUND('',#10820,.T.);
#10820 = EDGE_LOOP('',(#10821,#10822,#10823,#10824));
#10821 = ORIENTED_EDGE('',*,*,#2635,.T.);
#10822 = ORIENTED_EDGE('',*,*,#10698,.T.);
#10823 = ORIENTED_EDGE('',*,*,#7261,.F.);
#10824 = ORIENTED_EDGE('',*,*,#10825,.F.);
#10825 = EDGE_CURVE('',#2610,#7241,#10826,.T.);
#10826 = SURFACE_CURVE('',#10827,(#10831,#10838),.PCURVE_S1.);
#10827 = LINE('',#10828,#10829);
#10828 = CARTESIAN_POINT('',(-15.5,3.2,3.));
#10829 = VECTOR('',#10830,1.);
#10830 = DIRECTION('',(1.,0.,0.));
#10831 = PCURVE('',#2650,#10832);
#10832 = DEFINITIONAL_REPRESENTATION('',(#10833),#10837);
#10833 = LINE('',#10834,#10835);
#10834 = CARTESIAN_POINT('',(0.,3.2));
#10835 = VECTOR('',#10836,1.);
#10836 = DIRECTION('',(1.,0.));
#10837 = ( GEOMETRIC_REPRESENTATION_CONTEXT(2) 
PARAMETRIC_REPRESENTATION_CONTEXT() REPRESENTATION_CONTEXT('2D SPACE',''
  ) );
#10838 = PCURVE('',#2624,#10839);
#10839 = DEFINITIONAL_REPRESENTATION('',(#10840),#10844);
#10840 = LINE('',#10841,#10842);
#10841 = CARTESIAN_POINT('',(4.5,-2.));
#10842 = VECTOR('',#10843,1.);
#10843 = DIRECTION('',(0.,1.));
#10844 = ( GEOMETRIC_REPRESENTATION_CONTEXT(2) 
PARAMETRIC_REPRESENTATION_CONTEXT() REPRESENTATION_CONTEXT('2D SPACE',''
  ) );
#10845 = ADVANCED_FACE('',(#10846),#2624,.T.);
#10846 = FACE_BOUND('',#10847,.T.);
#10847 = EDGE_LOOP('',(#10848,#10849,#10850,#10851,#10872,#10895,#10918,
    #10939));
#10848 = ORIENTED_EDGE('',*,*,#2609,.T.);
#10849 = ORIENTED_EDGE('',*,*,#10825,.T.);
#10850 = ORIENTED_EDGE('',*,*,#7240,.F.);
#10851 = ORIENTED_EDGE('',*,*,#10852,.T.);
#10852 = EDGE_CURVE('',#7218,#10853,#10855,.T.);
#10853 = VERTEX_POINT('',#10854);
#10854 = CARTESIAN_POINT('',(-11.02325581395,3.2,11.523255813953));
#10855 = SURFACE_CURVE('',#10856,(#10860,#10866),.PCURVE_S1.);
#10856 = LINE('',#10857,#10858);
#10857 = CARTESIAN_POINT('',(-13.19090419806,3.2,9.030460172228));
#10858 = VECTOR('',#10859,1.);
#10859 = DIRECTION('',(0.656178714925,-0.,0.754605522164));
#10860 = PCURVE('',#2624,#10861);
#10861 = DEFINITIONAL_REPRESENTATION('',(#10862),#10865);
#10862 = B_SPLINE_CURVE_WITH_KNOTS('',1,(#10863,#10864),.UNSPECIFIED.,
  .F.,.F.,(2,2),(1.357715783519,3.93522143763),
  .PIECEWISE_BEZIER_KNOTS.);
#10863 = CARTESIAN_POINT('',(-2.555,1.2));
#10864 = CARTESIAN_POINT('',(-4.5,2.891304347826));
#10865 = ( GEOMETRIC_REPRESENTATION_CONTEXT(2) 
PARAMETRIC_REPRESENTATION_CONTEXT() REPRESENTATION_CONTEXT('2D SPACE',''
  ) );
#10866 = PCURVE('',#7142,#10867);
#10867 = DEFINITIONAL_REPRESENTATION('',(#10868),#10871);
#10868 = B_SPLINE_CURVE_WITH_KNOTS('',1,(#10869,#10870),.UNSPECIFIED.,
  .F.,.F.,(2,2),(1.357715783519,3.93522143763),
  .PIECEWISE_BEZIER_KNOTS.);
#10869 = CARTESIAN_POINT('',(-8.881784197001E-16,3.2));
#10870 = CARTESIAN_POINT('',(2.577505654111,3.2));
#10871 = ( GEOMETRIC_REPRESENTATION_CONTEXT(2) 
PARAMETRIC_REPRESENTATION_CONTEXT() REPRESENTATION_CONTEXT('2D SPACE',''
  ) );
#10872 = ORIENTED_EDGE('',*,*,#10873,.T.);
#10873 = EDGE_CURVE('',#10853,#10874,#10876,.T.);
#10874 = VERTEX_POINT('',#10875);
#10875 = CARTESIAN_POINT('',(-11.5,3.2,12.));
#10876 = SURFACE_CURVE('',#10877,(#10881,#10888),.PCURVE_S1.);
#10877 = LINE('',#10878,#10879);
#10878 = CARTESIAN_POINT('',(-7.5,3.2,8.));
#10879 = VECTOR('',#10880,1.);
#10880 = DIRECTION('',(-0.707106781187,0.,0.707106781187));
#10881 = PCURVE('',#2624,#10882);
#10882 = DEFINITIONAL_REPRESENTATION('',(#10883),#10887);
#10883 = LINE('',#10884,#10885);
#10884 = CARTESIAN_POINT('',(-0.5,6.));
#10885 = VECTOR('',#10886,1.);
#10886 = DIRECTION('',(-0.707106781187,-0.707106781187));
#10887 = ( GEOMETRIC_REPRESENTATION_CONTEXT(2) 
PARAMETRIC_REPRESENTATION_CONTEXT() REPRESENTATION_CONTEXT('2D SPACE',''
  ) );
#10888 = PCURVE('',#10757,#10889);
#10889 = DEFINITIONAL_REPRESENTATION('',(#10890),#10894);
#10890 = LINE('',#10891,#10892);
#10891 = CARTESIAN_POINT('',(0.,3.2));
#10892 = VECTOR('',#10893,1.);
#10893 = DIRECTION('',(1.,0.));
#10894 = ( GEOMETRIC_REPRESENTATION_CONTEXT(2) 
PARAMETRIC_REPRESENTATION_CONTEXT() REPRESENTATION_CONTEXT('2D SPACE',''
  ) );
#10895 = ORIENTED_EDGE('',*,*,#10896,.T.);
#10896 = EDGE_CURVE('',#10874,#10897,#10899,.T.);
#10897 = VERTEX_POINT('',#10898);
#10898 = CARTESIAN_POINT('',(-15.5,3.2,12.));
#10899 = SURFACE_CURVE('',#10900,(#10904,#10911),.PCURVE_S1.);
#10900 = LINE('',#10901,#10902);
#10901 = CARTESIAN_POINT('',(-11.5,3.2,12.));
#10902 = VECTOR('',#10903,1.);
#10903 = DIRECTION('',(-1.,0.,0.));
#10904 = PCURVE('',#2624,#10905);
#10905 = DEFINITIONAL_REPRESENTATION('',(#10906),#10910);
#10906 = LINE('',#10907,#10908);
#10907 = CARTESIAN_POINT('',(-4.5,2.));
#10908 = VECTOR('',#10909,1.);
#10909 = DIRECTION('',(0.,-1.));
#10910 = ( GEOMETRIC_REPRESENTATION_CONTEXT(2) 
PARAMETRIC_REPRESENTATION_CONTEXT() REPRESENTATION_CONTEXT('2D SPACE',''
  ) );
#10911 = PCURVE('',#10785,#10912);
#10912 = DEFINITIONAL_REPRESENTATION('',(#10913),#10917);
#10913 = LINE('',#10914,#10915);
#10914 = CARTESIAN_POINT('',(0.,3.2));
#10915 = VECTOR('',#10916,1.);
#10916 = DIRECTION('',(1.,0.));
#10917 = ( GEOMETRIC_REPRESENTATION_CONTEXT(2) 
PARAMETRIC_REPRESENTATION_CONTEXT() REPRESENTATION_CONTEXT('2D SPACE',''
  ) );
#10918 = ORIENTED_EDGE('',*,*,#10919,.T.);
#10919 = EDGE_CURVE('',#10897,#10124,#10920,.T.);
#10920 = SURFACE_CURVE('',#10921,(#10925,#10932),.PCURVE_S1.);
#10921 = LINE('',#10922,#10923);
#10922 = CARTESIAN_POINT('',(-15.5,3.2,12.));
#10923 = VECTOR('',#10924,1.);
#10924 = DIRECTION('',(-0.707106781187,0.,-0.707106781187));
#10925 = PCURVE('',#2624,#10926);
#10926 = DEFINITIONAL_REPRESENTATION('',(#10927),#10931);
#10927 = LINE('',#10928,#10929);
#10928 = CARTESIAN_POINT('',(-4.5,-2.));
#10929 = VECTOR('',#10930,1.);
#10930 = DIRECTION('',(0.707106781187,-0.707106781187));
#10931 = ( GEOMETRIC_REPRESENTATION_CONTEXT(2) 
PARAMETRIC_REPRESENTATION_CONTEXT() REPRESENTATION_CONTEXT('2D SPACE',''
  ) );
#10932 = PCURVE('',#10138,#10933);
#10933 = DEFINITIONAL_REPRESENTATION('',(#10934),#10938);
#10934 = LINE('',#10935,#10936);
#10935 = CARTESIAN_POINT('',(0.,3.2));
#10936 = VECTOR('',#10937,1.);
#10937 = DIRECTION('',(1.,0.));
#10938 = ( GEOMETRIC_REPRESENTATION_CONTEXT(2) 
PARAMETRIC_REPRESENTATION_CONTEXT() REPRESENTATION_CONTEXT('2D SPACE',''
  ) );
#10939 = ORIENTED_EDGE('',*,*,#10149,.T.);
#10940 = ADVANCED_FACE('',(#10941),#2575,.F.);
#10941 = FACE_BOUND('',#10942,.F.);
#10942 = EDGE_LOOP('',(#10943,#10944,#10965,#10966,#10987,#11015,#11043,
    #11064));
#10943 = ORIENTED_EDGE('',*,*,#2560,.T.);
#10944 = ORIENTED_EDGE('',*,*,#10945,.T.);
#10945 = EDGE_CURVE('',#2535,#7176,#10946,.T.);
#10946 = SURFACE_CURVE('',#10947,(#10951,#10958),.PCURVE_S1.);
#10947 = LINE('',#10948,#10949);
#10948 = CARTESIAN_POINT('',(-15.5,10.8,3.));
#10949 = VECTOR('',#10950,1.);
#10950 = DIRECTION('',(1.,0.,0.));
#10951 = PCURVE('',#2575,#10952);
#10952 = DEFINITIONAL_REPRESENTATION('',(#10953),#10957);
#10953 = LINE('',#10954,#10955);
#10954 = CARTESIAN_POINT('',(4.5,-2.));
#10955 = VECTOR('',#10956,1.);
#10956 = DIRECTION('',(0.,1.));
#10957 = ( GEOMETRIC_REPRESENTATION_CONTEXT(2) 
PARAMETRIC_REPRESENTATION_CONTEXT() REPRESENTATION_CONTEXT('2D SPACE',''
  ) );
#10958 = PCURVE('',#2549,#10959);
#10959 = DEFINITIONAL_REPRESENTATION('',(#10960),#10964);
#10960 = LINE('',#10961,#10962);
#10961 = CARTESIAN_POINT('',(0.,-3.2));
#10962 = VECTOR('',#10963,1.);
#10963 = DIRECTION('',(1.,0.));
#10964 = ( GEOMETRIC_REPRESENTATION_CONTEXT(2) 
PARAMETRIC_REPRESENTATION_CONTEXT() REPRESENTATION_CONTEXT('2D SPACE',''
  ) );
#10965 = ORIENTED_EDGE('',*,*,#7196,.F.);
#10966 = ORIENTED_EDGE('',*,*,#10967,.T.);
#10967 = EDGE_CURVE('',#7197,#10968,#10970,.T.);
#10968 = VERTEX_POINT('',#10969);
#10969 = CARTESIAN_POINT('',(-11.02325581395,10.8,11.523255813953));
#10970 = SURFACE_CURVE('',#10971,(#10975,#10981),.PCURVE_S1.);
#10971 = LINE('',#10972,#10973);
#10972 = CARTESIAN_POINT('',(-13.19090419806,10.8,9.030460172228));
#10973 = VECTOR('',#10974,1.);
#10974 = DIRECTION('',(0.656178714925,-0.,0.754605522164));
#10975 = PCURVE('',#2575,#10976);
#10976 = DEFINITIONAL_REPRESENTATION('',(#10977),#10980);
#10977 = B_SPLINE_CURVE_WITH_KNOTS('',1,(#10978,#10979),.UNSPECIFIED.,
  .F.,.F.,(2,2),(1.357715783519,3.93522143763),
  .PIECEWISE_BEZIER_KNOTS.);
#10978 = CARTESIAN_POINT('',(-2.555,1.2));
#10979 = CARTESIAN_POINT('',(-4.5,2.891304347826));
#10980 = ( GEOMETRIC_REPRESENTATION_CONTEXT(2) 
PARAMETRIC_REPRESENTATION_CONTEXT() REPRESENTATION_CONTEXT('2D SPACE',''
  ) );
#10981 = PCURVE('',#7142,#10982);
#10982 = DEFINITIONAL_REPRESENTATION('',(#10983),#10986);
#10983 = B_SPLINE_CURVE_WITH_KNOTS('',1,(#10984,#10985),.UNSPECIFIED.,
  .F.,.F.,(2,2),(1.357715783519,3.93522143763),
  .PIECEWISE_BEZIER_KNOTS.);
#10984 = CARTESIAN_POINT('',(-8.881784197001E-16,10.8));
#10985 = CARTESIAN_POINT('',(2.577505654111,10.8));
#10986 = ( GEOMETRIC_REPRESENTATION_CONTEXT(2) 
PARAMETRIC_REPRESENTATION_CONTEXT() REPRESENTATION_CONTEXT('2D SPACE',''
  ) );
#10987 = ORIENTED_EDGE('',*,*,#10988,.T.);
#10988 = EDGE_CURVE('',#10968,#10989,#10991,.T.);
#10989 = VERTEX_POINT('',#10990);
#10990 = CARTESIAN_POINT('',(-11.5,10.8,12.));
#10991 = SURFACE_CURVE('',#10992,(#10996,#11003),.PCURVE_S1.);
#10992 = LINE('',#10993,#10994);
#10993 = CARTESIAN_POINT('',(-7.5,10.8,8.));
#10994 = VECTOR('',#10995,1.);
#10995 = DIRECTION('',(-0.707106781187,0.,0.707106781187));
#10996 = PCURVE('',#2575,#10997);
#10997 = DEFINITIONAL_REPRESENTATION('',(#10998),#11002);
#10998 = LINE('',#10999,#11000);
#10999 = CARTESIAN_POINT('',(-0.5,6.));
#11000 = VECTOR('',#11001,1.);
#11001 = DIRECTION('',(-0.707106781187,-0.707106781187));
#11002 = ( GEOMETRIC_REPRESENTATION_CONTEXT(2) 
PARAMETRIC_REPRESENTATION_CONTEXT() REPRESENTATION_CONTEXT('2D SPACE',''
  ) );
#11003 = PCURVE('',#11004,#11009);
#11004 = PLANE('',#11005);
#11005 = AXIS2_PLACEMENT_3D('',#11006,#11007,#11008);
#11006 = CARTESIAN_POINT('',(-7.5,14.,8.));
#11007 = DIRECTION('',(-0.707106781187,-0.,-0.707106781187));
#11008 = DIRECTION('',(-0.707106781187,0.,0.707106781187));
#11009 = DEFINITIONAL_REPRESENTATION('',(#11010),#11014);
#11010 = LINE('',#11011,#11012);
#11011 = CARTESIAN_POINT('',(0.,-3.2));
#11012 = VECTOR('',#11013,1.);
#11013 = DIRECTION('',(1.,0.));
#11014 = ( GEOMETRIC_REPRESENTATION_CONTEXT(2) 
PARAMETRIC_REPRESENTATION_CONTEXT() REPRESENTATION_CONTEXT('2D SPACE',''
  ) );
#11015 = ORIENTED_EDGE('',*,*,#11016,.T.);
#11016 = EDGE_CURVE('',#10989,#11017,#11019,.T.);
#11017 = VERTEX_POINT('',#11018);
#11018 = CARTESIAN_POINT('',(-15.5,10.8,12.));
#11019 = SURFACE_CURVE('',#11020,(#11024,#11031),.PCURVE_S1.);
#11020 = LINE('',#11021,#11022);
#11021 = CARTESIAN_POINT('',(-11.5,10.8,12.));
#11022 = VECTOR('',#11023,1.);
#11023 = DIRECTION('',(-1.,0.,0.));
#11024 = PCURVE('',#2575,#11025);
#11025 = DEFINITIONAL_REPRESENTATION('',(#11026),#11030);
#11026 = LINE('',#11027,#11028);
#11027 = CARTESIAN_POINT('',(-4.5,2.));
#11028 = VECTOR('',#11029,1.);
#11029 = DIRECTION('',(0.,-1.));
#11030 = ( GEOMETRIC_REPRESENTATION_CONTEXT(2) 
PARAMETRIC_REPRESENTATION_CONTEXT() REPRESENTATION_CONTEXT('2D SPACE',''
  ) );
#11031 = PCURVE('',#11032,#11037);
#11032 = PLANE('',#11033);
#11033 = AXIS2_PLACEMENT_3D('',#11034,#11035,#11036);
#11034 = CARTESIAN_POINT('',(-11.5,14.,12.));
#11035 = DIRECTION('',(-0.,-0.,-1.));
#11036 = DIRECTION('',(-1.,0.,0.));
#11037 = DEFINITIONAL_REPRESENTATION('',(#11038),#11042);
#11038 = LINE('',#11039,#11040);
#11039 = CARTESIAN_POINT('',(0.,-3.2));
#11040 = VECTOR('',#11041,1.);
#11041 = DIRECTION('',(1.,0.));
#11042 = ( GEOMETRIC_REPRESENTATION_CONTEXT(2) 
PARAMETRIC_REPRESENTATION_CONTEXT() REPRESENTATION_CONTEXT('2D SPACE',''
  ) );
#11043 = ORIENTED_EDGE('',*,*,#11044,.T.);
#11044 = EDGE_CURVE('',#11017,#10170,#11045,.T.);
#11045 = SURFACE_CURVE('',#11046,(#11050,#11057),.PCURVE_S1.);
#11046 = LINE('',#11047,#11048);
#11047 = CARTESIAN_POINT('',(-15.5,10.8,12.));
#11048 = VECTOR('',#11049,1.);
#11049 = DIRECTION('',(-0.707106781187,0.,-0.707106781187));
#11050 = PCURVE('',#2575,#11051);
#11051 = DEFINITIONAL_REPRESENTATION('',(#11052),#11056);
#11052 = LINE('',#11053,#11054);
#11053 = CARTESIAN_POINT('',(-4.5,-2.));
#11054 = VECTOR('',#11055,1.);
#11055 = DIRECTION('',(0.707106781187,-0.707106781187));
#11056 = ( GEOMETRIC_REPRESENTATION_CONTEXT(2) 
PARAMETRIC_REPRESENTATION_CONTEXT() REPRESENTATION_CONTEXT('2D SPACE',''
  ) );
#11057 = PCURVE('',#10205,#11058);
#11058 = DEFINITIONAL_REPRESENTATION('',(#11059),#11063);
#11059 = LINE('',#11060,#11061);
#11060 = CARTESIAN_POINT('',(-0.,-3.2));
#11061 = VECTOR('',#11062,1.);
#11062 = DIRECTION('',(1.,0.));
#11063 = ( GEOMETRIC_REPRESENTATION_CONTEXT(2) 
PARAMETRIC_REPRESENTATION_CONTEXT() REPRESENTATION_CONTEXT('2D SPACE',''
  ) );
#11064 = ORIENTED_EDGE('',*,*,#10169,.T.);
#11065 = ADVANCED_FACE('',(#11066),#2549,.T.);
#11066 = FACE_BOUND('',#11067,.T.);
#11067 = EDGE_LOOP('',(#11068,#11069,#11070,#11071));
#11068 = ORIENTED_EDGE('',*,*,#2534,.T.);
#11069 = ORIENTED_EDGE('',*,*,#10945,.T.);
#11070 = ORIENTED_EDGE('',*,*,#7175,.F.);
#11071 = ORIENTED_EDGE('',*,*,#11072,.F.);
#11072 = EDGE_CURVE('',#2509,#7155,#11073,.T.);
#11073 = SURFACE_CURVE('',#11074,(#11078,#11085),.PCURVE_S1.);
#11074 = LINE('',#11075,#11076);
#11075 = CARTESIAN_POINT('',(-15.5,17.2,3.));
#11076 = VECTOR('',#11077,1.);
#11077 = DIRECTION('',(1.,0.,0.));
#11078 = PCURVE('',#2549,#11079);
#11079 = DEFINITIONAL_REPRESENTATION('',(#11080),#11084);
#11080 = LINE('',#11081,#11082);
#11081 = CARTESIAN_POINT('',(0.,3.2));
#11082 = VECTOR('',#11083,1.);
#11083 = DIRECTION('',(1.,0.));
#11084 = ( GEOMETRIC_REPRESENTATION_CONTEXT(2) 
PARAMETRIC_REPRESENTATION_CONTEXT() REPRESENTATION_CONTEXT('2D SPACE',''
  ) );
#11085 = PCURVE('',#2523,#11086);
#11086 = DEFINITIONAL_REPRESENTATION('',(#11087),#11091);
#11087 = LINE('',#11088,#11089);
#11088 = CARTESIAN_POINT('',(4.5,-2.));
#11089 = VECTOR('',#11090,1.);
#11090 = DIRECTION('',(0.,1.));
#11091 = ( GEOMETRIC_REPRESENTATION_CONTEXT(2) 
PARAMETRIC_REPRESENTATION_CONTEXT() REPRESENTATION_CONTEXT('2D SPACE',''
  ) );
#11092 = ADVANCED_FACE('',(#11093),#2523,.T.);
#11093 = FACE_BOUND('',#11094,.T.);
#11094 = EDGE_LOOP('',(#11095,#11116,#11117,#11118,#11119,#11140,#11163,
    #11186));
#11095 = ORIENTED_EDGE('',*,*,#11096,.T.);
#11096 = EDGE_CURVE('',#11097,#2483,#11099,.T.);
#11097 = VERTEX_POINT('',#11098);
#11098 = CARTESIAN_POINT('',(-13.68555121528,17.2,9.));
#11099 = SURFACE_CURVE('',#11100,(#11104,#11110),.PCURVE_S1.);
#11100 = LINE('',#11101,#11102);
#11101 = CARTESIAN_POINT('',(-14.375,17.2,9.));
#11102 = VECTOR('',#11103,1.);
#11103 = DIRECTION('',(-1.,0.,0.));
#11104 = PCURVE('',#2523,#11105);
#11105 = DEFINITIONAL_REPRESENTATION('',(#11106),#11109);
#11106 = B_SPLINE_CURVE_WITH_KNOTS('',1,(#11107,#11108),.UNSPECIFIED.,
  .F.,.F.,(2,2),(-1.625,1.601744186047),.PIECEWISE_BEZIER_KNOTS.);
#11107 = CARTESIAN_POINT('',(-1.5,0.75));
#11108 = CARTESIAN_POINT('',(-1.5,-2.476744186047));
#11109 = ( GEOMETRIC_REPRESENTATION_CONTEXT(2) 
PARAMETRIC_REPRESENTATION_CONTEXT() REPRESENTATION_CONTEXT('2D SPACE',''
  ) );
#11110 = PCURVE('',#2497,#11111);
#11111 = DEFINITIONAL_REPRESENTATION('',(#11112),#11115);
#11112 = B_SPLINE_CURVE_WITH_KNOTS('',1,(#11113,#11114),.UNSPECIFIED.,
  .F.,.F.,(2,2),(-1.625,1.601744186047),.PIECEWISE_BEZIER_KNOTS.);
#11113 = CARTESIAN_POINT('',(2.5,1.95));
#11114 = CARTESIAN_POINT('',(-0.726744186047,1.95));
#11115 = ( GEOMETRIC_REPRESENTATION_CONTEXT(2) 
PARAMETRIC_REPRESENTATION_CONTEXT() REPRESENTATION_CONTEXT('2D SPACE',''
  ) );
#11116 = ORIENTED_EDGE('',*,*,#2508,.T.);
#11117 = ORIENTED_EDGE('',*,*,#11072,.T.);
#11118 = ORIENTED_EDGE('',*,*,#7154,.F.);
#11119 = ORIENTED_EDGE('',*,*,#11120,.T.);
#11120 = EDGE_CURVE('',#7127,#11121,#11123,.T.);
#11121 = VERTEX_POINT('',#11122);
#11122 = CARTESIAN_POINT('',(-11.02325581395,17.2,11.523255813953));
#11123 = SURFACE_CURVE('',#11124,(#11128,#11134),.PCURVE_S1.);
#11124 = LINE('',#11125,#11126);
#11125 = CARTESIAN_POINT('',(-13.19090419806,17.2,9.030460172228));
#11126 = VECTOR('',#11127,1.);
#11127 = DIRECTION('',(0.656178714925,-0.,0.754605522164));
#11128 = PCURVE('',#2523,#11129);
#11129 = DEFINITIONAL_REPRESENTATION('',(#11130),#11133);
#11130 = B_SPLINE_CURVE_WITH_KNOTS('',1,(#11131,#11132),.UNSPECIFIED.,
  .F.,.F.,(2,2),(1.357715783519,3.93522143763),
  .PIECEWISE_BEZIER_KNOTS.);
#11131 = CARTESIAN_POINT('',(-2.555,1.2));
#11132 = CARTESIAN_POINT('',(-4.5,2.891304347826));
#11133 = ( GEOMETRIC_REPRESENTATION_CONTEXT(2) 
PARAMETRIC_REPRESENTATION_CONTEXT() REPRESENTATION_CONTEXT('2D SPACE',''
  ) );
#11134 = PCURVE('',#7142,#11135);
#11135 = DEFINITIONAL_REPRESENTATION('',(#11136),#11139);
#11136 = B_SPLINE_CURVE_WITH_KNOTS('',1,(#11137,#11138),.UNSPECIFIED.,
  .F.,.F.,(2,2),(1.357715783519,3.93522143763),
  .PIECEWISE_BEZIER_KNOTS.);
#11137 = CARTESIAN_POINT('',(-8.881784197001E-16,17.2));
#11138 = CARTESIAN_POINT('',(2.577505654111,17.2));
#11139 = ( GEOMETRIC_REPRESENTATION_CONTEXT(2) 
PARAMETRIC_REPRESENTATION_CONTEXT() REPRESENTATION_CONTEXT('2D SPACE',''
  ) );
#11140 = ORIENTED_EDGE('',*,*,#11141,.T.);
#11141 = EDGE_CURVE('',#11121,#11142,#11144,.T.);
#11142 = VERTEX_POINT('',#11143);
#11143 = CARTESIAN_POINT('',(-11.5,17.2,12.));
#11144 = SURFACE_CURVE('',#11145,(#11149,#11156),.PCURVE_S1.);
#11145 = LINE('',#11146,#11147);
#11146 = CARTESIAN_POINT('',(-7.5,17.2,8.));
#11147 = VECTOR('',#11148,1.);
#11148 = DIRECTION('',(-0.707106781187,0.,0.707106781187));
#11149 = PCURVE('',#2523,#11150);
#11150 = DEFINITIONAL_REPRESENTATION('',(#11151),#11155);
#11151 = LINE('',#11152,#11153);
#11152 = CARTESIAN_POINT('',(-0.5,6.));
#11153 = VECTOR('',#11154,1.);
#11154 = DIRECTION('',(-0.707106781187,-0.707106781187));
#11155 = ( GEOMETRIC_REPRESENTATION_CONTEXT(2) 
PARAMETRIC_REPRESENTATION_CONTEXT() REPRESENTATION_CONTEXT('2D SPACE',''
  ) );
#11156 = PCURVE('',#11004,#11157);
#11157 = DEFINITIONAL_REPRESENTATION('',(#11158),#11162);
#11158 = LINE('',#11159,#11160);
#11159 = CARTESIAN_POINT('',(0.,3.2));
#11160 = VECTOR('',#11161,1.);
#11161 = DIRECTION('',(1.,0.));
#11162 = ( GEOMETRIC_REPRESENTATION_CONTEXT(2) 
PARAMETRIC_REPRESENTATION_CONTEXT() REPRESENTATION_CONTEXT('2D SPACE',''
  ) );
#11163 = ORIENTED_EDGE('',*,*,#11164,.T.);
#11164 = EDGE_CURVE('',#11142,#11165,#11167,.T.);
#11165 = VERTEX_POINT('',#11166);
#11166 = CARTESIAN_POINT('',(-13.68555121528,17.2,12.));
#11167 = SURFACE_CURVE('',#11168,(#11172,#11179),.PCURVE_S1.);
#11168 = LINE('',#11169,#11170);
#11169 = CARTESIAN_POINT('',(-11.5,17.2,12.));
#11170 = VECTOR('',#11171,1.);
#11171 = DIRECTION('',(-1.,0.,0.));
#11172 = PCURVE('',#2523,#11173);
#11173 = DEFINITIONAL_REPRESENTATION('',(#11174),#11178);
#11174 = LINE('',#11175,#11176);
#11175 = CARTESIAN_POINT('',(-4.5,2.));
#11176 = VECTOR('',#11177,1.);
#11177 = DIRECTION('',(0.,-1.));
#11178 = ( GEOMETRIC_REPRESENTATION_CONTEXT(2) 
PARAMETRIC_REPRESENTATION_CONTEXT() REPRESENTATION_CONTEXT('2D SPACE',''
  ) );
#11179 = PCURVE('',#11032,#11180);
#11180 = DEFINITIONAL_REPRESENTATION('',(#11181),#11185);
#11181 = LINE('',#11182,#11183);
#11182 = CARTESIAN_POINT('',(0.,3.2));
#11183 = VECTOR('',#11184,1.);
#11184 = DIRECTION('',(1.,0.));
#11185 = ( GEOMETRIC_REPRESENTATION_CONTEXT(2) 
PARAMETRIC_REPRESENTATION_CONTEXT() REPRESENTATION_CONTEXT('2D SPACE',''
  ) );
#11186 = ORIENTED_EDGE('',*,*,#11187,.T.);
#11187 = EDGE_CURVE('',#11165,#11097,#11188,.T.);
#11188 = SURFACE_CURVE('',#11189,(#11193,#11199),.PCURVE_S1.);
#11189 = LINE('',#11190,#11191);
#11190 = CARTESIAN_POINT('',(-13.68555121528,17.2,9.));
#11191 = VECTOR('',#11192,1.);
#11192 = DIRECTION('',(-0.,-0.,-1.));
#11193 = PCURVE('',#2523,#11194);
#11194 = DEFINITIONAL_REPRESENTATION('',(#11195),#11198);
#11195 = B_SPLINE_CURVE_WITH_KNOTS('',1,(#11196,#11197),.UNSPECIFIED.,
  .F.,.F.,(2,2),(-3.9,5.999999999062E-07),.PIECEWISE_BEZIER_KNOTS.);
#11196 = CARTESIAN_POINT('',(-5.4,-0.185551215284));
#11197 = CARTESIAN_POINT('',(-1.4999994,-0.185551215284));
#11198 = ( GEOMETRIC_REPRESENTATION_CONTEXT(2) 
PARAMETRIC_REPRESENTATION_CONTEXT() REPRESENTATION_CONTEXT('2D SPACE',''
  ) );
#11199 = PCURVE('',#2471,#11200);
#11200 = DEFINITIONAL_REPRESENTATION('',(#11201),#11204);
#11201 = B_SPLINE_CURVE_WITH_KNOTS('',1,(#11202,#11203),.UNSPECIFIED.,
  .F.,.F.,(2,2),(-3.9,5.999999999062E-07),.PIECEWISE_BEZIER_KNOTS.);
#11202 = CARTESIAN_POINT('',(-0.894665817234,-3.9));
#11203 = CARTESIAN_POINT('',(-0.894665817234,5.999999999062E-07));
#11204 = ( GEOMETRIC_REPRESENTATION_CONTEXT(2) 
PARAMETRIC_REPRESENTATION_CONTEXT() REPRESENTATION_CONTEXT('2D SPACE',''
  ) );
#11205 = ADVANCED_FACE('',(#11206),#2497,.T.);
#11206 = FACE_BOUND('',#11207,.T.);
#11207 = EDGE_LOOP('',(#11208,#11209,#11231));
#11208 = ORIENTED_EDGE('',*,*,#11096,.F.);
#11209 = ORIENTED_EDGE('',*,*,#11210,.T.);
#11210 = EDGE_CURVE('',#11097,#2457,#11211,.T.);
#11211 = SURFACE_CURVE('',#11212,(#11217,#11224),.PCURVE_S1.);
#11212 = CIRCLE('',#11213,2.5);
#11213 = AXIS2_PLACEMENT_3D('',#11214,#11215,#11216);
#11214 = CARTESIAN_POINT('',(-15.25,15.25,9.));
#11215 = DIRECTION('',(0.,0.,1.));
#11216 = DIRECTION('',(1.,0.,0.));
#11217 = PCURVE('',#2497,#11218);
#11218 = DEFINITIONAL_REPRESENTATION('',(#11219),#11223);
#11219 = CIRCLE('',#11220,2.5);
#11220 = AXIS2_PLACEMENT_2D('',#11221,#11222);
#11221 = CARTESIAN_POINT('',(0.,0.));
#11222 = DIRECTION('',(1.,0.));
#11223 = ( GEOMETRIC_REPRESENTATION_CONTEXT(2) 
PARAMETRIC_REPRESENTATION_CONTEXT() REPRESENTATION_CONTEXT('2D SPACE',''
  ) );
#11224 = PCURVE('',#2471,#11225);
#11225 = DEFINITIONAL_REPRESENTATION('',(#11226),#11230);
#11226 = LINE('',#11227,#11228);
#11227 = CARTESIAN_POINT('',(-0.,0.));
#11228 = VECTOR('',#11229,1.);
#11229 = DIRECTION('',(-1.,0.));
#11230 = ( GEOMETRIC_REPRESENTATION_CONTEXT(2) 
PARAMETRIC_REPRESENTATION_CONTEXT() REPRESENTATION_CONTEXT('2D SPACE',''
  ) );
#11231 = ORIENTED_EDGE('',*,*,#2482,.T.);
#11232 = ADVANCED_FACE('',(#11233),#2471,.F.);
#11233 = FACE_BOUND('',#11234,.T.);
#11234 = EDGE_LOOP('',(#11235,#11259,#11282,#11309,#11310,#11334,#11359,
    #11360,#11361,#11362));
#11235 = ORIENTED_EDGE('',*,*,#11236,.T.);
#11236 = EDGE_CURVE('',#11165,#11237,#11239,.T.);
#11237 = VERTEX_POINT('',#11238);
#11238 = CARTESIAN_POINT('',(-12.75,15.25,12.));
#11239 = SURFACE_CURVE('',#11240,(#11245,#11252),.PCURVE_S1.);
#11240 = CIRCLE('',#11241,2.5);
#11241 = AXIS2_PLACEMENT_3D('',#11242,#11243,#11244);
#11242 = CARTESIAN_POINT('',(-15.25,15.25,12.));
#11243 = DIRECTION('',(0.,0.,-1.));
#11244 = DIRECTION('',(1.,0.,0.));
#11245 = PCURVE('',#2471,#11246);
#11246 = DEFINITIONAL_REPRESENTATION('',(#11247),#11251);
#11247 = LINE('',#11248,#11249);
#11248 = CARTESIAN_POINT('',(-6.28318530718,-3.));
#11249 = VECTOR('',#11250,1.);
#11250 = DIRECTION('',(1.,-0.));
#11251 = ( GEOMETRIC_REPRESENTATION_CONTEXT(2) 
PARAMETRIC_REPRESENTATION_CONTEXT() REPRESENTATION_CONTEXT('2D SPACE',''
  ) );
#11252 = PCURVE('',#11032,#11253);
#11253 = DEFINITIONAL_REPRESENTATION('',(#11254),#11258);
#11254 = CIRCLE('',#11255,2.5);
#11255 = AXIS2_PLACEMENT_2D('',#11256,#11257);
#11256 = CARTESIAN_POINT('',(3.75,1.25));
#11257 = DIRECTION('',(-1.,0.));
#11258 = ( GEOMETRIC_REPRESENTATION_CONTEXT(2) 
PARAMETRIC_REPRESENTATION_CONTEXT() REPRESENTATION_CONTEXT('2D SPACE',''
  ) );
#11259 = ORIENTED_EDGE('',*,*,#11260,.T.);
#11260 = EDGE_CURVE('',#11237,#11261,#11263,.T.);
#11261 = VERTEX_POINT('',#11262);
#11262 = CARTESIAN_POINT('',(-12.75,15.25,15.));
#11263 = SEAM_CURVE('',#11264,(#11268,#11275),.PCURVE_S1.);
#11264 = LINE('',#11265,#11266);
#11265 = CARTESIAN_POINT('',(-12.75,15.25,9.));
#11266 = VECTOR('',#11267,1.);
#11267 = DIRECTION('',(0.,0.,1.));
#11268 = PCURVE('',#2471,#11269);
#11269 = DEFINITIONAL_REPRESENTATION('',(#11270),#11274);
#11270 = LINE('',#11271,#11272);
#11271 = CARTESIAN_POINT('',(-6.28318530718,0.));
#11272 = VECTOR('',#11273,1.);
#11273 = DIRECTION('',(-0.,-1.));
#11274 = ( GEOMETRIC_REPRESENTATION_CONTEXT(2) 
PARAMETRIC_REPRESENTATION_CONTEXT() REPRESENTATION_CONTEXT('2D SPACE',''
  ) );
#11275 = PCURVE('',#2471,#11276);
#11276 = DEFINITIONAL_REPRESENTATION('',(#11277),#11281);
#11277 = LINE('',#11278,#11279);
#11278 = CARTESIAN_POINT('',(-0.,0.));
#11279 = VECTOR('',#11280,1.);
#11280 = DIRECTION('',(-0.,-1.));
#11281 = ( GEOMETRIC_REPRESENTATION_CONTEXT(2) 
PARAMETRIC_REPRESENTATION_CONTEXT() REPRESENTATION_CONTEXT('2D SPACE',''
  ) );
#11282 = ORIENTED_EDGE('',*,*,#11283,.T.);
#11283 = EDGE_CURVE('',#11261,#11261,#11284,.T.);
#11284 = SURFACE_CURVE('',#11285,(#11290,#11297),.PCURVE_S1.);
#11285 = CIRCLE('',#11286,2.5);
#11286 = AXIS2_PLACEMENT_3D('',#11287,#11288,#11289);
#11287 = CARTESIAN_POINT('',(-15.25,15.25,15.));
#11288 = DIRECTION('',(0.,0.,1.));
#11289 = DIRECTION('',(1.,0.,0.));
#11290 = PCURVE('',#2471,#11291);
#11291 = DEFINITIONAL_REPRESENTATION('',(#11292),#11296);
#11292 = LINE('',#11293,#11294);
#11293 = CARTESIAN_POINT('',(-0.,-6.));
#11294 = VECTOR('',#11295,1.);
#11295 = DIRECTION('',(-1.,0.));
#11296 = ( GEOMETRIC_REPRESENTATION_CONTEXT(2) 
PARAMETRIC_REPRESENTATION_CONTEXT() REPRESENTATION_CONTEXT('2D SPACE',''
  ) );
#11297 = PCURVE('',#11298,#11303);
#11298 = PLANE('',#11299);
#11299 = AXIS2_PLACEMENT_3D('',#11300,#11301,#11302);
#11300 = CARTESIAN_POINT('',(-15.25,15.25,15.));
#11301 = DIRECTION('',(0.,0.,1.));
#11302 = DIRECTION('',(1.,0.,-0.));
#11303 = DEFINITIONAL_REPRESENTATION('',(#11304),#11308);
#11304 = CIRCLE('',#11305,2.5);
#11305 = AXIS2_PLACEMENT_2D('',#11306,#11307);
#11306 = CARTESIAN_POINT('',(0.,0.));
#11307 = DIRECTION('',(1.,0.));
#11308 = ( GEOMETRIC_REPRESENTATION_CONTEXT(2) 
PARAMETRIC_REPRESENTATION_CONTEXT() REPRESENTATION_CONTEXT('2D SPACE',''
  ) );
#11309 = ORIENTED_EDGE('',*,*,#11260,.F.);
#11310 = ORIENTED_EDGE('',*,*,#11311,.T.);
#11311 = EDGE_CURVE('',#11237,#11312,#11314,.T.);
#11312 = VERTEX_POINT('',#11313);
#11313 = CARTESIAN_POINT('',(-15.5,12.762531407233,12.));
#11314 = SURFACE_CURVE('',#11315,(#11320,#11327),.PCURVE_S1.);
#11315 = CIRCLE('',#11316,2.5);
#11316 = AXIS2_PLACEMENT_3D('',#11317,#11318,#11319);
#11317 = CARTESIAN_POINT('',(-15.25,15.25,12.));
#11318 = DIRECTION('',(0.,0.,-1.));
#11319 = DIRECTION('',(1.,0.,0.));
#11320 = PCURVE('',#2471,#11321);
#11321 = DEFINITIONAL_REPRESENTATION('',(#11322),#11326);
#11322 = LINE('',#11323,#11324);
#11323 = CARTESIAN_POINT('',(-6.28318530718,-3.));
#11324 = VECTOR('',#11325,1.);
#11325 = DIRECTION('',(1.,-0.));
#11326 = ( GEOMETRIC_REPRESENTATION_CONTEXT(2) 
PARAMETRIC_REPRESENTATION_CONTEXT() REPRESENTATION_CONTEXT('2D SPACE',''
  ) );
#11327 = PCURVE('',#11032,#11328);
#11328 = DEFINITIONAL_REPRESENTATION('',(#11329),#11333);
#11329 = CIRCLE('',#11330,2.5);
#11330 = AXIS2_PLACEMENT_2D('',#11331,#11332);
#11331 = CARTESIAN_POINT('',(3.75,1.25));
#11332 = DIRECTION('',(-1.,0.));
#11333 = ( GEOMETRIC_REPRESENTATION_CONTEXT(2) 
PARAMETRIC_REPRESENTATION_CONTEXT() REPRESENTATION_CONTEXT('2D SPACE',''
  ) );
#11334 = ORIENTED_EDGE('',*,*,#11335,.T.);
#11335 = EDGE_CURVE('',#11312,#10191,#11336,.T.);
#11336 = SURFACE_CURVE('',#11337,(#11342,#11352),.PCURVE_S1.);
#11337 = ELLIPSE('',#11338,3.535533905933,2.5);
#11338 = AXIS2_PLACEMENT_3D('',#11339,#11340,#11341);
#11339 = CARTESIAN_POINT('',(-15.25,15.25,12.25));
#11340 = DIRECTION('',(0.707106781187,0.,-0.707106781187));
#11341 = DIRECTION('',(-0.707106781187,0.,-0.707106781187));
#11342 = PCURVE('',#2471,#11343);
#11343 = DEFINITIONAL_REPRESENTATION('',(#11344),#11351);
#11344 = B_SPLINE_CURVE_WITH_KNOTS('',5,(#11345,#11346,#11347,#11348,
    #11349,#11350),.UNSPECIFIED.,.F.,.F.,(6,6),(4.793407819172,
    5.027337414186),.PIECEWISE_BEZIER_KNOTS.);
#11345 = CARTESIAN_POINT('',(-4.631370141597,-3.047674418605));
#11346 = CARTESIAN_POINT('',(-4.584584222595,-2.931093292679));
#11347 = CARTESIAN_POINT('',(-4.537798303592,-2.815065758167));
#11348 = CARTESIAN_POINT('',(-4.491012384589,-2.700123469188));
#11349 = CARTESIAN_POINT('',(-4.444226465586,-2.586792969767));
#11350 = CARTESIAN_POINT('',(-4.397440546584,-2.475581395349));
#11351 = ( GEOMETRIC_REPRESENTATION_CONTEXT(2) 
PARAMETRIC_REPRESENTATION_CONTEXT() REPRESENTATION_CONTEXT('2D SPACE',''
  ) );
#11352 = PCURVE('',#10205,#11353);
#11353 = DEFINITIONAL_REPRESENTATION('',(#11354),#11358);
#11354 = ELLIPSE('',#11355,3.535533905933,2.5);
#11355 = AXIS2_PLACEMENT_2D('',#11356,#11357);
#11356 = CARTESIAN_POINT('',(-0.353553390593,1.25));
#11357 = DIRECTION('',(1.,0.));
#11358 = ( GEOMETRIC_REPRESENTATION_CONTEXT(2) 
PARAMETRIC_REPRESENTATION_CONTEXT() REPRESENTATION_CONTEXT('2D SPACE',''
  ) );
#11359 = ORIENTED_EDGE('',*,*,#10216,.F.);
#11360 = ORIENTED_EDGE('',*,*,#2456,.T.);
#11361 = ORIENTED_EDGE('',*,*,#11210,.F.);
#11362 = ORIENTED_EDGE('',*,*,#11187,.F.);
#11363 = ADVANCED_FACE('',(#11364),#2903,.F.);
#11364 = FACE_BOUND('',#11365,.F.);
#11365 = EDGE_LOOP('',(#11366,#11387,#11388,#11389,#11410,#11436,#11455,
    #11456));
#11366 = ORIENTED_EDGE('',*,*,#11367,.F.);
#11367 = EDGE_CURVE('',#3173,#9634,#11368,.T.);
#11368 = SURFACE_CURVE('',#11369,(#11373,#11380),.PCURVE_S1.);
#11369 = LINE('',#11370,#11371);
#11370 = CARTESIAN_POINT('',(8.,-43.,15.));
#11371 = VECTOR('',#11372,1.);
#11372 = DIRECTION('',(1.110223024625E-16,1.,0.));
#11373 = PCURVE('',#2903,#11374);
#11374 = DEFINITIONAL_REPRESENTATION('',(#11375),#11379);
#11375 = LINE('',#11376,#11377);
#11376 = CARTESIAN_POINT('',(-2.50605622847E-15,-43.));
#11377 = VECTOR('',#11378,1.);
#11378 = DIRECTION('',(7.285047175784E-17,1.));
#11379 = ( GEOMETRIC_REPRESENTATION_CONTEXT(2) 
PARAMETRIC_REPRESENTATION_CONTEXT() REPRESENTATION_CONTEXT('2D SPACE',''
  ) );
#11380 = PCURVE('',#3218,#11381);
#11381 = DEFINITIONAL_REPRESENTATION('',(#11382),#11386);
#11382 = LINE('',#11383,#11384);
#11383 = CARTESIAN_POINT('',(0.,0.));
#11384 = VECTOR('',#11385,1.);
#11385 = DIRECTION('',(1.,0.));
#11386 = ( GEOMETRIC_REPRESENTATION_CONTEXT(2) 
PARAMETRIC_REPRESENTATION_CONTEXT() REPRESENTATION_CONTEXT('2D SPACE',''
  ) );
#11387 = ORIENTED_EDGE('',*,*,#3172,.F.);
#11388 = ORIENTED_EDGE('',*,*,#2993,.T.);
#11389 = ORIENTED_EDGE('',*,*,#11390,.F.);
#11390 = EDGE_CURVE('',#11391,#2968,#11393,.T.);
#11391 = VERTEX_POINT('',#11392);
#11392 = CARTESIAN_POINT('',(11.023255813953,-33.7,11.523255813953));
#11393 = SURFACE_CURVE('',#11394,(#11398,#11404),.PCURVE_S1.);
#11394 = LINE('',#11395,#11396);
#11395 = CARTESIAN_POINT('',(11.040904198062,-33.7,11.502960172228));
#11396 = VECTOR('',#11397,1.);
#11397 = DIRECTION('',(0.656178714925,0.,-0.754605522164));
#11398 = PCURVE('',#2903,#11399);
#11399 = DEFINITIONAL_REPRESENTATION('',(#11400),#11403);
#11400 = B_SPLINE_CURVE_WITH_KNOTS('',1,(#11401,#11402),.UNSPECIFIED.,
  .F.,.F.,(2,2),(-0.658675046992,1.918830607119),
  .PIECEWISE_BEZIER_KNOTS.);
#11401 = CARTESIAN_POINT('',(3.975587127164,-33.7));
#11402 = CARTESIAN_POINT('',(6.553092781275,-33.7));
#11403 = ( GEOMETRIC_REPRESENTATION_CONTEXT(2) 
PARAMETRIC_REPRESENTATION_CONTEXT() REPRESENTATION_CONTEXT('2D SPACE',''
  ) );
#11404 = PCURVE('',#2982,#11405);
#11405 = DEFINITIONAL_REPRESENTATION('',(#11406),#11409);
#11406 = B_SPLINE_CURVE_WITH_KNOTS('',1,(#11407,#11408),.UNSPECIFIED.,
  .F.,.F.,(2,2),(-0.658675046992,1.918830607119),
  .PIECEWISE_BEZIER_KNOTS.);
#11407 = CARTESIAN_POINT('',(-4.5,-2.891304347826));
#11408 = CARTESIAN_POINT('',(-2.555,-1.2));
#11409 = ( GEOMETRIC_REPRESENTATION_CONTEXT(2) 
PARAMETRIC_REPRESENTATION_CONTEXT() REPRESENTATION_CONTEXT('2D SPACE',''
  ) );
#11410 = ORIENTED_EDGE('',*,*,#11411,.T.);
#11411 = EDGE_CURVE('',#11391,#11412,#11414,.T.);
#11412 = VERTEX_POINT('',#11413);
#11413 = CARTESIAN_POINT('',(11.023255813953,-27.3,11.523255813953));
#11414 = SURFACE_CURVE('',#11415,(#11419,#11425),.PCURVE_S1.);
#11415 = LINE('',#11416,#11417);
#11416 = CARTESIAN_POINT('',(11.023255813953,-15.25,11.523255813953));
#11417 = VECTOR('',#11418,1.);
#11418 = DIRECTION('',(-0.,1.,0.));
#11419 = PCURVE('',#2903,#11420);
#11420 = DEFINITIONAL_REPRESENTATION('',(#11421),#11424);
#11421 = B_SPLINE_CURVE_WITH_KNOTS('',1,(#11422,#11423),.UNSPECIFIED.,
  .F.,.F.,(2,2),(-18.45,-12.05),.PIECEWISE_BEZIER_KNOTS.);
#11422 = CARTESIAN_POINT('',(4.607366476829,-33.7));
#11423 = CARTESIAN_POINT('',(4.607366476829,-27.3));
#11424 = ( GEOMETRIC_REPRESENTATION_CONTEXT(2) 
PARAMETRIC_REPRESENTATION_CONTEXT() REPRESENTATION_CONTEXT('2D SPACE',''
  ) );
#11425 = PCURVE('',#11426,#11431);
#11426 = PLANE('',#11427);
#11427 = AXIS2_PLACEMENT_3D('',#11428,#11429,#11430);
#11428 = CARTESIAN_POINT('',(11.5,-30.5,12.));
#11429 = DIRECTION('',(0.707106781187,0.,-0.707106781187));
#11430 = DIRECTION('',(-0.707106781187,0.,-0.707106781187));
#11431 = DEFINITIONAL_REPRESENTATION('',(#11432),#11435);
#11432 = B_SPLINE_CURVE_WITH_KNOTS('',1,(#11433,#11434),.UNSPECIFIED.,
  .F.,.F.,(2,2),(-18.45,-12.05),.PIECEWISE_BEZIER_KNOTS.);
#11433 = CARTESIAN_POINT('',(0.674218093689,-3.2));
#11434 = CARTESIAN_POINT('',(0.674218093689,3.2));
#11435 = ( GEOMETRIC_REPRESENTATION_CONTEXT(2) 
PARAMETRIC_REPRESENTATION_CONTEXT() REPRESENTATION_CONTEXT('2D SPACE',''
  ) );
#11436 = ORIENTED_EDGE('',*,*,#11437,.T.);
#11437 = EDGE_CURVE('',#11412,#2888,#11438,.T.);
#11438 = SURFACE_CURVE('',#11439,(#11443,#11449),.PCURVE_S1.);
#11439 = LINE('',#11440,#11441);
#11440 = CARTESIAN_POINT('',(11.040904198062,-27.3,11.502960172228));
#11441 = VECTOR('',#11442,1.);
#11442 = DIRECTION('',(0.656178714925,0.,-0.754605522164));
#11443 = PCURVE('',#2903,#11444);
#11444 = DEFINITIONAL_REPRESENTATION('',(#11445),#11448);
#11445 = B_SPLINE_CURVE_WITH_KNOTS('',1,(#11446,#11447),.UNSPECIFIED.,
  .F.,.F.,(2,2),(-0.658675046992,1.918830607119),
  .PIECEWISE_BEZIER_KNOTS.);
#11446 = CARTESIAN_POINT('',(3.975587127164,-27.3));
#11447 = CARTESIAN_POINT('',(6.553092781275,-27.3));
#11448 = ( GEOMETRIC_REPRESENTATION_CONTEXT(2) 
PARAMETRIC_REPRESENTATION_CONTEXT() REPRESENTATION_CONTEXT('2D SPACE',''
  ) );
#11449 = PCURVE('',#2930,#11450);
#11450 = DEFINITIONAL_REPRESENTATION('',(#11451),#11454);
#11451 = B_SPLINE_CURVE_WITH_KNOTS('',1,(#11452,#11453),.UNSPECIFIED.,
  .F.,.F.,(2,2),(-0.658675046992,1.918830607119),
  .PIECEWISE_BEZIER_KNOTS.);
#11452 = CARTESIAN_POINT('',(-4.5,-2.891304347826));
#11453 = CARTESIAN_POINT('',(-2.555,-1.2));
#11454 = ( GEOMETRIC_REPRESENTATION_CONTEXT(2) 
PARAMETRIC_REPRESENTATION_CONTEXT() REPRESENTATION_CONTEXT('2D SPACE',''
  ) );
#11455 = ORIENTED_EDGE('',*,*,#2887,.T.);
#11456 = ORIENTED_EDGE('',*,*,#9656,.T.);
#11457 = ADVANCED_FACE('',(#11458),#2982,.F.);
#11458 = FACE_BOUND('',#11459,.F.);
#11459 = EDGE_LOOP('',(#11460,#11461,#11482,#11483,#11504,#11532,#11560,
    #11581));
#11460 = ORIENTED_EDGE('',*,*,#2967,.T.);
#11461 = ORIENTED_EDGE('',*,*,#11462,.T.);
#11462 = EDGE_CURVE('',#2942,#3736,#11463,.T.);
#11463 = SURFACE_CURVE('',#11464,(#11468,#11475),.PCURVE_S1.);
#11464 = LINE('',#11465,#11466);
#11465 = CARTESIAN_POINT('',(11.5,-33.7,3.));
#11466 = VECTOR('',#11467,1.);
#11467 = DIRECTION('',(1.,0.,0.));
#11468 = PCURVE('',#2982,#11469);
#11469 = DEFINITIONAL_REPRESENTATION('',(#11470),#11474);
#11470 = LINE('',#11471,#11472);
#11471 = CARTESIAN_POINT('',(4.5,-2.));
#11472 = VECTOR('',#11473,1.);
#11473 = DIRECTION('',(0.,1.));
#11474 = ( GEOMETRIC_REPRESENTATION_CONTEXT(2) 
PARAMETRIC_REPRESENTATION_CONTEXT() REPRESENTATION_CONTEXT('2D SPACE',''
  ) );
#11475 = PCURVE('',#2956,#11476);
#11476 = DEFINITIONAL_REPRESENTATION('',(#11477),#11481);
#11477 = LINE('',#11478,#11479);
#11478 = CARTESIAN_POINT('',(0.,-3.2));
#11479 = VECTOR('',#11480,1.);
#11480 = DIRECTION('',(1.,0.));
#11481 = ( GEOMETRIC_REPRESENTATION_CONTEXT(2) 
PARAMETRIC_REPRESENTATION_CONTEXT() REPRESENTATION_CONTEXT('2D SPACE',''
  ) );
#11482 = ORIENTED_EDGE('',*,*,#3756,.F.);
#11483 = ORIENTED_EDGE('',*,*,#11484,.T.);
#11484 = EDGE_CURVE('',#3757,#11485,#11487,.T.);
#11485 = VERTEX_POINT('',#11486);
#11486 = CARTESIAN_POINT('',(15.976744186047,-33.7,11.523255813953));
#11487 = SURFACE_CURVE('',#11488,(#11492,#11498),.PCURVE_S1.);
#11488 = LINE('',#11489,#11490);
#11489 = CARTESIAN_POINT('',(13.809095801938,-33.7,9.030460172228));
#11490 = VECTOR('',#11491,1.);
#11491 = DIRECTION('',(0.656178714925,-0.,0.754605522164));
#11492 = PCURVE('',#2982,#11493);
#11493 = DEFINITIONAL_REPRESENTATION('',(#11494),#11497);
#11494 = B_SPLINE_CURVE_WITH_KNOTS('',1,(#11495,#11496),.UNSPECIFIED.,
  .F.,.F.,(2,2),(1.357715783519,3.93522143763),
  .PIECEWISE_BEZIER_KNOTS.);
#11495 = CARTESIAN_POINT('',(-2.555,1.2));
#11496 = CARTESIAN_POINT('',(-4.5,2.891304347826));
#11497 = ( GEOMETRIC_REPRESENTATION_CONTEXT(2) 
PARAMETRIC_REPRESENTATION_CONTEXT() REPRESENTATION_CONTEXT('2D SPACE',''
  ) );
#11498 = PCURVE('',#3497,#11499);
#11499 = DEFINITIONAL_REPRESENTATION('',(#11500),#11503);
#11500 = B_SPLINE_CURVE_WITH_KNOTS('',1,(#11501,#11502),.UNSPECIFIED.,
  .F.,.F.,(2,2),(1.357715783519,3.93522143763),
  .PIECEWISE_BEZIER_KNOTS.);
#11501 = CARTESIAN_POINT('',(-8.881784197001E-16,-33.7));
#11502 = CARTESIAN_POINT('',(2.577505654111,-33.7));
#11503 = ( GEOMETRIC_REPRESENTATION_CONTEXT(2) 
PARAMETRIC_REPRESENTATION_CONTEXT() REPRESENTATION_CONTEXT('2D SPACE',''
  ) );
#11504 = ORIENTED_EDGE('',*,*,#11505,.T.);
#11505 = EDGE_CURVE('',#11485,#11506,#11508,.T.);
#11506 = VERTEX_POINT('',#11507);
#11507 = CARTESIAN_POINT('',(15.5,-33.7,12.));
#11508 = SURFACE_CURVE('',#11509,(#11513,#11520),.PCURVE_S1.);
#11509 = LINE('',#11510,#11511);
#11510 = CARTESIAN_POINT('',(19.5,-33.7,8.));
#11511 = VECTOR('',#11512,1.);
#11512 = DIRECTION('',(-0.707106781187,0.,0.707106781187));
#11513 = PCURVE('',#2982,#11514);
#11514 = DEFINITIONAL_REPRESENTATION('',(#11515),#11519);
#11515 = LINE('',#11516,#11517);
#11516 = CARTESIAN_POINT('',(-0.5,6.));
#11517 = VECTOR('',#11518,1.);
#11518 = DIRECTION('',(-0.707106781187,-0.707106781187));
#11519 = ( GEOMETRIC_REPRESENTATION_CONTEXT(2) 
PARAMETRIC_REPRESENTATION_CONTEXT() REPRESENTATION_CONTEXT('2D SPACE',''
  ) );
#11520 = PCURVE('',#11521,#11526);
#11521 = PLANE('',#11522);
#11522 = AXIS2_PLACEMENT_3D('',#11523,#11524,#11525);
#11523 = CARTESIAN_POINT('',(19.5,-30.5,8.));
#11524 = DIRECTION('',(-0.707106781187,-0.,-0.707106781187));
#11525 = DIRECTION('',(-0.707106781187,0.,0.707106781187));
#11526 = DEFINITIONAL_REPRESENTATION('',(#11527),#11531);
#11527 = LINE('',#11528,#11529);
#11528 = CARTESIAN_POINT('',(0.,-3.2));
#11529 = VECTOR('',#11530,1.);
#11530 = DIRECTION('',(1.,0.));
#11531 = ( GEOMETRIC_REPRESENTATION_CONTEXT(2) 
PARAMETRIC_REPRESENTATION_CONTEXT() REPRESENTATION_CONTEXT('2D SPACE',''
  ) );
#11532 = ORIENTED_EDGE('',*,*,#11533,.T.);
#11533 = EDGE_CURVE('',#11506,#11534,#11536,.T.);
#11534 = VERTEX_POINT('',#11535);
#11535 = CARTESIAN_POINT('',(11.5,-33.7,12.));
#11536 = SURFACE_CURVE('',#11537,(#11541,#11548),.PCURVE_S1.);
#11537 = LINE('',#11538,#11539);
#11538 = CARTESIAN_POINT('',(15.5,-33.7,12.));
#11539 = VECTOR('',#11540,1.);
#11540 = DIRECTION('',(-1.,0.,0.));
#11541 = PCURVE('',#2982,#11542);
#11542 = DEFINITIONAL_REPRESENTATION('',(#11543),#11547);
#11543 = LINE('',#11544,#11545);
#11544 = CARTESIAN_POINT('',(-4.5,2.));
#11545 = VECTOR('',#11546,1.);
#11546 = DIRECTION('',(0.,-1.));
#11547 = ( GEOMETRIC_REPRESENTATION_CONTEXT(2) 
PARAMETRIC_REPRESENTATION_CONTEXT() REPRESENTATION_CONTEXT('2D SPACE',''
  ) );
#11548 = PCURVE('',#11549,#11554);
#11549 = PLANE('',#11550);
#11550 = AXIS2_PLACEMENT_3D('',#11551,#11552,#11553);
#11551 = CARTESIAN_POINT('',(15.5,-30.5,12.));
#11552 = DIRECTION('',(-0.,-0.,-1.));
#11553 = DIRECTION('',(-1.,0.,0.));
#11554 = DEFINITIONAL_REPRESENTATION('',(#11555),#11559);
#11555 = LINE('',#11556,#11557);
#11556 = CARTESIAN_POINT('',(0.,-3.2));
#11557 = VECTOR('',#11558,1.);
#11558 = DIRECTION('',(1.,0.));
#11559 = ( GEOMETRIC_REPRESENTATION_CONTEXT(2) 
PARAMETRIC_REPRESENTATION_CONTEXT() REPRESENTATION_CONTEXT('2D SPACE',''
  ) );
#11560 = ORIENTED_EDGE('',*,*,#11561,.T.);
#11561 = EDGE_CURVE('',#11534,#11391,#11562,.T.);
#11562 = SURFACE_CURVE('',#11563,(#11567,#11574),.PCURVE_S1.);
#11563 = LINE('',#11564,#11565);
#11564 = CARTESIAN_POINT('',(11.5,-33.7,12.));
#11565 = VECTOR('',#11566,1.);
#11566 = DIRECTION('',(-0.707106781187,0.,-0.707106781187));
#11567 = PCURVE('',#2982,#11568);
#11568 = DEFINITIONAL_REPRESENTATION('',(#11569),#11573);
#11569 = LINE('',#11570,#11571);
#11570 = CARTESIAN_POINT('',(-4.5,-2.));
#11571 = VECTOR('',#11572,1.);
#11572 = DIRECTION('',(0.707106781187,-0.707106781187));
#11573 = ( GEOMETRIC_REPRESENTATION_CONTEXT(2) 
PARAMETRIC_REPRESENTATION_CONTEXT() REPRESENTATION_CONTEXT('2D SPACE',''
  ) );
#11574 = PCURVE('',#11426,#11575);
#11575 = DEFINITIONAL_REPRESENTATION('',(#11576),#11580);
#11576 = LINE('',#11577,#11578);
#11577 = CARTESIAN_POINT('',(-0.,-3.2));
#11578 = VECTOR('',#11579,1.);
#11579 = DIRECTION('',(1.,0.));
#11580 = ( GEOMETRIC_REPRESENTATION_CONTEXT(2) 
PARAMETRIC_REPRESENTATION_CONTEXT() REPRESENTATION_CONTEXT('2D SPACE',''
  ) );
#11581 = ORIENTED_EDGE('',*,*,#11390,.T.);
#11582 = ADVANCED_FACE('',(#11583),#2956,.T.);
#11583 = FACE_BOUND('',#11584,.T.);
#11584 = EDGE_LOOP('',(#11585,#11586,#11587,#11588));
#11585 = ORIENTED_EDGE('',*,*,#2941,.T.);
#11586 = ORIENTED_EDGE('',*,*,#11462,.T.);
#11587 = ORIENTED_EDGE('',*,*,#3735,.F.);
#11588 = ORIENTED_EDGE('',*,*,#11589,.F.);
#11589 = EDGE_CURVE('',#2916,#3715,#11590,.T.);
#11590 = SURFACE_CURVE('',#11591,(#11595,#11602),.PCURVE_S1.);
#11591 = LINE('',#11592,#11593);
#11592 = CARTESIAN_POINT('',(11.5,-27.3,3.));
#11593 = VECTOR('',#11594,1.);
#11594 = DIRECTION('',(1.,0.,0.));
#11595 = PCURVE('',#2956,#11596);
#11596 = DEFINITIONAL_REPRESENTATION('',(#11597),#11601);
#11597 = LINE('',#11598,#11599);
#11598 = CARTESIAN_POINT('',(0.,3.2));
#11599 = VECTOR('',#11600,1.);
#11600 = DIRECTION('',(1.,0.));
#11601 = ( GEOMETRIC_REPRESENTATION_CONTEXT(2) 
PARAMETRIC_REPRESENTATION_CONTEXT() REPRESENTATION_CONTEXT('2D SPACE',''
  ) );
#11602 = PCURVE('',#2930,#11603);
#11603 = DEFINITIONAL_REPRESENTATION('',(#11604),#11608);
#11604 = LINE('',#11605,#11606);
#11605 = CARTESIAN_POINT('',(4.5,-2.));
#11606 = VECTOR('',#11607,1.);
#11607 = DIRECTION('',(0.,1.));
#11608 = ( GEOMETRIC_REPRESENTATION_CONTEXT(2) 
PARAMETRIC_REPRESENTATION_CONTEXT() REPRESENTATION_CONTEXT('2D SPACE',''
  ) );
#11609 = ADVANCED_FACE('',(#11610),#2930,.T.);
#11610 = FACE_BOUND('',#11611,.T.);
#11611 = EDGE_LOOP('',(#11612,#11613,#11614,#11615,#11636,#11659,#11682,
    #11703));
#11612 = ORIENTED_EDGE('',*,*,#2915,.T.);
#11613 = ORIENTED_EDGE('',*,*,#11589,.T.);
#11614 = ORIENTED_EDGE('',*,*,#3714,.F.);
#11615 = ORIENTED_EDGE('',*,*,#11616,.T.);
#11616 = EDGE_CURVE('',#3692,#11617,#11619,.T.);
#11617 = VERTEX_POINT('',#11618);
#11618 = CARTESIAN_POINT('',(15.976744186047,-27.3,11.523255813953));
#11619 = SURFACE_CURVE('',#11620,(#11624,#11630),.PCURVE_S1.);
#11620 = LINE('',#11621,#11622);
#11621 = CARTESIAN_POINT('',(13.809095801938,-27.3,9.030460172228));
#11622 = VECTOR('',#11623,1.);
#11623 = DIRECTION('',(0.656178714925,-0.,0.754605522164));
#11624 = PCURVE('',#2930,#11625);
#11625 = DEFINITIONAL_REPRESENTATION('',(#11626),#11629);
#11626 = B_SPLINE_CURVE_WITH_KNOTS('',1,(#11627,#11628),.UNSPECIFIED.,
  .F.,.F.,(2,2),(1.357715783519,3.93522143763),
  .PIECEWISE_BEZIER_KNOTS.);
#11627 = CARTESIAN_POINT('',(-2.555,1.2));
#11628 = CARTESIAN_POINT('',(-4.5,2.891304347826));
#11629 = ( GEOMETRIC_REPRESENTATION_CONTEXT(2) 
PARAMETRIC_REPRESENTATION_CONTEXT() REPRESENTATION_CONTEXT('2D SPACE',''
  ) );
#11630 = PCURVE('',#3497,#11631);
#11631 = DEFINITIONAL_REPRESENTATION('',(#11632),#11635);
#11632 = B_SPLINE_CURVE_WITH_KNOTS('',1,(#11633,#11634),.UNSPECIFIED.,
  .F.,.F.,(2,2),(1.357715783519,3.93522143763),
  .PIECEWISE_BEZIER_KNOTS.);
#11633 = CARTESIAN_POINT('',(-8.881784197001E-16,-27.3));
#11634 = CARTESIAN_POINT('',(2.577505654111,-27.3));
#11635 = ( GEOMETRIC_REPRESENTATION_CONTEXT(2) 
PARAMETRIC_REPRESENTATION_CONTEXT() REPRESENTATION_CONTEXT('2D SPACE',''
  ) );
#11636 = ORIENTED_EDGE('',*,*,#11637,.T.);
#11637 = EDGE_CURVE('',#11617,#11638,#11640,.T.);
#11638 = VERTEX_POINT('',#11639);
#11639 = CARTESIAN_POINT('',(15.5,-27.3,12.));
#11640 = SURFACE_CURVE('',#11641,(#11645,#11652),.PCURVE_S1.);
#11641 = LINE('',#11642,#11643);
#11642 = CARTESIAN_POINT('',(19.5,-27.3,8.));
#11643 = VECTOR('',#11644,1.);
#11644 = DIRECTION('',(-0.707106781187,0.,0.707106781187));
#11645 = PCURVE('',#2930,#11646);
#11646 = DEFINITIONAL_REPRESENTATION('',(#11647),#11651);
#11647 = LINE('',#11648,#11649);
#11648 = CARTESIAN_POINT('',(-0.5,6.));
#11649 = VECTOR('',#11650,1.);
#11650 = DIRECTION('',(-0.707106781187,-0.707106781187));
#11651 = ( GEOMETRIC_REPRESENTATION_CONTEXT(2) 
PARAMETRIC_REPRESENTATION_CONTEXT() REPRESENTATION_CONTEXT('2D SPACE',''
  ) );
#11652 = PCURVE('',#11521,#11653);
#11653 = DEFINITIONAL_REPRESENTATION('',(#11654),#11658);
#11654 = LINE('',#11655,#11656);
#11655 = CARTESIAN_POINT('',(0.,3.2));
#11656 = VECTOR('',#11657,1.);
#11657 = DIRECTION('',(1.,0.));
#11658 = ( GEOMETRIC_REPRESENTATION_CONTEXT(2) 
PARAMETRIC_REPRESENTATION_CONTEXT() REPRESENTATION_CONTEXT('2D SPACE',''
  ) );
#11659 = ORIENTED_EDGE('',*,*,#11660,.T.);
#11660 = EDGE_CURVE('',#11638,#11661,#11663,.T.);
#11661 = VERTEX_POINT('',#11662);
#11662 = CARTESIAN_POINT('',(11.5,-27.3,12.));
#11663 = SURFACE_CURVE('',#11664,(#11668,#11675),.PCURVE_S1.);
#11664 = LINE('',#11665,#11666);
#11665 = CARTESIAN_POINT('',(15.5,-27.3,12.));
#11666 = VECTOR('',#11667,1.);
#11667 = DIRECTION('',(-1.,0.,0.));
#11668 = PCURVE('',#2930,#11669);
#11669 = DEFINITIONAL_REPRESENTATION('',(#11670),#11674);
#11670 = LINE('',#11671,#11672);
#11671 = CARTESIAN_POINT('',(-4.5,2.));
#11672 = VECTOR('',#11673,1.);
#11673 = DIRECTION('',(0.,-1.));
#11674 = ( GEOMETRIC_REPRESENTATION_CONTEXT(2) 
PARAMETRIC_REPRESENTATION_CONTEXT() REPRESENTATION_CONTEXT('2D SPACE',''
  ) );
#11675 = PCURVE('',#11549,#11676);
#11676 = DEFINITIONAL_REPRESENTATION('',(#11677),#11681);
#11677 = LINE('',#11678,#11679);
#11678 = CARTESIAN_POINT('',(0.,3.2));
#11679 = VECTOR('',#11680,1.);
#11680 = DIRECTION('',(1.,0.));
#11681 = ( GEOMETRIC_REPRESENTATION_CONTEXT(2) 
PARAMETRIC_REPRESENTATION_CONTEXT() REPRESENTATION_CONTEXT('2D SPACE',''
  ) );
#11682 = ORIENTED_EDGE('',*,*,#11683,.T.);
#11683 = EDGE_CURVE('',#11661,#11412,#11684,.T.);
#11684 = SURFACE_CURVE('',#11685,(#11689,#11696),.PCURVE_S1.);
#11685 = LINE('',#11686,#11687);
#11686 = CARTESIAN_POINT('',(11.5,-27.3,12.));
#11687 = VECTOR('',#11688,1.);
#11688 = DIRECTION('',(-0.707106781187,0.,-0.707106781187));
#11689 = PCURVE('',#2930,#11690);
#11690 = DEFINITIONAL_REPRESENTATION('',(#11691),#11695);
#11691 = LINE('',#11692,#11693);
#11692 = CARTESIAN_POINT('',(-4.5,-2.));
#11693 = VECTOR('',#11694,1.);
#11694 = DIRECTION('',(0.707106781187,-0.707106781187));
#11695 = ( GEOMETRIC_REPRESENTATION_CONTEXT(2) 
PARAMETRIC_REPRESENTATION_CONTEXT() REPRESENTATION_CONTEXT('2D SPACE',''
  ) );
#11696 = PCURVE('',#11426,#11697);
#11697 = DEFINITIONAL_REPRESENTATION('',(#11698),#11702);
#11698 = LINE('',#11699,#11700);
#11699 = CARTESIAN_POINT('',(0.,3.2));
#11700 = VECTOR('',#11701,1.);
#11701 = DIRECTION('',(1.,0.));
#11702 = ( GEOMETRIC_REPRESENTATION_CONTEXT(2) 
PARAMETRIC_REPRESENTATION_CONTEXT() REPRESENTATION_CONTEXT('2D SPACE',''
  ) );
#11703 = ORIENTED_EDGE('',*,*,#11437,.T.);
#11704 = ADVANCED_FACE('',(#11705),#3055,.F.);
#11705 = FACE_BOUND('',#11706,.F.);
#11706 = EDGE_LOOP('',(#11707,#11728,#11729,#11730,#11751,#11777,#11796,
    #11797));
#11707 = ORIENTED_EDGE('',*,*,#11708,.F.);
#11708 = EDGE_CURVE('',#9995,#3413,#11709,.T.);
#11709 = SURFACE_CURVE('',#11710,(#11714,#11721),.PCURVE_S1.);
#11710 = LINE('',#11711,#11712);
#11711 = CARTESIAN_POINT('',(29.,16.,15.));
#11712 = VECTOR('',#11713,1.);
#11713 = DIRECTION('',(-1.,0.,0.));
#11714 = PCURVE('',#3055,#11715);
#11715 = DEFINITIONAL_REPRESENTATION('',(#11716),#11720);
#11716 = LINE('',#11717,#11718);
#11717 = CARTESIAN_POINT('',(0.,-29.));
#11718 = VECTOR('',#11719,1.);
#11719 = DIRECTION('',(0.,1.));
#11720 = ( GEOMETRIC_REPRESENTATION_CONTEXT(2) 
PARAMETRIC_REPRESENTATION_CONTEXT() REPRESENTATION_CONTEXT('2D SPACE',''
  ) );
#11721 = PCURVE('',#3428,#11722);
#11722 = DEFINITIONAL_REPRESENTATION('',(#11723),#11727);
#11723 = LINE('',#11724,#11725);
#11724 = CARTESIAN_POINT('',(0.,-0.));
#11725 = VECTOR('',#11726,1.);
#11726 = DIRECTION('',(1.,0.));
#11727 = ( GEOMETRIC_REPRESENTATION_CONTEXT(2) 
PARAMETRIC_REPRESENTATION_CONTEXT() REPRESENTATION_CONTEXT('2D SPACE',''
  ) );
#11728 = ORIENTED_EDGE('',*,*,#10252,.F.);
#11729 = ORIENTED_EDGE('',*,*,#3145,.T.);
#11730 = ORIENTED_EDGE('',*,*,#11731,.F.);
#11731 = EDGE_CURVE('',#11732,#3120,#11734,.T.);
#11732 = VERTEX_POINT('',#11733);
#11733 = CARTESIAN_POINT('',(-15.8,19.720930232558,10.720930232558));
#11734 = SURFACE_CURVE('',#11735,(#11739,#11745),.PCURVE_S1.);
#11735 = LINE('',#11736,#11737);
#11736 = CARTESIAN_POINT('',(-15.8,19.040904198062,11.502960172228));
#11737 = VECTOR('',#11738,1.);
#11738 = DIRECTION('',(0.,0.656178714925,-0.754605522164));
#11739 = PCURVE('',#3055,#11740);
#11740 = DEFINITIONAL_REPRESENTATION('',(#11741),#11744);
#11741 = B_SPLINE_CURVE_WITH_KNOTS('',1,(#11742,#11743),.UNSPECIFIED.,
  .F.,.F.,(2,2),(-0.658675046992,1.918830607119),
  .PIECEWISE_BEZIER_KNOTS.);
#11742 = CARTESIAN_POINT('',(3.975587127164,15.8));
#11743 = CARTESIAN_POINT('',(6.553092781275,15.8));
#11744 = ( GEOMETRIC_REPRESENTATION_CONTEXT(2) 
PARAMETRIC_REPRESENTATION_CONTEXT() REPRESENTATION_CONTEXT('2D SPACE',''
  ) );
#11745 = PCURVE('',#3134,#11746);
#11746 = DEFINITIONAL_REPRESENTATION('',(#11747),#11750);
#11747 = B_SPLINE_CURVE_WITH_KNOTS('',1,(#11748,#11749),.UNSPECIFIED.,
  .F.,.F.,(2,2),(-0.658675046992,1.918830607119),
  .PIECEWISE_BEZIER_KNOTS.);
#11748 = CARTESIAN_POINT('',(4.5,2.891304347826));
#11749 = CARTESIAN_POINT('',(2.555,1.2));
#11750 = ( GEOMETRIC_REPRESENTATION_CONTEXT(2) 
PARAMETRIC_REPRESENTATION_CONTEXT() REPRESENTATION_CONTEXT('2D SPACE',''
  ) );
#11751 = ORIENTED_EDGE('',*,*,#11752,.T.);
#11752 = EDGE_CURVE('',#11732,#11753,#11755,.T.);
#11753 = VERTEX_POINT('',#11754);
#11754 = CARTESIAN_POINT('',(-22.2,19.720930232558,10.720930232558));
#11755 = SURFACE_CURVE('',#11756,(#11760,#11766),.PCURVE_S1.);
#11756 = LINE('',#11757,#11758);
#11757 = CARTESIAN_POINT('',(-9.5,19.720930232558,10.720930232558));
#11758 = VECTOR('',#11759,1.);
#11759 = DIRECTION('',(-1.,0.,-0.));
#11760 = PCURVE('',#3055,#11761);
#11761 = DEFINITIONAL_REPRESENTATION('',(#11762),#11765);
#11762 = B_SPLINE_CURVE_WITH_KNOTS('',1,(#11763,#11764),.UNSPECIFIED.,
  .F.,.F.,(2,2),(6.3,12.7),.PIECEWISE_BEZIER_KNOTS.);
#11763 = CARTESIAN_POINT('',(5.670604894559,15.8));
#11764 = CARTESIAN_POINT('',(5.670604894559,22.2));
#11765 = ( GEOMETRIC_REPRESENTATION_CONTEXT(2) 
PARAMETRIC_REPRESENTATION_CONTEXT() REPRESENTATION_CONTEXT('2D SPACE',''
  ) );
#11766 = PCURVE('',#11767,#11772);
#11767 = PLANE('',#11768);
#11768 = AXIS2_PLACEMENT_3D('',#11769,#11770,#11771);
#11769 = CARTESIAN_POINT('',(-19.,21.,12.));
#11770 = DIRECTION('',(0.,0.707106781187,-0.707106781187));
#11771 = DIRECTION('',(0.,-0.707106781187,-0.707106781187));
#11772 = DEFINITIONAL_REPRESENTATION('',(#11773),#11776);
#11773 = B_SPLINE_CURVE_WITH_KNOTS('',1,(#11774,#11775),.UNSPECIFIED.,
  .F.,.F.,(2,2),(6.3,12.7),.PIECEWISE_BEZIER_KNOTS.);
#11774 = CARTESIAN_POINT('',(1.808877812338,-3.2));
#11775 = CARTESIAN_POINT('',(1.808877812338,3.2));
#11776 = ( GEOMETRIC_REPRESENTATION_CONTEXT(2) 
PARAMETRIC_REPRESENTATION_CONTEXT() REPRESENTATION_CONTEXT('2D SPACE',''
  ) );
#11777 = ORIENTED_EDGE('',*,*,#11778,.T.);
#11778 = EDGE_CURVE('',#11753,#3040,#11779,.T.);
#11779 = SURFACE_CURVE('',#11780,(#11784,#11790),.PCURVE_S1.);
#11780 = LINE('',#11781,#11782);
#11781 = CARTESIAN_POINT('',(-22.2,19.040904198062,11.502960172228));
#11782 = VECTOR('',#11783,1.);
#11783 = DIRECTION('',(0.,0.656178714925,-0.754605522164));
#11784 = PCURVE('',#3055,#11785);
#11785 = DEFINITIONAL_REPRESENTATION('',(#11786),#11789);
#11786 = B_SPLINE_CURVE_WITH_KNOTS('',1,(#11787,#11788),.UNSPECIFIED.,
  .F.,.F.,(2,2),(-0.658675046992,1.918830607119),
  .PIECEWISE_BEZIER_KNOTS.);
#11787 = CARTESIAN_POINT('',(3.975587127164,22.2));
#11788 = CARTESIAN_POINT('',(6.553092781275,22.2));
#11789 = ( GEOMETRIC_REPRESENTATION_CONTEXT(2) 
PARAMETRIC_REPRESENTATION_CONTEXT() REPRESENTATION_CONTEXT('2D SPACE',''
  ) );
#11790 = PCURVE('',#3082,#11791);
#11791 = DEFINITIONAL_REPRESENTATION('',(#11792),#11795);
#11792 = B_SPLINE_CURVE_WITH_KNOTS('',1,(#11793,#11794),.UNSPECIFIED.,
  .F.,.F.,(2,2),(-0.658675046992,1.918830607119),
  .PIECEWISE_BEZIER_KNOTS.);
#11793 = CARTESIAN_POINT('',(4.5,2.891304347826));
#11794 = CARTESIAN_POINT('',(2.555,1.2));
#11795 = ( GEOMETRIC_REPRESENTATION_CONTEXT(2) 
PARAMETRIC_REPRESENTATION_CONTEXT() REPRESENTATION_CONTEXT('2D SPACE',''
  ) );
#11796 = ORIENTED_EDGE('',*,*,#3039,.T.);
#11797 = ORIENTED_EDGE('',*,*,#3440,.F.);
#11798 = ADVANCED_FACE('',(#11799),#3134,.F.);
#11799 = FACE_BOUND('',#11800,.F.);
#11800 = EDGE_LOOP('',(#11801,#11802,#11825,#11853,#11874,#11875,#11896,
    #11924,#11952,#11973));
#11801 = ORIENTED_EDGE('',*,*,#3119,.T.);
#11802 = ORIENTED_EDGE('',*,*,#11803,.T.);
#11803 = EDGE_CURVE('',#3094,#11804,#11806,.T.);
#11804 = VERTEX_POINT('',#11805);
#11805 = CARTESIAN_POINT('',(-15.8,21.,3.));
#11806 = SURFACE_CURVE('',#11807,(#11811,#11818),.PCURVE_S1.);
#11807 = LINE('',#11808,#11809);
#11808 = CARTESIAN_POINT('',(-15.8,18.,6.));
#11809 = VECTOR('',#11810,1.);
#11810 = DIRECTION('',(0.,0.707106781187,-0.707106781187));
#11811 = PCURVE('',#3134,#11812);
#11812 = DEFINITIONAL_REPRESENTATION('',(#11813),#11817);
#11813 = LINE('',#11814,#11815);
#11814 = CARTESIAN_POINT('',(-1.5,3.5));
#11815 = VECTOR('',#11816,1.);
#11816 = DIRECTION('',(-0.707106781187,-0.707106781187));
#11817 = ( GEOMETRIC_REPRESENTATION_CONTEXT(2) 
PARAMETRIC_REPRESENTATION_CONTEXT() REPRESENTATION_CONTEXT('2D SPACE',''
  ) );
#11818 = PCURVE('',#3108,#11819);
#11819 = DEFINITIONAL_REPRESENTATION('',(#11820),#11824);
#11820 = LINE('',#11821,#11822);
#11821 = CARTESIAN_POINT('',(0.,-3.2));
#11822 = VECTOR('',#11823,1.);
#11823 = DIRECTION('',(1.,0.));
#11824 = ( GEOMETRIC_REPRESENTATION_CONTEXT(2) 
PARAMETRIC_REPRESENTATION_CONTEXT() REPRESENTATION_CONTEXT('2D SPACE',''
  ) );
#11825 = ORIENTED_EDGE('',*,*,#11826,.T.);
#11826 = EDGE_CURVE('',#11804,#11827,#11829,.T.);
#11827 = VERTEX_POINT('',#11828);
#11828 = CARTESIAN_POINT('',(-15.8,22.,3.));
#11829 = SURFACE_CURVE('',#11830,(#11834,#11841),.PCURVE_S1.);
#11830 = LINE('',#11831,#11832);
#11831 = CARTESIAN_POINT('',(-15.8,21.,3.));
#11832 = VECTOR('',#11833,1.);
#11833 = DIRECTION('',(0.,1.,0.));
#11834 = PCURVE('',#3134,#11835);
#11835 = DEFINITIONAL_REPRESENTATION('',(#11836),#11840);
#11836 = LINE('',#11837,#11838);
#11837 = CARTESIAN_POINT('',(-4.5,0.5));
#11838 = VECTOR('',#11839,1.);
#11839 = DIRECTION('',(0.,-1.));
#11840 = ( GEOMETRIC_REPRESENTATION_CONTEXT(2) 
PARAMETRIC_REPRESENTATION_CONTEXT() REPRESENTATION_CONTEXT('2D SPACE',''
  ) );
#11841 = PCURVE('',#11842,#11847);
#11842 = PLANE('',#11843);
#11843 = AXIS2_PLACEMENT_3D('',#11844,#11845,#11846);
#11844 = CARTESIAN_POINT('',(-19.,21.,3.));
#11845 = DIRECTION('',(0.,0.,1.));
#11846 = DIRECTION('',(0.,1.,0.));
#11847 = DEFINITIONAL_REPRESENTATION('',(#11848),#11852);
#11848 = LINE('',#11849,#11850);
#11849 = CARTESIAN_POINT('',(0.,-3.2));
#11850 = VECTOR('',#11851,1.);
#11851 = DIRECTION('',(1.,0.));
#11852 = ( GEOMETRIC_REPRESENTATION_CONTEXT(2) 
PARAMETRIC_REPRESENTATION_CONTEXT() REPRESENTATION_CONTEXT('2D SPACE',''
  ) );
#11853 = ORIENTED_EDGE('',*,*,#11854,.T.);
#11854 = EDGE_CURVE('',#11827,#3578,#11855,.T.);
#11855 = SURFACE_CURVE('',#11856,(#11860,#11867),.PCURVE_S1.);
#11856 = LINE('',#11857,#11858);
#11857 = CARTESIAN_POINT('',(-15.8,22.,3.));
#11858 = VECTOR('',#11859,1.);
#11859 = DIRECTION('',(0.,0.707106781187,0.707106781187));
#11860 = PCURVE('',#3134,#11861);
#11861 = DEFINITIONAL_REPRESENTATION('',(#11862),#11866);
#11862 = LINE('',#11863,#11864);
#11863 = CARTESIAN_POINT('',(-4.5,-0.5));
#11864 = VECTOR('',#11865,1.);
#11865 = DIRECTION('',(0.707106781187,-0.707106781187));
#11866 = ( GEOMETRIC_REPRESENTATION_CONTEXT(2) 
PARAMETRIC_REPRESENTATION_CONTEXT() REPRESENTATION_CONTEXT('2D SPACE',''
  ) );
#11867 = PCURVE('',#3592,#11868);
#11868 = DEFINITIONAL_REPRESENTATION('',(#11869),#11873);
#11869 = LINE('',#11870,#11871);
#11870 = CARTESIAN_POINT('',(0.,-3.2));
#11871 = VECTOR('',#11872,1.);
#11872 = DIRECTION('',(1.,0.));
#11873 = ( GEOMETRIC_REPRESENTATION_CONTEXT(2) 
PARAMETRIC_REPRESENTATION_CONTEXT() REPRESENTATION_CONTEXT('2D SPACE',''
  ) );
#11874 = ORIENTED_EDGE('',*,*,#3603,.F.);
#11875 = ORIENTED_EDGE('',*,*,#11876,.T.);
#11876 = EDGE_CURVE('',#3604,#11877,#11879,.T.);
#11877 = VERTEX_POINT('',#11878);
#11878 = CARTESIAN_POINT('',(-15.8,23.279069767442,10.720930232558));
#11879 = SURFACE_CURVE('',#11880,(#11884,#11890),.PCURVE_S1.);
#11880 = LINE('',#11881,#11882);
#11881 = CARTESIAN_POINT('',(-15.8,21.809095801938,9.030460172228));
#11882 = VECTOR('',#11883,1.);
#11883 = DIRECTION('',(-0.,0.656178714925,0.754605522164));
#11884 = PCURVE('',#3134,#11885);
#11885 = DEFINITIONAL_REPRESENTATION('',(#11886),#11889);
#11886 = B_SPLINE_CURVE_WITH_KNOTS('',1,(#11887,#11888),.UNSPECIFIED.,
  .F.,.F.,(2,2),(1.357715783519,3.93522143763),
  .PIECEWISE_BEZIER_KNOTS.);
#11887 = CARTESIAN_POINT('',(2.555,-1.2));
#11888 = CARTESIAN_POINT('',(4.5,-2.891304347826));
#11889 = ( GEOMETRIC_REPRESENTATION_CONTEXT(2) 
PARAMETRIC_REPRESENTATION_CONTEXT() REPRESENTATION_CONTEXT('2D SPACE',''
  ) );
#11890 = PCURVE('',#3349,#11891);
#11891 = DEFINITIONAL_REPRESENTATION('',(#11892),#11895);
#11892 = B_SPLINE_CURVE_WITH_KNOTS('',1,(#11893,#11894),.UNSPECIFIED.,
  .F.,.F.,(2,2),(1.357715783519,3.93522143763),
  .PIECEWISE_BEZIER_KNOTS.);
#11893 = CARTESIAN_POINT('',(-8.881784197001E-16,15.8));
#11894 = CARTESIAN_POINT('',(2.577505654111,15.8));
#11895 = ( GEOMETRIC_REPRESENTATION_CONTEXT(2) 
PARAMETRIC_REPRESENTATION_CONTEXT() REPRESENTATION_CONTEXT('2D SPACE',''
  ) );
#11896 = ORIENTED_EDGE('',*,*,#11897,.T.);
#11897 = EDGE_CURVE('',#11877,#11898,#11900,.T.);
#11898 = VERTEX_POINT('',#11899);
#11899 = CARTESIAN_POINT('',(-15.8,22.,12.));
#11900 = SURFACE_CURVE('',#11901,(#11905,#11912),.PCURVE_S1.);
#11901 = LINE('',#11902,#11903);
#11902 = CARTESIAN_POINT('',(-15.8,25.,9.));
#11903 = VECTOR('',#11904,1.);
#11904 = DIRECTION('',(0.,-0.707106781187,0.707106781187));
#11905 = PCURVE('',#3134,#11906);
#11906 = DEFINITIONAL_REPRESENTATION('',(#11907),#11911);
#11907 = LINE('',#11908,#11909);
#11908 = CARTESIAN_POINT('',(1.5,-3.5));
#11909 = VECTOR('',#11910,1.);
#11910 = DIRECTION('',(0.707106781187,0.707106781187));
#11911 = ( GEOMETRIC_REPRESENTATION_CONTEXT(2) 
PARAMETRIC_REPRESENTATION_CONTEXT() REPRESENTATION_CONTEXT('2D SPACE',''
  ) );
#11912 = PCURVE('',#11913,#11918);
#11913 = PLANE('',#11914);
#11914 = AXIS2_PLACEMENT_3D('',#11915,#11916,#11917);
#11915 = CARTESIAN_POINT('',(-19.,25.,9.));
#11916 = DIRECTION('',(0.,-0.707106781187,-0.707106781187));
#11917 = DIRECTION('',(0.,-0.707106781187,0.707106781187));
#11918 = DEFINITIONAL_REPRESENTATION('',(#11919),#11923);
#11919 = LINE('',#11920,#11921);
#11920 = CARTESIAN_POINT('',(0.,-3.2));
#11921 = VECTOR('',#11922,1.);
#11922 = DIRECTION('',(1.,0.));
#11923 = ( GEOMETRIC_REPRESENTATION_CONTEXT(2) 
PARAMETRIC_REPRESENTATION_CONTEXT() REPRESENTATION_CONTEXT('2D SPACE',''
  ) );
#11924 = ORIENTED_EDGE('',*,*,#11925,.T.);
#11925 = EDGE_CURVE('',#11898,#11926,#11928,.T.);
#11926 = VERTEX_POINT('',#11927);
#11927 = CARTESIAN_POINT('',(-15.8,21.,12.));
#11928 = SURFACE_CURVE('',#11929,(#11933,#11940),.PCURVE_S1.);
#11929 = LINE('',#11930,#11931);
#11930 = CARTESIAN_POINT('',(-15.8,22.,12.));
#11931 = VECTOR('',#11932,1.);
#11932 = DIRECTION('',(0.,-1.,0.));
#11933 = PCURVE('',#3134,#11934);
#11934 = DEFINITIONAL_REPRESENTATION('',(#11935),#11939);
#11935 = LINE('',#11936,#11937);
#11936 = CARTESIAN_POINT('',(4.5,-0.5));
#11937 = VECTOR('',#11938,1.);
#11938 = DIRECTION('',(0.,1.));
#11939 = ( GEOMETRIC_REPRESENTATION_CONTEXT(2) 
PARAMETRIC_REPRESENTATION_CONTEXT() REPRESENTATION_CONTEXT('2D SPACE',''
  ) );
#11940 = PCURVE('',#11941,#11946);
#11941 = PLANE('',#11942);
#11942 = AXIS2_PLACEMENT_3D('',#11943,#11944,#11945);
#11943 = CARTESIAN_POINT('',(-19.,22.,12.));
#11944 = DIRECTION('',(0.,0.,-1.));
#11945 = DIRECTION('',(0.,-1.,0.));
#11946 = DEFINITIONAL_REPRESENTATION('',(#11947),#11951);
#11947 = LINE('',#11948,#11949);
#11948 = CARTESIAN_POINT('',(0.,-3.2));
#11949 = VECTOR('',#11950,1.);
#11950 = DIRECTION('',(1.,0.));
#11951 = ( GEOMETRIC_REPRESENTATION_CONTEXT(2) 
PARAMETRIC_REPRESENTATION_CONTEXT() REPRESENTATION_CONTEXT('2D SPACE',''
  ) );
#11952 = ORIENTED_EDGE('',*,*,#11953,.T.);
#11953 = EDGE_CURVE('',#11926,#11732,#11954,.T.);
#11954 = SURFACE_CURVE('',#11955,(#11959,#11966),.PCURVE_S1.);
#11955 = LINE('',#11956,#11957);
#11956 = CARTESIAN_POINT('',(-15.8,21.,12.));
#11957 = VECTOR('',#11958,1.);
#11958 = DIRECTION('',(0.,-0.707106781187,-0.707106781187));
#11959 = PCURVE('',#3134,#11960);
#11960 = DEFINITIONAL_REPRESENTATION('',(#11961),#11965);
#11961 = LINE('',#11962,#11963);
#11962 = CARTESIAN_POINT('',(4.5,0.5));
#11963 = VECTOR('',#11964,1.);
#11964 = DIRECTION('',(-0.707106781187,0.707106781187));
#11965 = ( GEOMETRIC_REPRESENTATION_CONTEXT(2) 
PARAMETRIC_REPRESENTATION_CONTEXT() REPRESENTATION_CONTEXT('2D SPACE',''
  ) );
#11966 = PCURVE('',#11767,#11967);
#11967 = DEFINITIONAL_REPRESENTATION('',(#11968),#11972);
#11968 = LINE('',#11969,#11970);
#11969 = CARTESIAN_POINT('',(0.,-3.2));
#11970 = VECTOR('',#11971,1.);
#11971 = DIRECTION('',(1.,0.));
#11972 = ( GEOMETRIC_REPRESENTATION_CONTEXT(2) 
PARAMETRIC_REPRESENTATION_CONTEXT() REPRESENTATION_CONTEXT('2D SPACE',''
  ) );
#11973 = ORIENTED_EDGE('',*,*,#11731,.T.);
#11974 = ADVANCED_FACE('',(#11975),#3108,.T.);
#11975 = FACE_BOUND('',#11976,.T.);
#11976 = EDGE_LOOP('',(#11977,#11978,#11979,#12002));
#11977 = ORIENTED_EDGE('',*,*,#3093,.T.);
#11978 = ORIENTED_EDGE('',*,*,#11803,.T.);
#11979 = ORIENTED_EDGE('',*,*,#11980,.F.);
#11980 = EDGE_CURVE('',#11981,#11804,#11983,.T.);
#11981 = VERTEX_POINT('',#11982);
#11982 = CARTESIAN_POINT('',(-22.2,21.,3.));
#11983 = SURFACE_CURVE('',#11984,(#11988,#11995),.PCURVE_S1.);
#11984 = LINE('',#11985,#11986);
#11985 = CARTESIAN_POINT('',(-22.2,21.,3.));
#11986 = VECTOR('',#11987,1.);
#11987 = DIRECTION('',(1.,0.,0.));
#11988 = PCURVE('',#3108,#11989);
#11989 = DEFINITIONAL_REPRESENTATION('',(#11990),#11994);
#11990 = LINE('',#11991,#11992);
#11991 = CARTESIAN_POINT('',(4.242640687119,3.2));
#11992 = VECTOR('',#11993,1.);
#11993 = DIRECTION('',(0.,-1.));
#11994 = ( GEOMETRIC_REPRESENTATION_CONTEXT(2) 
PARAMETRIC_REPRESENTATION_CONTEXT() REPRESENTATION_CONTEXT('2D SPACE',''
  ) );
#11995 = PCURVE('',#11842,#11996);
#11996 = DEFINITIONAL_REPRESENTATION('',(#11997),#12001);
#11997 = LINE('',#11998,#11999);
#11998 = CARTESIAN_POINT('',(0.,3.2));
#11999 = VECTOR('',#12000,1.);
#12000 = DIRECTION('',(0.,-1.));
#12001 = ( GEOMETRIC_REPRESENTATION_CONTEXT(2) 
PARAMETRIC_REPRESENTATION_CONTEXT() REPRESENTATION_CONTEXT('2D SPACE',''
  ) );
#12002 = ORIENTED_EDGE('',*,*,#12003,.F.);
#12003 = EDGE_CURVE('',#3068,#11981,#12004,.T.);
#12004 = SURFACE_CURVE('',#12005,(#12009,#12016),.PCURVE_S1.);
#12005 = LINE('',#12006,#12007);
#12006 = CARTESIAN_POINT('',(-22.2,18.,6.));
#12007 = VECTOR('',#12008,1.);
#12008 = DIRECTION('',(0.,0.707106781187,-0.707106781187));
#12009 = PCURVE('',#3108,#12010);
#12010 = DEFINITIONAL_REPRESENTATION('',(#12011),#12015);
#12011 = LINE('',#12012,#12013);
#12012 = CARTESIAN_POINT('',(0.,3.2));
#12013 = VECTOR('',#12014,1.);
#12014 = DIRECTION('',(1.,0.));
#12015 = ( GEOMETRIC_REPRESENTATION_CONTEXT(2) 
PARAMETRIC_REPRESENTATION_CONTEXT() REPRESENTATION_CONTEXT('2D SPACE',''
  ) );
#12016 = PCURVE('',#3082,#12017);
#12017 = DEFINITIONAL_REPRESENTATION('',(#12018),#12022);
#12018 = LINE('',#12019,#12020);
#12019 = CARTESIAN_POINT('',(-1.5,3.5));
#12020 = VECTOR('',#12021,1.);
#12021 = DIRECTION('',(-0.707106781187,-0.707106781187));
#12022 = ( GEOMETRIC_REPRESENTATION_CONTEXT(2) 
PARAMETRIC_REPRESENTATION_CONTEXT() REPRESENTATION_CONTEXT('2D SPACE',''
  ) );
#12023 = ADVANCED_FACE('',(#12024),#3082,.T.);
#12024 = FACE_BOUND('',#12025,.T.);
#12025 = EDGE_LOOP('',(#12026,#12027,#12028,#12051,#12072,#12073,#12094,
    #12117,#12140,#12161));
#12026 = ORIENTED_EDGE('',*,*,#3067,.T.);
#12027 = ORIENTED_EDGE('',*,*,#12003,.T.);
#12028 = ORIENTED_EDGE('',*,*,#12029,.T.);
#12029 = EDGE_CURVE('',#11981,#12030,#12032,.T.);
#12030 = VERTEX_POINT('',#12031);
#12031 = CARTESIAN_POINT('',(-22.2,22.,3.));
#12032 = SURFACE_CURVE('',#12033,(#12037,#12044),.PCURVE_S1.);
#12033 = LINE('',#12034,#12035);
#12034 = CARTESIAN_POINT('',(-22.2,21.,3.));
#12035 = VECTOR('',#12036,1.);
#12036 = DIRECTION('',(0.,1.,0.));
#12037 = PCURVE('',#3082,#12038);
#12038 = DEFINITIONAL_REPRESENTATION('',(#12039),#12043);
#12039 = LINE('',#12040,#12041);
#12040 = CARTESIAN_POINT('',(-4.5,0.5));
#12041 = VECTOR('',#12042,1.);
#12042 = DIRECTION('',(0.,-1.));
#12043 = ( GEOMETRIC_REPRESENTATION_CONTEXT(2) 
PARAMETRIC_REPRESENTATION_CONTEXT() REPRESENTATION_CONTEXT('2D SPACE',''
  ) );
#12044 = PCURVE('',#11842,#12045);
#12045 = DEFINITIONAL_REPRESENTATION('',(#12046),#12050);
#12046 = LINE('',#12047,#12048);
#12047 = CARTESIAN_POINT('',(0.,3.2));
#12048 = VECTOR('',#12049,1.);
#12049 = DIRECTION('',(1.,0.));
#12050 = ( GEOMETRIC_REPRESENTATION_CONTEXT(2) 
PARAMETRIC_REPRESENTATION_CONTEXT() REPRESENTATION_CONTEXT('2D SPACE',''
  ) );
#12051 = ORIENTED_EDGE('',*,*,#12052,.T.);
#12052 = EDGE_CURVE('',#12030,#3557,#12053,.T.);
#12053 = SURFACE_CURVE('',#12054,(#12058,#12065),.PCURVE_S1.);
#12054 = LINE('',#12055,#12056);
#12055 = CARTESIAN_POINT('',(-22.2,22.,3.));
#12056 = VECTOR('',#12057,1.);
#12057 = DIRECTION('',(0.,0.707106781187,0.707106781187));
#12058 = PCURVE('',#3082,#12059);
#12059 = DEFINITIONAL_REPRESENTATION('',(#12060),#12064);
#12060 = LINE('',#12061,#12062);
#12061 = CARTESIAN_POINT('',(-4.5,-0.5));
#12062 = VECTOR('',#12063,1.);
#12063 = DIRECTION('',(0.707106781187,-0.707106781187));
#12064 = ( GEOMETRIC_REPRESENTATION_CONTEXT(2) 
PARAMETRIC_REPRESENTATION_CONTEXT() REPRESENTATION_CONTEXT('2D SPACE',''
  ) );
#12065 = PCURVE('',#3592,#12066);
#12066 = DEFINITIONAL_REPRESENTATION('',(#12067),#12071);
#12067 = LINE('',#12068,#12069);
#12068 = CARTESIAN_POINT('',(0.,3.2));
#12069 = VECTOR('',#12070,1.);
#12070 = DIRECTION('',(1.,0.));
#12071 = ( GEOMETRIC_REPRESENTATION_CONTEXT(2) 
PARAMETRIC_REPRESENTATION_CONTEXT() REPRESENTATION_CONTEXT('2D SPACE',''
  ) );
#12072 = ORIENTED_EDGE('',*,*,#3556,.F.);
#12073 = ORIENTED_EDGE('',*,*,#12074,.T.);
#12074 = EDGE_CURVE('',#3534,#12075,#12077,.T.);
#12075 = VERTEX_POINT('',#12076);
#12076 = CARTESIAN_POINT('',(-22.2,23.279069767442,10.720930232558));
#12077 = SURFACE_CURVE('',#12078,(#12082,#12088),.PCURVE_S1.);
#12078 = LINE('',#12079,#12080);
#12079 = CARTESIAN_POINT('',(-22.2,21.809095801938,9.030460172228));
#12080 = VECTOR('',#12081,1.);
#12081 = DIRECTION('',(-0.,0.656178714925,0.754605522164));
#12082 = PCURVE('',#3082,#12083);
#12083 = DEFINITIONAL_REPRESENTATION('',(#12084),#12087);
#12084 = B_SPLINE_CURVE_WITH_KNOTS('',1,(#12085,#12086),.UNSPECIFIED.,
  .F.,.F.,(2,2),(1.357715783519,3.93522143763),
  .PIECEWISE_BEZIER_KNOTS.);
#12085 = CARTESIAN_POINT('',(2.555,-1.2));
#12086 = CARTESIAN_POINT('',(4.5,-2.891304347826));
#12087 = ( GEOMETRIC_REPRESENTATION_CONTEXT(2) 
PARAMETRIC_REPRESENTATION_CONTEXT() REPRESENTATION_CONTEXT('2D SPACE',''
  ) );
#12088 = PCURVE('',#3349,#12089);
#12089 = DEFINITIONAL_REPRESENTATION('',(#12090),#12093);
#12090 = B_SPLINE_CURVE_WITH_KNOTS('',1,(#12091,#12092),.UNSPECIFIED.,
  .F.,.F.,(2,2),(1.357715783519,3.93522143763),
  .PIECEWISE_BEZIER_KNOTS.);
#12091 = CARTESIAN_POINT('',(-8.881784197001E-16,22.2));
#12092 = CARTESIAN_POINT('',(2.577505654111,22.2));
#12093 = ( GEOMETRIC_REPRESENTATION_CONTEXT(2) 
PARAMETRIC_REPRESENTATION_CONTEXT() REPRESENTATION_CONTEXT('2D SPACE',''
  ) );
#12094 = ORIENTED_EDGE('',*,*,#12095,.T.);
#12095 = EDGE_CURVE('',#12075,#12096,#12098,.T.);
#12096 = VERTEX_POINT('',#12097);
#12097 = CARTESIAN_POINT('',(-22.2,22.,12.));
#12098 = SURFACE_CURVE('',#12099,(#12103,#12110),.PCURVE_S1.);
#12099 = LINE('',#12100,#12101);
#12100 = CARTESIAN_POINT('',(-22.2,25.,9.));
#12101 = VECTOR('',#12102,1.);
#12102 = DIRECTION('',(0.,-0.707106781187,0.707106781187));
#12103 = PCURVE('',#3082,#12104);
#12104 = DEFINITIONAL_REPRESENTATION('',(#12105),#12109);
#12105 = LINE('',#12106,#12107);
#12106 = CARTESIAN_POINT('',(1.5,-3.5));
#12107 = VECTOR('',#12108,1.);
#12108 = DIRECTION('',(0.707106781187,0.707106781187));
#12109 = ( GEOMETRIC_REPRESENTATION_CONTEXT(2) 
PARAMETRIC_REPRESENTATION_CONTEXT() REPRESENTATION_CONTEXT('2D SPACE',''
  ) );
#12110 = PCURVE('',#11913,#12111);
#12111 = DEFINITIONAL_REPRESENTATION('',(#12112),#12116);
#12112 = LINE('',#12113,#12114);
#12113 = CARTESIAN_POINT('',(0.,3.2));
#12114 = VECTOR('',#12115,1.);
#12115 = DIRECTION('',(1.,0.));
#12116 = ( GEOMETRIC_REPRESENTATION_CONTEXT(2) 
PARAMETRIC_REPRESENTATION_CONTEXT() REPRESENTATION_CONTEXT('2D SPACE',''
  ) );
#12117 = ORIENTED_EDGE('',*,*,#12118,.T.);
#12118 = EDGE_CURVE('',#12096,#12119,#12121,.T.);
#12119 = VERTEX_POINT('',#12120);
#12120 = CARTESIAN_POINT('',(-22.2,21.,12.));
#12121 = SURFACE_CURVE('',#12122,(#12126,#12133),.PCURVE_S1.);
#12122 = LINE('',#12123,#12124);
#12123 = CARTESIAN_POINT('',(-22.2,22.,12.));
#12124 = VECTOR('',#12125,1.);
#12125 = DIRECTION('',(0.,-1.,0.));
#12126 = PCURVE('',#3082,#12127);
#12127 = DEFINITIONAL_REPRESENTATION('',(#12128),#12132);
#12128 = LINE('',#12129,#12130);
#12129 = CARTESIAN_POINT('',(4.5,-0.5));
#12130 = VECTOR('',#12131,1.);
#12131 = DIRECTION('',(0.,1.));
#12132 = ( GEOMETRIC_REPRESENTATION_CONTEXT(2) 
PARAMETRIC_REPRESENTATION_CONTEXT() REPRESENTATION_CONTEXT('2D SPACE',''
  ) );
#12133 = PCURVE('',#11941,#12134);
#12134 = DEFINITIONAL_REPRESENTATION('',(#12135),#12139);
#12135 = LINE('',#12136,#12137);
#12136 = CARTESIAN_POINT('',(0.,3.2));
#12137 = VECTOR('',#12138,1.);
#12138 = DIRECTION('',(1.,0.));
#12139 = ( GEOMETRIC_REPRESENTATION_CONTEXT(2) 
PARAMETRIC_REPRESENTATION_CONTEXT() REPRESENTATION_CONTEXT('2D SPACE',''
  ) );
#12140 = ORIENTED_EDGE('',*,*,#12141,.T.);
#12141 = EDGE_CURVE('',#12119,#11753,#12142,.T.);
#12142 = SURFACE_CURVE('',#12143,(#12147,#12154),.PCURVE_S1.);
#12143 = LINE('',#12144,#12145);
#12144 = CARTESIAN_POINT('',(-22.2,21.,12.));
#12145 = VECTOR('',#12146,1.);
#12146 = DIRECTION('',(0.,-0.707106781187,-0.707106781187));
#12147 = PCURVE('',#3082,#12148);
#12148 = DEFINITIONAL_REPRESENTATION('',(#12149),#12153);
#12149 = LINE('',#12150,#12151);
#12150 = CARTESIAN_POINT('',(4.5,0.5));
#12151 = VECTOR('',#12152,1.);
#12152 = DIRECTION('',(-0.707106781187,0.707106781187));
#12153 = ( GEOMETRIC_REPRESENTATION_CONTEXT(2) 
PARAMETRIC_REPRESENTATION_CONTEXT() REPRESENTATION_CONTEXT('2D SPACE',''
  ) );
#12154 = PCURVE('',#11767,#12155);
#12155 = DEFINITIONAL_REPRESENTATION('',(#12156),#12160);
#12156 = LINE('',#12157,#12158);
#12157 = CARTESIAN_POINT('',(-0.,3.2));
#12158 = VECTOR('',#12159,1.);
#12159 = DIRECTION('',(1.,0.));
#12160 = ( GEOMETRIC_REPRESENTATION_CONTEXT(2) 
PARAMETRIC_REPRESENTATION_CONTEXT() REPRESENTATION_CONTEXT('2D SPACE',''
  ) );
#12161 = ORIENTED_EDGE('',*,*,#11778,.T.);
#12162 = ADVANCED_FACE('',(#12163),#3218,.T.);
#12163 = FACE_BOUND('',#12164,.T.);
#12164 = EDGE_LOOP('',(#12165,#12166,#12167,#12168));
#12165 = ORIENTED_EDGE('',*,*,#11367,.F.);
#12166 = ORIENTED_EDGE('',*,*,#3202,.T.);
#12167 = ORIENTED_EDGE('',*,*,#8044,.T.);
#12168 = ORIENTED_EDGE('',*,*,#12169,.F.);
#12169 = EDGE_CURVE('',#9634,#8045,#12170,.T.);
#12170 = SURFACE_CURVE('',#12171,(#12175,#12181),.PCURVE_S1.);
#12171 = LINE('',#12172,#12173);
#12172 = CARTESIAN_POINT('',(8.,-27.,15.));
#12173 = VECTOR('',#12174,1.);
#12174 = DIRECTION('',(0.,0.,1.));
#12175 = PCURVE('',#3218,#12176);
#12176 = DEFINITIONAL_REPRESENTATION('',(#12177),#12180);
#12177 = B_SPLINE_CURVE_WITH_KNOTS('',1,(#12178,#12179),.UNSPECIFIED.,
  .F.,.F.,(2,2),(0.,3.),.PIECEWISE_BEZIER_KNOTS.);
#12178 = CARTESIAN_POINT('',(16.,0.));
#12179 = CARTESIAN_POINT('',(16.,-3.));
#12180 = ( GEOMETRIC_REPRESENTATION_CONTEXT(2) 
PARAMETRIC_REPRESENTATION_CONTEXT() REPRESENTATION_CONTEXT('2D SPACE',''
  ) );
#12181 = PCURVE('',#8083,#12182);
#12182 = DEFINITIONAL_REPRESENTATION('',(#12183),#12186);
#12183 = B_SPLINE_CURVE_WITH_KNOTS('',1,(#12184,#12185),.UNSPECIFIED.,
  .F.,.F.,(2,2),(0.,3.),.PIECEWISE_BEZIER_KNOTS.);
#12184 = CARTESIAN_POINT('',(21.,0.));
#12185 = CARTESIAN_POINT('',(21.,-3.));
#12186 = ( GEOMETRIC_REPRESENTATION_CONTEXT(2) 
PARAMETRIC_REPRESENTATION_CONTEXT() REPRESENTATION_CONTEXT('2D SPACE',''
  ) );
#12187 = ADVANCED_FACE('',(#12188),#3268,.T.);
#12188 = FACE_BOUND('',#12189,.T.);
#12189 = EDGE_LOOP('',(#12190,#12211,#12212,#12213));
#12190 = ORIENTED_EDGE('',*,*,#12191,.F.);
#12191 = EDGE_CURVE('',#8000,#12192,#12194,.T.);
#12192 = VERTEX_POINT('',#12193);
#12193 = CARTESIAN_POINT('',(19.,-27.,15.));
#12194 = SURFACE_CURVE('',#12195,(#12199,#12205),.PCURVE_S1.);
#12195 = LINE('',#12196,#12197);
#12196 = CARTESIAN_POINT('',(19.,-27.,15.));
#12197 = VECTOR('',#12198,1.);
#12198 = DIRECTION('',(0.,0.,-1.));
#12199 = PCURVE('',#3268,#12200);
#12200 = DEFINITIONAL_REPRESENTATION('',(#12201),#12204);
#12201 = B_SPLINE_CURVE_WITH_KNOTS('',1,(#12202,#12203),.UNSPECIFIED.,
  .F.,.F.,(2,2),(-3.,0.),.PIECEWISE_BEZIER_KNOTS.);
#12202 = CARTESIAN_POINT('',(70.,-3.));
#12203 = CARTESIAN_POINT('',(70.,0.));
#12204 = ( GEOMETRIC_REPRESENTATION_CONTEXT(2) 
PARAMETRIC_REPRESENTATION_CONTEXT() REPRESENTATION_CONTEXT('2D SPACE',''
  ) );
#12205 = PCURVE('',#4321,#12206);
#12206 = DEFINITIONAL_REPRESENTATION('',(#12207),#12210);
#12207 = B_SPLINE_CURVE_WITH_KNOTS('',1,(#12208,#12209),.UNSPECIFIED.,
  .F.,.F.,(2,2),(-3.,0.),.PIECEWISE_BEZIER_KNOTS.);
#12208 = CARTESIAN_POINT('',(10.,-3.));
#12209 = CARTESIAN_POINT('',(10.,0.));
#12210 = ( GEOMETRIC_REPRESENTATION_CONTEXT(2) 
PARAMETRIC_REPRESENTATION_CONTEXT() REPRESENTATION_CONTEXT('2D SPACE',''
  ) );
#12211 = ORIENTED_EDGE('',*,*,#8022,.T.);
#12212 = ORIENTED_EDGE('',*,*,#3253,.F.);
#12213 = ORIENTED_EDGE('',*,*,#12214,.F.);
#12214 = EDGE_CURVE('',#12192,#3254,#12215,.T.);
#12215 = SURFACE_CURVE('',#12216,(#12220,#12227),.PCURVE_S1.);
#12216 = LINE('',#12217,#12218);
#12217 = CARTESIAN_POINT('',(19.,43.,15.));
#12218 = VECTOR('',#12219,1.);
#12219 = DIRECTION('',(-1.110223024625E-16,-1.,0.));
#12220 = PCURVE('',#3268,#12221);
#12221 = DEFINITIONAL_REPRESENTATION('',(#12222),#12226);
#12222 = LINE('',#12223,#12224);
#12223 = CARTESIAN_POINT('',(0.,0.));
#12224 = VECTOR('',#12225,1.);
#12225 = DIRECTION('',(1.,0.));
#12226 = ( GEOMETRIC_REPRESENTATION_CONTEXT(2) 
PARAMETRIC_REPRESENTATION_CONTEXT() REPRESENTATION_CONTEXT('2D SPACE',''
  ) );
#12227 = PCURVE('',#3497,#12228);
#12228 = DEFINITIONAL_REPRESENTATION('',(#12229),#12233);
#12229 = LINE('',#12230,#12231);
#12230 = CARTESIAN_POINT('',(6.553092781275,43.));
#12231 = VECTOR('',#12232,1.);
#12232 = DIRECTION('',(-7.285047175784E-17,-1.));
#12233 = ( GEOMETRIC_REPRESENTATION_CONTEXT(2) 
PARAMETRIC_REPRESENTATION_CONTEXT() REPRESENTATION_CONTEXT('2D SPACE',''
  ) );
#12234 = ADVANCED_FACE('',(#12235),#3349,.F.);
#12235 = FACE_BOUND('',#12236,.F.);
#12236 = EDGE_LOOP('',(#12237,#12238,#12239,#12240,#12259,#12260,#12261,
    #12282));
#12237 = ORIENTED_EDGE('',*,*,#3326,.F.);
#12238 = ORIENTED_EDGE('',*,*,#3533,.T.);
#12239 = ORIENTED_EDGE('',*,*,#12074,.T.);
#12240 = ORIENTED_EDGE('',*,*,#12241,.T.);
#12241 = EDGE_CURVE('',#12075,#11877,#12242,.T.);
#12242 = SURFACE_CURVE('',#12243,(#12247,#12253),.PCURVE_S1.);
#12243 = LINE('',#12244,#12245);
#12244 = CARTESIAN_POINT('',(-9.5,23.279069767442,10.720930232558));
#12245 = VECTOR('',#12246,1.);
#12246 = DIRECTION('',(1.,0.,0.));
#12247 = PCURVE('',#3349,#12248);
#12248 = DEFINITIONAL_REPRESENTATION('',(#12249),#12252);
#12249 = B_SPLINE_CURVE_WITH_KNOTS('',1,(#12250,#12251),.UNSPECIFIED.,
  .F.,.F.,(2,2),(-12.7,-6.3),.PIECEWISE_BEZIER_KNOTS.);
#12250 = CARTESIAN_POINT('',(0.882487886716,22.2));
#12251 = CARTESIAN_POINT('',(0.882487886716,15.8));
#12252 = ( GEOMETRIC_REPRESENTATION_CONTEXT(2) 
PARAMETRIC_REPRESENTATION_CONTEXT() REPRESENTATION_CONTEXT('2D SPACE',''
  ) );
#12253 = PCURVE('',#11913,#12254);
#12254 = DEFINITIONAL_REPRESENTATION('',(#12255),#12258);
#12255 = B_SPLINE_CURVE_WITH_KNOTS('',1,(#12256,#12257),.UNSPECIFIED.,
  .F.,.F.,(2,2),(-12.7,-6.3),.PIECEWISE_BEZIER_KNOTS.);
#12256 = CARTESIAN_POINT('',(2.433762874782,3.2));
#12257 = CARTESIAN_POINT('',(2.433762874782,-3.2));
#12258 = ( GEOMETRIC_REPRESENTATION_CONTEXT(2) 
PARAMETRIC_REPRESENTATION_CONTEXT() REPRESENTATION_CONTEXT('2D SPACE',''
  ) );
#12259 = ORIENTED_EDGE('',*,*,#11876,.F.);
#12260 = ORIENTED_EDGE('',*,*,#3624,.T.);
#12261 = ORIENTED_EDGE('',*,*,#12262,.F.);
#12262 = EDGE_CURVE('',#12263,#3625,#12265,.T.);
#12263 = VERTEX_POINT('',#12264);
#12264 = CARTESIAN_POINT('',(-19.,27.,15.));
#12265 = SURFACE_CURVE('',#12266,(#12270,#12276),.PCURVE_S1.);
#12266 = LINE('',#12267,#12268);
#12267 = CARTESIAN_POINT('',(-10.57460496614,18.57460496614,
    5.310795711061));
#12268 = VECTOR('',#12269,1.);
#12269 = DIRECTION('',(0.548614782048,-0.548614782048,-0.630906999356));
#12270 = PCURVE('',#3349,#12271);
#12271 = DEFINITIONAL_REPRESENTATION('',(#12272),#12275);
#12272 = B_SPLINE_CURVE_WITH_KNOTS('',1,(#12273,#12274),.UNSPECIFIED.,
  .F.,.F.,(2,2),(-15.35757932442,-7.519657086994),
  .PIECEWISE_BEZIER_KNOTS.);
#12273 = CARTESIAN_POINT('',(6.553092781275,19.));
#12274 = CARTESIAN_POINT('',(-8.881784197001E-16,14.7));
#12275 = ( GEOMETRIC_REPRESENTATION_CONTEXT(2) 
PARAMETRIC_REPRESENTATION_CONTEXT() REPRESENTATION_CONTEXT('2D SPACE',''
  ) );
#12276 = PCURVE('',#3841,#12277);
#12277 = DEFINITIONAL_REPRESENTATION('',(#12278),#12281);
#12278 = B_SPLINE_CURVE_WITH_KNOTS('',1,(#12279,#12280),.UNSPECIFIED.,
  .F.,.F.,(2,2),(-15.35757932442,-7.519657086994),
  .PIECEWISE_BEZIER_KNOTS.);
#12279 = CARTESIAN_POINT('',(-1.7763568394E-15,27.));
#12280 = CARTESIAN_POINT('',(6.553092781275,22.7));
#12281 = ( GEOMETRIC_REPRESENTATION_CONTEXT(2) 
PARAMETRIC_REPRESENTATION_CONTEXT() REPRESENTATION_CONTEXT('2D SPACE',''
  ) );
#12282 = ORIENTED_EDGE('',*,*,#12283,.F.);
#12283 = EDGE_CURVE('',#3327,#12263,#12284,.T.);
#12284 = SURFACE_CURVE('',#12285,(#12289,#12296),.PCURVE_S1.);
#12285 = LINE('',#12286,#12287);
#12286 = CARTESIAN_POINT('',(-29.,27.,15.));
#12287 = VECTOR('',#12288,1.);
#12288 = DIRECTION('',(1.,0.,0.));
#12289 = PCURVE('',#3349,#12290);
#12290 = DEFINITIONAL_REPRESENTATION('',(#12291),#12295);
#12291 = LINE('',#12292,#12293);
#12292 = CARTESIAN_POINT('',(6.553092781275,29.));
#12293 = VECTOR('',#12294,1.);
#12294 = DIRECTION('',(0.,-1.));
#12295 = ( GEOMETRIC_REPRESENTATION_CONTEXT(2) 
PARAMETRIC_REPRESENTATION_CONTEXT() REPRESENTATION_CONTEXT('2D SPACE',''
  ) );
#12296 = PCURVE('',#3377,#12297);
#12297 = DEFINITIONAL_REPRESENTATION('',(#12298),#12302);
#12298 = LINE('',#12299,#12300);
#12299 = CARTESIAN_POINT('',(0.,0.));
#12300 = VECTOR('',#12301,1.);
#12301 = DIRECTION('',(1.,0.));
#12302 = ( GEOMETRIC_REPRESENTATION_CONTEXT(2) 
PARAMETRIC_REPRESENTATION_CONTEXT() REPRESENTATION_CONTEXT('2D SPACE',''
  ) );
#12303 = ADVANCED_FACE('',(#12304),#3377,.T.);
#12304 = FACE_BOUND('',#12305,.T.);
#12305 = EDGE_LOOP('',(#12306,#12307,#12308,#12309));
#12306 = ORIENTED_EDGE('',*,*,#12283,.F.);
#12307 = ORIENTED_EDGE('',*,*,#3361,.T.);
#12308 = ORIENTED_EDGE('',*,*,#8213,.T.);
#12309 = ORIENTED_EDGE('',*,*,#12310,.T.);
#12310 = EDGE_CURVE('',#8214,#12263,#12311,.T.);
#12311 = SURFACE_CURVE('',#12312,(#12316,#12322),.PCURVE_S1.);
#12312 = LINE('',#12313,#12314);
#12313 = CARTESIAN_POINT('',(-19.,27.,15.));
#12314 = VECTOR('',#12315,1.);
#12315 = DIRECTION('',(0.,0.,-1.));
#12316 = PCURVE('',#3377,#12317);
#12317 = DEFINITIONAL_REPRESENTATION('',(#12318),#12321);
#12318 = B_SPLINE_CURVE_WITH_KNOTS('',1,(#12319,#12320),.UNSPECIFIED.,
  .F.,.F.,(2,2),(-3.,0.),.PIECEWISE_BEZIER_KNOTS.);
#12319 = CARTESIAN_POINT('',(10.,-3.));
#12320 = CARTESIAN_POINT('',(10.,0.));
#12321 = ( GEOMETRIC_REPRESENTATION_CONTEXT(2) 
PARAMETRIC_REPRESENTATION_CONTEXT() REPRESENTATION_CONTEXT('2D SPACE',''
  ) );
#12322 = PCURVE('',#4230,#12323);
#12323 = DEFINITIONAL_REPRESENTATION('',(#12324),#12327);
#12324 = B_SPLINE_CURVE_WITH_KNOTS('',1,(#12325,#12326),.UNSPECIFIED.,
  .F.,.F.,(2,2),(-3.,0.),.PIECEWISE_BEZIER_KNOTS.);
#12325 = CARTESIAN_POINT('',(70.,-3.));
#12326 = CARTESIAN_POINT('',(70.,0.));
#12327 = ( GEOMETRIC_REPRESENTATION_CONTEXT(2) 
PARAMETRIC_REPRESENTATION_CONTEXT() REPRESENTATION_CONTEXT('2D SPACE',''
  ) );
#12328 = ADVANCED_FACE('',(#12329),#3428,.T.);
#12329 = FACE_BOUND('',#12330,.T.);
#12330 = EDGE_LOOP('',(#12331,#12350,#12351,#12352));
#12331 = ORIENTED_EDGE('',*,*,#12332,.T.);
#12332 = EDGE_CURVE('',#9995,#8164,#12333,.T.);
#12333 = SURFACE_CURVE('',#12334,(#12338,#12344),.PCURVE_S1.);
#12334 = LINE('',#12335,#12336);
#12335 = CARTESIAN_POINT('',(-19.,16.,15.));
#12336 = VECTOR('',#12337,1.);
#12337 = DIRECTION('',(0.,0.,1.));
#12338 = PCURVE('',#3428,#12339);
#12339 = DEFINITIONAL_REPRESENTATION('',(#12340),#12343);
#12340 = B_SPLINE_CURVE_WITH_KNOTS('',1,(#12341,#12342),.UNSPECIFIED.,
  .F.,.F.,(2,2),(0.,3.),.PIECEWISE_BEZIER_KNOTS.);
#12341 = CARTESIAN_POINT('',(48.,0.));
#12342 = CARTESIAN_POINT('',(48.,-3.));
#12343 = ( GEOMETRIC_REPRESENTATION_CONTEXT(2) 
PARAMETRIC_REPRESENTATION_CONTEXT() REPRESENTATION_CONTEXT('2D SPACE',''
  ) );
#12344 = PCURVE('',#8179,#12345);
#12345 = DEFINITIONAL_REPRESENTATION('',(#12346),#12349);
#12346 = B_SPLINE_CURVE_WITH_KNOTS('',1,(#12347,#12348),.UNSPECIFIED.,
  .F.,.F.,(2,2),(0.,3.),.PIECEWISE_BEZIER_KNOTS.);
#12347 = CARTESIAN_POINT('',(59.,0.));
#12348 = CARTESIAN_POINT('',(59.,-3.));
#12349 = ( GEOMETRIC_REPRESENTATION_CONTEXT(2) 
PARAMETRIC_REPRESENTATION_CONTEXT() REPRESENTATION_CONTEXT('2D SPACE',''
  ) );
#12350 = ORIENTED_EDGE('',*,*,#8191,.T.);
#12351 = ORIENTED_EDGE('',*,*,#3412,.F.);
#12352 = ORIENTED_EDGE('',*,*,#11708,.F.);
#12353 = ADVANCED_FACE('',(#12354),#3497,.F.);
#12354 = FACE_BOUND('',#12355,.F.);
#12355 = EDGE_LOOP('',(#12356,#12357,#12376,#12377,#12378,#12397,#12398,
    #12399));
#12356 = ORIENTED_EDGE('',*,*,#12214,.F.);
#12357 = ORIENTED_EDGE('',*,*,#12358,.T.);
#12358 = EDGE_CURVE('',#12192,#3671,#12359,.T.);
#12359 = SURFACE_CURVE('',#12360,(#12364,#12370),.PCURVE_S1.);
#12360 = LINE('',#12361,#12362);
#12361 = CARTESIAN_POINT('',(10.57460496614,-18.57460496614,
    5.310795711061));
#12362 = VECTOR('',#12363,1.);
#12363 = DIRECTION('',(-0.548614782048,0.548614782048,-0.630906999356));
#12364 = PCURVE('',#3497,#12365);
#12365 = DEFINITIONAL_REPRESENTATION('',(#12366),#12369);
#12366 = B_SPLINE_CURVE_WITH_KNOTS('',1,(#12367,#12368),.UNSPECIFIED.,
  .F.,.F.,(2,2),(-15.35757932442,-7.519657086994),
  .PIECEWISE_BEZIER_KNOTS.);
#12367 = CARTESIAN_POINT('',(6.553092781275,-27.));
#12368 = CARTESIAN_POINT('',(-8.881784197001E-16,-22.7));
#12369 = ( GEOMETRIC_REPRESENTATION_CONTEXT(2) 
PARAMETRIC_REPRESENTATION_CONTEXT() REPRESENTATION_CONTEXT('2D SPACE',''
  ) );
#12370 = PCURVE('',#3973,#12371);
#12371 = DEFINITIONAL_REPRESENTATION('',(#12372),#12375);
#12372 = B_SPLINE_CURVE_WITH_KNOTS('',1,(#12373,#12374),.UNSPECIFIED.,
  .F.,.F.,(2,2),(-15.35757932442,-7.519657086994),
  .PIECEWISE_BEZIER_KNOTS.);
#12373 = CARTESIAN_POINT('',(1.7763568394E-15,-19.));
#12374 = CARTESIAN_POINT('',(6.553092781275,-14.7));
#12375 = ( GEOMETRIC_REPRESENTATION_CONTEXT(2) 
PARAMETRIC_REPRESENTATION_CONTEXT() REPRESENTATION_CONTEXT('2D SPACE',''
  ) );
#12376 = ORIENTED_EDGE('',*,*,#3691,.T.);
#12377 = ORIENTED_EDGE('',*,*,#11616,.T.);
#12378 = ORIENTED_EDGE('',*,*,#12379,.T.);
#12379 = EDGE_CURVE('',#11617,#11485,#12380,.T.);
#12380 = SURFACE_CURVE('',#12381,(#12385,#12391),.PCURVE_S1.);
#12381 = LINE('',#12382,#12383);
#12382 = CARTESIAN_POINT('',(15.976744186047,-15.25,11.523255813953));
#12383 = VECTOR('',#12384,1.);
#12384 = DIRECTION('',(0.,-1.,0.));
#12385 = PCURVE('',#3497,#12386);
#12386 = DEFINITIONAL_REPRESENTATION('',(#12387),#12390);
#12387 = B_SPLINE_CURVE_WITH_KNOTS('',1,(#12388,#12389),.UNSPECIFIED.,
  .F.,.F.,(2,2),(12.05,18.45),.PIECEWISE_BEZIER_KNOTS.);
#12388 = CARTESIAN_POINT('',(1.945726304446,-27.3));
#12389 = CARTESIAN_POINT('',(1.945726304446,-33.7));
#12390 = ( GEOMETRIC_REPRESENTATION_CONTEXT(2) 
PARAMETRIC_REPRESENTATION_CONTEXT() REPRESENTATION_CONTEXT('2D SPACE',''
  ) );
#12391 = PCURVE('',#11521,#12392);
#12392 = DEFINITIONAL_REPRESENTATION('',(#12393),#12396);
#12393 = B_SPLINE_CURVE_WITH_KNOTS('',1,(#12394,#12395),.UNSPECIFIED.,
  .F.,.F.,(2,2),(12.05,18.45),.PIECEWISE_BEZIER_KNOTS.);
#12394 = CARTESIAN_POINT('',(4.982636155803,3.2));
#12395 = CARTESIAN_POINT('',(4.982636155803,-3.2));
#12396 = ( GEOMETRIC_REPRESENTATION_CONTEXT(2) 
PARAMETRIC_REPRESENTATION_CONTEXT() REPRESENTATION_CONTEXT('2D SPACE',''
  ) );
#12397 = ORIENTED_EDGE('',*,*,#11484,.F.);
#12398 = ORIENTED_EDGE('',*,*,#3777,.T.);
#12399 = ORIENTED_EDGE('',*,*,#3474,.F.);
#12400 = ADVANCED_FACE('',(#12401),#3592,.T.);
#12401 = FACE_BOUND('',#12402,.T.);
#12402 = EDGE_LOOP('',(#12403,#12424,#12425,#12426));
#12403 = ORIENTED_EDGE('',*,*,#12404,.T.);
#12404 = EDGE_CURVE('',#12030,#11827,#12405,.T.);
#12405 = SURFACE_CURVE('',#12406,(#12410,#12417),.PCURVE_S1.);
#12406 = LINE('',#12407,#12408);
#12407 = CARTESIAN_POINT('',(-22.2,22.,3.));
#12408 = VECTOR('',#12409,1.);
#12409 = DIRECTION('',(1.,0.,0.));
#12410 = PCURVE('',#3592,#12411);
#12411 = DEFINITIONAL_REPRESENTATION('',(#12412),#12416);
#12412 = LINE('',#12413,#12414);
#12413 = CARTESIAN_POINT('',(0.,3.2));
#12414 = VECTOR('',#12415,1.);
#12415 = DIRECTION('',(0.,-1.));
#12416 = ( GEOMETRIC_REPRESENTATION_CONTEXT(2) 
PARAMETRIC_REPRESENTATION_CONTEXT() REPRESENTATION_CONTEXT('2D SPACE',''
  ) );
#12417 = PCURVE('',#11842,#12418);
#12418 = DEFINITIONAL_REPRESENTATION('',(#12419),#12423);
#12419 = LINE('',#12420,#12421);
#12420 = CARTESIAN_POINT('',(1.,3.2));
#12421 = VECTOR('',#12422,1.);
#12422 = DIRECTION('',(0.,-1.));
#12423 = ( GEOMETRIC_REPRESENTATION_CONTEXT(2) 
PARAMETRIC_REPRESENTATION_CONTEXT() REPRESENTATION_CONTEXT('2D SPACE',''
  ) );
#12424 = ORIENTED_EDGE('',*,*,#11854,.T.);
#12425 = ORIENTED_EDGE('',*,*,#3577,.F.);
#12426 = ORIENTED_EDGE('',*,*,#12052,.F.);
#12427 = ADVANCED_FACE('',(#12428),#3841,.F.);
#12428 = FACE_BOUND('',#12429,.F.);
#12429 = EDGE_LOOP('',(#12430,#12451,#12452,#12453,#12474,#12500,#12519,
    #12520));
#12430 = ORIENTED_EDGE('',*,*,#12431,.F.);
#12431 = EDGE_CURVE('',#12263,#4216,#12432,.T.);
#12432 = SURFACE_CURVE('',#12433,(#12437,#12444),.PCURVE_S1.);
#12433 = LINE('',#12434,#12435);
#12434 = CARTESIAN_POINT('',(-19.,-43.,15.));
#12435 = VECTOR('',#12436,1.);
#12436 = DIRECTION('',(1.110223024625E-16,1.,0.));
#12437 = PCURVE('',#3841,#12438);
#12438 = DEFINITIONAL_REPRESENTATION('',(#12439),#12443);
#12439 = LINE('',#12440,#12441);
#12440 = CARTESIAN_POINT('',(-1.340448680344E-15,-43.));
#12441 = VECTOR('',#12442,1.);
#12442 = DIRECTION('',(7.285047175784E-17,1.));
#12443 = ( GEOMETRIC_REPRESENTATION_CONTEXT(2) 
PARAMETRIC_REPRESENTATION_CONTEXT() REPRESENTATION_CONTEXT('2D SPACE',''
  ) );
#12444 = PCURVE('',#4230,#12445);
#12445 = DEFINITIONAL_REPRESENTATION('',(#12446),#12450);
#12446 = LINE('',#12447,#12448);
#12447 = CARTESIAN_POINT('',(0.,0.));
#12448 = VECTOR('',#12449,1.);
#12449 = DIRECTION('',(1.,0.));
#12450 = ( GEOMETRIC_REPRESENTATION_CONTEXT(2) 
PARAMETRIC_REPRESENTATION_CONTEXT() REPRESENTATION_CONTEXT('2D SPACE',''
  ) );
#12451 = ORIENTED_EDGE('',*,*,#12262,.T.);
#12452 = ORIENTED_EDGE('',*,*,#3931,.T.);
#12453 = ORIENTED_EDGE('',*,*,#12454,.F.);
#12454 = EDGE_CURVE('',#12455,#3906,#12457,.T.);
#12455 = VERTEX_POINT('',#12456);
#12456 = CARTESIAN_POINT('',(-15.97674418604,27.3,11.523255813953));
#12457 = SURFACE_CURVE('',#12458,(#12462,#12468),.PCURVE_S1.);
#12458 = LINE('',#12459,#12460);
#12459 = CARTESIAN_POINT('',(-15.95909580193,27.3,11.502960172228));
#12460 = VECTOR('',#12461,1.);
#12461 = DIRECTION('',(0.656178714925,0.,-0.754605522164));
#12462 = PCURVE('',#3841,#12463);
#12463 = DEFINITIONAL_REPRESENTATION('',(#12464),#12467);
#12464 = B_SPLINE_CURVE_WITH_KNOTS('',1,(#12465,#12466),.UNSPECIFIED.,
  .F.,.F.,(2,2),(-0.658675046992,1.918830607119),
  .PIECEWISE_BEZIER_KNOTS.);
#12465 = CARTESIAN_POINT('',(3.975587127164,27.3));
#12466 = CARTESIAN_POINT('',(6.553092781275,27.3));
#12467 = ( GEOMETRIC_REPRESENTATION_CONTEXT(2) 
PARAMETRIC_REPRESENTATION_CONTEXT() REPRESENTATION_CONTEXT('2D SPACE',''
  ) );
#12468 = PCURVE('',#3920,#12469);
#12469 = DEFINITIONAL_REPRESENTATION('',(#12470),#12473);
#12470 = B_SPLINE_CURVE_WITH_KNOTS('',1,(#12471,#12472),.UNSPECIFIED.,
  .F.,.F.,(2,2),(-0.658675046992,1.918830607119),
  .PIECEWISE_BEZIER_KNOTS.);
#12471 = CARTESIAN_POINT('',(-4.5,-2.891304347826));
#12472 = CARTESIAN_POINT('',(-2.555,-1.2));
#12473 = ( GEOMETRIC_REPRESENTATION_CONTEXT(2) 
PARAMETRIC_REPRESENTATION_CONTEXT() REPRESENTATION_CONTEXT('2D SPACE',''
  ) );
#12474 = ORIENTED_EDGE('',*,*,#12475,.T.);
#12475 = EDGE_CURVE('',#12455,#12476,#12478,.T.);
#12476 = VERTEX_POINT('',#12477);
#12477 = CARTESIAN_POINT('',(-15.97674418604,33.7,11.523255813953));
#12478 = SURFACE_CURVE('',#12479,(#12483,#12489),.PCURVE_S1.);
#12479 = LINE('',#12480,#12481);
#12480 = CARTESIAN_POINT('',(-15.97674418604,15.25,11.523255813953));
#12481 = VECTOR('',#12482,1.);
#12482 = DIRECTION('',(-0.,1.,0.));
#12483 = PCURVE('',#3841,#12484);
#12484 = DEFINITIONAL_REPRESENTATION('',(#12485),#12488);
#12485 = B_SPLINE_CURVE_WITH_KNOTS('',1,(#12486,#12487),.UNSPECIFIED.,
  .F.,.F.,(2,2),(12.05,18.45),.PIECEWISE_BEZIER_KNOTS.);
#12486 = CARTESIAN_POINT('',(4.607366476829,27.3));
#12487 = CARTESIAN_POINT('',(4.607366476829,33.7));
#12488 = ( GEOMETRIC_REPRESENTATION_CONTEXT(2) 
PARAMETRIC_REPRESENTATION_CONTEXT() REPRESENTATION_CONTEXT('2D SPACE',''
  ) );
#12489 = PCURVE('',#12490,#12495);
#12490 = PLANE('',#12491);
#12491 = AXIS2_PLACEMENT_3D('',#12492,#12493,#12494);
#12492 = CARTESIAN_POINT('',(-15.5,30.5,12.));
#12493 = DIRECTION('',(0.707106781187,0.,-0.707106781187));
#12494 = DIRECTION('',(-0.707106781187,0.,-0.707106781187));
#12495 = DEFINITIONAL_REPRESENTATION('',(#12496),#12499);
#12496 = B_SPLINE_CURVE_WITH_KNOTS('',1,(#12497,#12498),.UNSPECIFIED.,
  .F.,.F.,(2,2),(12.05,18.45),.PIECEWISE_BEZIER_KNOTS.);
#12497 = CARTESIAN_POINT('',(0.674218093689,-3.2));
#12498 = CARTESIAN_POINT('',(0.674218093689,3.2));
#12499 = ( GEOMETRIC_REPRESENTATION_CONTEXT(2) 
PARAMETRIC_REPRESENTATION_CONTEXT() REPRESENTATION_CONTEXT('2D SPACE',''
  ) );
#12500 = ORIENTED_EDGE('',*,*,#12501,.T.);
#12501 = EDGE_CURVE('',#12476,#3826,#12502,.T.);
#12502 = SURFACE_CURVE('',#12503,(#12507,#12513),.PCURVE_S1.);
#12503 = LINE('',#12504,#12505);
#12504 = CARTESIAN_POINT('',(-15.95909580193,33.7,11.502960172228));
#12505 = VECTOR('',#12506,1.);
#12506 = DIRECTION('',(0.656178714925,0.,-0.754605522164));
#12507 = PCURVE('',#3841,#12508);
#12508 = DEFINITIONAL_REPRESENTATION('',(#12509),#12512);
#12509 = B_SPLINE_CURVE_WITH_KNOTS('',1,(#12510,#12511),.UNSPECIFIED.,
  .F.,.F.,(2,2),(-0.658675046992,1.918830607119),
  .PIECEWISE_BEZIER_KNOTS.);
#12510 = CARTESIAN_POINT('',(3.975587127164,33.7));
#12511 = CARTESIAN_POINT('',(6.553092781275,33.7));
#12512 = ( GEOMETRIC_REPRESENTATION_CONTEXT(2) 
PARAMETRIC_REPRESENTATION_CONTEXT() REPRESENTATION_CONTEXT('2D SPACE',''
  ) );
#12513 = PCURVE('',#3868,#12514);
#12514 = DEFINITIONAL_REPRESENTATION('',(#12515),#12518);
#12515 = B_SPLINE_CURVE_WITH_KNOTS('',1,(#12516,#12517),.UNSPECIFIED.,
  .F.,.F.,(2,2),(-0.658675046992,1.918830607119),
  .PIECEWISE_BEZIER_KNOTS.);
#12516 = CARTESIAN_POINT('',(-4.5,-2.891304347826));
#12517 = CARTESIAN_POINT('',(-2.555,-1.2));
#12518 = ( GEOMETRIC_REPRESENTATION_CONTEXT(2) 
PARAMETRIC_REPRESENTATION_CONTEXT() REPRESENTATION_CONTEXT('2D SPACE',''
  ) );
#12519 = ORIENTED_EDGE('',*,*,#3825,.T.);
#12520 = ORIENTED_EDGE('',*,*,#4242,.F.);
#12521 = ADVANCED_FACE('',(#12522),#3920,.F.);
#12522 = FACE_BOUND('',#12523,.F.);
#12523 = EDGE_LOOP('',(#12524,#12525,#12546,#12547,#12568,#12596,#12624,
    #12645));
#12524 = ORIENTED_EDGE('',*,*,#3905,.T.);
#12525 = ORIENTED_EDGE('',*,*,#12526,.T.);
#12526 = EDGE_CURVE('',#3880,#4491,#12527,.T.);
#12527 = SURFACE_CURVE('',#12528,(#12532,#12539),.PCURVE_S1.);
#12528 = LINE('',#12529,#12530);
#12529 = CARTESIAN_POINT('',(-15.5,27.3,3.));
#12530 = VECTOR('',#12531,1.);
#12531 = DIRECTION('',(1.,0.,0.));
#12532 = PCURVE('',#3920,#12533);
#12533 = DEFINITIONAL_REPRESENTATION('',(#12534),#12538);
#12534 = LINE('',#12535,#12536);
#12535 = CARTESIAN_POINT('',(4.5,-2.));
#12536 = VECTOR('',#12537,1.);
#12537 = DIRECTION('',(0.,1.));
#12538 = ( GEOMETRIC_REPRESENTATION_CONTEXT(2) 
PARAMETRIC_REPRESENTATION_CONTEXT() REPRESENTATION_CONTEXT('2D SPACE',''
  ) );
#12539 = PCURVE('',#3894,#12540);
#12540 = DEFINITIONAL_REPRESENTATION('',(#12541),#12545);
#12541 = LINE('',#12542,#12543);
#12542 = CARTESIAN_POINT('',(0.,-3.2));
#12543 = VECTOR('',#12544,1.);
#12544 = DIRECTION('',(1.,0.));
#12545 = ( GEOMETRIC_REPRESENTATION_CONTEXT(2) 
PARAMETRIC_REPRESENTATION_CONTEXT() REPRESENTATION_CONTEXT('2D SPACE',''
  ) );
#12546 = ORIENTED_EDGE('',*,*,#4511,.F.);
#12547 = ORIENTED_EDGE('',*,*,#12548,.T.);
#12548 = EDGE_CURVE('',#4512,#12549,#12551,.T.);
#12549 = VERTEX_POINT('',#12550);
#12550 = CARTESIAN_POINT('',(-11.02325581395,27.3,11.523255813953));
#12551 = SURFACE_CURVE('',#12552,(#12556,#12562),.PCURVE_S1.);
#12552 = LINE('',#12553,#12554);
#12553 = CARTESIAN_POINT('',(-13.19090419806,27.3,9.030460172228));
#12554 = VECTOR('',#12555,1.);
#12555 = DIRECTION('',(0.656178714925,-0.,0.754605522164));
#12556 = PCURVE('',#3920,#12557);
#12557 = DEFINITIONAL_REPRESENTATION('',(#12558),#12561);
#12558 = B_SPLINE_CURVE_WITH_KNOTS('',1,(#12559,#12560),.UNSPECIFIED.,
  .F.,.F.,(2,2),(1.357715783519,3.93522143763),
  .PIECEWISE_BEZIER_KNOTS.);
#12559 = CARTESIAN_POINT('',(-2.555,1.2));
#12560 = CARTESIAN_POINT('',(-4.5,2.891304347826));
#12561 = ( GEOMETRIC_REPRESENTATION_CONTEXT(2) 
PARAMETRIC_REPRESENTATION_CONTEXT() REPRESENTATION_CONTEXT('2D SPACE',''
  ) );
#12562 = PCURVE('',#4153,#12563);
#12563 = DEFINITIONAL_REPRESENTATION('',(#12564),#12567);
#12564 = B_SPLINE_CURVE_WITH_KNOTS('',1,(#12565,#12566),.UNSPECIFIED.,
  .F.,.F.,(2,2),(1.357715783519,3.93522143763),
  .PIECEWISE_BEZIER_KNOTS.);
#12565 = CARTESIAN_POINT('',(0.,27.3));
#12566 = CARTESIAN_POINT('',(2.577505654111,27.3));
#12567 = ( GEOMETRIC_REPRESENTATION_CONTEXT(2) 
PARAMETRIC_REPRESENTATION_CONTEXT() REPRESENTATION_CONTEXT('2D SPACE',''
  ) );
#12568 = ORIENTED_EDGE('',*,*,#12569,.T.);
#12569 = EDGE_CURVE('',#12549,#12570,#12572,.T.);
#12570 = VERTEX_POINT('',#12571);
#12571 = CARTESIAN_POINT('',(-11.5,27.3,12.));
#12572 = SURFACE_CURVE('',#12573,(#12577,#12584),.PCURVE_S1.);
#12573 = LINE('',#12574,#12575);
#12574 = CARTESIAN_POINT('',(-7.5,27.3,8.));
#12575 = VECTOR('',#12576,1.);
#12576 = DIRECTION('',(-0.707106781187,0.,0.707106781187));
#12577 = PCURVE('',#3920,#12578);
#12578 = DEFINITIONAL_REPRESENTATION('',(#12579),#12583);
#12579 = LINE('',#12580,#12581);
#12580 = CARTESIAN_POINT('',(-0.5,6.));
#12581 = VECTOR('',#12582,1.);
#12582 = DIRECTION('',(-0.707106781187,-0.707106781187));
#12583 = ( GEOMETRIC_REPRESENTATION_CONTEXT(2) 
PARAMETRIC_REPRESENTATION_CONTEXT() REPRESENTATION_CONTEXT('2D SPACE',''
  ) );
#12584 = PCURVE('',#12585,#12590);
#12585 = PLANE('',#12586);
#12586 = AXIS2_PLACEMENT_3D('',#12587,#12588,#12589);
#12587 = CARTESIAN_POINT('',(-7.5,30.5,8.));
#12588 = DIRECTION('',(-0.707106781187,-0.,-0.707106781187));
#12589 = DIRECTION('',(-0.707106781187,0.,0.707106781187));
#12590 = DEFINITIONAL_REPRESENTATION('',(#12591),#12595);
#12591 = LINE('',#12592,#12593);
#12592 = CARTESIAN_POINT('',(0.,-3.2));
#12593 = VECTOR('',#12594,1.);
#12594 = DIRECTION('',(1.,0.));
#12595 = ( GEOMETRIC_REPRESENTATION_CONTEXT(2) 
PARAMETRIC_REPRESENTATION_CONTEXT() REPRESENTATION_CONTEXT('2D SPACE',''
  ) );
#12596 = ORIENTED_EDGE('',*,*,#12597,.T.);
#12597 = EDGE_CURVE('',#12570,#12598,#12600,.T.);
#12598 = VERTEX_POINT('',#12599);
#12599 = CARTESIAN_POINT('',(-15.5,27.3,12.));
#12600 = SURFACE_CURVE('',#12601,(#12605,#12612),.PCURVE_S1.);
#12601 = LINE('',#12602,#12603);
#12602 = CARTESIAN_POINT('',(-11.5,27.3,12.));
#12603 = VECTOR('',#12604,1.);
#12604 = DIRECTION('',(-1.,0.,0.));
#12605 = PCURVE('',#3920,#12606);
#12606 = DEFINITIONAL_REPRESENTATION('',(#12607),#12611);
#12607 = LINE('',#12608,#12609);
#12608 = CARTESIAN_POINT('',(-4.5,2.));
#12609 = VECTOR('',#12610,1.);
#12610 = DIRECTION('',(0.,-1.));
#12611 = ( GEOMETRIC_REPRESENTATION_CONTEXT(2) 
PARAMETRIC_REPRESENTATION_CONTEXT() REPRESENTATION_CONTEXT('2D SPACE',''
  ) );
#12612 = PCURVE('',#12613,#12618);
#12613 = PLANE('',#12614);
#12614 = AXIS2_PLACEMENT_3D('',#12615,#12616,#12617);
#12615 = CARTESIAN_POINT('',(-11.5,30.5,12.));
#12616 = DIRECTION('',(-0.,-0.,-1.));
#12617 = DIRECTION('',(-1.,0.,0.));
#12618 = DEFINITIONAL_REPRESENTATION('',(#12619),#12623);
#12619 = LINE('',#12620,#12621);
#12620 = CARTESIAN_POINT('',(0.,-3.2));
#12621 = VECTOR('',#12622,1.);
#12622 = DIRECTION('',(1.,0.));
#12623 = ( GEOMETRIC_REPRESENTATION_CONTEXT(2) 
PARAMETRIC_REPRESENTATION_CONTEXT() REPRESENTATION_CONTEXT('2D SPACE',''
  ) );
#12624 = ORIENTED_EDGE('',*,*,#12625,.T.);
#12625 = EDGE_CURVE('',#12598,#12455,#12626,.T.);
#12626 = SURFACE_CURVE('',#12627,(#12631,#12638),.PCURVE_S1.);
#12627 = LINE('',#12628,#12629);
#12628 = CARTESIAN_POINT('',(-15.5,27.3,12.));
#12629 = VECTOR('',#12630,1.);
#12630 = DIRECTION('',(-0.707106781187,0.,-0.707106781187));
#12631 = PCURVE('',#3920,#12632);
#12632 = DEFINITIONAL_REPRESENTATION('',(#12633),#12637);
#12633 = LINE('',#12634,#12635);
#12634 = CARTESIAN_POINT('',(-4.5,-2.));
#12635 = VECTOR('',#12636,1.);
#12636 = DIRECTION('',(0.707106781187,-0.707106781187));
#12637 = ( GEOMETRIC_REPRESENTATION_CONTEXT(2) 
PARAMETRIC_REPRESENTATION_CONTEXT() REPRESENTATION_CONTEXT('2D SPACE',''
  ) );
#12638 = PCURVE('',#12490,#12639);
#12639 = DEFINITIONAL_REPRESENTATION('',(#12640),#12644);
#12640 = LINE('',#12641,#12642);
#12641 = CARTESIAN_POINT('',(-0.,-3.2));
#12642 = VECTOR('',#12643,1.);
#12643 = DIRECTION('',(1.,0.));
#12644 = ( GEOMETRIC_REPRESENTATION_CONTEXT(2) 
PARAMETRIC_REPRESENTATION_CONTEXT() REPRESENTATION_CONTEXT('2D SPACE',''
  ) );
#12645 = ORIENTED_EDGE('',*,*,#12454,.T.);
#12646 = ADVANCED_FACE('',(#12647),#3894,.T.);
#12647 = FACE_BOUND('',#12648,.T.);
#12648 = EDGE_LOOP('',(#12649,#12650,#12651,#12652));
#12649 = ORIENTED_EDGE('',*,*,#3879,.T.);
#12650 = ORIENTED_EDGE('',*,*,#12526,.T.);
#12651 = ORIENTED_EDGE('',*,*,#4490,.F.);
#12652 = ORIENTED_EDGE('',*,*,#12653,.F.);
#12653 = EDGE_CURVE('',#3854,#4470,#12654,.T.);
#12654 = SURFACE_CURVE('',#12655,(#12659,#12666),.PCURVE_S1.);
#12655 = LINE('',#12656,#12657);
#12656 = CARTESIAN_POINT('',(-15.5,33.7,3.));
#12657 = VECTOR('',#12658,1.);
#12658 = DIRECTION('',(1.,0.,0.));
#12659 = PCURVE('',#3894,#12660);
#12660 = DEFINITIONAL_REPRESENTATION('',(#12661),#12665);
#12661 = LINE('',#12662,#12663);
#12662 = CARTESIAN_POINT('',(0.,3.2));
#12663 = VECTOR('',#12664,1.);
#12664 = DIRECTION('',(1.,0.));
#12665 = ( GEOMETRIC_REPRESENTATION_CONTEXT(2) 
PARAMETRIC_REPRESENTATION_CONTEXT() REPRESENTATION_CONTEXT('2D SPACE',''
  ) );
#12666 = PCURVE('',#3868,#12667);
#12667 = DEFINITIONAL_REPRESENTATION('',(#12668),#12672);
#12668 = LINE('',#12669,#12670);
#12669 = CARTESIAN_POINT('',(4.5,-2.));
#12670 = VECTOR('',#12671,1.);
#12671 = DIRECTION('',(0.,1.));
#12672 = ( GEOMETRIC_REPRESENTATION_CONTEXT(2) 
PARAMETRIC_REPRESENTATION_CONTEXT() REPRESENTATION_CONTEXT('2D SPACE',''
  ) );
#12673 = ADVANCED_FACE('',(#12674),#3868,.T.);
#12674 = FACE_BOUND('',#12675,.T.);
#12675 = EDGE_LOOP('',(#12676,#12677,#12678,#12679,#12700,#12723,#12746,
    #12767));
#12676 = ORIENTED_EDGE('',*,*,#3853,.T.);
#12677 = ORIENTED_EDGE('',*,*,#12653,.T.);
#12678 = ORIENTED_EDGE('',*,*,#4469,.F.);
#12679 = ORIENTED_EDGE('',*,*,#12680,.T.);
#12680 = EDGE_CURVE('',#4447,#12681,#12683,.T.);
#12681 = VERTEX_POINT('',#12682);
#12682 = CARTESIAN_POINT('',(-11.02325581395,33.7,11.523255813953));
#12683 = SURFACE_CURVE('',#12684,(#12688,#12694),.PCURVE_S1.);
#12684 = LINE('',#12685,#12686);
#12685 = CARTESIAN_POINT('',(-13.19090419806,33.7,9.030460172228));
#12686 = VECTOR('',#12687,1.);
#12687 = DIRECTION('',(0.656178714925,-0.,0.754605522164));
#12688 = PCURVE('',#3868,#12689);
#12689 = DEFINITIONAL_REPRESENTATION('',(#12690),#12693);
#12690 = B_SPLINE_CURVE_WITH_KNOTS('',1,(#12691,#12692),.UNSPECIFIED.,
  .F.,.F.,(2,2),(1.357715783519,3.93522143763),
  .PIECEWISE_BEZIER_KNOTS.);
#12691 = CARTESIAN_POINT('',(-2.555,1.2));
#12692 = CARTESIAN_POINT('',(-4.5,2.891304347826));
#12693 = ( GEOMETRIC_REPRESENTATION_CONTEXT(2) 
PARAMETRIC_REPRESENTATION_CONTEXT() REPRESENTATION_CONTEXT('2D SPACE',''
  ) );
#12694 = PCURVE('',#4153,#12695);
#12695 = DEFINITIONAL_REPRESENTATION('',(#12696),#12699);
#12696 = B_SPLINE_CURVE_WITH_KNOTS('',1,(#12697,#12698),.UNSPECIFIED.,
  .F.,.F.,(2,2),(1.357715783519,3.93522143763),
  .PIECEWISE_BEZIER_KNOTS.);
#12697 = CARTESIAN_POINT('',(0.,33.7));
#12698 = CARTESIAN_POINT('',(2.577505654111,33.7));
#12699 = ( GEOMETRIC_REPRESENTATION_CONTEXT(2) 
PARAMETRIC_REPRESENTATION_CONTEXT() REPRESENTATION_CONTEXT('2D SPACE',''
  ) );
#12700 = ORIENTED_EDGE('',*,*,#12701,.T.);
#12701 = EDGE_CURVE('',#12681,#12702,#12704,.T.);
#12702 = VERTEX_POINT('',#12703);
#12703 = CARTESIAN_POINT('',(-11.5,33.7,12.));
#12704 = SURFACE_CURVE('',#12705,(#12709,#12716),.PCURVE_S1.);
#12705 = LINE('',#12706,#12707);
#12706 = CARTESIAN_POINT('',(-7.5,33.7,8.));
#12707 = VECTOR('',#12708,1.);
#12708 = DIRECTION('',(-0.707106781187,0.,0.707106781187));
#12709 = PCURVE('',#3868,#12710);
#12710 = DEFINITIONAL_REPRESENTATION('',(#12711),#12715);
#12711 = LINE('',#12712,#12713);
#12712 = CARTESIAN_POINT('',(-0.5,6.));
#12713 = VECTOR('',#12714,1.);
#12714 = DIRECTION('',(-0.707106781187,-0.707106781187));
#12715 = ( GEOMETRIC_REPRESENTATION_CONTEXT(2) 
PARAMETRIC_REPRESENTATION_CONTEXT() REPRESENTATION_CONTEXT('2D SPACE',''
  ) );
#12716 = PCURVE('',#12585,#12717);
#12717 = DEFINITIONAL_REPRESENTATION('',(#12718),#12722);
#12718 = LINE('',#12719,#12720);
#12719 = CARTESIAN_POINT('',(0.,3.2));
#12720 = VECTOR('',#12721,1.);
#12721 = DIRECTION('',(1.,0.));
#12722 = ( GEOMETRIC_REPRESENTATION_CONTEXT(2) 
PARAMETRIC_REPRESENTATION_CONTEXT() REPRESENTATION_CONTEXT('2D SPACE',''
  ) );
#12723 = ORIENTED_EDGE('',*,*,#12724,.T.);
#12724 = EDGE_CURVE('',#12702,#12725,#12727,.T.);
#12725 = VERTEX_POINT('',#12726);
#12726 = CARTESIAN_POINT('',(-15.5,33.7,12.));
#12727 = SURFACE_CURVE('',#12728,(#12732,#12739),.PCURVE_S1.);
#12728 = LINE('',#12729,#12730);
#12729 = CARTESIAN_POINT('',(-11.5,33.7,12.));
#12730 = VECTOR('',#12731,1.);
#12731 = DIRECTION('',(-1.,0.,0.));
#12732 = PCURVE('',#3868,#12733);
#12733 = DEFINITIONAL_REPRESENTATION('',(#12734),#12738);
#12734 = LINE('',#12735,#12736);
#12735 = CARTESIAN_POINT('',(-4.5,2.));
#12736 = VECTOR('',#12737,1.);
#12737 = DIRECTION('',(0.,-1.));
#12738 = ( GEOMETRIC_REPRESENTATION_CONTEXT(2) 
PARAMETRIC_REPRESENTATION_CONTEXT() REPRESENTATION_CONTEXT('2D SPACE',''
  ) );
#12739 = PCURVE('',#12613,#12740);
#12740 = DEFINITIONAL_REPRESENTATION('',(#12741),#12745);
#12741 = LINE('',#12742,#12743);
#12742 = CARTESIAN_POINT('',(0.,3.2));
#12743 = VECTOR('',#12744,1.);
#12744 = DIRECTION('',(1.,0.));
#12745 = ( GEOMETRIC_REPRESENTATION_CONTEXT(2) 
PARAMETRIC_REPRESENTATION_CONTEXT() REPRESENTATION_CONTEXT('2D SPACE',''
  ) );
#12746 = ORIENTED_EDGE('',*,*,#12747,.T.);
#12747 = EDGE_CURVE('',#12725,#12476,#12748,.T.);
#12748 = SURFACE_CURVE('',#12749,(#12753,#12760),.PCURVE_S1.);
#12749 = LINE('',#12750,#12751);
#12750 = CARTESIAN_POINT('',(-15.5,33.7,12.));
#12751 = VECTOR('',#12752,1.);
#12752 = DIRECTION('',(-0.707106781187,0.,-0.707106781187));
#12753 = PCURVE('',#3868,#12754);
#12754 = DEFINITIONAL_REPRESENTATION('',(#12755),#12759);
#12755 = LINE('',#12756,#12757);
#12756 = CARTESIAN_POINT('',(-4.5,-2.));
#12757 = VECTOR('',#12758,1.);
#12758 = DIRECTION('',(0.707106781187,-0.707106781187));
#12759 = ( GEOMETRIC_REPRESENTATION_CONTEXT(2) 
PARAMETRIC_REPRESENTATION_CONTEXT() REPRESENTATION_CONTEXT('2D SPACE',''
  ) );
#12760 = PCURVE('',#12490,#12761);
#12761 = DEFINITIONAL_REPRESENTATION('',(#12762),#12766);
#12762 = LINE('',#12763,#12764);
#12763 = CARTESIAN_POINT('',(0.,3.2));
#12764 = VECTOR('',#12765,1.);
#12765 = DIRECTION('',(1.,0.));
#12766 = ( GEOMETRIC_REPRESENTATION_CONTEXT(2) 
PARAMETRIC_REPRESENTATION_CONTEXT() REPRESENTATION_CONTEXT('2D SPACE',''
  ) );
#12767 = ORIENTED_EDGE('',*,*,#12501,.T.);
#12768 = ADVANCED_FACE('',(#12769),#3973,.F.);
#12769 = FACE_BOUND('',#12770,.F.);
#12770 = EDGE_LOOP('',(#12771,#12792,#12793,#12794,#12815,#12841,#12860,
    #12861));
#12771 = ORIENTED_EDGE('',*,*,#12772,.F.);
#12772 = EDGE_CURVE('',#4277,#12192,#12773,.T.);
#12773 = SURFACE_CURVE('',#12774,(#12778,#12785),.PCURVE_S1.);
#12774 = LINE('',#12775,#12776);
#12775 = CARTESIAN_POINT('',(29.,-27.,15.));
#12776 = VECTOR('',#12777,1.);
#12777 = DIRECTION('',(-1.,0.,0.));
#12778 = PCURVE('',#3973,#12779);
#12779 = DEFINITIONAL_REPRESENTATION('',(#12780),#12784);
#12780 = LINE('',#12781,#12782);
#12781 = CARTESIAN_POINT('',(0.,-29.));
#12782 = VECTOR('',#12783,1.);
#12783 = DIRECTION('',(0.,1.));
#12784 = ( GEOMETRIC_REPRESENTATION_CONTEXT(2) 
PARAMETRIC_REPRESENTATION_CONTEXT() REPRESENTATION_CONTEXT('2D SPACE',''
  ) );
#12785 = PCURVE('',#4321,#12786);
#12786 = DEFINITIONAL_REPRESENTATION('',(#12787),#12791);
#12787 = LINE('',#12788,#12789);
#12788 = CARTESIAN_POINT('',(0.,-0.));
#12789 = VECTOR('',#12790,1.);
#12790 = DIRECTION('',(1.,0.));
#12791 = ( GEOMETRIC_REPRESENTATION_CONTEXT(2) 
PARAMETRIC_REPRESENTATION_CONTEXT() REPRESENTATION_CONTEXT('2D SPACE',''
  ) );
#12792 = ORIENTED_EDGE('',*,*,#4276,.F.);
#12793 = ORIENTED_EDGE('',*,*,#4063,.T.);
#12794 = ORIENTED_EDGE('',*,*,#12795,.F.);
#12795 = EDGE_CURVE('',#12796,#4038,#12798,.T.);
#12796 = VERTEX_POINT('',#12797);
#12797 = CARTESIAN_POINT('',(22.2,-23.27906976744,10.720930232558));
#12798 = SURFACE_CURVE('',#12799,(#12803,#12809),.PCURVE_S1.);
#12799 = LINE('',#12800,#12801);
#12800 = CARTESIAN_POINT('',(22.2,-23.95909580193,11.502960172228));
#12801 = VECTOR('',#12802,1.);
#12802 = DIRECTION('',(0.,0.656178714925,-0.754605522164));
#12803 = PCURVE('',#3973,#12804);
#12804 = DEFINITIONAL_REPRESENTATION('',(#12805),#12808);
#12805 = B_SPLINE_CURVE_WITH_KNOTS('',1,(#12806,#12807),.UNSPECIFIED.,
  .F.,.F.,(2,2),(-0.658675046992,1.918830607119),
  .PIECEWISE_BEZIER_KNOTS.);
#12806 = CARTESIAN_POINT('',(3.975587127164,-22.2));
#12807 = CARTESIAN_POINT('',(6.553092781275,-22.2));
#12808 = ( GEOMETRIC_REPRESENTATION_CONTEXT(2) 
PARAMETRIC_REPRESENTATION_CONTEXT() REPRESENTATION_CONTEXT('2D SPACE',''
  ) );
#12809 = PCURVE('',#4052,#12810);
#12810 = DEFINITIONAL_REPRESENTATION('',(#12811),#12814);
#12811 = B_SPLINE_CURVE_WITH_KNOTS('',1,(#12812,#12813),.UNSPECIFIED.,
  .F.,.F.,(2,2),(-0.658675046992,1.918830607119),
  .PIECEWISE_BEZIER_KNOTS.);
#12812 = CARTESIAN_POINT('',(4.5,2.891304347826));
#12813 = CARTESIAN_POINT('',(2.555,1.2));
#12814 = ( GEOMETRIC_REPRESENTATION_CONTEXT(2) 
PARAMETRIC_REPRESENTATION_CONTEXT() REPRESENTATION_CONTEXT('2D SPACE',''
  ) );
#12815 = ORIENTED_EDGE('',*,*,#12816,.T.);
#12816 = EDGE_CURVE('',#12796,#12817,#12819,.T.);
#12817 = VERTEX_POINT('',#12818);
#12818 = CARTESIAN_POINT('',(15.8,-23.27906976744,10.720930232558));
#12819 = SURFACE_CURVE('',#12820,(#12824,#12830),.PCURVE_S1.);
#12820 = LINE('',#12821,#12822);
#12821 = CARTESIAN_POINT('',(9.5,-23.27906976744,10.720930232558));
#12822 = VECTOR('',#12823,1.);
#12823 = DIRECTION('',(-1.,0.,-0.));
#12824 = PCURVE('',#3973,#12825);
#12825 = DEFINITIONAL_REPRESENTATION('',(#12826),#12829);
#12826 = B_SPLINE_CURVE_WITH_KNOTS('',1,(#12827,#12828),.UNSPECIFIED.,
  .F.,.F.,(2,2),(-12.7,-6.3),.PIECEWISE_BEZIER_KNOTS.);
#12827 = CARTESIAN_POINT('',(5.670604894559,-22.2));
#12828 = CARTESIAN_POINT('',(5.670604894559,-15.8));
#12829 = ( GEOMETRIC_REPRESENTATION_CONTEXT(2) 
PARAMETRIC_REPRESENTATION_CONTEXT() REPRESENTATION_CONTEXT('2D SPACE',''
  ) );
#12830 = PCURVE('',#12831,#12836);
#12831 = PLANE('',#12832);
#12832 = AXIS2_PLACEMENT_3D('',#12833,#12834,#12835);
#12833 = CARTESIAN_POINT('',(19.,-22.,12.));
#12834 = DIRECTION('',(0.,0.707106781187,-0.707106781187));
#12835 = DIRECTION('',(0.,-0.707106781187,-0.707106781187));
#12836 = DEFINITIONAL_REPRESENTATION('',(#12837),#12840);
#12837 = B_SPLINE_CURVE_WITH_KNOTS('',1,(#12838,#12839),.UNSPECIFIED.,
  .F.,.F.,(2,2),(-12.7,-6.3),.PIECEWISE_BEZIER_KNOTS.);
#12838 = CARTESIAN_POINT('',(1.808877812338,-3.2));
#12839 = CARTESIAN_POINT('',(1.808877812338,3.2));
#12840 = ( GEOMETRIC_REPRESENTATION_CONTEXT(2) 
PARAMETRIC_REPRESENTATION_CONTEXT() REPRESENTATION_CONTEXT('2D SPACE',''
  ) );
#12841 = ORIENTED_EDGE('',*,*,#12842,.T.);
#12842 = EDGE_CURVE('',#12817,#3958,#12843,.T.);
#12843 = SURFACE_CURVE('',#12844,(#12848,#12854),.PCURVE_S1.);
#12844 = LINE('',#12845,#12846);
#12845 = CARTESIAN_POINT('',(15.8,-23.95909580193,11.502960172228));
#12846 = VECTOR('',#12847,1.);
#12847 = DIRECTION('',(0.,0.656178714925,-0.754605522164));
#12848 = PCURVE('',#3973,#12849);
#12849 = DEFINITIONAL_REPRESENTATION('',(#12850),#12853);
#12850 = B_SPLINE_CURVE_WITH_KNOTS('',1,(#12851,#12852),.UNSPECIFIED.,
  .F.,.F.,(2,2),(-0.658675046992,1.918830607119),
  .PIECEWISE_BEZIER_KNOTS.);
#12851 = CARTESIAN_POINT('',(3.975587127164,-15.8));
#12852 = CARTESIAN_POINT('',(6.553092781275,-15.8));
#12853 = ( GEOMETRIC_REPRESENTATION_CONTEXT(2) 
PARAMETRIC_REPRESENTATION_CONTEXT() REPRESENTATION_CONTEXT('2D SPACE',''
  ) );
#12854 = PCURVE('',#4000,#12855);
#12855 = DEFINITIONAL_REPRESENTATION('',(#12856),#12859);
#12856 = B_SPLINE_CURVE_WITH_KNOTS('',1,(#12857,#12858),.UNSPECIFIED.,
  .F.,.F.,(2,2),(-0.658675046992,1.918830607119),
  .PIECEWISE_BEZIER_KNOTS.);
#12857 = CARTESIAN_POINT('',(4.5,2.891304347826));
#12858 = CARTESIAN_POINT('',(2.555,1.2));
#12859 = ( GEOMETRIC_REPRESENTATION_CONTEXT(2) 
PARAMETRIC_REPRESENTATION_CONTEXT() REPRESENTATION_CONTEXT('2D SPACE',''
  ) );
#12860 = ORIENTED_EDGE('',*,*,#3957,.T.);
#12861 = ORIENTED_EDGE('',*,*,#12358,.F.);
#12862 = ADVANCED_FACE('',(#12863),#4052,.F.);
#12863 = FACE_BOUND('',#12864,.F.);
#12864 = EDGE_LOOP('',(#12865,#12866,#12889,#12917,#12938,#12939,#12960,
    #12988,#13016,#13037));
#12865 = ORIENTED_EDGE('',*,*,#4037,.T.);
#12866 = ORIENTED_EDGE('',*,*,#12867,.T.);
#12867 = EDGE_CURVE('',#4012,#12868,#12870,.T.);
#12868 = VERTEX_POINT('',#12869);
#12869 = CARTESIAN_POINT('',(22.2,-22.,3.));
#12870 = SURFACE_CURVE('',#12871,(#12875,#12882),.PCURVE_S1.);
#12871 = LINE('',#12872,#12873);
#12872 = CARTESIAN_POINT('',(22.2,-25.,6.));
#12873 = VECTOR('',#12874,1.);
#12874 = DIRECTION('',(0.,0.707106781187,-0.707106781187));
#12875 = PCURVE('',#4052,#12876);
#12876 = DEFINITIONAL_REPRESENTATION('',(#12877),#12881);
#12877 = LINE('',#12878,#12879);
#12878 = CARTESIAN_POINT('',(-1.5,3.5));
#12879 = VECTOR('',#12880,1.);
#12880 = DIRECTION('',(-0.707106781187,-0.707106781187));
#12881 = ( GEOMETRIC_REPRESENTATION_CONTEXT(2) 
PARAMETRIC_REPRESENTATION_CONTEXT() REPRESENTATION_CONTEXT('2D SPACE',''
  ) );
#12882 = PCURVE('',#4026,#12883);
#12883 = DEFINITIONAL_REPRESENTATION('',(#12884),#12888);
#12884 = LINE('',#12885,#12886);
#12885 = CARTESIAN_POINT('',(0.,-3.2));
#12886 = VECTOR('',#12887,1.);
#12887 = DIRECTION('',(1.,0.));
#12888 = ( GEOMETRIC_REPRESENTATION_CONTEXT(2) 
PARAMETRIC_REPRESENTATION_CONTEXT() REPRESENTATION_CONTEXT('2D SPACE',''
  ) );
#12889 = ORIENTED_EDGE('',*,*,#12890,.T.);
#12890 = EDGE_CURVE('',#12868,#12891,#12893,.T.);
#12891 = VERTEX_POINT('',#12892);
#12892 = CARTESIAN_POINT('',(22.2,-21.,3.));
#12893 = SURFACE_CURVE('',#12894,(#12898,#12905),.PCURVE_S1.);
#12894 = LINE('',#12895,#12896);
#12895 = CARTESIAN_POINT('',(22.2,-22.,3.));
#12896 = VECTOR('',#12897,1.);
#12897 = DIRECTION('',(0.,1.,0.));
#12898 = PCURVE('',#4052,#12899);
#12899 = DEFINITIONAL_REPRESENTATION('',(#12900),#12904);
#12900 = LINE('',#12901,#12902);
#12901 = CARTESIAN_POINT('',(-4.5,0.5));
#12902 = VECTOR('',#12903,1.);
#12903 = DIRECTION('',(0.,-1.));
#12904 = ( GEOMETRIC_REPRESENTATION_CONTEXT(2) 
PARAMETRIC_REPRESENTATION_CONTEXT() REPRESENTATION_CONTEXT('2D SPACE',''
  ) );
#12905 = PCURVE('',#12906,#12911);
#12906 = PLANE('',#12907);
#12907 = AXIS2_PLACEMENT_3D('',#12908,#12909,#12910);
#12908 = CARTESIAN_POINT('',(19.,-22.,3.));
#12909 = DIRECTION('',(0.,0.,1.));
#12910 = DIRECTION('',(0.,1.,0.));
#12911 = DEFINITIONAL_REPRESENTATION('',(#12912),#12916);
#12912 = LINE('',#12913,#12914);
#12913 = CARTESIAN_POINT('',(0.,-3.2));
#12914 = VECTOR('',#12915,1.);
#12915 = DIRECTION('',(1.,0.));
#12916 = ( GEOMETRIC_REPRESENTATION_CONTEXT(2) 
PARAMETRIC_REPRESENTATION_CONTEXT() REPRESENTATION_CONTEXT('2D SPACE',''
  ) );
#12917 = ORIENTED_EDGE('',*,*,#12918,.T.);
#12918 = EDGE_CURVE('',#12891,#4645,#12919,.T.);
#12919 = SURFACE_CURVE('',#12920,(#12924,#12931),.PCURVE_S1.);
#12920 = LINE('',#12921,#12922);
#12921 = CARTESIAN_POINT('',(22.2,-21.,3.));
#12922 = VECTOR('',#12923,1.);
#12923 = DIRECTION('',(0.,0.707106781187,0.707106781187));
#12924 = PCURVE('',#4052,#12925);
#12925 = DEFINITIONAL_REPRESENTATION('',(#12926),#12930);
#12926 = LINE('',#12927,#12928);
#12927 = CARTESIAN_POINT('',(-4.5,-0.5));
#12928 = VECTOR('',#12929,1.);
#12929 = DIRECTION('',(0.707106781187,-0.707106781187));
#12930 = ( GEOMETRIC_REPRESENTATION_CONTEXT(2) 
PARAMETRIC_REPRESENTATION_CONTEXT() REPRESENTATION_CONTEXT('2D SPACE',''
  ) );
#12931 = PCURVE('',#4659,#12932);
#12932 = DEFINITIONAL_REPRESENTATION('',(#12933),#12937);
#12933 = LINE('',#12934,#12935);
#12934 = CARTESIAN_POINT('',(0.,-3.2));
#12935 = VECTOR('',#12936,1.);
#12936 = DIRECTION('',(1.,0.));
#12937 = ( GEOMETRIC_REPRESENTATION_CONTEXT(2) 
PARAMETRIC_REPRESENTATION_CONTEXT() REPRESENTATION_CONTEXT('2D SPACE',''
  ) );
#12938 = ORIENTED_EDGE('',*,*,#4670,.F.);
#12939 = ORIENTED_EDGE('',*,*,#12940,.T.);
#12940 = EDGE_CURVE('',#4671,#12941,#12943,.T.);
#12941 = VERTEX_POINT('',#12942);
#12942 = CARTESIAN_POINT('',(22.2,-19.72093023255,10.720930232558));
#12943 = SURFACE_CURVE('',#12944,(#12948,#12954),.PCURVE_S1.);
#12944 = LINE('',#12945,#12946);
#12945 = CARTESIAN_POINT('',(22.2,-21.19090419806,9.030460172228));
#12946 = VECTOR('',#12947,1.);
#12947 = DIRECTION('',(-0.,0.656178714925,0.754605522164));
#12948 = PCURVE('',#4052,#12949);
#12949 = DEFINITIONAL_REPRESENTATION('',(#12950),#12953);
#12950 = B_SPLINE_CURVE_WITH_KNOTS('',1,(#12951,#12952),.UNSPECIFIED.,
  .F.,.F.,(2,2),(1.357715783519,3.93522143763),
  .PIECEWISE_BEZIER_KNOTS.);
#12951 = CARTESIAN_POINT('',(2.555,-1.2));
#12952 = CARTESIAN_POINT('',(4.5,-2.891304347826));
#12953 = ( GEOMETRIC_REPRESENTATION_CONTEXT(2) 
PARAMETRIC_REPRESENTATION_CONTEXT() REPRESENTATION_CONTEXT('2D SPACE',''
  ) );
#12954 = PCURVE('',#4411,#12955);
#12955 = DEFINITIONAL_REPRESENTATION('',(#12956),#12959);
#12956 = B_SPLINE_CURVE_WITH_KNOTS('',1,(#12957,#12958),.UNSPECIFIED.,
  .F.,.F.,(2,2),(1.357715783519,3.93522143763),
  .PIECEWISE_BEZIER_KNOTS.);
#12957 = CARTESIAN_POINT('',(0.,-22.2));
#12958 = CARTESIAN_POINT('',(2.577505654111,-22.2));
#12959 = ( GEOMETRIC_REPRESENTATION_CONTEXT(2) 
PARAMETRIC_REPRESENTATION_CONTEXT() REPRESENTATION_CONTEXT('2D SPACE',''
  ) );
#12960 = ORIENTED_EDGE('',*,*,#12961,.T.);
#12961 = EDGE_CURVE('',#12941,#12962,#12964,.T.);
#12962 = VERTEX_POINT('',#12963);
#12963 = CARTESIAN_POINT('',(22.2,-21.,12.));
#12964 = SURFACE_CURVE('',#12965,(#12969,#12976),.PCURVE_S1.);
#12965 = LINE('',#12966,#12967);
#12966 = CARTESIAN_POINT('',(22.2,-18.,9.));
#12967 = VECTOR('',#12968,1.);
#12968 = DIRECTION('',(0.,-0.707106781187,0.707106781187));
#12969 = PCURVE('',#4052,#12970);
#12970 = DEFINITIONAL_REPRESENTATION('',(#12971),#12975);
#12971 = LINE('',#12972,#12973);
#12972 = CARTESIAN_POINT('',(1.5,-3.5));
#12973 = VECTOR('',#12974,1.);
#12974 = DIRECTION('',(0.707106781187,0.707106781187));
#12975 = ( GEOMETRIC_REPRESENTATION_CONTEXT(2) 
PARAMETRIC_REPRESENTATION_CONTEXT() REPRESENTATION_CONTEXT('2D SPACE',''
  ) );
#12976 = PCURVE('',#12977,#12982);
#12977 = PLANE('',#12978);
#12978 = AXIS2_PLACEMENT_3D('',#12979,#12980,#12981);
#12979 = CARTESIAN_POINT('',(19.,-18.,9.));
#12980 = DIRECTION('',(0.,-0.707106781187,-0.707106781187));
#12981 = DIRECTION('',(0.,-0.707106781187,0.707106781187));
#12982 = DEFINITIONAL_REPRESENTATION('',(#12983),#12987);
#12983 = LINE('',#12984,#12985);
#12984 = CARTESIAN_POINT('',(0.,-3.2));
#12985 = VECTOR('',#12986,1.);
#12986 = DIRECTION('',(1.,0.));
#12987 = ( GEOMETRIC_REPRESENTATION_CONTEXT(2) 
PARAMETRIC_REPRESENTATION_CONTEXT() REPRESENTATION_CONTEXT('2D SPACE',''
  ) );
#12988 = ORIENTED_EDGE('',*,*,#12989,.T.);
#12989 = EDGE_CURVE('',#12962,#12990,#12992,.T.);
#12990 = VERTEX_POINT('',#12991);
#12991 = CARTESIAN_POINT('',(22.2,-22.,12.));
#12992 = SURFACE_CURVE('',#12993,(#12997,#13004),.PCURVE_S1.);
#12993 = LINE('',#12994,#12995);
#12994 = CARTESIAN_POINT('',(22.2,-21.,12.));
#12995 = VECTOR('',#12996,1.);
#12996 = DIRECTION('',(0.,-1.,0.));
#12997 = PCURVE('',#4052,#12998);
#12998 = DEFINITIONAL_REPRESENTATION('',(#12999),#13003);
#12999 = LINE('',#13000,#13001);
#13000 = CARTESIAN_POINT('',(4.5,-0.5));
#13001 = VECTOR('',#13002,1.);
#13002 = DIRECTION('',(0.,1.));
#13003 = ( GEOMETRIC_REPRESENTATION_CONTEXT(2) 
PARAMETRIC_REPRESENTATION_CONTEXT() REPRESENTATION_CONTEXT('2D SPACE',''
  ) );
#13004 = PCURVE('',#13005,#13010);
#13005 = PLANE('',#13006);
#13006 = AXIS2_PLACEMENT_3D('',#13007,#13008,#13009);
#13007 = CARTESIAN_POINT('',(19.,-21.,12.));
#13008 = DIRECTION('',(0.,0.,-1.));
#13009 = DIRECTION('',(0.,-1.,0.));
#13010 = DEFINITIONAL_REPRESENTATION('',(#13011),#13015);
#13011 = LINE('',#13012,#13013);
#13012 = CARTESIAN_POINT('',(0.,-3.2));
#13013 = VECTOR('',#13014,1.);
#13014 = DIRECTION('',(1.,0.));
#13015 = ( GEOMETRIC_REPRESENTATION_CONTEXT(2) 
PARAMETRIC_REPRESENTATION_CONTEXT() REPRESENTATION_CONTEXT('2D SPACE',''
  ) );
#13016 = ORIENTED_EDGE('',*,*,#13017,.T.);
#13017 = EDGE_CURVE('',#12990,#12796,#13018,.T.);
#13018 = SURFACE_CURVE('',#13019,(#13023,#13030),.PCURVE_S1.);
#13019 = LINE('',#13020,#13021);
#13020 = CARTESIAN_POINT('',(22.2,-22.,12.));
#13021 = VECTOR('',#13022,1.);
#13022 = DIRECTION('',(0.,-0.707106781187,-0.707106781187));
#13023 = PCURVE('',#4052,#13024);
#13024 = DEFINITIONAL_REPRESENTATION('',(#13025),#13029);
#13025 = LINE('',#13026,#13027);
#13026 = CARTESIAN_POINT('',(4.5,0.5));
#13027 = VECTOR('',#13028,1.);
#13028 = DIRECTION('',(-0.707106781187,0.707106781187));
#13029 = ( GEOMETRIC_REPRESENTATION_CONTEXT(2) 
PARAMETRIC_REPRESENTATION_CONTEXT() REPRESENTATION_CONTEXT('2D SPACE',''
  ) );
#13030 = PCURVE('',#12831,#13031);
#13031 = DEFINITIONAL_REPRESENTATION('',(#13032),#13036);
#13032 = LINE('',#13033,#13034);
#13033 = CARTESIAN_POINT('',(0.,-3.2));
#13034 = VECTOR('',#13035,1.);
#13035 = DIRECTION('',(1.,0.));
#13036 = ( GEOMETRIC_REPRESENTATION_CONTEXT(2) 
PARAMETRIC_REPRESENTATION_CONTEXT() REPRESENTATION_CONTEXT('2D SPACE',''
  ) );
#13037 = ORIENTED_EDGE('',*,*,#12795,.T.);
#13038 = ADVANCED_FACE('',(#13039),#4026,.T.);
#13039 = FACE_BOUND('',#13040,.T.);
#13040 = EDGE_LOOP('',(#13041,#13042,#13043,#13066));
#13041 = ORIENTED_EDGE('',*,*,#4011,.T.);
#13042 = ORIENTED_EDGE('',*,*,#12867,.T.);
#13043 = ORIENTED_EDGE('',*,*,#13044,.F.);
#13044 = EDGE_CURVE('',#13045,#12868,#13047,.T.);
#13045 = VERTEX_POINT('',#13046);
#13046 = CARTESIAN_POINT('',(15.8,-22.,3.));
#13047 = SURFACE_CURVE('',#13048,(#13052,#13059),.PCURVE_S1.);
#13048 = LINE('',#13049,#13050);
#13049 = CARTESIAN_POINT('',(15.8,-22.,3.));
#13050 = VECTOR('',#13051,1.);
#13051 = DIRECTION('',(1.,0.,0.));
#13052 = PCURVE('',#4026,#13053);
#13053 = DEFINITIONAL_REPRESENTATION('',(#13054),#13058);
#13054 = LINE('',#13055,#13056);
#13055 = CARTESIAN_POINT('',(4.242640687119,3.2));
#13056 = VECTOR('',#13057,1.);
#13057 = DIRECTION('',(0.,-1.));
#13058 = ( GEOMETRIC_REPRESENTATION_CONTEXT(2) 
PARAMETRIC_REPRESENTATION_CONTEXT() REPRESENTATION_CONTEXT('2D SPACE',''
  ) );
#13059 = PCURVE('',#12906,#13060);
#13060 = DEFINITIONAL_REPRESENTATION('',(#13061),#13065);
#13061 = LINE('',#13062,#13063);
#13062 = CARTESIAN_POINT('',(0.,3.2));
#13063 = VECTOR('',#13064,1.);
#13064 = DIRECTION('',(0.,-1.));
#13065 = ( GEOMETRIC_REPRESENTATION_CONTEXT(2) 
PARAMETRIC_REPRESENTATION_CONTEXT() REPRESENTATION_CONTEXT('2D SPACE',''
  ) );
#13066 = ORIENTED_EDGE('',*,*,#13067,.F.);
#13067 = EDGE_CURVE('',#3986,#13045,#13068,.T.);
#13068 = SURFACE_CURVE('',#13069,(#13073,#13080),.PCURVE_S1.);
#13069 = LINE('',#13070,#13071);
#13070 = CARTESIAN_POINT('',(15.8,-25.,6.));
#13071 = VECTOR('',#13072,1.);
#13072 = DIRECTION('',(0.,0.707106781187,-0.707106781187));
#13073 = PCURVE('',#4026,#13074);
#13074 = DEFINITIONAL_REPRESENTATION('',(#13075),#13079);
#13075 = LINE('',#13076,#13077);
#13076 = CARTESIAN_POINT('',(0.,3.2));
#13077 = VECTOR('',#13078,1.);
#13078 = DIRECTION('',(1.,0.));
#13079 = ( GEOMETRIC_REPRESENTATION_CONTEXT(2) 
PARAMETRIC_REPRESENTATION_CONTEXT() REPRESENTATION_CONTEXT('2D SPACE',''
  ) );
#13080 = PCURVE('',#4000,#13081);
#13081 = DEFINITIONAL_REPRESENTATION('',(#13082),#13086);
#13082 = LINE('',#13083,#13084);
#13083 = CARTESIAN_POINT('',(-1.5,3.5));
#13084 = VECTOR('',#13085,1.);
#13085 = DIRECTION('',(-0.707106781187,-0.707106781187));
#13086 = ( GEOMETRIC_REPRESENTATION_CONTEXT(2) 
PARAMETRIC_REPRESENTATION_CONTEXT() REPRESENTATION_CONTEXT('2D SPACE',''
  ) );
#13087 = ADVANCED_FACE('',(#13088),#4000,.T.);
#13088 = FACE_BOUND('',#13089,.T.);
#13089 = EDGE_LOOP('',(#13090,#13091,#13092,#13115,#13136,#13137,#13158,
    #13181,#13204,#13225));
#13090 = ORIENTED_EDGE('',*,*,#3985,.T.);
#13091 = ORIENTED_EDGE('',*,*,#13067,.T.);
#13092 = ORIENTED_EDGE('',*,*,#13093,.T.);
#13093 = EDGE_CURVE('',#13045,#13094,#13096,.T.);
#13094 = VERTEX_POINT('',#13095);
#13095 = CARTESIAN_POINT('',(15.8,-21.,3.));
#13096 = SURFACE_CURVE('',#13097,(#13101,#13108),.PCURVE_S1.);
#13097 = LINE('',#13098,#13099);
#13098 = CARTESIAN_POINT('',(15.8,-22.,3.));
#13099 = VECTOR('',#13100,1.);
#13100 = DIRECTION('',(0.,1.,0.));
#13101 = PCURVE('',#4000,#13102);
#13102 = DEFINITIONAL_REPRESENTATION('',(#13103),#13107);
#13103 = LINE('',#13104,#13105);
#13104 = CARTESIAN_POINT('',(-4.5,0.5));
#13105 = VECTOR('',#13106,1.);
#13106 = DIRECTION('',(0.,-1.));
#13107 = ( GEOMETRIC_REPRESENTATION_CONTEXT(2) 
PARAMETRIC_REPRESENTATION_CONTEXT() REPRESENTATION_CONTEXT('2D SPACE',''
  ) );
#13108 = PCURVE('',#12906,#13109);
#13109 = DEFINITIONAL_REPRESENTATION('',(#13110),#13114);
#13110 = LINE('',#13111,#13112);
#13111 = CARTESIAN_POINT('',(0.,3.2));
#13112 = VECTOR('',#13113,1.);
#13113 = DIRECTION('',(1.,0.));
#13114 = ( GEOMETRIC_REPRESENTATION_CONTEXT(2) 
PARAMETRIC_REPRESENTATION_CONTEXT() REPRESENTATION_CONTEXT('2D SPACE',''
  ) );
#13115 = ORIENTED_EDGE('',*,*,#13116,.T.);
#13116 = EDGE_CURVE('',#13094,#4624,#13117,.T.);
#13117 = SURFACE_CURVE('',#13118,(#13122,#13129),.PCURVE_S1.);
#13118 = LINE('',#13119,#13120);
#13119 = CARTESIAN_POINT('',(15.8,-21.,3.));
#13120 = VECTOR('',#13121,1.);
#13121 = DIRECTION('',(0.,0.707106781187,0.707106781187));
#13122 = PCURVE('',#4000,#13123);
#13123 = DEFINITIONAL_REPRESENTATION('',(#13124),#13128);
#13124 = LINE('',#13125,#13126);
#13125 = CARTESIAN_POINT('',(-4.5,-0.5));
#13126 = VECTOR('',#13127,1.);
#13127 = DIRECTION('',(0.707106781187,-0.707106781187));
#13128 = ( GEOMETRIC_REPRESENTATION_CONTEXT(2) 
PARAMETRIC_REPRESENTATION_CONTEXT() REPRESENTATION_CONTEXT('2D SPACE',''
  ) );
#13129 = PCURVE('',#4659,#13130);
#13130 = DEFINITIONAL_REPRESENTATION('',(#13131),#13135);
#13131 = LINE('',#13132,#13133);
#13132 = CARTESIAN_POINT('',(0.,3.2));
#13133 = VECTOR('',#13134,1.);
#13134 = DIRECTION('',(1.,0.));
#13135 = ( GEOMETRIC_REPRESENTATION_CONTEXT(2) 
PARAMETRIC_REPRESENTATION_CONTEXT() REPRESENTATION_CONTEXT('2D SPACE',''
  ) );
#13136 = ORIENTED_EDGE('',*,*,#4623,.F.);
#13137 = ORIENTED_EDGE('',*,*,#13138,.T.);
#13138 = EDGE_CURVE('',#4601,#13139,#13141,.T.);
#13139 = VERTEX_POINT('',#13140);
#13140 = CARTESIAN_POINT('',(15.8,-19.72093023255,10.720930232558));
#13141 = SURFACE_CURVE('',#13142,(#13146,#13152),.PCURVE_S1.);
#13142 = LINE('',#13143,#13144);
#13143 = CARTESIAN_POINT('',(15.8,-21.19090419806,9.030460172228));
#13144 = VECTOR('',#13145,1.);
#13145 = DIRECTION('',(-0.,0.656178714925,0.754605522164));
#13146 = PCURVE('',#4000,#13147);
#13147 = DEFINITIONAL_REPRESENTATION('',(#13148),#13151);
#13148 = B_SPLINE_CURVE_WITH_KNOTS('',1,(#13149,#13150),.UNSPECIFIED.,
  .F.,.F.,(2,2),(1.357715783519,3.93522143763),
  .PIECEWISE_BEZIER_KNOTS.);
#13149 = CARTESIAN_POINT('',(2.555,-1.2));
#13150 = CARTESIAN_POINT('',(4.5,-2.891304347826));
#13151 = ( GEOMETRIC_REPRESENTATION_CONTEXT(2) 
PARAMETRIC_REPRESENTATION_CONTEXT() REPRESENTATION_CONTEXT('2D SPACE',''
  ) );
#13152 = PCURVE('',#4411,#13153);
#13153 = DEFINITIONAL_REPRESENTATION('',(#13154),#13157);
#13154 = B_SPLINE_CURVE_WITH_KNOTS('',1,(#13155,#13156),.UNSPECIFIED.,
  .F.,.F.,(2,2),(1.357715783519,3.93522143763),
  .PIECEWISE_BEZIER_KNOTS.);
#13155 = CARTESIAN_POINT('',(0.,-15.8));
#13156 = CARTESIAN_POINT('',(2.577505654111,-15.8));
#13157 = ( GEOMETRIC_REPRESENTATION_CONTEXT(2) 
PARAMETRIC_REPRESENTATION_CONTEXT() REPRESENTATION_CONTEXT('2D SPACE',''
  ) );
#13158 = ORIENTED_EDGE('',*,*,#13159,.T.);
#13159 = EDGE_CURVE('',#13139,#13160,#13162,.T.);
#13160 = VERTEX_POINT('',#13161);
#13161 = CARTESIAN_POINT('',(15.8,-21.,12.));
#13162 = SURFACE_CURVE('',#13163,(#13167,#13174),.PCURVE_S1.);
#13163 = LINE('',#13164,#13165);
#13164 = CARTESIAN_POINT('',(15.8,-18.,9.));
#13165 = VECTOR('',#13166,1.);
#13166 = DIRECTION('',(0.,-0.707106781187,0.707106781187));
#13167 = PCURVE('',#4000,#13168);
#13168 = DEFINITIONAL_REPRESENTATION('',(#13169),#13173);
#13169 = LINE('',#13170,#13171);
#13170 = CARTESIAN_POINT('',(1.5,-3.5));
#13171 = VECTOR('',#13172,1.);
#13172 = DIRECTION('',(0.707106781187,0.707106781187));
#13173 = ( GEOMETRIC_REPRESENTATION_CONTEXT(2) 
PARAMETRIC_REPRESENTATION_CONTEXT() REPRESENTATION_CONTEXT('2D SPACE',''
  ) );
#13174 = PCURVE('',#12977,#13175);
#13175 = DEFINITIONAL_REPRESENTATION('',(#13176),#13180);
#13176 = LINE('',#13177,#13178);
#13177 = CARTESIAN_POINT('',(0.,3.2));
#13178 = VECTOR('',#13179,1.);
#13179 = DIRECTION('',(1.,0.));
#13180 = ( GEOMETRIC_REPRESENTATION_CONTEXT(2) 
PARAMETRIC_REPRESENTATION_CONTEXT() REPRESENTATION_CONTEXT('2D SPACE',''
  ) );
#13181 = ORIENTED_EDGE('',*,*,#13182,.T.);
#13182 = EDGE_CURVE('',#13160,#13183,#13185,.T.);
#13183 = VERTEX_POINT('',#13184);
#13184 = CARTESIAN_POINT('',(15.8,-22.,12.));
#13185 = SURFACE_CURVE('',#13186,(#13190,#13197),.PCURVE_S1.);
#13186 = LINE('',#13187,#13188);
#13187 = CARTESIAN_POINT('',(15.8,-21.,12.));
#13188 = VECTOR('',#13189,1.);
#13189 = DIRECTION('',(0.,-1.,0.));
#13190 = PCURVE('',#4000,#13191);
#13191 = DEFINITIONAL_REPRESENTATION('',(#13192),#13196);
#13192 = LINE('',#13193,#13194);
#13193 = CARTESIAN_POINT('',(4.5,-0.5));
#13194 = VECTOR('',#13195,1.);
#13195 = DIRECTION('',(0.,1.));
#13196 = ( GEOMETRIC_REPRESENTATION_CONTEXT(2) 
PARAMETRIC_REPRESENTATION_CONTEXT() REPRESENTATION_CONTEXT('2D SPACE',''
  ) );
#13197 = PCURVE('',#13005,#13198);
#13198 = DEFINITIONAL_REPRESENTATION('',(#13199),#13203);
#13199 = LINE('',#13200,#13201);
#13200 = CARTESIAN_POINT('',(0.,3.2));
#13201 = VECTOR('',#13202,1.);
#13202 = DIRECTION('',(1.,0.));
#13203 = ( GEOMETRIC_REPRESENTATION_CONTEXT(2) 
PARAMETRIC_REPRESENTATION_CONTEXT() REPRESENTATION_CONTEXT('2D SPACE',''
  ) );
#13204 = ORIENTED_EDGE('',*,*,#13205,.T.);
#13205 = EDGE_CURVE('',#13183,#12817,#13206,.T.);
#13206 = SURFACE_CURVE('',#13207,(#13211,#13218),.PCURVE_S1.);
#13207 = LINE('',#13208,#13209);
#13208 = CARTESIAN_POINT('',(15.8,-22.,12.));
#13209 = VECTOR('',#13210,1.);
#13210 = DIRECTION('',(0.,-0.707106781187,-0.707106781187));
#13211 = PCURVE('',#4000,#13212);
#13212 = DEFINITIONAL_REPRESENTATION('',(#13213),#13217);
#13213 = LINE('',#13214,#13215);
#13214 = CARTESIAN_POINT('',(4.5,0.5));
#13215 = VECTOR('',#13216,1.);
#13216 = DIRECTION('',(-0.707106781187,0.707106781187));
#13217 = ( GEOMETRIC_REPRESENTATION_CONTEXT(2) 
PARAMETRIC_REPRESENTATION_CONTEXT() REPRESENTATION_CONTEXT('2D SPACE',''
  ) );
#13218 = PCURVE('',#12831,#13219);
#13219 = DEFINITIONAL_REPRESENTATION('',(#13220),#13224);
#13220 = LINE('',#13221,#13222);
#13221 = CARTESIAN_POINT('',(-0.,3.2));
#13222 = VECTOR('',#13223,1.);
#13223 = DIRECTION('',(1.,0.));
#13224 = ( GEOMETRIC_REPRESENTATION_CONTEXT(2) 
PARAMETRIC_REPRESENTATION_CONTEXT() REPRESENTATION_CONTEXT('2D SPACE',''
  ) );
#13225 = ORIENTED_EDGE('',*,*,#12842,.T.);
#13226 = ADVANCED_FACE('',(#13227),#4153,.F.);
#13227 = FACE_BOUND('',#13228,.F.);
#13228 = EDGE_LOOP('',(#13229,#13252,#13253,#13254,#13255,#13274,#13275,
    #13276));
#13229 = ORIENTED_EDGE('',*,*,#13230,.F.);
#13230 = EDGE_CURVE('',#4131,#13231,#13233,.T.);
#13231 = VERTEX_POINT('',#13232);
#13232 = CARTESIAN_POINT('',(-8.,27.,15.));
#13233 = SURFACE_CURVE('',#13234,(#13238,#13245),.PCURVE_S1.);
#13234 = LINE('',#13235,#13236);
#13235 = CARTESIAN_POINT('',(-8.,43.,15.));
#13236 = VECTOR('',#13237,1.);
#13237 = DIRECTION('',(-1.110223024625E-16,-1.,0.));
#13238 = PCURVE('',#4153,#13239);
#13239 = DEFINITIONAL_REPRESENTATION('',(#13240),#13244);
#13240 = LINE('',#13241,#13242);
#13241 = CARTESIAN_POINT('',(6.553092781275,43.));
#13242 = VECTOR('',#13243,1.);
#13243 = DIRECTION('',(-7.285047175784E-17,-1.));
#13244 = ( GEOMETRIC_REPRESENTATION_CONTEXT(2) 
PARAMETRIC_REPRESENTATION_CONTEXT() REPRESENTATION_CONTEXT('2D SPACE',''
  ) );
#13245 = PCURVE('',#4180,#13246);
#13246 = DEFINITIONAL_REPRESENTATION('',(#13247),#13251);
#13247 = LINE('',#13248,#13249);
#13248 = CARTESIAN_POINT('',(0.,0.));
#13249 = VECTOR('',#13250,1.);
#13250 = DIRECTION('',(1.,0.));
#13251 = ( GEOMETRIC_REPRESENTATION_CONTEXT(2) 
PARAMETRIC_REPRESENTATION_CONTEXT() REPRESENTATION_CONTEXT('2D SPACE',''
  ) );
#13252 = ORIENTED_EDGE('',*,*,#4130,.F.);
#13253 = ORIENTED_EDGE('',*,*,#4446,.T.);
#13254 = ORIENTED_EDGE('',*,*,#12680,.T.);
#13255 = ORIENTED_EDGE('',*,*,#13256,.T.);
#13256 = EDGE_CURVE('',#12681,#12549,#13257,.T.);
#13257 = SURFACE_CURVE('',#13258,(#13262,#13268),.PCURVE_S1.);
#13258 = LINE('',#13259,#13260);
#13259 = CARTESIAN_POINT('',(-11.02325581395,15.25,11.523255813953));
#13260 = VECTOR('',#13261,1.);
#13261 = DIRECTION('',(0.,-1.,0.));
#13262 = PCURVE('',#4153,#13263);
#13263 = DEFINITIONAL_REPRESENTATION('',(#13264),#13267);
#13264 = B_SPLINE_CURVE_WITH_KNOTS('',1,(#13265,#13266),.UNSPECIFIED.,
  .F.,.F.,(2,2),(-18.45,-12.05),.PIECEWISE_BEZIER_KNOTS.);
#13265 = CARTESIAN_POINT('',(1.945726304446,33.7));
#13266 = CARTESIAN_POINT('',(1.945726304446,27.3));
#13267 = ( GEOMETRIC_REPRESENTATION_CONTEXT(2) 
PARAMETRIC_REPRESENTATION_CONTEXT() REPRESENTATION_CONTEXT('2D SPACE',''
  ) );
#13268 = PCURVE('',#12585,#13269);
#13269 = DEFINITIONAL_REPRESENTATION('',(#13270),#13273);
#13270 = B_SPLINE_CURVE_WITH_KNOTS('',1,(#13271,#13272),.UNSPECIFIED.,
  .F.,.F.,(2,2),(-18.45,-12.05),.PIECEWISE_BEZIER_KNOTS.);
#13271 = CARTESIAN_POINT('',(4.982636155803,3.2));
#13272 = CARTESIAN_POINT('',(4.982636155803,-3.2));
#13273 = ( GEOMETRIC_REPRESENTATION_CONTEXT(2) 
PARAMETRIC_REPRESENTATION_CONTEXT() REPRESENTATION_CONTEXT('2D SPACE',''
  ) );
#13274 = ORIENTED_EDGE('',*,*,#12548,.F.);
#13275 = ORIENTED_EDGE('',*,*,#4532,.T.);
#13276 = ORIENTED_EDGE('',*,*,#13277,.T.);
#13277 = EDGE_CURVE('',#4533,#13231,#13278,.T.);
#13278 = SURFACE_CURVE('',#13279,(#13283,#13289),.PCURVE_S1.);
#13279 = LINE('',#13280,#13281);
#13280 = CARTESIAN_POINT('',(-13.86508653122,21.134913468774,
    8.25515048909));
#13281 = VECTOR('',#13282,1.);
#13282 = DIRECTION('',(0.548614782048,0.548614782048,0.630906999356));
#13283 = PCURVE('',#4153,#13284);
#13284 = DEFINITIONAL_REPRESENTATION('',(#13285),#13288);
#13285 = B_SPLINE_CURVE_WITH_KNOTS('',1,(#13286,#13287),.UNSPECIFIED.,
  .F.,.F.,(2,2),(2.852796866652,10.690719104082),
  .PIECEWISE_BEZIER_KNOTS.);
#13286 = CARTESIAN_POINT('',(8.881784197001E-16,22.7));
#13287 = CARTESIAN_POINT('',(6.553092781275,27.));
#13288 = ( GEOMETRIC_REPRESENTATION_CONTEXT(2) 
PARAMETRIC_REPRESENTATION_CONTEXT() REPRESENTATION_CONTEXT('2D SPACE',''
  ) );
#13289 = PCURVE('',#4734,#13290);
#13290 = DEFINITIONAL_REPRESENTATION('',(#13291),#13294);
#13291 = B_SPLINE_CURVE_WITH_KNOTS('',1,(#13292,#13293),.UNSPECIFIED.,
  .F.,.F.,(2,2),(2.852796866652,10.690719104082),
  .PIECEWISE_BEZIER_KNOTS.);
#13292 = CARTESIAN_POINT('',(3.10862446895E-15,12.3));
#13293 = CARTESIAN_POINT('',(6.553092781275,8.));
#13294 = ( GEOMETRIC_REPRESENTATION_CONTEXT(2) 
PARAMETRIC_REPRESENTATION_CONTEXT() REPRESENTATION_CONTEXT('2D SPACE',''
  ) );
#13295 = ADVANCED_FACE('',(#13296),#4180,.T.);
#13296 = FACE_BOUND('',#13297,.T.);
#13297 = EDGE_LOOP('',(#13298,#13299,#13300,#13301));
#13298 = ORIENTED_EDGE('',*,*,#13230,.F.);
#13299 = ORIENTED_EDGE('',*,*,#4165,.T.);
#13300 = ORIENTED_EDGE('',*,*,#8258,.T.);
#13301 = ORIENTED_EDGE('',*,*,#13302,.F.);
#13302 = EDGE_CURVE('',#13231,#8259,#13303,.T.);
#13303 = SURFACE_CURVE('',#13304,(#13308,#13314),.PCURVE_S1.);
#13304 = LINE('',#13305,#13306);
#13305 = CARTESIAN_POINT('',(-8.,27.,15.));
#13306 = VECTOR('',#13307,1.);
#13307 = DIRECTION('',(-0.,0.,1.));
#13308 = PCURVE('',#4180,#13309);
#13309 = DEFINITIONAL_REPRESENTATION('',(#13310),#13313);
#13310 = B_SPLINE_CURVE_WITH_KNOTS('',1,(#13311,#13312),.UNSPECIFIED.,
  .F.,.F.,(2,2),(0.,3.),.PIECEWISE_BEZIER_KNOTS.);
#13311 = CARTESIAN_POINT('',(16.,0.));
#13312 = CARTESIAN_POINT('',(16.,-3.));
#13313 = ( GEOMETRIC_REPRESENTATION_CONTEXT(2) 
PARAMETRIC_REPRESENTATION_CONTEXT() REPRESENTATION_CONTEXT('2D SPACE',''
  ) );
#13314 = PCURVE('',#8297,#13315);
#13315 = DEFINITIONAL_REPRESENTATION('',(#13316),#13319);
#13316 = B_SPLINE_CURVE_WITH_KNOTS('',1,(#13317,#13318),.UNSPECIFIED.,
  .F.,.F.,(2,2),(0.,3.),.PIECEWISE_BEZIER_KNOTS.);
#13317 = CARTESIAN_POINT('',(21.,0.));
#13318 = CARTESIAN_POINT('',(21.,-3.));
#13319 = ( GEOMETRIC_REPRESENTATION_CONTEXT(2) 
PARAMETRIC_REPRESENTATION_CONTEXT() REPRESENTATION_CONTEXT('2D SPACE',''
  ) );
#13320 = ADVANCED_FACE('',(#13321),#4230,.T.);
#13321 = FACE_BOUND('',#13322,.T.);
#13322 = EDGE_LOOP('',(#13323,#13324,#13325,#13326));
#13323 = ORIENTED_EDGE('',*,*,#12310,.F.);
#13324 = ORIENTED_EDGE('',*,*,#8236,.T.);
#13325 = ORIENTED_EDGE('',*,*,#4215,.F.);
#13326 = ORIENTED_EDGE('',*,*,#12431,.F.);
#13327 = ADVANCED_FACE('',(#13328),#4321,.T.);
#13328 = FACE_BOUND('',#13329,.T.);
#13329 = EDGE_LOOP('',(#13330,#13331,#13332,#13333));
#13330 = ORIENTED_EDGE('',*,*,#12772,.F.);
#13331 = ORIENTED_EDGE('',*,*,#4306,.T.);
#13332 = ORIENTED_EDGE('',*,*,#7999,.T.);
#13333 = ORIENTED_EDGE('',*,*,#12191,.T.);
#13334 = ADVANCED_FACE('',(#13335),#4376,.T.);
#13335 = FACE_BOUND('',#13336,.T.);
#13336 = EDGE_LOOP('',(#13337,#13358,#13359,#13360));
#13337 = ORIENTED_EDGE('',*,*,#13338,.T.);
#13338 = EDGE_CURVE('',#13339,#8400,#13341,.T.);
#13339 = VERTEX_POINT('',#13340);
#13340 = CARTESIAN_POINT('',(19.,-16.,15.));
#13341 = SURFACE_CURVE('',#13342,(#13346,#13352),.PCURVE_S1.);
#13342 = LINE('',#13343,#13344);
#13343 = CARTESIAN_POINT('',(19.,-16.,15.));
#13344 = VECTOR('',#13345,1.);
#13345 = DIRECTION('',(-0.,0.,1.));
#13346 = PCURVE('',#4376,#13347);
#13347 = DEFINITIONAL_REPRESENTATION('',(#13348),#13351);
#13348 = B_SPLINE_CURVE_WITH_KNOTS('',1,(#13349,#13350),.UNSPECIFIED.,
  .F.,.F.,(2,2),(0.,3.),.PIECEWISE_BEZIER_KNOTS.);
#13349 = CARTESIAN_POINT('',(48.,0.));
#13350 = CARTESIAN_POINT('',(48.,-3.));
#13351 = ( GEOMETRIC_REPRESENTATION_CONTEXT(2) 
PARAMETRIC_REPRESENTATION_CONTEXT() REPRESENTATION_CONTEXT('2D SPACE',''
  ) );
#13352 = PCURVE('',#8415,#13353);
#13353 = DEFINITIONAL_REPRESENTATION('',(#13354),#13357);
#13354 = B_SPLINE_CURVE_WITH_KNOTS('',1,(#13355,#13356),.UNSPECIFIED.,
  .F.,.F.,(2,2),(0.,3.),.PIECEWISE_BEZIER_KNOTS.);
#13355 = CARTESIAN_POINT('',(59.,0.));
#13356 = CARTESIAN_POINT('',(59.,-3.));
#13357 = ( GEOMETRIC_REPRESENTATION_CONTEXT(2) 
PARAMETRIC_REPRESENTATION_CONTEXT() REPRESENTATION_CONTEXT('2D SPACE',''
  ) );
#13358 = ORIENTED_EDGE('',*,*,#8427,.T.);
#13359 = ORIENTED_EDGE('',*,*,#4361,.F.);
#13360 = ORIENTED_EDGE('',*,*,#13361,.F.);
#13361 = EDGE_CURVE('',#13339,#4362,#13362,.T.);
#13362 = SURFACE_CURVE('',#13363,(#13367,#13374),.PCURVE_S1.);
#13363 = LINE('',#13364,#13365);
#13364 = CARTESIAN_POINT('',(-29.,-16.,15.));
#13365 = VECTOR('',#13366,1.);
#13366 = DIRECTION('',(1.,0.,0.));
#13367 = PCURVE('',#4376,#13368);
#13368 = DEFINITIONAL_REPRESENTATION('',(#13369),#13373);
#13369 = LINE('',#13370,#13371);
#13370 = CARTESIAN_POINT('',(0.,0.));
#13371 = VECTOR('',#13372,1.);
#13372 = DIRECTION('',(1.,0.));
#13373 = ( GEOMETRIC_REPRESENTATION_CONTEXT(2) 
PARAMETRIC_REPRESENTATION_CONTEXT() REPRESENTATION_CONTEXT('2D SPACE',''
  ) );
#13374 = PCURVE('',#4411,#13375);
#13375 = DEFINITIONAL_REPRESENTATION('',(#13376),#13380);
#13376 = LINE('',#13377,#13378);
#13377 = CARTESIAN_POINT('',(6.553092781275,29.));
#13378 = VECTOR('',#13379,1.);
#13379 = DIRECTION('',(0.,-1.));
#13380 = ( GEOMETRIC_REPRESENTATION_CONTEXT(2) 
PARAMETRIC_REPRESENTATION_CONTEXT() REPRESENTATION_CONTEXT('2D SPACE',''
  ) );
#13381 = ADVANCED_FACE('',(#13382),#4411,.F.);
#13382 = FACE_BOUND('',#13383,.F.);
#13383 = EDGE_LOOP('',(#13384,#13403,#13404,#13405,#13424,#13425,#13426,
    #13427));
#13384 = ORIENTED_EDGE('',*,*,#13385,.F.);
#13385 = EDGE_CURVE('',#4580,#13339,#13386,.T.);
#13386 = SURFACE_CURVE('',#13387,(#13391,#13397),.PCURVE_S1.);
#13387 = LINE('',#13388,#13389);
#13388 = CARTESIAN_POINT('',(15.54273890143,-19.45726109857,
    11.024149736644));
#13389 = VECTOR('',#13390,1.);
#13390 = DIRECTION('',(0.548614782048,0.548614782048,0.630906999356));
#13391 = PCURVE('',#4411,#13392);
#13392 = DEFINITIONAL_REPRESENTATION('',(#13393),#13396);
#13393 = B_SPLINE_CURVE_WITH_KNOTS('',1,(#13394,#13395),.UNSPECIFIED.,
  .F.,.F.,(2,2),(-1.536121389736,6.301800847694),
  .PIECEWISE_BEZIER_KNOTS.);
#13394 = CARTESIAN_POINT('',(0.,-14.7));
#13395 = CARTESIAN_POINT('',(6.553092781275,-19.));
#13396 = ( GEOMETRIC_REPRESENTATION_CONTEXT(2) 
PARAMETRIC_REPRESENTATION_CONTEXT() REPRESENTATION_CONTEXT('2D SPACE',''
  ) );
#13397 = PCURVE('',#4908,#13398);
#13398 = DEFINITIONAL_REPRESENTATION('',(#13399),#13402);
#13399 = B_SPLINE_CURVE_WITH_KNOTS('',1,(#13400,#13401),.UNSPECIFIED.,
  .F.,.F.,(2,2),(-1.536121389736,6.301800847694),
  .PIECEWISE_BEZIER_KNOTS.);
#13400 = CARTESIAN_POINT('',(2.22044604925E-15,-20.3));
#13401 = CARTESIAN_POINT('',(6.553092781275,-16.));
#13402 = ( GEOMETRIC_REPRESENTATION_CONTEXT(2) 
PARAMETRIC_REPRESENTATION_CONTEXT() REPRESENTATION_CONTEXT('2D SPACE',''
  ) );
#13403 = ORIENTED_EDGE('',*,*,#4600,.T.);
#13404 = ORIENTED_EDGE('',*,*,#13138,.T.);
#13405 = ORIENTED_EDGE('',*,*,#13406,.T.);
#13406 = EDGE_CURVE('',#13139,#12941,#13407,.T.);
#13407 = SURFACE_CURVE('',#13408,(#13412,#13418),.PCURVE_S1.);
#13408 = LINE('',#13409,#13410);
#13409 = CARTESIAN_POINT('',(9.5,-19.72093023255,10.720930232558));
#13410 = VECTOR('',#13411,1.);
#13411 = DIRECTION('',(1.,0.,0.));
#13412 = PCURVE('',#4411,#13413);
#13413 = DEFINITIONAL_REPRESENTATION('',(#13414),#13417);
#13414 = B_SPLINE_CURVE_WITH_KNOTS('',1,(#13415,#13416),.UNSPECIFIED.,
  .F.,.F.,(2,2),(6.3,12.7),.PIECEWISE_BEZIER_KNOTS.);
#13415 = CARTESIAN_POINT('',(0.882487886716,-15.8));
#13416 = CARTESIAN_POINT('',(0.882487886716,-22.2));
#13417 = ( GEOMETRIC_REPRESENTATION_CONTEXT(2) 
PARAMETRIC_REPRESENTATION_CONTEXT() REPRESENTATION_CONTEXT('2D SPACE',''
  ) );
#13418 = PCURVE('',#12977,#13419);
#13419 = DEFINITIONAL_REPRESENTATION('',(#13420),#13423);
#13420 = B_SPLINE_CURVE_WITH_KNOTS('',1,(#13421,#13422),.UNSPECIFIED.,
  .F.,.F.,(2,2),(6.3,12.7),.PIECEWISE_BEZIER_KNOTS.);
#13421 = CARTESIAN_POINT('',(2.433762874782,3.2));
#13422 = CARTESIAN_POINT('',(2.433762874782,-3.2));
#13423 = ( GEOMETRIC_REPRESENTATION_CONTEXT(2) 
PARAMETRIC_REPRESENTATION_CONTEXT() REPRESENTATION_CONTEXT('2D SPACE',''
  ) );
#13424 = ORIENTED_EDGE('',*,*,#12940,.F.);
#13425 = ORIENTED_EDGE('',*,*,#4691,.T.);
#13426 = ORIENTED_EDGE('',*,*,#4388,.F.);
#13427 = ORIENTED_EDGE('',*,*,#13361,.F.);
#13428 = ADVANCED_FACE('',(#13429),#4659,.T.);
#13429 = FACE_BOUND('',#13430,.T.);
#13430 = EDGE_LOOP('',(#13431,#13452,#13453,#13454));
#13431 = ORIENTED_EDGE('',*,*,#13432,.T.);
#13432 = EDGE_CURVE('',#13094,#12891,#13433,.T.);
#13433 = SURFACE_CURVE('',#13434,(#13438,#13445),.PCURVE_S1.);
#13434 = LINE('',#13435,#13436);
#13435 = CARTESIAN_POINT('',(15.8,-21.,3.));
#13436 = VECTOR('',#13437,1.);
#13437 = DIRECTION('',(1.,0.,0.));
#13438 = PCURVE('',#4659,#13439);
#13439 = DEFINITIONAL_REPRESENTATION('',(#13440),#13444);
#13440 = LINE('',#13441,#13442);
#13441 = CARTESIAN_POINT('',(0.,3.2));
#13442 = VECTOR('',#13443,1.);
#13443 = DIRECTION('',(0.,-1.));
#13444 = ( GEOMETRIC_REPRESENTATION_CONTEXT(2) 
PARAMETRIC_REPRESENTATION_CONTEXT() REPRESENTATION_CONTEXT('2D SPACE',''
  ) );
#13445 = PCURVE('',#12906,#13446);
#13446 = DEFINITIONAL_REPRESENTATION('',(#13447),#13451);
#13447 = LINE('',#13448,#13449);
#13448 = CARTESIAN_POINT('',(1.,3.2));
#13449 = VECTOR('',#13450,1.);
#13450 = DIRECTION('',(0.,-1.));
#13451 = ( GEOMETRIC_REPRESENTATION_CONTEXT(2) 
PARAMETRIC_REPRESENTATION_CONTEXT() REPRESENTATION_CONTEXT('2D SPACE',''
  ) );
#13452 = ORIENTED_EDGE('',*,*,#12918,.T.);
#13453 = ORIENTED_EDGE('',*,*,#4644,.F.);
#13454 = ORIENTED_EDGE('',*,*,#13116,.F.);
#13455 = ADVANCED_FACE('',(#13456),#4734,.F.);
#13456 = FACE_BOUND('',#13457,.F.);
#13457 = EDGE_LOOP('',(#13458,#13459,#13460,#13481,#13507,#13526,#13527,
    #13548));
#13458 = ORIENTED_EDGE('',*,*,#13277,.F.);
#13459 = ORIENTED_EDGE('',*,*,#4718,.T.);
#13460 = ORIENTED_EDGE('',*,*,#13461,.T.);
#13461 = EDGE_CURVE('',#4719,#13462,#13464,.T.);
#13462 = VERTEX_POINT('',#13463);
#13463 = CARTESIAN_POINT('',(-3.2,23.976744186047,11.523255813953));
#13464 = SURFACE_CURVE('',#13465,(#13469,#13475),.PCURVE_S1.);
#13465 = LINE('',#13466,#13467);
#13466 = CARTESIAN_POINT('',(-3.2,21.809095801938,9.030460172228));
#13467 = VECTOR('',#13468,1.);
#13468 = DIRECTION('',(-0.,0.656178714925,0.754605522164));
#13469 = PCURVE('',#4734,#13470);
#13470 = DEFINITIONAL_REPRESENTATION('',(#13471),#13474);
#13471 = B_SPLINE_CURVE_WITH_KNOTS('',1,(#13472,#13473),.UNSPECIFIED.,
  .F.,.F.,(2,2),(1.357715783519,3.93522143763),
  .PIECEWISE_BEZIER_KNOTS.);
#13472 = CARTESIAN_POINT('',(0.,3.2));
#13473 = CARTESIAN_POINT('',(2.577505654111,3.2));
#13474 = ( GEOMETRIC_REPRESENTATION_CONTEXT(2) 
PARAMETRIC_REPRESENTATION_CONTEXT() REPRESENTATION_CONTEXT('2D SPACE',''
  ) );
#13475 = PCURVE('',#4761,#13476);
#13476 = DEFINITIONAL_REPRESENTATION('',(#13477),#13480);
#13477 = B_SPLINE_CURVE_WITH_KNOTS('',1,(#13478,#13479),.UNSPECIFIED.,
  .F.,.F.,(2,2),(1.357715783519,3.93522143763),
  .PIECEWISE_BEZIER_KNOTS.);
#13478 = CARTESIAN_POINT('',(2.555,-1.2));
#13479 = CARTESIAN_POINT('',(4.5,-2.891304347826));
#13480 = ( GEOMETRIC_REPRESENTATION_CONTEXT(2) 
PARAMETRIC_REPRESENTATION_CONTEXT() REPRESENTATION_CONTEXT('2D SPACE',''
  ) );
#13481 = ORIENTED_EDGE('',*,*,#13482,.T.);
#13482 = EDGE_CURVE('',#13462,#13483,#13485,.T.);
#13483 = VERTEX_POINT('',#13484);
#13484 = CARTESIAN_POINT('',(3.2,23.976744186047,11.523255813953));
#13485 = SURFACE_CURVE('',#13486,(#13490,#13496),.PCURVE_S1.);
#13486 = LINE('',#13487,#13488);
#13487 = CARTESIAN_POINT('',(0.,23.976744186047,11.523255813953));
#13488 = VECTOR('',#13489,1.);
#13489 = DIRECTION('',(1.,0.,0.));
#13490 = PCURVE('',#4734,#13491);
#13491 = DEFINITIONAL_REPRESENTATION('',(#13492),#13495);
#13492 = B_SPLINE_CURVE_WITH_KNOTS('',1,(#13493,#13494),.UNSPECIFIED.,
  .F.,.F.,(2,2),(-3.2,3.2),.PIECEWISE_BEZIER_KNOTS.);
#13493 = CARTESIAN_POINT('',(1.945726304446,3.2));
#13494 = CARTESIAN_POINT('',(1.945726304446,-3.2));
#13495 = ( GEOMETRIC_REPRESENTATION_CONTEXT(2) 
PARAMETRIC_REPRESENTATION_CONTEXT() REPRESENTATION_CONTEXT('2D SPACE',''
  ) );
#13496 = PCURVE('',#13497,#13502);
#13497 = PLANE('',#13498);
#13498 = AXIS2_PLACEMENT_3D('',#13499,#13500,#13501);
#13499 = CARTESIAN_POINT('',(0.,27.5,8.));
#13500 = DIRECTION('',(0.,-0.707106781187,-0.707106781187));
#13501 = DIRECTION('',(0.,-0.707106781187,0.707106781187));
#13502 = DEFINITIONAL_REPRESENTATION('',(#13503),#13506);
#13503 = B_SPLINE_CURVE_WITH_KNOTS('',1,(#13504,#13505),.UNSPECIFIED.,
  .F.,.F.,(2,2),(-3.2,3.2),.PIECEWISE_BEZIER_KNOTS.);
#13504 = CARTESIAN_POINT('',(4.982636155803,3.2));
#13505 = CARTESIAN_POINT('',(4.982636155803,-3.2));
#13506 = ( GEOMETRIC_REPRESENTATION_CONTEXT(2) 
PARAMETRIC_REPRESENTATION_CONTEXT() REPRESENTATION_CONTEXT('2D SPACE',''
  ) );
#13507 = ORIENTED_EDGE('',*,*,#13508,.F.);
#13508 = EDGE_CURVE('',#4799,#13483,#13509,.T.);
#13509 = SURFACE_CURVE('',#13510,(#13514,#13520),.PCURVE_S1.);
#13510 = LINE('',#13511,#13512);
#13511 = CARTESIAN_POINT('',(3.2,21.809095801938,9.030460172228));
#13512 = VECTOR('',#13513,1.);
#13513 = DIRECTION('',(-0.,0.656178714925,0.754605522164));
#13514 = PCURVE('',#4734,#13515);
#13515 = DEFINITIONAL_REPRESENTATION('',(#13516),#13519);
#13516 = B_SPLINE_CURVE_WITH_KNOTS('',1,(#13517,#13518),.UNSPECIFIED.,
  .F.,.F.,(2,2),(1.357715783519,3.93522143763),
  .PIECEWISE_BEZIER_KNOTS.);
#13517 = CARTESIAN_POINT('',(0.,-3.2));
#13518 = CARTESIAN_POINT('',(2.577505654111,-3.2));
#13519 = ( GEOMETRIC_REPRESENTATION_CONTEXT(2) 
PARAMETRIC_REPRESENTATION_CONTEXT() REPRESENTATION_CONTEXT('2D SPACE',''
  ) );
#13520 = PCURVE('',#4813,#13521);
#13521 = DEFINITIONAL_REPRESENTATION('',(#13522),#13525);
#13522 = B_SPLINE_CURVE_WITH_KNOTS('',1,(#13523,#13524),.UNSPECIFIED.,
  .F.,.F.,(2,2),(1.357715783519,3.93522143763),
  .PIECEWISE_BEZIER_KNOTS.);
#13523 = CARTESIAN_POINT('',(2.555,-1.2));
#13524 = CARTESIAN_POINT('',(4.5,-2.891304347826));
#13525 = ( GEOMETRIC_REPRESENTATION_CONTEXT(2) 
PARAMETRIC_REPRESENTATION_CONTEXT() REPRESENTATION_CONTEXT('2D SPACE',''
  ) );
#13526 = ORIENTED_EDGE('',*,*,#4824,.T.);
#13527 = ORIENTED_EDGE('',*,*,#13528,.F.);
#13528 = EDGE_CURVE('',#13529,#4825,#13531,.T.);
#13529 = VERTEX_POINT('',#13530);
#13530 = CARTESIAN_POINT('',(8.,27.,15.));
#13531 = SURFACE_CURVE('',#13532,(#13536,#13542),.PCURVE_S1.);
#13532 = LINE('',#13533,#13534);
#13533 = CARTESIAN_POINT('',(12.362189616253,22.637810383747,
    9.983481941309));
#13534 = VECTOR('',#13535,1.);
#13535 = DIRECTION('',(0.548614782048,-0.548614782048,-0.630906999356));
#13536 = PCURVE('',#4734,#13537);
#13537 = DEFINITIONAL_REPRESENTATION('',(#13538),#13541);
#13538 = B_SPLINE_CURVE_WITH_KNOTS('',1,(#13539,#13540),.UNSPECIFIED.,
  .F.,.F.,(2,2),(-7.951279766771,-0.113357529341),
  .PIECEWISE_BEZIER_KNOTS.);
#13539 = CARTESIAN_POINT('',(6.553092781275,-8.));
#13540 = CARTESIAN_POINT('',(8.743006318923E-16,-12.3));
#13541 = ( GEOMETRIC_REPRESENTATION_CONTEXT(2) 
PARAMETRIC_REPRESENTATION_CONTEXT() REPRESENTATION_CONTEXT('2D SPACE',''
  ) );
#13542 = PCURVE('',#5367,#13543);
#13543 = DEFINITIONAL_REPRESENTATION('',(#13544),#13547);
#13544 = B_SPLINE_CURVE_WITH_KNOTS('',1,(#13545,#13546),.UNSPECIFIED.,
  .F.,.F.,(2,2),(-7.951279766771,-0.113357529341),
  .PIECEWISE_BEZIER_KNOTS.);
#13545 = CARTESIAN_POINT('',(8.881784197001E-16,27.));
#13546 = CARTESIAN_POINT('',(6.553092781275,22.7));
#13547 = ( GEOMETRIC_REPRESENTATION_CONTEXT(2) 
PARAMETRIC_REPRESENTATION_CONTEXT() REPRESENTATION_CONTEXT('2D SPACE',''
  ) );
#13548 = ORIENTED_EDGE('',*,*,#13549,.F.);
#13549 = EDGE_CURVE('',#13231,#13529,#13550,.T.);
#13550 = SURFACE_CURVE('',#13551,(#13555,#13562),.PCURVE_S1.);
#13551 = LINE('',#13552,#13553);
#13552 = CARTESIAN_POINT('',(-29.,27.,15.));
#13553 = VECTOR('',#13554,1.);
#13554 = DIRECTION('',(1.,0.,0.));
#13555 = PCURVE('',#4734,#13556);
#13556 = DEFINITIONAL_REPRESENTATION('',(#13557),#13561);
#13557 = LINE('',#13558,#13559);
#13558 = CARTESIAN_POINT('',(6.553092781275,29.));
#13559 = VECTOR('',#13560,1.);
#13560 = DIRECTION('',(0.,-1.));
#13561 = ( GEOMETRIC_REPRESENTATION_CONTEXT(2) 
PARAMETRIC_REPRESENTATION_CONTEXT() REPRESENTATION_CONTEXT('2D SPACE',''
  ) );
#13562 = PCURVE('',#8297,#13563);
#13563 = DEFINITIONAL_REPRESENTATION('',(#13564),#13568);
#13564 = LINE('',#13565,#13566);
#13565 = CARTESIAN_POINT('',(0.,0.));
#13566 = VECTOR('',#13567,1.);
#13567 = DIRECTION('',(1.,0.));
#13568 = ( GEOMETRIC_REPRESENTATION_CONTEXT(2) 
PARAMETRIC_REPRESENTATION_CONTEXT() REPRESENTATION_CONTEXT('2D SPACE',''
  ) );
#13569 = ADVANCED_FACE('',(#13570),#4813,.F.);
#13570 = FACE_BOUND('',#13571,.F.);
#13571 = EDGE_LOOP('',(#13572,#13573,#13594,#13595,#13596,#13619,#13647,
    #13675));
#13572 = ORIENTED_EDGE('',*,*,#7077,.T.);
#13573 = ORIENTED_EDGE('',*,*,#13574,.T.);
#13574 = EDGE_CURVE('',#7057,#4773,#13575,.T.);
#13575 = SURFACE_CURVE('',#13576,(#13580,#13587),.PCURVE_S1.);
#13576 = LINE('',#13577,#13578);
#13577 = CARTESIAN_POINT('',(3.2,19.5,3.));
#13578 = VECTOR('',#13579,1.);
#13579 = DIRECTION('',(0.,1.,0.));
#13580 = PCURVE('',#4813,#13581);
#13581 = DEFINITIONAL_REPRESENTATION('',(#13582),#13586);
#13582 = LINE('',#13583,#13584);
#13583 = CARTESIAN_POINT('',(-4.5,2.));
#13584 = VECTOR('',#13585,1.);
#13585 = DIRECTION('',(0.,-1.));
#13586 = ( GEOMETRIC_REPRESENTATION_CONTEXT(2) 
PARAMETRIC_REPRESENTATION_CONTEXT() REPRESENTATION_CONTEXT('2D SPACE',''
  ) );
#13587 = PCURVE('',#4787,#13588);
#13588 = DEFINITIONAL_REPRESENTATION('',(#13589),#13593);
#13589 = LINE('',#13590,#13591);
#13590 = CARTESIAN_POINT('',(0.,-3.2));
#13591 = VECTOR('',#13592,1.);
#13592 = DIRECTION('',(1.,0.));
#13593 = ( GEOMETRIC_REPRESENTATION_CONTEXT(2) 
PARAMETRIC_REPRESENTATION_CONTEXT() REPRESENTATION_CONTEXT('2D SPACE',''
  ) );
#13594 = ORIENTED_EDGE('',*,*,#4798,.F.);
#13595 = ORIENTED_EDGE('',*,*,#13508,.T.);
#13596 = ORIENTED_EDGE('',*,*,#13597,.T.);
#13597 = EDGE_CURVE('',#13483,#13598,#13600,.T.);
#13598 = VERTEX_POINT('',#13599);
#13599 = CARTESIAN_POINT('',(3.2,23.5,12.));
#13600 = SURFACE_CURVE('',#13601,(#13605,#13612),.PCURVE_S1.);
#13601 = LINE('',#13602,#13603);
#13602 = CARTESIAN_POINT('',(3.2,27.5,8.));
#13603 = VECTOR('',#13604,1.);
#13604 = DIRECTION('',(0.,-0.707106781187,0.707106781187));
#13605 = PCURVE('',#4813,#13606);
#13606 = DEFINITIONAL_REPRESENTATION('',(#13607),#13611);
#13607 = LINE('',#13608,#13609);
#13608 = CARTESIAN_POINT('',(0.5,-6.));
#13609 = VECTOR('',#13610,1.);
#13610 = DIRECTION('',(0.707106781187,0.707106781187));
#13611 = ( GEOMETRIC_REPRESENTATION_CONTEXT(2) 
PARAMETRIC_REPRESENTATION_CONTEXT() REPRESENTATION_CONTEXT('2D SPACE',''
  ) );
#13612 = PCURVE('',#13497,#13613);
#13613 = DEFINITIONAL_REPRESENTATION('',(#13614),#13618);
#13614 = LINE('',#13615,#13616);
#13615 = CARTESIAN_POINT('',(0.,-3.2));
#13616 = VECTOR('',#13617,1.);
#13617 = DIRECTION('',(1.,0.));
#13618 = ( GEOMETRIC_REPRESENTATION_CONTEXT(2) 
PARAMETRIC_REPRESENTATION_CONTEXT() REPRESENTATION_CONTEXT('2D SPACE',''
  ) );
#13619 = ORIENTED_EDGE('',*,*,#13620,.T.);
#13620 = EDGE_CURVE('',#13598,#13621,#13623,.T.);
#13621 = VERTEX_POINT('',#13622);
#13622 = CARTESIAN_POINT('',(3.2,19.5,12.));
#13623 = SURFACE_CURVE('',#13624,(#13628,#13635),.PCURVE_S1.);
#13624 = LINE('',#13625,#13626);
#13625 = CARTESIAN_POINT('',(3.2,23.5,12.));
#13626 = VECTOR('',#13627,1.);
#13627 = DIRECTION('',(0.,-1.,0.));
#13628 = PCURVE('',#4813,#13629);
#13629 = DEFINITIONAL_REPRESENTATION('',(#13630),#13634);
#13630 = LINE('',#13631,#13632);
#13631 = CARTESIAN_POINT('',(4.5,-2.));
#13632 = VECTOR('',#13633,1.);
#13633 = DIRECTION('',(0.,1.));
#13634 = ( GEOMETRIC_REPRESENTATION_CONTEXT(2) 
PARAMETRIC_REPRESENTATION_CONTEXT() REPRESENTATION_CONTEXT('2D SPACE',''
  ) );
#13635 = PCURVE('',#13636,#13641);
#13636 = PLANE('',#13637);
#13637 = AXIS2_PLACEMENT_3D('',#13638,#13639,#13640);
#13638 = CARTESIAN_POINT('',(0.,23.5,12.));
#13639 = DIRECTION('',(0.,0.,-1.));
#13640 = DIRECTION('',(0.,-1.,0.));
#13641 = DEFINITIONAL_REPRESENTATION('',(#13642),#13646);
#13642 = LINE('',#13643,#13644);
#13643 = CARTESIAN_POINT('',(0.,-3.2));
#13644 = VECTOR('',#13645,1.);
#13645 = DIRECTION('',(1.,0.));
#13646 = ( GEOMETRIC_REPRESENTATION_CONTEXT(2) 
PARAMETRIC_REPRESENTATION_CONTEXT() REPRESENTATION_CONTEXT('2D SPACE',''
  ) );
#13647 = ORIENTED_EDGE('',*,*,#13648,.T.);
#13648 = EDGE_CURVE('',#13621,#13649,#13651,.T.);
#13649 = VERTEX_POINT('',#13650);
#13650 = CARTESIAN_POINT('',(3.2,19.023255813953,11.523255813953));
#13651 = SURFACE_CURVE('',#13652,(#13656,#13663),.PCURVE_S1.);
#13652 = LINE('',#13653,#13654);
#13653 = CARTESIAN_POINT('',(3.2,19.5,12.));
#13654 = VECTOR('',#13655,1.);
#13655 = DIRECTION('',(0.,-0.707106781187,-0.707106781187));
#13656 = PCURVE('',#4813,#13657);
#13657 = DEFINITIONAL_REPRESENTATION('',(#13658),#13662);
#13658 = LINE('',#13659,#13660);
#13659 = CARTESIAN_POINT('',(4.5,2.));
#13660 = VECTOR('',#13661,1.);
#13661 = DIRECTION('',(-0.707106781187,0.707106781187));
#13662 = ( GEOMETRIC_REPRESENTATION_CONTEXT(2) 
PARAMETRIC_REPRESENTATION_CONTEXT() REPRESENTATION_CONTEXT('2D SPACE',''
  ) );
#13663 = PCURVE('',#13664,#13669);
#13664 = PLANE('',#13665);
#13665 = AXIS2_PLACEMENT_3D('',#13666,#13667,#13668);
#13666 = CARTESIAN_POINT('',(0.,19.5,12.));
#13667 = DIRECTION('',(0.,0.707106781187,-0.707106781187));
#13668 = DIRECTION('',(0.,-0.707106781187,-0.707106781187));
#13669 = DEFINITIONAL_REPRESENTATION('',(#13670),#13674);
#13670 = LINE('',#13671,#13672);
#13671 = CARTESIAN_POINT('',(0.,-3.2));
#13672 = VECTOR('',#13673,1.);
#13673 = DIRECTION('',(1.,0.));
#13674 = ( GEOMETRIC_REPRESENTATION_CONTEXT(2) 
PARAMETRIC_REPRESENTATION_CONTEXT() REPRESENTATION_CONTEXT('2D SPACE',''
  ) );
#13675 = ORIENTED_EDGE('',*,*,#13676,.T.);
#13676 = EDGE_CURVE('',#13649,#7078,#13677,.T.);
#13677 = SURFACE_CURVE('',#13678,(#13682,#13688),.PCURVE_S1.);
#13678 = LINE('',#13679,#13680);
#13679 = CARTESIAN_POINT('',(3.2,19.040904198062,11.502960172228));
#13680 = VECTOR('',#13681,1.);
#13681 = DIRECTION('',(0.,0.656178714925,-0.754605522164));
#13682 = PCURVE('',#4813,#13683);
#13683 = DEFINITIONAL_REPRESENTATION('',(#13684),#13687);
#13684 = B_SPLINE_CURVE_WITH_KNOTS('',1,(#13685,#13686),.UNSPECIFIED.,
  .F.,.F.,(2,2),(-0.658675046992,1.918830607119),
  .PIECEWISE_BEZIER_KNOTS.);
#13685 = CARTESIAN_POINT('',(4.5,2.891304347826));
#13686 = CARTESIAN_POINT('',(2.555,1.2));
#13687 = ( GEOMETRIC_REPRESENTATION_CONTEXT(2) 
PARAMETRIC_REPRESENTATION_CONTEXT() REPRESENTATION_CONTEXT('2D SPACE',''
  ) );
#13688 = PCURVE('',#7023,#13689);
#13689 = DEFINITIONAL_REPRESENTATION('',(#13690),#13693);
#13690 = B_SPLINE_CURVE_WITH_KNOTS('',1,(#13691,#13692),.UNSPECIFIED.,
  .F.,.F.,(2,2),(-0.658675046992,1.918830607119),
  .PIECEWISE_BEZIER_KNOTS.);
#13691 = CARTESIAN_POINT('',(3.975587127164,-3.2));
#13692 = CARTESIAN_POINT('',(6.553092781275,-3.2));
#13693 = ( GEOMETRIC_REPRESENTATION_CONTEXT(2) 
PARAMETRIC_REPRESENTATION_CONTEXT() REPRESENTATION_CONTEXT('2D SPACE',''
  ) );
#13694 = ADVANCED_FACE('',(#13695),#4787,.T.);
#13695 = FACE_BOUND('',#13696,.T.);
#13696 = EDGE_LOOP('',(#13697,#13698,#13699,#13700));
#13697 = ORIENTED_EDGE('',*,*,#7056,.T.);
#13698 = ORIENTED_EDGE('',*,*,#13574,.T.);
#13699 = ORIENTED_EDGE('',*,*,#4772,.F.);
#13700 = ORIENTED_EDGE('',*,*,#13701,.F.);
#13701 = EDGE_CURVE('',#7036,#4747,#13702,.T.);
#13702 = SURFACE_CURVE('',#13703,(#13707,#13714),.PCURVE_S1.);
#13703 = LINE('',#13704,#13705);
#13704 = CARTESIAN_POINT('',(-3.2,19.5,3.));
#13705 = VECTOR('',#13706,1.);
#13706 = DIRECTION('',(0.,1.,0.));
#13707 = PCURVE('',#4787,#13708);
#13708 = DEFINITIONAL_REPRESENTATION('',(#13709),#13713);
#13709 = LINE('',#13710,#13711);
#13710 = CARTESIAN_POINT('',(0.,3.2));
#13711 = VECTOR('',#13712,1.);
#13712 = DIRECTION('',(1.,0.));
#13713 = ( GEOMETRIC_REPRESENTATION_CONTEXT(2) 
PARAMETRIC_REPRESENTATION_CONTEXT() REPRESENTATION_CONTEXT('2D SPACE',''
  ) );
#13714 = PCURVE('',#4761,#13715);
#13715 = DEFINITIONAL_REPRESENTATION('',(#13716),#13720);
#13716 = LINE('',#13717,#13718);
#13717 = CARTESIAN_POINT('',(-4.5,2.));
#13718 = VECTOR('',#13719,1.);
#13719 = DIRECTION('',(0.,-1.));
#13720 = ( GEOMETRIC_REPRESENTATION_CONTEXT(2) 
PARAMETRIC_REPRESENTATION_CONTEXT() REPRESENTATION_CONTEXT('2D SPACE',''
  ) );
#13721 = ADVANCED_FACE('',(#13722),#4761,.T.);
#13722 = FACE_BOUND('',#13723,.T.);
#13723 = EDGE_LOOP('',(#13724,#13725,#13726,#13727,#13728,#13751,#13774,
    #13797));
#13724 = ORIENTED_EDGE('',*,*,#7035,.T.);
#13725 = ORIENTED_EDGE('',*,*,#13701,.T.);
#13726 = ORIENTED_EDGE('',*,*,#4746,.F.);
#13727 = ORIENTED_EDGE('',*,*,#13461,.T.);
#13728 = ORIENTED_EDGE('',*,*,#13729,.T.);
#13729 = EDGE_CURVE('',#13462,#13730,#13732,.T.);
#13730 = VERTEX_POINT('',#13731);
#13731 = CARTESIAN_POINT('',(-3.2,23.5,12.));
#13732 = SURFACE_CURVE('',#13733,(#13737,#13744),.PCURVE_S1.);
#13733 = LINE('',#13734,#13735);
#13734 = CARTESIAN_POINT('',(-3.2,27.5,8.));
#13735 = VECTOR('',#13736,1.);
#13736 = DIRECTION('',(0.,-0.707106781187,0.707106781187));
#13737 = PCURVE('',#4761,#13738);
#13738 = DEFINITIONAL_REPRESENTATION('',(#13739),#13743);
#13739 = LINE('',#13740,#13741);
#13740 = CARTESIAN_POINT('',(0.5,-6.));
#13741 = VECTOR('',#13742,1.);
#13742 = DIRECTION('',(0.707106781187,0.707106781187));
#13743 = ( GEOMETRIC_REPRESENTATION_CONTEXT(2) 
PARAMETRIC_REPRESENTATION_CONTEXT() REPRESENTATION_CONTEXT('2D SPACE',''
  ) );
#13744 = PCURVE('',#13497,#13745);
#13745 = DEFINITIONAL_REPRESENTATION('',(#13746),#13750);
#13746 = LINE('',#13747,#13748);
#13747 = CARTESIAN_POINT('',(0.,3.2));
#13748 = VECTOR('',#13749,1.);
#13749 = DIRECTION('',(1.,0.));
#13750 = ( GEOMETRIC_REPRESENTATION_CONTEXT(2) 
PARAMETRIC_REPRESENTATION_CONTEXT() REPRESENTATION_CONTEXT('2D SPACE',''
  ) );
#13751 = ORIENTED_EDGE('',*,*,#13752,.T.);
#13752 = EDGE_CURVE('',#13730,#13753,#13755,.T.);
#13753 = VERTEX_POINT('',#13754);
#13754 = CARTESIAN_POINT('',(-3.2,19.5,12.));
#13755 = SURFACE_CURVE('',#13756,(#13760,#13767),.PCURVE_S1.);
#13756 = LINE('',#13757,#13758);
#13757 = CARTESIAN_POINT('',(-3.2,23.5,12.));
#13758 = VECTOR('',#13759,1.);
#13759 = DIRECTION('',(0.,-1.,0.));
#13760 = PCURVE('',#4761,#13761);
#13761 = DEFINITIONAL_REPRESENTATION('',(#13762),#13766);
#13762 = LINE('',#13763,#13764);
#13763 = CARTESIAN_POINT('',(4.5,-2.));
#13764 = VECTOR('',#13765,1.);
#13765 = DIRECTION('',(0.,1.));
#13766 = ( GEOMETRIC_REPRESENTATION_CONTEXT(2) 
PARAMETRIC_REPRESENTATION_CONTEXT() REPRESENTATION_CONTEXT('2D SPACE',''
  ) );
#13767 = PCURVE('',#13636,#13768);
#13768 = DEFINITIONAL_REPRESENTATION('',(#13769),#13773);
#13769 = LINE('',#13770,#13771);
#13770 = CARTESIAN_POINT('',(0.,3.2));
#13771 = VECTOR('',#13772,1.);
#13772 = DIRECTION('',(1.,0.));
#13773 = ( GEOMETRIC_REPRESENTATION_CONTEXT(2) 
PARAMETRIC_REPRESENTATION_CONTEXT() REPRESENTATION_CONTEXT('2D SPACE',''
  ) );
#13774 = ORIENTED_EDGE('',*,*,#13775,.T.);
#13775 = EDGE_CURVE('',#13753,#13776,#13778,.T.);
#13776 = VERTEX_POINT('',#13777);
#13777 = CARTESIAN_POINT('',(-3.2,19.023255813953,11.523255813953));
#13778 = SURFACE_CURVE('',#13779,(#13783,#13790),.PCURVE_S1.);
#13779 = LINE('',#13780,#13781);
#13780 = CARTESIAN_POINT('',(-3.2,19.5,12.));
#13781 = VECTOR('',#13782,1.);
#13782 = DIRECTION('',(0.,-0.707106781187,-0.707106781187));
#13783 = PCURVE('',#4761,#13784);
#13784 = DEFINITIONAL_REPRESENTATION('',(#13785),#13789);
#13785 = LINE('',#13786,#13787);
#13786 = CARTESIAN_POINT('',(4.5,2.));
#13787 = VECTOR('',#13788,1.);
#13788 = DIRECTION('',(-0.707106781187,0.707106781187));
#13789 = ( GEOMETRIC_REPRESENTATION_CONTEXT(2) 
PARAMETRIC_REPRESENTATION_CONTEXT() REPRESENTATION_CONTEXT('2D SPACE',''
  ) );
#13790 = PCURVE('',#13664,#13791);
#13791 = DEFINITIONAL_REPRESENTATION('',(#13792),#13796);
#13792 = LINE('',#13793,#13794);
#13793 = CARTESIAN_POINT('',(-0.,3.2));
#13794 = VECTOR('',#13795,1.);
#13795 = DIRECTION('',(1.,0.));
#13796 = ( GEOMETRIC_REPRESENTATION_CONTEXT(2) 
PARAMETRIC_REPRESENTATION_CONTEXT() REPRESENTATION_CONTEXT('2D SPACE',''
  ) );
#13797 = ORIENTED_EDGE('',*,*,#13798,.T.);
#13798 = EDGE_CURVE('',#13776,#7008,#13799,.T.);
#13799 = SURFACE_CURVE('',#13800,(#13804,#13810),.PCURVE_S1.);
#13800 = LINE('',#13801,#13802);
#13801 = CARTESIAN_POINT('',(-3.2,19.040904198062,11.502960172228));
#13802 = VECTOR('',#13803,1.);
#13803 = DIRECTION('',(0.,0.656178714925,-0.754605522164));
#13804 = PCURVE('',#4761,#13805);
#13805 = DEFINITIONAL_REPRESENTATION('',(#13806),#13809);
#13806 = B_SPLINE_CURVE_WITH_KNOTS('',1,(#13807,#13808),.UNSPECIFIED.,
  .F.,.F.,(2,2),(-0.658675046992,1.918830607119),
  .PIECEWISE_BEZIER_KNOTS.);
#13807 = CARTESIAN_POINT('',(4.5,2.891304347826));
#13808 = CARTESIAN_POINT('',(2.555,1.2));
#13809 = ( GEOMETRIC_REPRESENTATION_CONTEXT(2) 
PARAMETRIC_REPRESENTATION_CONTEXT() REPRESENTATION_CONTEXT('2D SPACE',''
  ) );
#13810 = PCURVE('',#7023,#13811);
#13811 = DEFINITIONAL_REPRESENTATION('',(#13812),#13815);
#13812 = B_SPLINE_CURVE_WITH_KNOTS('',1,(#13813,#13814),.UNSPECIFIED.,
  .F.,.F.,(2,2),(-0.658675046992,1.918830607119),
  .PIECEWISE_BEZIER_KNOTS.);
#13813 = CARTESIAN_POINT('',(3.975587127164,3.2));
#13814 = CARTESIAN_POINT('',(6.553092781275,3.2));
#13815 = ( GEOMETRIC_REPRESENTATION_CONTEXT(2) 
PARAMETRIC_REPRESENTATION_CONTEXT() REPRESENTATION_CONTEXT('2D SPACE',''
  ) );
#13816 = ADVANCED_FACE('',(#13817),#4908,.F.);
#13817 = FACE_BOUND('',#13818,.F.);
#13818 = EDGE_LOOP('',(#13819,#13842,#13861,#13862,#13892,#13922,#13948,
    #13967,#13968,#13989,#14015,#14034,#14035,#14056,#14082,#14112,
    #14140,#14141));
#13819 = ORIENTED_EDGE('',*,*,#13820,.F.);
#13820 = EDGE_CURVE('',#13821,#13339,#13823,.T.);
#13821 = VERTEX_POINT('',#13822);
#13822 = CARTESIAN_POINT('',(19.,16.,15.));
#13823 = SURFACE_CURVE('',#13824,(#13828,#13835),.PCURVE_S1.);
#13824 = LINE('',#13825,#13826);
#13825 = CARTESIAN_POINT('',(19.,43.,15.));
#13826 = VECTOR('',#13827,1.);
#13827 = DIRECTION('',(-1.110223024625E-16,-1.,0.));
#13828 = PCURVE('',#4908,#13829);
#13829 = DEFINITIONAL_REPRESENTATION('',(#13830),#13834);
#13830 = LINE('',#13831,#13832);
#13831 = CARTESIAN_POINT('',(6.553092781275,43.));
#13832 = VECTOR('',#13833,1.);
#13833 = DIRECTION('',(-7.285047175784E-17,-1.));
#13834 = ( GEOMETRIC_REPRESENTATION_CONTEXT(2) 
PARAMETRIC_REPRESENTATION_CONTEXT() REPRESENTATION_CONTEXT('2D SPACE',''
  ) );
#13835 = PCURVE('',#8415,#13836);
#13836 = DEFINITIONAL_REPRESENTATION('',(#13837),#13841);
#13837 = LINE('',#13838,#13839);
#13838 = CARTESIAN_POINT('',(0.,0.));
#13839 = VECTOR('',#13840,1.);
#13840 = DIRECTION('',(1.,0.));
#13841 = ( GEOMETRIC_REPRESENTATION_CONTEXT(2) 
PARAMETRIC_REPRESENTATION_CONTEXT() REPRESENTATION_CONTEXT('2D SPACE',''
  ) );
#13842 = ORIENTED_EDGE('',*,*,#13843,.T.);
#13843 = EDGE_CURVE('',#13821,#4872,#13844,.T.);
#13844 = SURFACE_CURVE('',#13845,(#13849,#13855),.PCURVE_S1.);
#13845 = LINE('',#13846,#13847);
#13846 = CARTESIAN_POINT('',(17.045635816403,17.954364183597,
    12.752481188864));
#13847 = VECTOR('',#13848,1.);
#13848 = DIRECTION('',(-0.548614782048,0.548614782048,-0.630906999356));
#13849 = PCURVE('',#4908,#13850);
#13850 = DEFINITIONAL_REPRESENTATION('',(#13851),#13854);
#13851 = B_SPLINE_CURVE_WITH_KNOTS('',1,(#13852,#13853),.UNSPECIFIED.,
  .F.,.F.,(2,2),(-3.562361510384,4.275560727046),
  .PIECEWISE_BEZIER_KNOTS.);
#13852 = CARTESIAN_POINT('',(6.553092781275,16.));
#13853 = CARTESIAN_POINT('',(2.6645352591E-15,20.3));
#13854 = ( GEOMETRIC_REPRESENTATION_CONTEXT(2) 
PARAMETRIC_REPRESENTATION_CONTEXT() REPRESENTATION_CONTEXT('2D SPACE',''
  ) );
#13855 = PCURVE('',#5499,#13856);
#13856 = DEFINITIONAL_REPRESENTATION('',(#13857),#13860);
#13857 = B_SPLINE_CURVE_WITH_KNOTS('',1,(#13858,#13859),.UNSPECIFIED.,
  .F.,.F.,(2,2),(-3.562361510384,4.275560727046),
  .PIECEWISE_BEZIER_KNOTS.);
#13858 = CARTESIAN_POINT('',(1.33226762955E-15,-19.));
#13859 = CARTESIAN_POINT('',(6.553092781275,-14.7));
#13860 = ( GEOMETRIC_REPRESENTATION_CONTEXT(2) 
PARAMETRIC_REPRESENTATION_CONTEXT() REPRESENTATION_CONTEXT('2D SPACE',''
  ) );
#13861 = ORIENTED_EDGE('',*,*,#4892,.T.);
#13862 = ORIENTED_EDGE('',*,*,#13863,.F.);
#13863 = EDGE_CURVE('',#13864,#4893,#13866,.T.);
#13864 = VERTEX_POINT('',#13865);
#13865 = CARTESIAN_POINT('',(17.75,15.25,13.5625));
#13866 = SURFACE_CURVE('',#13867,(#13872,#13879),.PCURVE_S1.);
#13867 = ELLIPSE('',#13868,3.809937663532,2.5);
#13868 = AXIS2_PLACEMENT_3D('',#13869,#13870,#13871);
#13869 = CARTESIAN_POINT('',(15.25,15.25,10.6875));
#13870 = DIRECTION('',(-0.754605522164,0.,0.656178714925));
#13871 = DIRECTION('',(-0.656178714925,0.,-0.754605522164));
#13872 = PCURVE('',#4908,#13873);
#13873 = DEFINITIONAL_REPRESENTATION('',(#13874),#13878);
#13874 = ELLIPSE('',#13875,3.809937663532,2.5);
#13875 = AXIS2_PLACEMENT_2D('',#13876,#13877);
#13876 = CARTESIAN_POINT('',(0.838186285977,15.25));
#13877 = DIRECTION('',(-1.,0.));
#13878 = ( GEOMETRIC_REPRESENTATION_CONTEXT(2) 
PARAMETRIC_REPRESENTATION_CONTEXT() REPRESENTATION_CONTEXT('2D SPACE',''
  ) );
#13879 = PCURVE('',#4935,#13880);
#13880 = DEFINITIONAL_REPRESENTATION('',(#13881),#13891);
#13881 = B_SPLINE_CURVE_WITH_KNOTS('',8,(#13882,#13883,#13884,#13885,
    #13886,#13887,#13888,#13889,#13890),.UNSPECIFIED.,.F.,.F.,(9,9),(
    3.14159265359,5.115193564028),.PIECEWISE_BEZIER_KNOTS.);
#13882 = CARTESIAN_POINT('',(0.,-4.5625));
#13883 = CARTESIAN_POINT('',(-0.246700113805,-4.5625));
#13884 = CARTESIAN_POINT('',(-0.493400227609,-4.362527209798));
#13885 = CARTESIAN_POINT('',(-0.740100341414,-3.962591529116));
#13886 = CARTESIAN_POINT('',(-0.986800455215,-3.3886150579));
#13887 = CARTESIAN_POINT('',(-1.233500569024,-2.692637744787));
#13888 = CARTESIAN_POINT('',(-1.480200682829,-1.943884369013));
#13889 = CARTESIAN_POINT('',(-1.726900796634,-1.212997130536));
#13890 = CARTESIAN_POINT('',(-1.973600910439,-0.5605));
#13891 = ( GEOMETRIC_REPRESENTATION_CONTEXT(2) 
PARAMETRIC_REPRESENTATION_CONTEXT() REPRESENTATION_CONTEXT('2D SPACE',''
  ) );
#13892 = ORIENTED_EDGE('',*,*,#13893,.F.);
#13893 = EDGE_CURVE('',#13894,#13864,#13896,.T.);
#13894 = VERTEX_POINT('',#13895);
#13895 = CARTESIAN_POINT('',(15.976744186047,12.857962607306,
    11.523255813953));
#13896 = SURFACE_CURVE('',#13897,(#13902,#13909),.PCURVE_S1.);
#13897 = ELLIPSE('',#13898,3.809937663532,2.5);
#13898 = AXIS2_PLACEMENT_3D('',#13899,#13900,#13901);
#13899 = CARTESIAN_POINT('',(15.25,15.25,10.6875));
#13900 = DIRECTION('',(-0.754605522164,0.,0.656178714925));
#13901 = DIRECTION('',(-0.656178714925,0.,-0.754605522164));
#13902 = PCURVE('',#4908,#13903);
#13903 = DEFINITIONAL_REPRESENTATION('',(#13904),#13908);
#13904 = ELLIPSE('',#13905,3.809937663532,2.5);
#13905 = AXIS2_PLACEMENT_2D('',#13906,#13907);
#13906 = CARTESIAN_POINT('',(0.838186285977,15.25));
#13907 = DIRECTION('',(-1.,0.));
#13908 = ( GEOMETRIC_REPRESENTATION_CONTEXT(2) 
PARAMETRIC_REPRESENTATION_CONTEXT() REPRESENTATION_CONTEXT('2D SPACE',''
  ) );
#13909 = PCURVE('',#4935,#13910);
#13910 = DEFINITIONAL_REPRESENTATION('',(#13911),#13921);
#13911 = B_SPLINE_CURVE_WITH_KNOTS('',8,(#13912,#13913,#13914,#13915,
    #13916,#13917,#13918,#13919,#13920),.UNSPECIFIED.,.F.,.F.,(9,9),(
    1.167991743151,3.14159265359),.PIECEWISE_BEZIER_KNOTS.);
#13912 = CARTESIAN_POINT('',(-4.309584396741,-0.5605));
#13913 = CARTESIAN_POINT('',(-4.556284510546,-1.212997130536));
#13914 = CARTESIAN_POINT('',(-4.802984624352,-1.94388436902));
#13915 = CARTESIAN_POINT('',(-5.049684738153,-2.692637744769));
#13916 = CARTESIAN_POINT('',(-5.296384851961,-3.388615057935));
#13917 = CARTESIAN_POINT('',(-5.543084965763,-3.962591529087));
#13918 = CARTESIAN_POINT('',(-5.789785079571,-4.362527209802));
#13919 = CARTESIAN_POINT('',(-6.036485193375,-4.5625));
#13920 = CARTESIAN_POINT('',(-6.28318530718,-4.5625));
#13921 = ( GEOMETRIC_REPRESENTATION_CONTEXT(2) 
PARAMETRIC_REPRESENTATION_CONTEXT() REPRESENTATION_CONTEXT('2D SPACE',''
  ) );
#13922 = ORIENTED_EDGE('',*,*,#13923,.T.);
#13923 = EDGE_CURVE('',#13894,#13924,#13926,.T.);
#13924 = VERTEX_POINT('',#13925);
#13925 = CARTESIAN_POINT('',(15.976744186047,10.8,11.523255813953));
#13926 = SURFACE_CURVE('',#13927,(#13931,#13937),.PCURVE_S1.);
#13927 = LINE('',#13928,#13929);
#13928 = CARTESIAN_POINT('',(15.976744186047,7.,11.523255813953));
#13929 = VECTOR('',#13930,1.);
#13930 = DIRECTION('',(0.,-1.,0.));
#13931 = PCURVE('',#4908,#13932);
#13932 = DEFINITIONAL_REPRESENTATION('',(#13933),#13936);
#13933 = B_SPLINE_CURVE_WITH_KNOTS('',1,(#13934,#13935),.UNSPECIFIED.,
  .F.,.F.,(2,2),(-10.2,-3.8),.PIECEWISE_BEZIER_KNOTS.);
#13934 = CARTESIAN_POINT('',(1.945726304446,17.2));
#13935 = CARTESIAN_POINT('',(1.945726304446,10.8));
#13936 = ( GEOMETRIC_REPRESENTATION_CONTEXT(2) 
PARAMETRIC_REPRESENTATION_CONTEXT() REPRESENTATION_CONTEXT('2D SPACE',''
  ) );
#13937 = PCURVE('',#13938,#13943);
#13938 = PLANE('',#13939);
#13939 = AXIS2_PLACEMENT_3D('',#13940,#13941,#13942);
#13940 = CARTESIAN_POINT('',(19.5,14.,8.));
#13941 = DIRECTION('',(-0.707106781187,-0.,-0.707106781187));
#13942 = DIRECTION('',(-0.707106781187,0.,0.707106781187));
#13943 = DEFINITIONAL_REPRESENTATION('',(#13944),#13947);
#13944 = B_SPLINE_CURVE_WITH_KNOTS('',1,(#13945,#13946),.UNSPECIFIED.,
  .F.,.F.,(2,2),(-10.2,-3.8),.PIECEWISE_BEZIER_KNOTS.);
#13945 = CARTESIAN_POINT('',(4.982636155803,3.2));
#13946 = CARTESIAN_POINT('',(4.982636155803,-3.2));
#13947 = ( GEOMETRIC_REPRESENTATION_CONTEXT(2) 
PARAMETRIC_REPRESENTATION_CONTEXT() REPRESENTATION_CONTEXT('2D SPACE',''
  ) );
#13948 = ORIENTED_EDGE('',*,*,#13949,.F.);
#13949 = EDGE_CURVE('',#5025,#13924,#13950,.T.);
#13950 = SURFACE_CURVE('',#13951,(#13955,#13961),.PCURVE_S1.);
#13951 = LINE('',#13952,#13953);
#13952 = CARTESIAN_POINT('',(13.809095801938,10.8,9.030460172228));
#13953 = VECTOR('',#13954,1.);
#13954 = DIRECTION('',(0.656178714925,-0.,0.754605522164));
#13955 = PCURVE('',#4908,#13956);
#13956 = DEFINITIONAL_REPRESENTATION('',(#13957),#13960);
#13957 = B_SPLINE_CURVE_WITH_KNOTS('',1,(#13958,#13959),.UNSPECIFIED.,
  .F.,.F.,(2,2),(1.357715783519,3.93522143763),
  .PIECEWISE_BEZIER_KNOTS.);
#13958 = CARTESIAN_POINT('',(0.,10.8));
#13959 = CARTESIAN_POINT('',(2.577505654111,10.8));
#13960 = ( GEOMETRIC_REPRESENTATION_CONTEXT(2) 
PARAMETRIC_REPRESENTATION_CONTEXT() REPRESENTATION_CONTEXT('2D SPACE',''
  ) );
#13961 = PCURVE('',#5039,#13962);
#13962 = DEFINITIONAL_REPRESENTATION('',(#13963),#13966);
#13963 = B_SPLINE_CURVE_WITH_KNOTS('',1,(#13964,#13965),.UNSPECIFIED.,
  .F.,.F.,(2,2),(1.357715783519,3.93522143763),
  .PIECEWISE_BEZIER_KNOTS.);
#13964 = CARTESIAN_POINT('',(-2.555,1.2));
#13965 = CARTESIAN_POINT('',(-4.5,2.891304347826));
#13966 = ( GEOMETRIC_REPRESENTATION_CONTEXT(2) 
PARAMETRIC_REPRESENTATION_CONTEXT() REPRESENTATION_CONTEXT('2D SPACE',''
  ) );
#13967 = ORIENTED_EDGE('',*,*,#5050,.T.);
#13968 = ORIENTED_EDGE('',*,*,#13969,.T.);
#13969 = EDGE_CURVE('',#5051,#13970,#13972,.T.);
#13970 = VERTEX_POINT('',#13971);
#13971 = CARTESIAN_POINT('',(15.976744186047,3.2,11.523255813953));
#13972 = SURFACE_CURVE('',#13973,(#13977,#13983),.PCURVE_S1.);
#13973 = LINE('',#13974,#13975);
#13974 = CARTESIAN_POINT('',(13.809095801938,3.2,9.030460172228));
#13975 = VECTOR('',#13976,1.);
#13976 = DIRECTION('',(0.656178714925,-0.,0.754605522164));
#13977 = PCURVE('',#4908,#13978);
#13978 = DEFINITIONAL_REPRESENTATION('',(#13979),#13982);
#13979 = B_SPLINE_CURVE_WITH_KNOTS('',1,(#13980,#13981),.UNSPECIFIED.,
  .F.,.F.,(2,2),(1.357715783519,3.93522143763),
  .PIECEWISE_BEZIER_KNOTS.);
#13980 = CARTESIAN_POINT('',(0.,3.2));
#13981 = CARTESIAN_POINT('',(2.577505654111,3.2));
#13982 = ( GEOMETRIC_REPRESENTATION_CONTEXT(2) 
PARAMETRIC_REPRESENTATION_CONTEXT() REPRESENTATION_CONTEXT('2D SPACE',''
  ) );
#13983 = PCURVE('',#5088,#13984);
#13984 = DEFINITIONAL_REPRESENTATION('',(#13985),#13988);
#13985 = B_SPLINE_CURVE_WITH_KNOTS('',1,(#13986,#13987),.UNSPECIFIED.,
  .F.,.F.,(2,2),(1.357715783519,3.93522143763),
  .PIECEWISE_BEZIER_KNOTS.);
#13986 = CARTESIAN_POINT('',(-2.555,1.2));
#13987 = CARTESIAN_POINT('',(-4.5,2.891304347826));
#13988 = ( GEOMETRIC_REPRESENTATION_CONTEXT(2) 
PARAMETRIC_REPRESENTATION_CONTEXT() REPRESENTATION_CONTEXT('2D SPACE',''
  ) );
#13989 = ORIENTED_EDGE('',*,*,#13990,.T.);
#13990 = EDGE_CURVE('',#13970,#13991,#13993,.T.);
#13991 = VERTEX_POINT('',#13992);
#13992 = CARTESIAN_POINT('',(15.976744186047,-3.2,11.523255813953));
#13993 = SURFACE_CURVE('',#13994,(#13998,#14004),.PCURVE_S1.);
#13994 = LINE('',#13995,#13996);
#13995 = CARTESIAN_POINT('',(15.976744186047,0.,11.523255813953));
#13996 = VECTOR('',#13997,1.);
#13997 = DIRECTION('',(0.,-1.,0.));
#13998 = PCURVE('',#4908,#13999);
#13999 = DEFINITIONAL_REPRESENTATION('',(#14000),#14003);
#14000 = B_SPLINE_CURVE_WITH_KNOTS('',1,(#14001,#14002),.UNSPECIFIED.,
  .F.,.F.,(2,2),(-3.2,3.2),.PIECEWISE_BEZIER_KNOTS.);
#14001 = CARTESIAN_POINT('',(1.945726304446,3.2));
#14002 = CARTESIAN_POINT('',(1.945726304446,-3.2));
#14003 = ( GEOMETRIC_REPRESENTATION_CONTEXT(2) 
PARAMETRIC_REPRESENTATION_CONTEXT() REPRESENTATION_CONTEXT('2D SPACE',''
  ) );
#14004 = PCURVE('',#14005,#14010);
#14005 = PLANE('',#14006);
#14006 = AXIS2_PLACEMENT_3D('',#14007,#14008,#14009);
#14007 = CARTESIAN_POINT('',(19.5,0.,8.));
#14008 = DIRECTION('',(-0.707106781187,-0.,-0.707106781187));
#14009 = DIRECTION('',(-0.707106781187,0.,0.707106781187));
#14010 = DEFINITIONAL_REPRESENTATION('',(#14011),#14014);
#14011 = B_SPLINE_CURVE_WITH_KNOTS('',1,(#14012,#14013),.UNSPECIFIED.,
  .F.,.F.,(2,2),(-3.2,3.2),.PIECEWISE_BEZIER_KNOTS.);
#14012 = CARTESIAN_POINT('',(4.982636155803,3.2));
#14013 = CARTESIAN_POINT('',(4.982636155803,-3.2));
#14014 = ( GEOMETRIC_REPRESENTATION_CONTEXT(2) 
PARAMETRIC_REPRESENTATION_CONTEXT() REPRESENTATION_CONTEXT('2D SPACE',''
  ) );
#14015 = ORIENTED_EDGE('',*,*,#14016,.F.);
#14016 = EDGE_CURVE('',#5126,#13991,#14017,.T.);
#14017 = SURFACE_CURVE('',#14018,(#14022,#14028),.PCURVE_S1.);
#14018 = LINE('',#14019,#14020);
#14019 = CARTESIAN_POINT('',(13.809095801938,-3.2,9.030460172228));
#14020 = VECTOR('',#14021,1.);
#14021 = DIRECTION('',(0.656178714925,-0.,0.754605522164));
#14022 = PCURVE('',#4908,#14023);
#14023 = DEFINITIONAL_REPRESENTATION('',(#14024),#14027);
#14024 = B_SPLINE_CURVE_WITH_KNOTS('',1,(#14025,#14026),.UNSPECIFIED.,
  .F.,.F.,(2,2),(1.357715783519,3.93522143763),
  .PIECEWISE_BEZIER_KNOTS.);
#14025 = CARTESIAN_POINT('',(0.,-3.2));
#14026 = CARTESIAN_POINT('',(2.577505654111,-3.2));
#14027 = ( GEOMETRIC_REPRESENTATION_CONTEXT(2) 
PARAMETRIC_REPRESENTATION_CONTEXT() REPRESENTATION_CONTEXT('2D SPACE',''
  ) );
#14028 = PCURVE('',#5140,#14029);
#14029 = DEFINITIONAL_REPRESENTATION('',(#14030),#14033);
#14030 = B_SPLINE_CURVE_WITH_KNOTS('',1,(#14031,#14032),.UNSPECIFIED.,
  .F.,.F.,(2,2),(1.357715783519,3.93522143763),
  .PIECEWISE_BEZIER_KNOTS.);
#14031 = CARTESIAN_POINT('',(-2.555,1.2));
#14032 = CARTESIAN_POINT('',(-4.5,2.891304347826));
#14033 = ( GEOMETRIC_REPRESENTATION_CONTEXT(2) 
PARAMETRIC_REPRESENTATION_CONTEXT() REPRESENTATION_CONTEXT('2D SPACE',''
  ) );
#14034 = ORIENTED_EDGE('',*,*,#5151,.T.);
#14035 = ORIENTED_EDGE('',*,*,#14036,.T.);
#14036 = EDGE_CURVE('',#5152,#14037,#14039,.T.);
#14037 = VERTEX_POINT('',#14038);
#14038 = CARTESIAN_POINT('',(15.976744186047,-10.8,11.523255813953));
#14039 = SURFACE_CURVE('',#14040,(#14044,#14050),.PCURVE_S1.);
#14040 = LINE('',#14041,#14042);
#14041 = CARTESIAN_POINT('',(13.809095801938,-10.8,9.030460172228));
#14042 = VECTOR('',#14043,1.);
#14043 = DIRECTION('',(0.656178714925,-0.,0.754605522164));
#14044 = PCURVE('',#4908,#14045);
#14045 = DEFINITIONAL_REPRESENTATION('',(#14046),#14049);
#14046 = B_SPLINE_CURVE_WITH_KNOTS('',1,(#14047,#14048),.UNSPECIFIED.,
  .F.,.F.,(2,2),(1.357715783519,3.93522143763),
  .PIECEWISE_BEZIER_KNOTS.);
#14047 = CARTESIAN_POINT('',(0.,-10.8));
#14048 = CARTESIAN_POINT('',(2.577505654111,-10.8));
#14049 = ( GEOMETRIC_REPRESENTATION_CONTEXT(2) 
PARAMETRIC_REPRESENTATION_CONTEXT() REPRESENTATION_CONTEXT('2D SPACE',''
  ) );
#14050 = PCURVE('',#5189,#14051);
#14051 = DEFINITIONAL_REPRESENTATION('',(#14052),#14055);
#14052 = B_SPLINE_CURVE_WITH_KNOTS('',1,(#14053,#14054),.UNSPECIFIED.,
  .F.,.F.,(2,2),(1.357715783519,3.93522143763),
  .PIECEWISE_BEZIER_KNOTS.);
#14053 = CARTESIAN_POINT('',(-2.555,1.2));
#14054 = CARTESIAN_POINT('',(-4.5,2.891304347826));
#14055 = ( GEOMETRIC_REPRESENTATION_CONTEXT(2) 
PARAMETRIC_REPRESENTATION_CONTEXT() REPRESENTATION_CONTEXT('2D SPACE',''
  ) );
#14056 = ORIENTED_EDGE('',*,*,#14057,.T.);
#14057 = EDGE_CURVE('',#14037,#14058,#14060,.T.);
#14058 = VERTEX_POINT('',#14059);
#14059 = CARTESIAN_POINT('',(15.976744186047,-12.8579626073,
    11.523255813953));
#14060 = SURFACE_CURVE('',#14061,(#14065,#14071),.PCURVE_S1.);
#14061 = LINE('',#14062,#14063);
#14062 = CARTESIAN_POINT('',(15.976744186047,-7.,11.523255813953));
#14063 = VECTOR('',#14064,1.);
#14064 = DIRECTION('',(0.,-1.,0.));
#14065 = PCURVE('',#4908,#14066);
#14066 = DEFINITIONAL_REPRESENTATION('',(#14067),#14070);
#14067 = B_SPLINE_CURVE_WITH_KNOTS('',1,(#14068,#14069),.UNSPECIFIED.,
  .F.,.F.,(2,2),(3.8,10.2),.PIECEWISE_BEZIER_KNOTS.);
#14068 = CARTESIAN_POINT('',(1.945726304446,-10.8));
#14069 = CARTESIAN_POINT('',(1.945726304446,-17.2));
#14070 = ( GEOMETRIC_REPRESENTATION_CONTEXT(2) 
PARAMETRIC_REPRESENTATION_CONTEXT() REPRESENTATION_CONTEXT('2D SPACE',''
  ) );
#14071 = PCURVE('',#14072,#14077);
#14072 = PLANE('',#14073);
#14073 = AXIS2_PLACEMENT_3D('',#14074,#14075,#14076);
#14074 = CARTESIAN_POINT('',(19.5,-14.,8.));
#14075 = DIRECTION('',(-0.707106781187,-0.,-0.707106781187));
#14076 = DIRECTION('',(-0.707106781187,0.,0.707106781187));
#14077 = DEFINITIONAL_REPRESENTATION('',(#14078),#14081);
#14078 = B_SPLINE_CURVE_WITH_KNOTS('',1,(#14079,#14080),.UNSPECIFIED.,
  .F.,.F.,(2,2),(3.8,10.2),.PIECEWISE_BEZIER_KNOTS.);
#14079 = CARTESIAN_POINT('',(4.982636155803,3.2));
#14080 = CARTESIAN_POINT('',(4.982636155803,-3.2));
#14081 = ( GEOMETRIC_REPRESENTATION_CONTEXT(2) 
PARAMETRIC_REPRESENTATION_CONTEXT() REPRESENTATION_CONTEXT('2D SPACE',''
  ) );
#14082 = ORIENTED_EDGE('',*,*,#14083,.F.);
#14083 = EDGE_CURVE('',#14084,#14058,#14086,.T.);
#14084 = VERTEX_POINT('',#14085);
#14085 = CARTESIAN_POINT('',(17.75,-15.25,13.5625));
#14086 = SURFACE_CURVE('',#14087,(#14092,#14099),.PCURVE_S1.);
#14087 = ELLIPSE('',#14088,3.809937663532,2.5);
#14088 = AXIS2_PLACEMENT_3D('',#14089,#14090,#14091);
#14089 = CARTESIAN_POINT('',(15.25,-15.25,10.6875));
#14090 = DIRECTION('',(-0.754605522164,0.,0.656178714925));
#14091 = DIRECTION('',(-0.656178714925,0.,-0.754605522164));
#14092 = PCURVE('',#4908,#14093);
#14093 = DEFINITIONAL_REPRESENTATION('',(#14094),#14098);
#14094 = ELLIPSE('',#14095,3.809937663532,2.5);
#14095 = AXIS2_PLACEMENT_2D('',#14096,#14097);
#14096 = CARTESIAN_POINT('',(0.838186285977,-15.25));
#14097 = DIRECTION('',(-1.,0.));
#14098 = ( GEOMETRIC_REPRESENTATION_CONTEXT(2) 
PARAMETRIC_REPRESENTATION_CONTEXT() REPRESENTATION_CONTEXT('2D SPACE',''
  ) );
#14099 = PCURVE('',#5293,#14100);
#14100 = DEFINITIONAL_REPRESENTATION('',(#14101),#14111);
#14101 = B_SPLINE_CURVE_WITH_KNOTS('',8,(#14102,#14103,#14104,#14105,
    #14106,#14107,#14108,#14109,#14110),.UNSPECIFIED.,.F.,.F.,(9,9),(
    3.14159265359,5.115193564028),.PIECEWISE_BEZIER_KNOTS.);
#14102 = CARTESIAN_POINT('',(0.,-4.5625));
#14103 = CARTESIAN_POINT('',(-0.246700113805,-4.5625));
#14104 = CARTESIAN_POINT('',(-0.493400227608,-4.362527209799));
#14105 = CARTESIAN_POINT('',(-0.740100341415,-3.962591529089));
#14106 = CARTESIAN_POINT('',(-0.986800455215,-3.388615057909));
#14107 = CARTESIAN_POINT('',(-1.233500569027,-2.69263774478));
#14108 = CARTESIAN_POINT('',(-1.480200682828,-1.943884369016));
#14109 = CARTESIAN_POINT('',(-1.726900796634,-1.212997130536));
#14110 = CARTESIAN_POINT('',(-1.973600910439,-0.5605));
#14111 = ( GEOMETRIC_REPRESENTATION_CONTEXT(2) 
PARAMETRIC_REPRESENTATION_CONTEXT() REPRESENTATION_CONTEXT('2D SPACE',''
  ) );
#14112 = ORIENTED_EDGE('',*,*,#14113,.F.);
#14113 = EDGE_CURVE('',#5279,#14084,#14114,.T.);
#14114 = SURFACE_CURVE('',#14115,(#14120,#14127),.PCURVE_S1.);
#14115 = ELLIPSE('',#14116,3.809937663532,2.5);
#14116 = AXIS2_PLACEMENT_3D('',#14117,#14118,#14119);
#14117 = CARTESIAN_POINT('',(15.25,-15.25,10.6875));
#14118 = DIRECTION('',(-0.754605522164,0.,0.656178714925));
#14119 = DIRECTION('',(-0.656178714925,0.,-0.754605522164));
#14120 = PCURVE('',#4908,#14121);
#14121 = DEFINITIONAL_REPRESENTATION('',(#14122),#14126);
#14122 = ELLIPSE('',#14123,3.809937663532,2.5);
#14123 = AXIS2_PLACEMENT_2D('',#14124,#14125);
#14124 = CARTESIAN_POINT('',(0.838186285977,-15.25));
#14125 = DIRECTION('',(-1.,0.));
#14126 = ( GEOMETRIC_REPRESENTATION_CONTEXT(2) 
PARAMETRIC_REPRESENTATION_CONTEXT() REPRESENTATION_CONTEXT('2D SPACE',''
  ) );
#14127 = PCURVE('',#5293,#14128);
#14128 = DEFINITIONAL_REPRESENTATION('',(#14129),#14139);
#14129 = B_SPLINE_CURVE_WITH_KNOTS('',8,(#14130,#14131,#14132,#14133,
    #14134,#14135,#14136,#14137,#14138),.UNSPECIFIED.,.F.,.F.,(9,9),(
    1.167991743151,3.14159265359),.PIECEWISE_BEZIER_KNOTS.);
#14130 = CARTESIAN_POINT('',(-4.309584396741,-0.5605));
#14131 = CARTESIAN_POINT('',(-4.556284510546,-1.212997130536));
#14132 = CARTESIAN_POINT('',(-4.802984624351,-1.943884369011));
#14133 = CARTESIAN_POINT('',(-5.049684738156,-2.692637744773));
#14134 = CARTESIAN_POINT('',(-5.296384851961,-3.388615057909));
#14135 = CARTESIAN_POINT('',(-5.543084965765,-3.962591529098));
#14136 = CARTESIAN_POINT('',(-5.789785079571,-4.362527209795));
#14137 = CARTESIAN_POINT('',(-6.036485193375,-4.5625));
#14138 = CARTESIAN_POINT('',(-6.28318530718,-4.5625));
#14139 = ( GEOMETRIC_REPRESENTATION_CONTEXT(2) 
PARAMETRIC_REPRESENTATION_CONTEXT() REPRESENTATION_CONTEXT('2D SPACE',''
  ) );
#14140 = ORIENTED_EDGE('',*,*,#5304,.T.);
#14141 = ORIENTED_EDGE('',*,*,#13385,.T.);
#14142 = ADVANCED_FACE('',(#14143),#5293,.F.);
#14143 = FACE_BOUND('',#14144,.T.);
#14144 = EDGE_LOOP('',(#14145,#14146,#14169,#14196,#14197,#14198,#14199,
    #14223,#14244,#14273));
#14145 = ORIENTED_EDGE('',*,*,#14083,.F.);
#14146 = ORIENTED_EDGE('',*,*,#14147,.T.);
#14147 = EDGE_CURVE('',#14084,#14148,#14150,.T.);
#14148 = VERTEX_POINT('',#14149);
#14149 = CARTESIAN_POINT('',(17.75,-15.25,15.));
#14150 = SEAM_CURVE('',#14151,(#14155,#14162),.PCURVE_S1.);
#14151 = LINE('',#14152,#14153);
#14152 = CARTESIAN_POINT('',(17.75,-15.25,9.));
#14153 = VECTOR('',#14154,1.);
#14154 = DIRECTION('',(0.,0.,1.));
#14155 = PCURVE('',#5293,#14156);
#14156 = DEFINITIONAL_REPRESENTATION('',(#14157),#14161);
#14157 = LINE('',#14158,#14159);
#14158 = CARTESIAN_POINT('',(-6.28318530718,0.));
#14159 = VECTOR('',#14160,1.);
#14160 = DIRECTION('',(-0.,-1.));
#14161 = ( GEOMETRIC_REPRESENTATION_CONTEXT(2) 
PARAMETRIC_REPRESENTATION_CONTEXT() REPRESENTATION_CONTEXT('2D SPACE',''
  ) );
#14162 = PCURVE('',#5293,#14163);
#14163 = DEFINITIONAL_REPRESENTATION('',(#14164),#14168);
#14164 = LINE('',#14165,#14166);
#14165 = CARTESIAN_POINT('',(-0.,0.));
#14166 = VECTOR('',#14167,1.);
#14167 = DIRECTION('',(-0.,-1.));
#14168 = ( GEOMETRIC_REPRESENTATION_CONTEXT(2) 
PARAMETRIC_REPRESENTATION_CONTEXT() REPRESENTATION_CONTEXT('2D SPACE',''
  ) );
#14169 = ORIENTED_EDGE('',*,*,#14170,.T.);
#14170 = EDGE_CURVE('',#14148,#14148,#14171,.T.);
#14171 = SURFACE_CURVE('',#14172,(#14177,#14184),.PCURVE_S1.);
#14172 = CIRCLE('',#14173,2.5);
#14173 = AXIS2_PLACEMENT_3D('',#14174,#14175,#14176);
#14174 = CARTESIAN_POINT('',(15.25,-15.25,15.));
#14175 = DIRECTION('',(0.,0.,1.));
#14176 = DIRECTION('',(1.,0.,0.));
#14177 = PCURVE('',#5293,#14178);
#14178 = DEFINITIONAL_REPRESENTATION('',(#14179),#14183);
#14179 = LINE('',#14180,#14181);
#14180 = CARTESIAN_POINT('',(-0.,-6.));
#14181 = VECTOR('',#14182,1.);
#14182 = DIRECTION('',(-1.,0.));
#14183 = ( GEOMETRIC_REPRESENTATION_CONTEXT(2) 
PARAMETRIC_REPRESENTATION_CONTEXT() REPRESENTATION_CONTEXT('2D SPACE',''
  ) );
#14184 = PCURVE('',#14185,#14190);
#14185 = PLANE('',#14186);
#14186 = AXIS2_PLACEMENT_3D('',#14187,#14188,#14189);
#14187 = CARTESIAN_POINT('',(15.25,-15.25,15.));
#14188 = DIRECTION('',(0.,0.,1.));
#14189 = DIRECTION('',(1.,0.,-0.));
#14190 = DEFINITIONAL_REPRESENTATION('',(#14191),#14195);
#14191 = CIRCLE('',#14192,2.5);
#14192 = AXIS2_PLACEMENT_2D('',#14193,#14194);
#14193 = CARTESIAN_POINT('',(0.,0.));
#14194 = DIRECTION('',(1.,0.));
#14195 = ( GEOMETRIC_REPRESENTATION_CONTEXT(2) 
PARAMETRIC_REPRESENTATION_CONTEXT() REPRESENTATION_CONTEXT('2D SPACE',''
  ) );
#14196 = ORIENTED_EDGE('',*,*,#14147,.F.);
#14197 = ORIENTED_EDGE('',*,*,#14113,.F.);
#14198 = ORIENTED_EDGE('',*,*,#5278,.T.);
#14199 = ORIENTED_EDGE('',*,*,#14200,.F.);
#14200 = EDGE_CURVE('',#14201,#5253,#14203,.T.);
#14201 = VERTEX_POINT('',#14202);
#14202 = CARTESIAN_POINT('',(13.685551215284,-17.2,9.));
#14203 = SURFACE_CURVE('',#14204,(#14209,#14216),.PCURVE_S1.);
#14204 = CIRCLE('',#14205,2.5);
#14205 = AXIS2_PLACEMENT_3D('',#14206,#14207,#14208);
#14206 = CARTESIAN_POINT('',(15.25,-15.25,9.));
#14207 = DIRECTION('',(0.,0.,1.));
#14208 = DIRECTION('',(1.,0.,0.));
#14209 = PCURVE('',#5293,#14210);
#14210 = DEFINITIONAL_REPRESENTATION('',(#14211),#14215);
#14211 = LINE('',#14212,#14213);
#14212 = CARTESIAN_POINT('',(-0.,0.));
#14213 = VECTOR('',#14214,1.);
#14214 = DIRECTION('',(-1.,0.));
#14215 = ( GEOMETRIC_REPRESENTATION_CONTEXT(2) 
PARAMETRIC_REPRESENTATION_CONTEXT() REPRESENTATION_CONTEXT('2D SPACE',''
  ) );
#14216 = PCURVE('',#5267,#14217);
#14217 = DEFINITIONAL_REPRESENTATION('',(#14218),#14222);
#14218 = CIRCLE('',#14219,2.5);
#14219 = AXIS2_PLACEMENT_2D('',#14220,#14221);
#14220 = CARTESIAN_POINT('',(0.,0.));
#14221 = DIRECTION('',(1.,0.));
#14222 = ( GEOMETRIC_REPRESENTATION_CONTEXT(2) 
PARAMETRIC_REPRESENTATION_CONTEXT() REPRESENTATION_CONTEXT('2D SPACE',''
  ) );
#14223 = ORIENTED_EDGE('',*,*,#14224,.F.);
#14224 = EDGE_CURVE('',#14225,#14201,#14227,.T.);
#14225 = VERTEX_POINT('',#14226);
#14226 = CARTESIAN_POINT('',(13.685551215284,-17.2,12.));
#14227 = SURFACE_CURVE('',#14228,(#14232,#14238),.PCURVE_S1.);
#14228 = LINE('',#14229,#14230);
#14229 = CARTESIAN_POINT('',(13.685551215284,-17.2,9.));
#14230 = VECTOR('',#14231,1.);
#14231 = DIRECTION('',(-0.,-0.,-1.));
#14232 = PCURVE('',#5293,#14233);
#14233 = DEFINITIONAL_REPRESENTATION('',(#14234),#14237);
#14234 = B_SPLINE_CURVE_WITH_KNOTS('',1,(#14235,#14236),.UNSPECIFIED.,
  .F.,.F.,(2,2),(-3.9,5.999999999062E-07),.PIECEWISE_BEZIER_KNOTS.);
#14235 = CARTESIAN_POINT('',(-4.036258470824,-3.9));
#14236 = CARTESIAN_POINT('',(-4.036258470824,5.999999999062E-07));
#14237 = ( GEOMETRIC_REPRESENTATION_CONTEXT(2) 
PARAMETRIC_REPRESENTATION_CONTEXT() REPRESENTATION_CONTEXT('2D SPACE',''
  ) );
#14238 = PCURVE('',#5241,#14239);
#14239 = DEFINITIONAL_REPRESENTATION('',(#14240),#14243);
#14240 = B_SPLINE_CURVE_WITH_KNOTS('',1,(#14241,#14242),.UNSPECIFIED.,
  .F.,.F.,(2,2),(-3.9,5.999999999062E-07),.PIECEWISE_BEZIER_KNOTS.);
#14241 = CARTESIAN_POINT('',(-5.4,0.185551215284));
#14242 = CARTESIAN_POINT('',(-1.4999994,0.185551215284));
#14243 = ( GEOMETRIC_REPRESENTATION_CONTEXT(2) 
PARAMETRIC_REPRESENTATION_CONTEXT() REPRESENTATION_CONTEXT('2D SPACE',''
  ) );
#14244 = ORIENTED_EDGE('',*,*,#14245,.T.);
#14245 = EDGE_CURVE('',#14225,#14246,#14248,.T.);
#14246 = VERTEX_POINT('',#14247);
#14247 = CARTESIAN_POINT('',(15.5,-12.76253140723,12.));
#14248 = SURFACE_CURVE('',#14249,(#14254,#14261),.PCURVE_S1.);
#14249 = CIRCLE('',#14250,2.5);
#14250 = AXIS2_PLACEMENT_3D('',#14251,#14252,#14253);
#14251 = CARTESIAN_POINT('',(15.25,-15.25,12.));
#14252 = DIRECTION('',(0.,0.,-1.));
#14253 = DIRECTION('',(1.,0.,0.));
#14254 = PCURVE('',#5293,#14255);
#14255 = DEFINITIONAL_REPRESENTATION('',(#14256),#14260);
#14256 = LINE('',#14257,#14258);
#14257 = CARTESIAN_POINT('',(-6.28318530718,-3.));
#14258 = VECTOR('',#14259,1.);
#14259 = DIRECTION('',(1.,-0.));
#14260 = ( GEOMETRIC_REPRESENTATION_CONTEXT(2) 
PARAMETRIC_REPRESENTATION_CONTEXT() REPRESENTATION_CONTEXT('2D SPACE',''
  ) );
#14261 = PCURVE('',#14262,#14267);
#14262 = PLANE('',#14263);
#14263 = AXIS2_PLACEMENT_3D('',#14264,#14265,#14266);
#14264 = CARTESIAN_POINT('',(15.5,-14.,12.));
#14265 = DIRECTION('',(-0.,-0.,-1.));
#14266 = DIRECTION('',(-1.,0.,0.));
#14267 = DEFINITIONAL_REPRESENTATION('',(#14268),#14272);
#14268 = CIRCLE('',#14269,2.5);
#14269 = AXIS2_PLACEMENT_2D('',#14270,#14271);
#14270 = CARTESIAN_POINT('',(0.25,-1.25));
#14271 = DIRECTION('',(-1.,0.));
#14272 = ( GEOMETRIC_REPRESENTATION_CONTEXT(2) 
PARAMETRIC_REPRESENTATION_CONTEXT() REPRESENTATION_CONTEXT('2D SPACE',''
  ) );
#14273 = ORIENTED_EDGE('',*,*,#14274,.T.);
#14274 = EDGE_CURVE('',#14246,#14058,#14275,.T.);
#14275 = SURFACE_CURVE('',#14276,(#14281,#14291),.PCURVE_S1.);
#14276 = ELLIPSE('',#14277,3.535533905933,2.5);
#14277 = AXIS2_PLACEMENT_3D('',#14278,#14279,#14280);
#14278 = CARTESIAN_POINT('',(15.25,-15.25,12.25));
#14279 = DIRECTION('',(-0.707106781187,-0.,-0.707106781187));
#14280 = DIRECTION('',(0.707106781187,0.,-0.707106781187));
#14281 = PCURVE('',#5293,#14282);
#14282 = DEFINITIONAL_REPRESENTATION('',(#14283),#14290);
#14283 = B_SPLINE_CURVE_WITH_KNOTS('',5,(#14284,#14285,#14286,#14287,
    #14288,#14289),.UNSPECIFIED.,.F.,.F.,(6,6),(4.793407819172,
    5.027337414186),.PIECEWISE_BEZIER_KNOTS.);
#14284 = CARTESIAN_POINT('',(-1.489777488008,-3.047674418605));
#14285 = CARTESIAN_POINT('',(-1.442991569005,-2.931093292679));
#14286 = CARTESIAN_POINT('',(-1.396205650002,-2.815065758167));
#14287 = CARTESIAN_POINT('',(-1.349419730999,-2.700123469188));
#14288 = CARTESIAN_POINT('',(-1.302633811997,-2.586792969767));
#14289 = CARTESIAN_POINT('',(-1.255847892994,-2.475581395349));
#14290 = ( GEOMETRIC_REPRESENTATION_CONTEXT(2) 
PARAMETRIC_REPRESENTATION_CONTEXT() REPRESENTATION_CONTEXT('2D SPACE',''
  ) );
#14291 = PCURVE('',#14072,#14292);
#14292 = DEFINITIONAL_REPRESENTATION('',(#14293),#14297);
#14293 = ELLIPSE('',#14294,3.535533905933,2.5);
#14294 = AXIS2_PLACEMENT_2D('',#14295,#14296);
#14295 = CARTESIAN_POINT('',(6.010407640086,-1.25));
#14296 = DIRECTION('',(-1.,0.));
#14297 = ( GEOMETRIC_REPRESENTATION_CONTEXT(2) 
PARAMETRIC_REPRESENTATION_CONTEXT() REPRESENTATION_CONTEXT('2D SPACE',''
  ) );
#14298 = ADVANCED_FACE('',(#14299),#5267,.T.);
#14299 = FACE_BOUND('',#14300,.T.);
#14300 = EDGE_LOOP('',(#14301,#14320,#14321));
#14301 = ORIENTED_EDGE('',*,*,#14302,.T.);
#14302 = EDGE_CURVE('',#5227,#14201,#14303,.T.);
#14303 = SURFACE_CURVE('',#14304,(#14308,#14314),.PCURVE_S1.);
#14304 = LINE('',#14305,#14306);
#14305 = CARTESIAN_POINT('',(14.375,-17.2,9.));
#14306 = VECTOR('',#14307,1.);
#14307 = DIRECTION('',(-1.,0.,0.));
#14308 = PCURVE('',#5267,#14309);
#14309 = DEFINITIONAL_REPRESENTATION('',(#14310),#14313);
#14310 = B_SPLINE_CURVE_WITH_KNOTS('',1,(#14311,#14312),.UNSPECIFIED.,
  .F.,.F.,(2,2),(-1.601744186047,1.625),.PIECEWISE_BEZIER_KNOTS.);
#14311 = CARTESIAN_POINT('',(0.726744186047,-1.95));
#14312 = CARTESIAN_POINT('',(-2.5,-1.95));
#14313 = ( GEOMETRIC_REPRESENTATION_CONTEXT(2) 
PARAMETRIC_REPRESENTATION_CONTEXT() REPRESENTATION_CONTEXT('2D SPACE',''
  ) );
#14314 = PCURVE('',#5241,#14315);
#14315 = DEFINITIONAL_REPRESENTATION('',(#14316),#14319);
#14316 = B_SPLINE_CURVE_WITH_KNOTS('',1,(#14317,#14318),.UNSPECIFIED.,
  .F.,.F.,(2,2),(-1.601744186047,1.625),.PIECEWISE_BEZIER_KNOTS.);
#14317 = CARTESIAN_POINT('',(-1.5,2.476744186047));
#14318 = CARTESIAN_POINT('',(-1.5,-0.75));
#14319 = ( GEOMETRIC_REPRESENTATION_CONTEXT(2) 
PARAMETRIC_REPRESENTATION_CONTEXT() REPRESENTATION_CONTEXT('2D SPACE',''
  ) );
#14320 = ORIENTED_EDGE('',*,*,#14200,.T.);
#14321 = ORIENTED_EDGE('',*,*,#5252,.F.);
#14322 = ADVANCED_FACE('',(#14323),#5241,.F.);
#14323 = FACE_BOUND('',#14324,.F.);
#14324 = EDGE_LOOP('',(#14325,#14346,#14347,#14368,#14369,#14370,#14371,
    #14394));
#14325 = ORIENTED_EDGE('',*,*,#14326,.T.);
#14326 = EDGE_CURVE('',#14327,#6520,#14329,.T.);
#14327 = VERTEX_POINT('',#14328);
#14328 = CARTESIAN_POINT('',(11.023255813953,-17.2,11.523255813953));
#14329 = SURFACE_CURVE('',#14330,(#14334,#14340),.PCURVE_S1.);
#14330 = LINE('',#14331,#14332);
#14331 = CARTESIAN_POINT('',(11.040904198062,-17.2,11.502960172228));
#14332 = VECTOR('',#14333,1.);
#14333 = DIRECTION('',(0.656178714925,0.,-0.754605522164));
#14334 = PCURVE('',#5241,#14335);
#14335 = DEFINITIONAL_REPRESENTATION('',(#14336),#14339);
#14336 = B_SPLINE_CURVE_WITH_KNOTS('',1,(#14337,#14338),.UNSPECIFIED.,
  .F.,.F.,(2,2),(-0.658675046992,1.918830607119),
  .PIECEWISE_BEZIER_KNOTS.);
#14337 = CARTESIAN_POINT('',(-4.5,-2.891304347826));
#14338 = CARTESIAN_POINT('',(-2.555,-1.2));
#14339 = ( GEOMETRIC_REPRESENTATION_CONTEXT(2) 
PARAMETRIC_REPRESENTATION_CONTEXT() REPRESENTATION_CONTEXT('2D SPACE',''
  ) );
#14340 = PCURVE('',#6535,#14341);
#14341 = DEFINITIONAL_REPRESENTATION('',(#14342),#14345);
#14342 = B_SPLINE_CURVE_WITH_KNOTS('',1,(#14343,#14344),.UNSPECIFIED.,
  .F.,.F.,(2,2),(-0.658675046992,1.918830607119),
  .PIECEWISE_BEZIER_KNOTS.);
#14343 = CARTESIAN_POINT('',(3.975587127164,-17.2));
#14344 = CARTESIAN_POINT('',(6.553092781275,-17.2));
#14345 = ( GEOMETRIC_REPRESENTATION_CONTEXT(2) 
PARAMETRIC_REPRESENTATION_CONTEXT() REPRESENTATION_CONTEXT('2D SPACE',''
  ) );
#14346 = ORIENTED_EDGE('',*,*,#6825,.T.);
#14347 = ORIENTED_EDGE('',*,*,#14348,.T.);
#14348 = EDGE_CURVE('',#6805,#5201,#14349,.T.);
#14349 = SURFACE_CURVE('',#14350,(#14354,#14361),.PCURVE_S1.);
#14350 = LINE('',#14351,#14352);
#14351 = CARTESIAN_POINT('',(11.5,-17.2,3.));
#14352 = VECTOR('',#14353,1.);
#14353 = DIRECTION('',(1.,0.,0.));
#14354 = PCURVE('',#5241,#14355);
#14355 = DEFINITIONAL_REPRESENTATION('',(#14356),#14360);
#14356 = LINE('',#14357,#14358);
#14357 = CARTESIAN_POINT('',(4.5,-2.));
#14358 = VECTOR('',#14359,1.);
#14359 = DIRECTION('',(0.,1.));
#14360 = ( GEOMETRIC_REPRESENTATION_CONTEXT(2) 
PARAMETRIC_REPRESENTATION_CONTEXT() REPRESENTATION_CONTEXT('2D SPACE',''
  ) );
#14361 = PCURVE('',#5215,#14362);
#14362 = DEFINITIONAL_REPRESENTATION('',(#14363),#14367);
#14363 = LINE('',#14364,#14365);
#14364 = CARTESIAN_POINT('',(0.,-3.2));
#14365 = VECTOR('',#14366,1.);
#14366 = DIRECTION('',(1.,0.));
#14367 = ( GEOMETRIC_REPRESENTATION_CONTEXT(2) 
PARAMETRIC_REPRESENTATION_CONTEXT() REPRESENTATION_CONTEXT('2D SPACE',''
  ) );
#14368 = ORIENTED_EDGE('',*,*,#5226,.F.);
#14369 = ORIENTED_EDGE('',*,*,#14302,.T.);
#14370 = ORIENTED_EDGE('',*,*,#14224,.F.);
#14371 = ORIENTED_EDGE('',*,*,#14372,.T.);
#14372 = EDGE_CURVE('',#14225,#14373,#14375,.T.);
#14373 = VERTEX_POINT('',#14374);
#14374 = CARTESIAN_POINT('',(11.5,-17.2,12.));
#14375 = SURFACE_CURVE('',#14376,(#14380,#14387),.PCURVE_S1.);
#14376 = LINE('',#14377,#14378);
#14377 = CARTESIAN_POINT('',(15.5,-17.2,12.));
#14378 = VECTOR('',#14379,1.);
#14379 = DIRECTION('',(-1.,0.,0.));
#14380 = PCURVE('',#5241,#14381);
#14381 = DEFINITIONAL_REPRESENTATION('',(#14382),#14386);
#14382 = LINE('',#14383,#14384);
#14383 = CARTESIAN_POINT('',(-4.5,2.));
#14384 = VECTOR('',#14385,1.);
#14385 = DIRECTION('',(0.,-1.));
#14386 = ( GEOMETRIC_REPRESENTATION_CONTEXT(2) 
PARAMETRIC_REPRESENTATION_CONTEXT() REPRESENTATION_CONTEXT('2D SPACE',''
  ) );
#14387 = PCURVE('',#14262,#14388);
#14388 = DEFINITIONAL_REPRESENTATION('',(#14389),#14393);
#14389 = LINE('',#14390,#14391);
#14390 = CARTESIAN_POINT('',(0.,-3.2));
#14391 = VECTOR('',#14392,1.);
#14392 = DIRECTION('',(1.,0.));
#14393 = ( GEOMETRIC_REPRESENTATION_CONTEXT(2) 
PARAMETRIC_REPRESENTATION_CONTEXT() REPRESENTATION_CONTEXT('2D SPACE',''
  ) );
#14394 = ORIENTED_EDGE('',*,*,#14395,.T.);
#14395 = EDGE_CURVE('',#14373,#14327,#14396,.T.);
#14396 = SURFACE_CURVE('',#14397,(#14401,#14408),.PCURVE_S1.);
#14397 = LINE('',#14398,#14399);
#14398 = CARTESIAN_POINT('',(11.5,-17.2,12.));
#14399 = VECTOR('',#14400,1.);
#14400 = DIRECTION('',(-0.707106781187,0.,-0.707106781187));
#14401 = PCURVE('',#5241,#14402);
#14402 = DEFINITIONAL_REPRESENTATION('',(#14403),#14407);
#14403 = LINE('',#14404,#14405);
#14404 = CARTESIAN_POINT('',(-4.5,-2.));
#14405 = VECTOR('',#14406,1.);
#14406 = DIRECTION('',(0.707106781187,-0.707106781187));
#14407 = ( GEOMETRIC_REPRESENTATION_CONTEXT(2) 
PARAMETRIC_REPRESENTATION_CONTEXT() REPRESENTATION_CONTEXT('2D SPACE',''
  ) );
#14408 = PCURVE('',#14409,#14414);
#14409 = PLANE('',#14410);
#14410 = AXIS2_PLACEMENT_3D('',#14411,#14412,#14413);
#14411 = CARTESIAN_POINT('',(11.5,-14.,12.));
#14412 = DIRECTION('',(0.707106781187,0.,-0.707106781187));
#14413 = DIRECTION('',(-0.707106781187,0.,-0.707106781187));
#14414 = DEFINITIONAL_REPRESENTATION('',(#14415),#14419);
#14415 = LINE('',#14416,#14417);
#14416 = CARTESIAN_POINT('',(-0.,-3.2));
#14417 = VECTOR('',#14418,1.);
#14418 = DIRECTION('',(1.,0.));
#14419 = ( GEOMETRIC_REPRESENTATION_CONTEXT(2) 
PARAMETRIC_REPRESENTATION_CONTEXT() REPRESENTATION_CONTEXT('2D SPACE',''
  ) );
#14420 = ADVANCED_FACE('',(#14421),#5215,.T.);
#14421 = FACE_BOUND('',#14422,.T.);
#14422 = EDGE_LOOP('',(#14423,#14424,#14425,#14426));
#14423 = ORIENTED_EDGE('',*,*,#6804,.T.);
#14424 = ORIENTED_EDGE('',*,*,#14348,.T.);
#14425 = ORIENTED_EDGE('',*,*,#5200,.F.);
#14426 = ORIENTED_EDGE('',*,*,#14427,.F.);
#14427 = EDGE_CURVE('',#6784,#5175,#14428,.T.);
#14428 = SURFACE_CURVE('',#14429,(#14433,#14440),.PCURVE_S1.);
#14429 = LINE('',#14430,#14431);
#14430 = CARTESIAN_POINT('',(11.5,-10.8,3.));
#14431 = VECTOR('',#14432,1.);
#14432 = DIRECTION('',(1.,0.,0.));
#14433 = PCURVE('',#5215,#14434);
#14434 = DEFINITIONAL_REPRESENTATION('',(#14435),#14439);
#14435 = LINE('',#14436,#14437);
#14436 = CARTESIAN_POINT('',(0.,3.2));
#14437 = VECTOR('',#14438,1.);
#14438 = DIRECTION('',(1.,0.));
#14439 = ( GEOMETRIC_REPRESENTATION_CONTEXT(2) 
PARAMETRIC_REPRESENTATION_CONTEXT() REPRESENTATION_CONTEXT('2D SPACE',''
  ) );
#14440 = PCURVE('',#5189,#14441);
#14441 = DEFINITIONAL_REPRESENTATION('',(#14442),#14446);
#14442 = LINE('',#14443,#14444);
#14443 = CARTESIAN_POINT('',(4.5,-2.));
#14444 = VECTOR('',#14445,1.);
#14445 = DIRECTION('',(0.,1.));
#14446 = ( GEOMETRIC_REPRESENTATION_CONTEXT(2) 
PARAMETRIC_REPRESENTATION_CONTEXT() REPRESENTATION_CONTEXT('2D SPACE',''
  ) );
#14447 = ADVANCED_FACE('',(#14448),#5189,.T.);
#14448 = FACE_BOUND('',#14449,.T.);
#14449 = EDGE_LOOP('',(#14450,#14451,#14452,#14453,#14454,#14477,#14500,
    #14523));
#14450 = ORIENTED_EDGE('',*,*,#6783,.T.);
#14451 = ORIENTED_EDGE('',*,*,#14427,.T.);
#14452 = ORIENTED_EDGE('',*,*,#5174,.F.);
#14453 = ORIENTED_EDGE('',*,*,#14036,.T.);
#14454 = ORIENTED_EDGE('',*,*,#14455,.T.);
#14455 = EDGE_CURVE('',#14037,#14456,#14458,.T.);
#14456 = VERTEX_POINT('',#14457);
#14457 = CARTESIAN_POINT('',(15.5,-10.8,12.));
#14458 = SURFACE_CURVE('',#14459,(#14463,#14470),.PCURVE_S1.);
#14459 = LINE('',#14460,#14461);
#14460 = CARTESIAN_POINT('',(19.5,-10.8,8.));
#14461 = VECTOR('',#14462,1.);
#14462 = DIRECTION('',(-0.707106781187,0.,0.707106781187));
#14463 = PCURVE('',#5189,#14464);
#14464 = DEFINITIONAL_REPRESENTATION('',(#14465),#14469);
#14465 = LINE('',#14466,#14467);
#14466 = CARTESIAN_POINT('',(-0.5,6.));
#14467 = VECTOR('',#14468,1.);
#14468 = DIRECTION('',(-0.707106781187,-0.707106781187));
#14469 = ( GEOMETRIC_REPRESENTATION_CONTEXT(2) 
PARAMETRIC_REPRESENTATION_CONTEXT() REPRESENTATION_CONTEXT('2D SPACE',''
  ) );
#14470 = PCURVE('',#14072,#14471);
#14471 = DEFINITIONAL_REPRESENTATION('',(#14472),#14476);
#14472 = LINE('',#14473,#14474);
#14473 = CARTESIAN_POINT('',(0.,3.2));
#14474 = VECTOR('',#14475,1.);
#14475 = DIRECTION('',(1.,0.));
#14476 = ( GEOMETRIC_REPRESENTATION_CONTEXT(2) 
PARAMETRIC_REPRESENTATION_CONTEXT() REPRESENTATION_CONTEXT('2D SPACE',''
  ) );
#14477 = ORIENTED_EDGE('',*,*,#14478,.T.);
#14478 = EDGE_CURVE('',#14456,#14479,#14481,.T.);
#14479 = VERTEX_POINT('',#14480);
#14480 = CARTESIAN_POINT('',(11.5,-10.8,12.));
#14481 = SURFACE_CURVE('',#14482,(#14486,#14493),.PCURVE_S1.);
#14482 = LINE('',#14483,#14484);
#14483 = CARTESIAN_POINT('',(15.5,-10.8,12.));
#14484 = VECTOR('',#14485,1.);
#14485 = DIRECTION('',(-1.,0.,0.));
#14486 = PCURVE('',#5189,#14487);
#14487 = DEFINITIONAL_REPRESENTATION('',(#14488),#14492);
#14488 = LINE('',#14489,#14490);
#14489 = CARTESIAN_POINT('',(-4.5,2.));
#14490 = VECTOR('',#14491,1.);
#14491 = DIRECTION('',(0.,-1.));
#14492 = ( GEOMETRIC_REPRESENTATION_CONTEXT(2) 
PARAMETRIC_REPRESENTATION_CONTEXT() REPRESENTATION_CONTEXT('2D SPACE',''
  ) );
#14493 = PCURVE('',#14262,#14494);
#14494 = DEFINITIONAL_REPRESENTATION('',(#14495),#14499);
#14495 = LINE('',#14496,#14497);
#14496 = CARTESIAN_POINT('',(0.,3.2));
#14497 = VECTOR('',#14498,1.);
#14498 = DIRECTION('',(1.,0.));
#14499 = ( GEOMETRIC_REPRESENTATION_CONTEXT(2) 
PARAMETRIC_REPRESENTATION_CONTEXT() REPRESENTATION_CONTEXT('2D SPACE',''
  ) );
#14500 = ORIENTED_EDGE('',*,*,#14501,.T.);
#14501 = EDGE_CURVE('',#14479,#14502,#14504,.T.);
#14502 = VERTEX_POINT('',#14503);
#14503 = CARTESIAN_POINT('',(11.023255813953,-10.8,11.523255813953));
#14504 = SURFACE_CURVE('',#14505,(#14509,#14516),.PCURVE_S1.);
#14505 = LINE('',#14506,#14507);
#14506 = CARTESIAN_POINT('',(11.5,-10.8,12.));
#14507 = VECTOR('',#14508,1.);
#14508 = DIRECTION('',(-0.707106781187,0.,-0.707106781187));
#14509 = PCURVE('',#5189,#14510);
#14510 = DEFINITIONAL_REPRESENTATION('',(#14511),#14515);
#14511 = LINE('',#14512,#14513);
#14512 = CARTESIAN_POINT('',(-4.5,-2.));
#14513 = VECTOR('',#14514,1.);
#14514 = DIRECTION('',(0.707106781187,-0.707106781187));
#14515 = ( GEOMETRIC_REPRESENTATION_CONTEXT(2) 
PARAMETRIC_REPRESENTATION_CONTEXT() REPRESENTATION_CONTEXT('2D SPACE',''
  ) );
#14516 = PCURVE('',#14409,#14517);
#14517 = DEFINITIONAL_REPRESENTATION('',(#14518),#14522);
#14518 = LINE('',#14519,#14520);
#14519 = CARTESIAN_POINT('',(0.,3.2));
#14520 = VECTOR('',#14521,1.);
#14521 = DIRECTION('',(1.,0.));
#14522 = ( GEOMETRIC_REPRESENTATION_CONTEXT(2) 
PARAMETRIC_REPRESENTATION_CONTEXT() REPRESENTATION_CONTEXT('2D SPACE',''
  ) );
#14523 = ORIENTED_EDGE('',*,*,#14524,.T.);
#14524 = EDGE_CURVE('',#14502,#6761,#14525,.T.);
#14525 = SURFACE_CURVE('',#14526,(#14530,#14536),.PCURVE_S1.);
#14526 = LINE('',#14527,#14528);
#14527 = CARTESIAN_POINT('',(11.040904198062,-10.8,11.502960172228));
#14528 = VECTOR('',#14529,1.);
#14529 = DIRECTION('',(0.656178714925,0.,-0.754605522164));
#14530 = PCURVE('',#5189,#14531);
#14531 = DEFINITIONAL_REPRESENTATION('',(#14532),#14535);
#14532 = B_SPLINE_CURVE_WITH_KNOTS('',1,(#14533,#14534),.UNSPECIFIED.,
  .F.,.F.,(2,2),(-0.658675046992,1.918830607119),
  .PIECEWISE_BEZIER_KNOTS.);
#14533 = CARTESIAN_POINT('',(-4.5,-2.891304347826));
#14534 = CARTESIAN_POINT('',(-2.555,-1.2));
#14535 = ( GEOMETRIC_REPRESENTATION_CONTEXT(2) 
PARAMETRIC_REPRESENTATION_CONTEXT() REPRESENTATION_CONTEXT('2D SPACE',''
  ) );
#14536 = PCURVE('',#6535,#14537);
#14537 = DEFINITIONAL_REPRESENTATION('',(#14538),#14541);
#14538 = B_SPLINE_CURVE_WITH_KNOTS('',1,(#14539,#14540),.UNSPECIFIED.,
  .F.,.F.,(2,2),(-0.658675046992,1.918830607119),
  .PIECEWISE_BEZIER_KNOTS.);
#14539 = CARTESIAN_POINT('',(3.975587127164,-10.8));
#14540 = CARTESIAN_POINT('',(6.553092781275,-10.8));
#14541 = ( GEOMETRIC_REPRESENTATION_CONTEXT(2) 
PARAMETRIC_REPRESENTATION_CONTEXT() REPRESENTATION_CONTEXT('2D SPACE',''
  ) );
#14542 = ADVANCED_FACE('',(#14543),#5140,.F.);
#14543 = FACE_BOUND('',#14544,.F.);
#14544 = EDGE_LOOP('',(#14545,#14546,#14567,#14568,#14569,#14592,#14620,
    #14648));
#14545 = ORIENTED_EDGE('',*,*,#6739,.T.);
#14546 = ORIENTED_EDGE('',*,*,#14547,.T.);
#14547 = EDGE_CURVE('',#6719,#5100,#14548,.T.);
#14548 = SURFACE_CURVE('',#14549,(#14553,#14560),.PCURVE_S1.);
#14549 = LINE('',#14550,#14551);
#14550 = CARTESIAN_POINT('',(11.5,-3.2,3.));
#14551 = VECTOR('',#14552,1.);
#14552 = DIRECTION('',(1.,0.,0.));
#14553 = PCURVE('',#5140,#14554);
#14554 = DEFINITIONAL_REPRESENTATION('',(#14555),#14559);
#14555 = LINE('',#14556,#14557);
#14556 = CARTESIAN_POINT('',(4.5,-2.));
#14557 = VECTOR('',#14558,1.);
#14558 = DIRECTION('',(0.,1.));
#14559 = ( GEOMETRIC_REPRESENTATION_CONTEXT(2) 
PARAMETRIC_REPRESENTATION_CONTEXT() REPRESENTATION_CONTEXT('2D SPACE',''
  ) );
#14560 = PCURVE('',#5114,#14561);
#14561 = DEFINITIONAL_REPRESENTATION('',(#14562),#14566);
#14562 = LINE('',#14563,#14564);
#14563 = CARTESIAN_POINT('',(0.,-3.2));
#14564 = VECTOR('',#14565,1.);
#14565 = DIRECTION('',(1.,0.));
#14566 = ( GEOMETRIC_REPRESENTATION_CONTEXT(2) 
PARAMETRIC_REPRESENTATION_CONTEXT() REPRESENTATION_CONTEXT('2D SPACE',''
  ) );
#14567 = ORIENTED_EDGE('',*,*,#5125,.F.);
#14568 = ORIENTED_EDGE('',*,*,#14016,.T.);
#14569 = ORIENTED_EDGE('',*,*,#14570,.T.);
#14570 = EDGE_CURVE('',#13991,#14571,#14573,.T.);
#14571 = VERTEX_POINT('',#14572);
#14572 = CARTESIAN_POINT('',(15.5,-3.2,12.));
#14573 = SURFACE_CURVE('',#14574,(#14578,#14585),.PCURVE_S1.);
#14574 = LINE('',#14575,#14576);
#14575 = CARTESIAN_POINT('',(19.5,-3.2,8.));
#14576 = VECTOR('',#14577,1.);
#14577 = DIRECTION('',(-0.707106781187,0.,0.707106781187));
#14578 = PCURVE('',#5140,#14579);
#14579 = DEFINITIONAL_REPRESENTATION('',(#14580),#14584);
#14580 = LINE('',#14581,#14582);
#14581 = CARTESIAN_POINT('',(-0.5,6.));
#14582 = VECTOR('',#14583,1.);
#14583 = DIRECTION('',(-0.707106781187,-0.707106781187));
#14584 = ( GEOMETRIC_REPRESENTATION_CONTEXT(2) 
PARAMETRIC_REPRESENTATION_CONTEXT() REPRESENTATION_CONTEXT('2D SPACE',''
  ) );
#14585 = PCURVE('',#14005,#14586);
#14586 = DEFINITIONAL_REPRESENTATION('',(#14587),#14591);
#14587 = LINE('',#14588,#14589);
#14588 = CARTESIAN_POINT('',(0.,-3.2));
#14589 = VECTOR('',#14590,1.);
#14590 = DIRECTION('',(1.,0.));
#14591 = ( GEOMETRIC_REPRESENTATION_CONTEXT(2) 
PARAMETRIC_REPRESENTATION_CONTEXT() REPRESENTATION_CONTEXT('2D SPACE',''
  ) );
#14592 = ORIENTED_EDGE('',*,*,#14593,.T.);
#14593 = EDGE_CURVE('',#14571,#14594,#14596,.T.);
#14594 = VERTEX_POINT('',#14595);
#14595 = CARTESIAN_POINT('',(11.5,-3.2,12.));
#14596 = SURFACE_CURVE('',#14597,(#14601,#14608),.PCURVE_S1.);
#14597 = LINE('',#14598,#14599);
#14598 = CARTESIAN_POINT('',(15.5,-3.2,12.));
#14599 = VECTOR('',#14600,1.);
#14600 = DIRECTION('',(-1.,0.,0.));
#14601 = PCURVE('',#5140,#14602);
#14602 = DEFINITIONAL_REPRESENTATION('',(#14603),#14607);
#14603 = LINE('',#14604,#14605);
#14604 = CARTESIAN_POINT('',(-4.5,2.));
#14605 = VECTOR('',#14606,1.);
#14606 = DIRECTION('',(0.,-1.));
#14607 = ( GEOMETRIC_REPRESENTATION_CONTEXT(2) 
PARAMETRIC_REPRESENTATION_CONTEXT() REPRESENTATION_CONTEXT('2D SPACE',''
  ) );
#14608 = PCURVE('',#14609,#14614);
#14609 = PLANE('',#14610);
#14610 = AXIS2_PLACEMENT_3D('',#14611,#14612,#14613);
#14611 = CARTESIAN_POINT('',(15.5,0.,12.));
#14612 = DIRECTION('',(-0.,-0.,-1.));
#14613 = DIRECTION('',(-1.,0.,0.));
#14614 = DEFINITIONAL_REPRESENTATION('',(#14615),#14619);
#14615 = LINE('',#14616,#14617);
#14616 = CARTESIAN_POINT('',(0.,-3.2));
#14617 = VECTOR('',#14618,1.);
#14618 = DIRECTION('',(1.,0.));
#14619 = ( GEOMETRIC_REPRESENTATION_CONTEXT(2) 
PARAMETRIC_REPRESENTATION_CONTEXT() REPRESENTATION_CONTEXT('2D SPACE',''
  ) );
#14620 = ORIENTED_EDGE('',*,*,#14621,.T.);
#14621 = EDGE_CURVE('',#14594,#14622,#14624,.T.);
#14622 = VERTEX_POINT('',#14623);
#14623 = CARTESIAN_POINT('',(11.023255813953,-3.2,11.523255813953));
#14624 = SURFACE_CURVE('',#14625,(#14629,#14636),.PCURVE_S1.);
#14625 = LINE('',#14626,#14627);
#14626 = CARTESIAN_POINT('',(11.5,-3.2,12.));
#14627 = VECTOR('',#14628,1.);
#14628 = DIRECTION('',(-0.707106781187,0.,-0.707106781187));
#14629 = PCURVE('',#5140,#14630);
#14630 = DEFINITIONAL_REPRESENTATION('',(#14631),#14635);
#14631 = LINE('',#14632,#14633);
#14632 = CARTESIAN_POINT('',(-4.5,-2.));
#14633 = VECTOR('',#14634,1.);
#14634 = DIRECTION('',(0.707106781187,-0.707106781187));
#14635 = ( GEOMETRIC_REPRESENTATION_CONTEXT(2) 
PARAMETRIC_REPRESENTATION_CONTEXT() REPRESENTATION_CONTEXT('2D SPACE',''
  ) );
#14636 = PCURVE('',#14637,#14642);
#14637 = PLANE('',#14638);
#14638 = AXIS2_PLACEMENT_3D('',#14639,#14640,#14641);
#14639 = CARTESIAN_POINT('',(11.5,0.,12.));
#14640 = DIRECTION('',(0.707106781187,0.,-0.707106781187));
#14641 = DIRECTION('',(-0.707106781187,0.,-0.707106781187));
#14642 = DEFINITIONAL_REPRESENTATION('',(#14643),#14647);
#14643 = LINE('',#14644,#14645);
#14644 = CARTESIAN_POINT('',(-0.,-3.2));
#14645 = VECTOR('',#14646,1.);
#14646 = DIRECTION('',(1.,0.));
#14647 = ( GEOMETRIC_REPRESENTATION_CONTEXT(2) 
PARAMETRIC_REPRESENTATION_CONTEXT() REPRESENTATION_CONTEXT('2D SPACE',''
  ) );
#14648 = ORIENTED_EDGE('',*,*,#14649,.T.);
#14649 = EDGE_CURVE('',#14622,#6740,#14650,.T.);
#14650 = SURFACE_CURVE('',#14651,(#14655,#14661),.PCURVE_S1.);
#14651 = LINE('',#14652,#14653);
#14652 = CARTESIAN_POINT('',(11.040904198062,-3.2,11.502960172228));
#14653 = VECTOR('',#14654,1.);
#14654 = DIRECTION('',(0.656178714925,0.,-0.754605522164));
#14655 = PCURVE('',#5140,#14656);
#14656 = DEFINITIONAL_REPRESENTATION('',(#14657),#14660);
#14657 = B_SPLINE_CURVE_WITH_KNOTS('',1,(#14658,#14659),.UNSPECIFIED.,
  .F.,.F.,(2,2),(-0.658675046992,1.918830607119),
  .PIECEWISE_BEZIER_KNOTS.);
#14658 = CARTESIAN_POINT('',(-4.5,-2.891304347826));
#14659 = CARTESIAN_POINT('',(-2.555,-1.2));
#14660 = ( GEOMETRIC_REPRESENTATION_CONTEXT(2) 
PARAMETRIC_REPRESENTATION_CONTEXT() REPRESENTATION_CONTEXT('2D SPACE',''
  ) );
#14661 = PCURVE('',#6535,#14662);
#14662 = DEFINITIONAL_REPRESENTATION('',(#14663),#14666);
#14663 = B_SPLINE_CURVE_WITH_KNOTS('',1,(#14664,#14665),.UNSPECIFIED.,
  .F.,.F.,(2,2),(-0.658675046992,1.918830607119),
  .PIECEWISE_BEZIER_KNOTS.);
#14664 = CARTESIAN_POINT('',(3.975587127164,-3.2));
#14665 = CARTESIAN_POINT('',(6.553092781275,-3.2));
#14666 = ( GEOMETRIC_REPRESENTATION_CONTEXT(2) 
PARAMETRIC_REPRESENTATION_CONTEXT() REPRESENTATION_CONTEXT('2D SPACE',''
  ) );
#14667 = ADVANCED_FACE('',(#14668),#5114,.T.);
#14668 = FACE_BOUND('',#14669,.T.);
#14669 = EDGE_LOOP('',(#14670,#14671,#14672,#14673));
#14670 = ORIENTED_EDGE('',*,*,#6718,.T.);
#14671 = ORIENTED_EDGE('',*,*,#14547,.T.);
#14672 = ORIENTED_EDGE('',*,*,#5099,.F.);
#14673 = ORIENTED_EDGE('',*,*,#14674,.F.);
#14674 = EDGE_CURVE('',#6698,#5074,#14675,.T.);
#14675 = SURFACE_CURVE('',#14676,(#14680,#14687),.PCURVE_S1.);
#14676 = LINE('',#14677,#14678);
#14677 = CARTESIAN_POINT('',(11.5,3.2,3.));
#14678 = VECTOR('',#14679,1.);
#14679 = DIRECTION('',(1.,0.,0.));
#14680 = PCURVE('',#5114,#14681);
#14681 = DEFINITIONAL_REPRESENTATION('',(#14682),#14686);
#14682 = LINE('',#14683,#14684);
#14683 = CARTESIAN_POINT('',(0.,3.2));
#14684 = VECTOR('',#14685,1.);
#14685 = DIRECTION('',(1.,0.));
#14686 = ( GEOMETRIC_REPRESENTATION_CONTEXT(2) 
PARAMETRIC_REPRESENTATION_CONTEXT() REPRESENTATION_CONTEXT('2D SPACE',''
  ) );
#14687 = PCURVE('',#5088,#14688);
#14688 = DEFINITIONAL_REPRESENTATION('',(#14689),#14693);
#14689 = LINE('',#14690,#14691);
#14690 = CARTESIAN_POINT('',(4.5,-2.));
#14691 = VECTOR('',#14692,1.);
#14692 = DIRECTION('',(0.,1.));
#14693 = ( GEOMETRIC_REPRESENTATION_CONTEXT(2) 
PARAMETRIC_REPRESENTATION_CONTEXT() REPRESENTATION_CONTEXT('2D SPACE',''
  ) );
#14694 = ADVANCED_FACE('',(#14695),#5088,.T.);
#14695 = FACE_BOUND('',#14696,.T.);
#14696 = EDGE_LOOP('',(#14697,#14698,#14699,#14700,#14701,#14724,#14747,
    #14770));
#14697 = ORIENTED_EDGE('',*,*,#6697,.T.);
#14698 = ORIENTED_EDGE('',*,*,#14674,.T.);
#14699 = ORIENTED_EDGE('',*,*,#5073,.F.);
#14700 = ORIENTED_EDGE('',*,*,#13969,.T.);
#14701 = ORIENTED_EDGE('',*,*,#14702,.T.);
#14702 = EDGE_CURVE('',#13970,#14703,#14705,.T.);
#14703 = VERTEX_POINT('',#14704);
#14704 = CARTESIAN_POINT('',(15.5,3.2,12.));
#14705 = SURFACE_CURVE('',#14706,(#14710,#14717),.PCURVE_S1.);
#14706 = LINE('',#14707,#14708);
#14707 = CARTESIAN_POINT('',(19.5,3.2,8.));
#14708 = VECTOR('',#14709,1.);
#14709 = DIRECTION('',(-0.707106781187,0.,0.707106781187));
#14710 = PCURVE('',#5088,#14711);
#14711 = DEFINITIONAL_REPRESENTATION('',(#14712),#14716);
#14712 = LINE('',#14713,#14714);
#14713 = CARTESIAN_POINT('',(-0.5,6.));
#14714 = VECTOR('',#14715,1.);
#14715 = DIRECTION('',(-0.707106781187,-0.707106781187));
#14716 = ( GEOMETRIC_REPRESENTATION_CONTEXT(2) 
PARAMETRIC_REPRESENTATION_CONTEXT() REPRESENTATION_CONTEXT('2D SPACE',''
  ) );
#14717 = PCURVE('',#14005,#14718);
#14718 = DEFINITIONAL_REPRESENTATION('',(#14719),#14723);
#14719 = LINE('',#14720,#14721);
#14720 = CARTESIAN_POINT('',(0.,3.2));
#14721 = VECTOR('',#14722,1.);
#14722 = DIRECTION('',(1.,0.));
#14723 = ( GEOMETRIC_REPRESENTATION_CONTEXT(2) 
PARAMETRIC_REPRESENTATION_CONTEXT() REPRESENTATION_CONTEXT('2D SPACE',''
  ) );
#14724 = ORIENTED_EDGE('',*,*,#14725,.T.);
#14725 = EDGE_CURVE('',#14703,#14726,#14728,.T.);
#14726 = VERTEX_POINT('',#14727);
#14727 = CARTESIAN_POINT('',(11.5,3.2,12.));
#14728 = SURFACE_CURVE('',#14729,(#14733,#14740),.PCURVE_S1.);
#14729 = LINE('',#14730,#14731);
#14730 = CARTESIAN_POINT('',(15.5,3.2,12.));
#14731 = VECTOR('',#14732,1.);
#14732 = DIRECTION('',(-1.,0.,0.));
#14733 = PCURVE('',#5088,#14734);
#14734 = DEFINITIONAL_REPRESENTATION('',(#14735),#14739);
#14735 = LINE('',#14736,#14737);
#14736 = CARTESIAN_POINT('',(-4.5,2.));
#14737 = VECTOR('',#14738,1.);
#14738 = DIRECTION('',(0.,-1.));
#14739 = ( GEOMETRIC_REPRESENTATION_CONTEXT(2) 
PARAMETRIC_REPRESENTATION_CONTEXT() REPRESENTATION_CONTEXT('2D SPACE',''
  ) );
#14740 = PCURVE('',#14609,#14741);
#14741 = DEFINITIONAL_REPRESENTATION('',(#14742),#14746);
#14742 = LINE('',#14743,#14744);
#14743 = CARTESIAN_POINT('',(0.,3.2));
#14744 = VECTOR('',#14745,1.);
#14745 = DIRECTION('',(1.,0.));
#14746 = ( GEOMETRIC_REPRESENTATION_CONTEXT(2) 
PARAMETRIC_REPRESENTATION_CONTEXT() REPRESENTATION_CONTEXT('2D SPACE',''
  ) );
#14747 = ORIENTED_EDGE('',*,*,#14748,.T.);
#14748 = EDGE_CURVE('',#14726,#14749,#14751,.T.);
#14749 = VERTEX_POINT('',#14750);
#14750 = CARTESIAN_POINT('',(11.023255813953,3.2,11.523255813953));
#14751 = SURFACE_CURVE('',#14752,(#14756,#14763),.PCURVE_S1.);
#14752 = LINE('',#14753,#14754);
#14753 = CARTESIAN_POINT('',(11.5,3.2,12.));
#14754 = VECTOR('',#14755,1.);
#14755 = DIRECTION('',(-0.707106781187,0.,-0.707106781187));
#14756 = PCURVE('',#5088,#14757);
#14757 = DEFINITIONAL_REPRESENTATION('',(#14758),#14762);
#14758 = LINE('',#14759,#14760);
#14759 = CARTESIAN_POINT('',(-4.5,-2.));
#14760 = VECTOR('',#14761,1.);
#14761 = DIRECTION('',(0.707106781187,-0.707106781187));
#14762 = ( GEOMETRIC_REPRESENTATION_CONTEXT(2) 
PARAMETRIC_REPRESENTATION_CONTEXT() REPRESENTATION_CONTEXT('2D SPACE',''
  ) );
#14763 = PCURVE('',#14637,#14764);
#14764 = DEFINITIONAL_REPRESENTATION('',(#14765),#14769);
#14765 = LINE('',#14766,#14767);
#14766 = CARTESIAN_POINT('',(0.,3.2));
#14767 = VECTOR('',#14768,1.);
#14768 = DIRECTION('',(1.,0.));
#14769 = ( GEOMETRIC_REPRESENTATION_CONTEXT(2) 
PARAMETRIC_REPRESENTATION_CONTEXT() REPRESENTATION_CONTEXT('2D SPACE',''
  ) );
#14770 = ORIENTED_EDGE('',*,*,#14771,.T.);
#14771 = EDGE_CURVE('',#14749,#6675,#14772,.T.);
#14772 = SURFACE_CURVE('',#14773,(#14777,#14783),.PCURVE_S1.);
#14773 = LINE('',#14774,#14775);
#14774 = CARTESIAN_POINT('',(11.040904198062,3.2,11.502960172228));
#14775 = VECTOR('',#14776,1.);
#14776 = DIRECTION('',(0.656178714925,0.,-0.754605522164));
#14777 = PCURVE('',#5088,#14778);
#14778 = DEFINITIONAL_REPRESENTATION('',(#14779),#14782);
#14779 = B_SPLINE_CURVE_WITH_KNOTS('',1,(#14780,#14781),.UNSPECIFIED.,
  .F.,.F.,(2,2),(-0.658675046992,1.918830607119),
  .PIECEWISE_BEZIER_KNOTS.);
#14780 = CARTESIAN_POINT('',(-4.5,-2.891304347826));
#14781 = CARTESIAN_POINT('',(-2.555,-1.2));
#14782 = ( GEOMETRIC_REPRESENTATION_CONTEXT(2) 
PARAMETRIC_REPRESENTATION_CONTEXT() REPRESENTATION_CONTEXT('2D SPACE',''
  ) );
#14783 = PCURVE('',#6535,#14784);
#14784 = DEFINITIONAL_REPRESENTATION('',(#14785),#14788);
#14785 = B_SPLINE_CURVE_WITH_KNOTS('',1,(#14786,#14787),.UNSPECIFIED.,
  .F.,.F.,(2,2),(-0.658675046992,1.918830607119),
  .PIECEWISE_BEZIER_KNOTS.);
#14786 = CARTESIAN_POINT('',(3.975587127164,3.2));
#14787 = CARTESIAN_POINT('',(6.553092781275,3.2));
#14788 = ( GEOMETRIC_REPRESENTATION_CONTEXT(2) 
PARAMETRIC_REPRESENTATION_CONTEXT() REPRESENTATION_CONTEXT('2D SPACE',''
  ) );
#14789 = ADVANCED_FACE('',(#14790),#5039,.F.);
#14790 = FACE_BOUND('',#14791,.F.);
#14791 = EDGE_LOOP('',(#14792,#14793,#14814,#14815,#14816,#14839,#14867,
    #14895));
#14792 = ORIENTED_EDGE('',*,*,#6653,.T.);
#14793 = ORIENTED_EDGE('',*,*,#14794,.T.);
#14794 = EDGE_CURVE('',#6633,#4999,#14795,.T.);
#14795 = SURFACE_CURVE('',#14796,(#14800,#14807),.PCURVE_S1.);
#14796 = LINE('',#14797,#14798);
#14797 = CARTESIAN_POINT('',(11.5,10.8,3.));
#14798 = VECTOR('',#14799,1.);
#14799 = DIRECTION('',(1.,0.,0.));
#14800 = PCURVE('',#5039,#14801);
#14801 = DEFINITIONAL_REPRESENTATION('',(#14802),#14806);
#14802 = LINE('',#14803,#14804);
#14803 = CARTESIAN_POINT('',(4.5,-2.));
#14804 = VECTOR('',#14805,1.);
#14805 = DIRECTION('',(0.,1.));
#14806 = ( GEOMETRIC_REPRESENTATION_CONTEXT(2) 
PARAMETRIC_REPRESENTATION_CONTEXT() REPRESENTATION_CONTEXT('2D SPACE',''
  ) );
#14807 = PCURVE('',#5013,#14808);
#14808 = DEFINITIONAL_REPRESENTATION('',(#14809),#14813);
#14809 = LINE('',#14810,#14811);
#14810 = CARTESIAN_POINT('',(0.,-3.2));
#14811 = VECTOR('',#14812,1.);
#14812 = DIRECTION('',(1.,0.));
#14813 = ( GEOMETRIC_REPRESENTATION_CONTEXT(2) 
PARAMETRIC_REPRESENTATION_CONTEXT() REPRESENTATION_CONTEXT('2D SPACE',''
  ) );
#14814 = ORIENTED_EDGE('',*,*,#5024,.F.);
#14815 = ORIENTED_EDGE('',*,*,#13949,.T.);
#14816 = ORIENTED_EDGE('',*,*,#14817,.T.);
#14817 = EDGE_CURVE('',#13924,#14818,#14820,.T.);
#14818 = VERTEX_POINT('',#14819);
#14819 = CARTESIAN_POINT('',(15.5,10.8,12.));
#14820 = SURFACE_CURVE('',#14821,(#14825,#14832),.PCURVE_S1.);
#14821 = LINE('',#14822,#14823);
#14822 = CARTESIAN_POINT('',(19.5,10.8,8.));
#14823 = VECTOR('',#14824,1.);
#14824 = DIRECTION('',(-0.707106781187,0.,0.707106781187));
#14825 = PCURVE('',#5039,#14826);
#14826 = DEFINITIONAL_REPRESENTATION('',(#14827),#14831);
#14827 = LINE('',#14828,#14829);
#14828 = CARTESIAN_POINT('',(-0.5,6.));
#14829 = VECTOR('',#14830,1.);
#14830 = DIRECTION('',(-0.707106781187,-0.707106781187));
#14831 = ( GEOMETRIC_REPRESENTATION_CONTEXT(2) 
PARAMETRIC_REPRESENTATION_CONTEXT() REPRESENTATION_CONTEXT('2D SPACE',''
  ) );
#14832 = PCURVE('',#13938,#14833);
#14833 = DEFINITIONAL_REPRESENTATION('',(#14834),#14838);
#14834 = LINE('',#14835,#14836);
#14835 = CARTESIAN_POINT('',(0.,-3.2));
#14836 = VECTOR('',#14837,1.);
#14837 = DIRECTION('',(1.,0.));
#14838 = ( GEOMETRIC_REPRESENTATION_CONTEXT(2) 
PARAMETRIC_REPRESENTATION_CONTEXT() REPRESENTATION_CONTEXT('2D SPACE',''
  ) );
#14839 = ORIENTED_EDGE('',*,*,#14840,.T.);
#14840 = EDGE_CURVE('',#14818,#14841,#14843,.T.);
#14841 = VERTEX_POINT('',#14842);
#14842 = CARTESIAN_POINT('',(11.5,10.8,12.));
#14843 = SURFACE_CURVE('',#14844,(#14848,#14855),.PCURVE_S1.);
#14844 = LINE('',#14845,#14846);
#14845 = CARTESIAN_POINT('',(15.5,10.8,12.));
#14846 = VECTOR('',#14847,1.);
#14847 = DIRECTION('',(-1.,0.,0.));
#14848 = PCURVE('',#5039,#14849);
#14849 = DEFINITIONAL_REPRESENTATION('',(#14850),#14854);
#14850 = LINE('',#14851,#14852);
#14851 = CARTESIAN_POINT('',(-4.5,2.));
#14852 = VECTOR('',#14853,1.);
#14853 = DIRECTION('',(0.,-1.));
#14854 = ( GEOMETRIC_REPRESENTATION_CONTEXT(2) 
PARAMETRIC_REPRESENTATION_CONTEXT() REPRESENTATION_CONTEXT('2D SPACE',''
  ) );
#14855 = PCURVE('',#14856,#14861);
#14856 = PLANE('',#14857);
#14857 = AXIS2_PLACEMENT_3D('',#14858,#14859,#14860);
#14858 = CARTESIAN_POINT('',(15.5,14.,12.));
#14859 = DIRECTION('',(-0.,-0.,-1.));
#14860 = DIRECTION('',(-1.,0.,0.));
#14861 = DEFINITIONAL_REPRESENTATION('',(#14862),#14866);
#14862 = LINE('',#14863,#14864);
#14863 = CARTESIAN_POINT('',(0.,-3.2));
#14864 = VECTOR('',#14865,1.);
#14865 = DIRECTION('',(1.,0.));
#14866 = ( GEOMETRIC_REPRESENTATION_CONTEXT(2) 
PARAMETRIC_REPRESENTATION_CONTEXT() REPRESENTATION_CONTEXT('2D SPACE',''
  ) );
#14867 = ORIENTED_EDGE('',*,*,#14868,.T.);
#14868 = EDGE_CURVE('',#14841,#14869,#14871,.T.);
#14869 = VERTEX_POINT('',#14870);
#14870 = CARTESIAN_POINT('',(11.023255813953,10.8,11.523255813953));
#14871 = SURFACE_CURVE('',#14872,(#14876,#14883),.PCURVE_S1.);
#14872 = LINE('',#14873,#14874);
#14873 = CARTESIAN_POINT('',(11.5,10.8,12.));
#14874 = VECTOR('',#14875,1.);
#14875 = DIRECTION('',(-0.707106781187,0.,-0.707106781187));
#14876 = PCURVE('',#5039,#14877);
#14877 = DEFINITIONAL_REPRESENTATION('',(#14878),#14882);
#14878 = LINE('',#14879,#14880);
#14879 = CARTESIAN_POINT('',(-4.5,-2.));
#14880 = VECTOR('',#14881,1.);
#14881 = DIRECTION('',(0.707106781187,-0.707106781187));
#14882 = ( GEOMETRIC_REPRESENTATION_CONTEXT(2) 
PARAMETRIC_REPRESENTATION_CONTEXT() REPRESENTATION_CONTEXT('2D SPACE',''
  ) );
#14883 = PCURVE('',#14884,#14889);
#14884 = PLANE('',#14885);
#14885 = AXIS2_PLACEMENT_3D('',#14886,#14887,#14888);
#14886 = CARTESIAN_POINT('',(11.5,14.,12.));
#14887 = DIRECTION('',(0.707106781187,0.,-0.707106781187));
#14888 = DIRECTION('',(-0.707106781187,0.,-0.707106781187));
#14889 = DEFINITIONAL_REPRESENTATION('',(#14890),#14894);
#14890 = LINE('',#14891,#14892);
#14891 = CARTESIAN_POINT('',(-0.,-3.2));
#14892 = VECTOR('',#14893,1.);
#14893 = DIRECTION('',(1.,0.));
#14894 = ( GEOMETRIC_REPRESENTATION_CONTEXT(2) 
PARAMETRIC_REPRESENTATION_CONTEXT() REPRESENTATION_CONTEXT('2D SPACE',''
  ) );
#14895 = ORIENTED_EDGE('',*,*,#14896,.T.);
#14896 = EDGE_CURVE('',#14869,#6654,#14897,.T.);
#14897 = SURFACE_CURVE('',#14898,(#14902,#14908),.PCURVE_S1.);
#14898 = LINE('',#14899,#14900);
#14899 = CARTESIAN_POINT('',(11.040904198062,10.8,11.502960172228));
#14900 = VECTOR('',#14901,1.);
#14901 = DIRECTION('',(0.656178714925,0.,-0.754605522164));
#14902 = PCURVE('',#5039,#14903);
#14903 = DEFINITIONAL_REPRESENTATION('',(#14904),#14907);
#14904 = B_SPLINE_CURVE_WITH_KNOTS('',1,(#14905,#14906),.UNSPECIFIED.,
  .F.,.F.,(2,2),(-0.658675046992,1.918830607119),
  .PIECEWISE_BEZIER_KNOTS.);
#14905 = CARTESIAN_POINT('',(-4.5,-2.891304347826));
#14906 = CARTESIAN_POINT('',(-2.555,-1.2));
#14907 = ( GEOMETRIC_REPRESENTATION_CONTEXT(2) 
PARAMETRIC_REPRESENTATION_CONTEXT() REPRESENTATION_CONTEXT('2D SPACE',''
  ) );
#14908 = PCURVE('',#6535,#14909);
#14909 = DEFINITIONAL_REPRESENTATION('',(#14910),#14913);
#14910 = B_SPLINE_CURVE_WITH_KNOTS('',1,(#14911,#14912),.UNSPECIFIED.,
  .F.,.F.,(2,2),(-0.658675046992,1.918830607119),
  .PIECEWISE_BEZIER_KNOTS.);
#14911 = CARTESIAN_POINT('',(3.975587127164,10.8));
#14912 = CARTESIAN_POINT('',(6.553092781275,10.8));
#14913 = ( GEOMETRIC_REPRESENTATION_CONTEXT(2) 
PARAMETRIC_REPRESENTATION_CONTEXT() REPRESENTATION_CONTEXT('2D SPACE',''
  ) );
#14914 = ADVANCED_FACE('',(#14915),#5013,.T.);
#14915 = FACE_BOUND('',#14916,.T.);
#14916 = EDGE_LOOP('',(#14917,#14918,#14919,#14920));
#14917 = ORIENTED_EDGE('',*,*,#6632,.T.);
#14918 = ORIENTED_EDGE('',*,*,#14794,.T.);
#14919 = ORIENTED_EDGE('',*,*,#4998,.F.);
#14920 = ORIENTED_EDGE('',*,*,#14921,.F.);
#14921 = EDGE_CURVE('',#6612,#4973,#14922,.T.);
#14922 = SURFACE_CURVE('',#14923,(#14927,#14934),.PCURVE_S1.);
#14923 = LINE('',#14924,#14925);
#14924 = CARTESIAN_POINT('',(11.5,17.2,3.));
#14925 = VECTOR('',#14926,1.);
#14926 = DIRECTION('',(1.,0.,0.));
#14927 = PCURVE('',#5013,#14928);
#14928 = DEFINITIONAL_REPRESENTATION('',(#14929),#14933);
#14929 = LINE('',#14930,#14931);
#14930 = CARTESIAN_POINT('',(0.,3.2));
#14931 = VECTOR('',#14932,1.);
#14932 = DIRECTION('',(1.,0.));
#14933 = ( GEOMETRIC_REPRESENTATION_CONTEXT(2) 
PARAMETRIC_REPRESENTATION_CONTEXT() REPRESENTATION_CONTEXT('2D SPACE',''
  ) );
#14934 = PCURVE('',#4987,#14935);
#14935 = DEFINITIONAL_REPRESENTATION('',(#14936),#14940);
#14936 = LINE('',#14937,#14938);
#14937 = CARTESIAN_POINT('',(4.5,-2.));
#14938 = VECTOR('',#14939,1.);
#14939 = DIRECTION('',(0.,1.));
#14940 = ( GEOMETRIC_REPRESENTATION_CONTEXT(2) 
PARAMETRIC_REPRESENTATION_CONTEXT() REPRESENTATION_CONTEXT('2D SPACE',''
  ) );
#14941 = ADVANCED_FACE('',(#14942),#4987,.T.);
#14942 = FACE_BOUND('',#14943,.T.);
#14943 = EDGE_LOOP('',(#14944,#14965,#14966,#14967,#14968,#14989,#15010,
    #15033));
#14944 = ORIENTED_EDGE('',*,*,#14945,.T.);
#14945 = EDGE_CURVE('',#14946,#6589,#14948,.T.);
#14946 = VERTEX_POINT('',#14947);
#14947 = CARTESIAN_POINT('',(11.023255813953,17.2,11.523255813953));
#14948 = SURFACE_CURVE('',#14949,(#14953,#14959),.PCURVE_S1.);
#14949 = LINE('',#14950,#14951);
#14950 = CARTESIAN_POINT('',(11.040904198062,17.2,11.502960172228));
#14951 = VECTOR('',#14952,1.);
#14952 = DIRECTION('',(0.656178714925,0.,-0.754605522164));
#14953 = PCURVE('',#4987,#14954);
#14954 = DEFINITIONAL_REPRESENTATION('',(#14955),#14958);
#14955 = B_SPLINE_CURVE_WITH_KNOTS('',1,(#14956,#14957),.UNSPECIFIED.,
  .F.,.F.,(2,2),(-0.658675046992,1.918830607119),
  .PIECEWISE_BEZIER_KNOTS.);
#14956 = CARTESIAN_POINT('',(-4.5,-2.891304347826));
#14957 = CARTESIAN_POINT('',(-2.555,-1.2));
#14958 = ( GEOMETRIC_REPRESENTATION_CONTEXT(2) 
PARAMETRIC_REPRESENTATION_CONTEXT() REPRESENTATION_CONTEXT('2D SPACE',''
  ) );
#14959 = PCURVE('',#6535,#14960);
#14960 = DEFINITIONAL_REPRESENTATION('',(#14961),#14964);
#14961 = B_SPLINE_CURVE_WITH_KNOTS('',1,(#14962,#14963),.UNSPECIFIED.,
  .F.,.F.,(2,2),(-0.658675046992,1.918830607119),
  .PIECEWISE_BEZIER_KNOTS.);
#14962 = CARTESIAN_POINT('',(3.975587127164,17.2));
#14963 = CARTESIAN_POINT('',(6.553092781275,17.2));
#14964 = ( GEOMETRIC_REPRESENTATION_CONTEXT(2) 
PARAMETRIC_REPRESENTATION_CONTEXT() REPRESENTATION_CONTEXT('2D SPACE',''
  ) );
#14965 = ORIENTED_EDGE('',*,*,#6611,.T.);
#14966 = ORIENTED_EDGE('',*,*,#14921,.T.);
#14967 = ORIENTED_EDGE('',*,*,#4972,.F.);
#14968 = ORIENTED_EDGE('',*,*,#14969,.T.);
#14969 = EDGE_CURVE('',#4947,#14970,#14972,.T.);
#14970 = VERTEX_POINT('',#14971);
#14971 = CARTESIAN_POINT('',(13.685551215284,17.2,9.));
#14972 = SURFACE_CURVE('',#14973,(#14977,#14983),.PCURVE_S1.);
#14973 = LINE('',#14974,#14975);
#14974 = CARTESIAN_POINT('',(14.375,17.2,9.));
#14975 = VECTOR('',#14976,1.);
#14976 = DIRECTION('',(-1.,0.,0.));
#14977 = PCURVE('',#4987,#14978);
#14978 = DEFINITIONAL_REPRESENTATION('',(#14979),#14982);
#14979 = B_SPLINE_CURVE_WITH_KNOTS('',1,(#14980,#14981),.UNSPECIFIED.,
  .F.,.F.,(2,2),(-1.601744186047,1.625),.PIECEWISE_BEZIER_KNOTS.);
#14980 = CARTESIAN_POINT('',(-1.5,2.476744186047));
#14981 = CARTESIAN_POINT('',(-1.5,-0.75));
#14982 = ( GEOMETRIC_REPRESENTATION_CONTEXT(2) 
PARAMETRIC_REPRESENTATION_CONTEXT() REPRESENTATION_CONTEXT('2D SPACE',''
  ) );
#14983 = PCURVE('',#4961,#14984);
#14984 = DEFINITIONAL_REPRESENTATION('',(#14985),#14988);
#14985 = B_SPLINE_CURVE_WITH_KNOTS('',1,(#14986,#14987),.UNSPECIFIED.,
  .F.,.F.,(2,2),(-1.601744186047,1.625),.PIECEWISE_BEZIER_KNOTS.);
#14986 = CARTESIAN_POINT('',(0.726744186047,1.95));
#14987 = CARTESIAN_POINT('',(-2.5,1.95));
#14988 = ( GEOMETRIC_REPRESENTATION_CONTEXT(2) 
PARAMETRIC_REPRESENTATION_CONTEXT() REPRESENTATION_CONTEXT('2D SPACE',''
  ) );
#14989 = ORIENTED_EDGE('',*,*,#14990,.F.);
#14990 = EDGE_CURVE('',#14991,#14970,#14993,.T.);
#14991 = VERTEX_POINT('',#14992);
#14992 = CARTESIAN_POINT('',(13.685551215284,17.2,12.));
#14993 = SURFACE_CURVE('',#14994,(#14998,#15004),.PCURVE_S1.);
#14994 = LINE('',#14995,#14996);
#14995 = CARTESIAN_POINT('',(13.685551215284,17.2,9.));
#14996 = VECTOR('',#14997,1.);
#14997 = DIRECTION('',(-0.,-0.,-1.));
#14998 = PCURVE('',#4987,#14999);
#14999 = DEFINITIONAL_REPRESENTATION('',(#15000),#15003);
#15000 = B_SPLINE_CURVE_WITH_KNOTS('',1,(#15001,#15002),.UNSPECIFIED.,
  .F.,.F.,(2,2),(-3.9,5.999999999062E-07),.PIECEWISE_BEZIER_KNOTS.);
#15001 = CARTESIAN_POINT('',(-5.4,0.185551215284));
#15002 = CARTESIAN_POINT('',(-1.4999994,0.185551215284));
#15003 = ( GEOMETRIC_REPRESENTATION_CONTEXT(2) 
PARAMETRIC_REPRESENTATION_CONTEXT() REPRESENTATION_CONTEXT('2D SPACE',''
  ) );
#15004 = PCURVE('',#4935,#15005);
#15005 = DEFINITIONAL_REPRESENTATION('',(#15006),#15009);
#15006 = B_SPLINE_CURVE_WITH_KNOTS('',1,(#15007,#15008),.UNSPECIFIED.,
  .F.,.F.,(2,2),(-3.9,5.999999999062E-07),.PIECEWISE_BEZIER_KNOTS.);
#15007 = CARTESIAN_POINT('',(-2.246926836356,-3.9));
#15008 = CARTESIAN_POINT('',(-2.246926836356,5.999999999062E-07));
#15009 = ( GEOMETRIC_REPRESENTATION_CONTEXT(2) 
PARAMETRIC_REPRESENTATION_CONTEXT() REPRESENTATION_CONTEXT('2D SPACE',''
  ) );
#15010 = ORIENTED_EDGE('',*,*,#15011,.T.);
#15011 = EDGE_CURVE('',#14991,#15012,#15014,.T.);
#15012 = VERTEX_POINT('',#15013);
#15013 = CARTESIAN_POINT('',(11.5,17.2,12.));
#15014 = SURFACE_CURVE('',#15015,(#15019,#15026),.PCURVE_S1.);
#15015 = LINE('',#15016,#15017);
#15016 = CARTESIAN_POINT('',(15.5,17.2,12.));
#15017 = VECTOR('',#15018,1.);
#15018 = DIRECTION('',(-1.,0.,0.));
#15019 = PCURVE('',#4987,#15020);
#15020 = DEFINITIONAL_REPRESENTATION('',(#15021),#15025);
#15021 = LINE('',#15022,#15023);
#15022 = CARTESIAN_POINT('',(-4.5,2.));
#15023 = VECTOR('',#15024,1.);
#15024 = DIRECTION('',(0.,-1.));
#15025 = ( GEOMETRIC_REPRESENTATION_CONTEXT(2) 
PARAMETRIC_REPRESENTATION_CONTEXT() REPRESENTATION_CONTEXT('2D SPACE',''
  ) );
#15026 = PCURVE('',#14856,#15027);
#15027 = DEFINITIONAL_REPRESENTATION('',(#15028),#15032);
#15028 = LINE('',#15029,#15030);
#15029 = CARTESIAN_POINT('',(0.,3.2));
#15030 = VECTOR('',#15031,1.);
#15031 = DIRECTION('',(1.,0.));
#15032 = ( GEOMETRIC_REPRESENTATION_CONTEXT(2) 
PARAMETRIC_REPRESENTATION_CONTEXT() REPRESENTATION_CONTEXT('2D SPACE',''
  ) );
#15033 = ORIENTED_EDGE('',*,*,#15034,.T.);
#15034 = EDGE_CURVE('',#15012,#14946,#15035,.T.);
#15035 = SURFACE_CURVE('',#15036,(#15040,#15047),.PCURVE_S1.);
#15036 = LINE('',#15037,#15038);
#15037 = CARTESIAN_POINT('',(11.5,17.2,12.));
#15038 = VECTOR('',#15039,1.);
#15039 = DIRECTION('',(-0.707106781187,0.,-0.707106781187));
#15040 = PCURVE('',#4987,#15041);
#15041 = DEFINITIONAL_REPRESENTATION('',(#15042),#15046);
#15042 = LINE('',#15043,#15044);
#15043 = CARTESIAN_POINT('',(-4.5,-2.));
#15044 = VECTOR('',#15045,1.);
#15045 = DIRECTION('',(0.707106781187,-0.707106781187));
#15046 = ( GEOMETRIC_REPRESENTATION_CONTEXT(2) 
PARAMETRIC_REPRESENTATION_CONTEXT() REPRESENTATION_CONTEXT('2D SPACE',''
  ) );
#15047 = PCURVE('',#14884,#15048);
#15048 = DEFINITIONAL_REPRESENTATION('',(#15049),#15053);
#15049 = LINE('',#15050,#15051);
#15050 = CARTESIAN_POINT('',(0.,3.2));
#15051 = VECTOR('',#15052,1.);
#15052 = DIRECTION('',(1.,0.));
#15053 = ( GEOMETRIC_REPRESENTATION_CONTEXT(2) 
PARAMETRIC_REPRESENTATION_CONTEXT() REPRESENTATION_CONTEXT('2D SPACE',''
  ) );
#15054 = ADVANCED_FACE('',(#15055),#4961,.T.);
#15055 = FACE_BOUND('',#15056,.T.);
#15056 = EDGE_LOOP('',(#15057,#15058,#15080));
#15057 = ORIENTED_EDGE('',*,*,#4946,.F.);
#15058 = ORIENTED_EDGE('',*,*,#15059,.T.);
#15059 = EDGE_CURVE('',#4921,#14970,#15060,.T.);
#15060 = SURFACE_CURVE('',#15061,(#15066,#15073),.PCURVE_S1.);
#15061 = CIRCLE('',#15062,2.5);
#15062 = AXIS2_PLACEMENT_3D('',#15063,#15064,#15065);
#15063 = CARTESIAN_POINT('',(15.25,15.25,9.));
#15064 = DIRECTION('',(0.,0.,1.));
#15065 = DIRECTION('',(1.,0.,0.));
#15066 = PCURVE('',#4961,#15067);
#15067 = DEFINITIONAL_REPRESENTATION('',(#15068),#15072);
#15068 = CIRCLE('',#15069,2.5);
#15069 = AXIS2_PLACEMENT_2D('',#15070,#15071);
#15070 = CARTESIAN_POINT('',(0.,0.));
#15071 = DIRECTION('',(1.,0.));
#15072 = ( GEOMETRIC_REPRESENTATION_CONTEXT(2) 
PARAMETRIC_REPRESENTATION_CONTEXT() REPRESENTATION_CONTEXT('2D SPACE',''
  ) );
#15073 = PCURVE('',#4935,#15074);
#15074 = DEFINITIONAL_REPRESENTATION('',(#15075),#15079);
#15075 = LINE('',#15076,#15077);
#15076 = CARTESIAN_POINT('',(-0.,0.));
#15077 = VECTOR('',#15078,1.);
#15078 = DIRECTION('',(-1.,0.));
#15079 = ( GEOMETRIC_REPRESENTATION_CONTEXT(2) 
PARAMETRIC_REPRESENTATION_CONTEXT() REPRESENTATION_CONTEXT('2D SPACE',''
  ) );
#15080 = ORIENTED_EDGE('',*,*,#14969,.F.);
#15081 = ADVANCED_FACE('',(#15082),#4935,.F.);
#15082 = FACE_BOUND('',#15083,.T.);
#15083 = EDGE_LOOP('',(#15084,#15085,#15108,#15135,#15136,#15137,#15164,
    #15186,#15187,#15188));
#15084 = ORIENTED_EDGE('',*,*,#13863,.F.);
#15085 = ORIENTED_EDGE('',*,*,#15086,.T.);
#15086 = EDGE_CURVE('',#13864,#15087,#15089,.T.);
#15087 = VERTEX_POINT('',#15088);
#15088 = CARTESIAN_POINT('',(17.75,15.25,15.));
#15089 = SEAM_CURVE('',#15090,(#15094,#15101),.PCURVE_S1.);
#15090 = LINE('',#15091,#15092);
#15091 = CARTESIAN_POINT('',(17.75,15.25,9.));
#15092 = VECTOR('',#15093,1.);
#15093 = DIRECTION('',(0.,0.,1.));
#15094 = PCURVE('',#4935,#15095);
#15095 = DEFINITIONAL_REPRESENTATION('',(#15096),#15100);
#15096 = LINE('',#15097,#15098);
#15097 = CARTESIAN_POINT('',(-6.28318530718,0.));
#15098 = VECTOR('',#15099,1.);
#15099 = DIRECTION('',(-0.,-1.));
#15100 = ( GEOMETRIC_REPRESENTATION_CONTEXT(2) 
PARAMETRIC_REPRESENTATION_CONTEXT() REPRESENTATION_CONTEXT('2D SPACE',''
  ) );
#15101 = PCURVE('',#4935,#15102);
#15102 = DEFINITIONAL_REPRESENTATION('',(#15103),#15107);
#15103 = LINE('',#15104,#15105);
#15104 = CARTESIAN_POINT('',(-0.,0.));
#15105 = VECTOR('',#15106,1.);
#15106 = DIRECTION('',(-0.,-1.));
#15107 = ( GEOMETRIC_REPRESENTATION_CONTEXT(2) 
PARAMETRIC_REPRESENTATION_CONTEXT() REPRESENTATION_CONTEXT('2D SPACE',''
  ) );
#15108 = ORIENTED_EDGE('',*,*,#15109,.T.);
#15109 = EDGE_CURVE('',#15087,#15087,#15110,.T.);
#15110 = SURFACE_CURVE('',#15111,(#15116,#15123),.PCURVE_S1.);
#15111 = CIRCLE('',#15112,2.5);
#15112 = AXIS2_PLACEMENT_3D('',#15113,#15114,#15115);
#15113 = CARTESIAN_POINT('',(15.25,15.25,15.));
#15114 = DIRECTION('',(0.,0.,1.));
#15115 = DIRECTION('',(1.,0.,0.));
#15116 = PCURVE('',#4935,#15117);
#15117 = DEFINITIONAL_REPRESENTATION('',(#15118),#15122);
#15118 = LINE('',#15119,#15120);
#15119 = CARTESIAN_POINT('',(-0.,-6.));
#15120 = VECTOR('',#15121,1.);
#15121 = DIRECTION('',(-1.,0.));
#15122 = ( GEOMETRIC_REPRESENTATION_CONTEXT(2) 
PARAMETRIC_REPRESENTATION_CONTEXT() REPRESENTATION_CONTEXT('2D SPACE',''
  ) );
#15123 = PCURVE('',#15124,#15129);
#15124 = PLANE('',#15125);
#15125 = AXIS2_PLACEMENT_3D('',#15126,#15127,#15128);
#15126 = CARTESIAN_POINT('',(15.25,15.25,15.));
#15127 = DIRECTION('',(0.,0.,1.));
#15128 = DIRECTION('',(1.,0.,-0.));
#15129 = DEFINITIONAL_REPRESENTATION('',(#15130),#15134);
#15130 = CIRCLE('',#15131,2.5);
#15131 = AXIS2_PLACEMENT_2D('',#15132,#15133);
#15132 = CARTESIAN_POINT('',(0.,0.));
#15133 = DIRECTION('',(1.,0.));
#15134 = ( GEOMETRIC_REPRESENTATION_CONTEXT(2) 
PARAMETRIC_REPRESENTATION_CONTEXT() REPRESENTATION_CONTEXT('2D SPACE',''
  ) );
#15135 = ORIENTED_EDGE('',*,*,#15086,.F.);
#15136 = ORIENTED_EDGE('',*,*,#13893,.F.);
#15137 = ORIENTED_EDGE('',*,*,#15138,.T.);
#15138 = EDGE_CURVE('',#13894,#15139,#15141,.T.);
#15139 = VERTEX_POINT('',#15140);
#15140 = CARTESIAN_POINT('',(15.5,12.762531407233,12.));
#15141 = SURFACE_CURVE('',#15142,(#15147,#15157),.PCURVE_S1.);
#15142 = ELLIPSE('',#15143,3.535533905933,2.5);
#15143 = AXIS2_PLACEMENT_3D('',#15144,#15145,#15146);
#15144 = CARTESIAN_POINT('',(15.25,15.25,12.25));
#15145 = DIRECTION('',(-0.707106781187,-0.,-0.707106781187));
#15146 = DIRECTION('',(0.707106781187,0.,-0.707106781187));
#15147 = PCURVE('',#4935,#15148);
#15148 = DEFINITIONAL_REPRESENTATION('',(#15149),#15156);
#15149 = B_SPLINE_CURVE_WITH_KNOTS('',5,(#15150,#15151,#15152,#15153,
    #15154,#15155),.UNSPECIFIED.,.F.,.F.,(6,6),(1.255847892994,
    1.489777488008),.PIECEWISE_BEZIER_KNOTS.);
#15150 = CARTESIAN_POINT('',(-5.027337414186,-2.475581395349));
#15151 = CARTESIAN_POINT('',(-4.980551495183,-2.586792969767));
#15152 = CARTESIAN_POINT('',(-4.93376557618,-2.700123469188));
#15153 = CARTESIAN_POINT('',(-4.886979657178,-2.815065758167));
#15154 = CARTESIAN_POINT('',(-4.840193738175,-2.931093292679));
#15155 = CARTESIAN_POINT('',(-4.793407819172,-3.047674418605));
#15156 = ( GEOMETRIC_REPRESENTATION_CONTEXT(2) 
PARAMETRIC_REPRESENTATION_CONTEXT() REPRESENTATION_CONTEXT('2D SPACE',''
  ) );
#15157 = PCURVE('',#13938,#15158);
#15158 = DEFINITIONAL_REPRESENTATION('',(#15159),#15163);
#15159 = ELLIPSE('',#15160,3.535533905933,2.5);
#15160 = AXIS2_PLACEMENT_2D('',#15161,#15162);
#15161 = CARTESIAN_POINT('',(6.010407640086,1.25));
#15162 = DIRECTION('',(-1.,0.));
#15163 = ( GEOMETRIC_REPRESENTATION_CONTEXT(2) 
PARAMETRIC_REPRESENTATION_CONTEXT() REPRESENTATION_CONTEXT('2D SPACE',''
  ) );
#15164 = ORIENTED_EDGE('',*,*,#15165,.T.);
#15165 = EDGE_CURVE('',#15139,#14991,#15166,.T.);
#15166 = SURFACE_CURVE('',#15167,(#15172,#15179),.PCURVE_S1.);
#15167 = CIRCLE('',#15168,2.5);
#15168 = AXIS2_PLACEMENT_3D('',#15169,#15170,#15171);
#15169 = CARTESIAN_POINT('',(15.25,15.25,12.));
#15170 = DIRECTION('',(0.,0.,-1.));
#15171 = DIRECTION('',(1.,0.,0.));
#15172 = PCURVE('',#4935,#15173);
#15173 = DEFINITIONAL_REPRESENTATION('',(#15174),#15178);
#15174 = LINE('',#15175,#15176);
#15175 = CARTESIAN_POINT('',(-6.28318530718,-3.));
#15176 = VECTOR('',#15177,1.);
#15177 = DIRECTION('',(1.,-0.));
#15178 = ( GEOMETRIC_REPRESENTATION_CONTEXT(2) 
PARAMETRIC_REPRESENTATION_CONTEXT() REPRESENTATION_CONTEXT('2D SPACE',''
  ) );
#15179 = PCURVE('',#14856,#15180);
#15180 = DEFINITIONAL_REPRESENTATION('',(#15181),#15185);
#15181 = CIRCLE('',#15182,2.5);
#15182 = AXIS2_PLACEMENT_2D('',#15183,#15184);
#15183 = CARTESIAN_POINT('',(0.25,1.25));
#15184 = DIRECTION('',(-1.,0.));
#15185 = ( GEOMETRIC_REPRESENTATION_CONTEXT(2) 
PARAMETRIC_REPRESENTATION_CONTEXT() REPRESENTATION_CONTEXT('2D SPACE',''
  ) );
#15186 = ORIENTED_EDGE('',*,*,#14990,.T.);
#15187 = ORIENTED_EDGE('',*,*,#15059,.F.);
#15188 = ORIENTED_EDGE('',*,*,#4920,.F.);
#15189 = ADVANCED_FACE('',(#15190),#5367,.F.);
#15190 = FACE_BOUND('',#15191,.F.);
#15191 = EDGE_LOOP('',(#15192,#15213,#15214,#15215,#15236,#15262,#15281,
    #15282));
#15192 = ORIENTED_EDGE('',*,*,#15193,.F.);
#15193 = EDGE_CURVE('',#13529,#5742,#15194,.T.);
#15194 = SURFACE_CURVE('',#15195,(#15199,#15206),.PCURVE_S1.);
#15195 = LINE('',#15196,#15197);
#15196 = CARTESIAN_POINT('',(8.,-43.,15.));
#15197 = VECTOR('',#15198,1.);
#15198 = DIRECTION('',(1.110223024625E-16,1.,0.));
#15199 = PCURVE('',#5367,#15200);
#15200 = DEFINITIONAL_REPRESENTATION('',(#15201),#15205);
#15201 = LINE('',#15202,#15203);
#15202 = CARTESIAN_POINT('',(-2.50605622847E-15,-43.));
#15203 = VECTOR('',#15204,1.);
#15204 = DIRECTION('',(7.285047175784E-17,1.));
#15205 = ( GEOMETRIC_REPRESENTATION_CONTEXT(2) 
PARAMETRIC_REPRESENTATION_CONTEXT() REPRESENTATION_CONTEXT('2D SPACE',''
  ) );
#15206 = PCURVE('',#5756,#15207);
#15207 = DEFINITIONAL_REPRESENTATION('',(#15208),#15212);
#15208 = LINE('',#15209,#15210);
#15209 = CARTESIAN_POINT('',(0.,0.));
#15210 = VECTOR('',#15211,1.);
#15211 = DIRECTION('',(1.,0.));
#15212 = ( GEOMETRIC_REPRESENTATION_CONTEXT(2) 
PARAMETRIC_REPRESENTATION_CONTEXT() REPRESENTATION_CONTEXT('2D SPACE',''
  ) );
#15213 = ORIENTED_EDGE('',*,*,#13528,.T.);
#15214 = ORIENTED_EDGE('',*,*,#5457,.T.);
#15215 = ORIENTED_EDGE('',*,*,#15216,.F.);
#15216 = EDGE_CURVE('',#15217,#5432,#15219,.T.);
#15217 = VERTEX_POINT('',#15218);
#15218 = CARTESIAN_POINT('',(11.023255813953,27.3,11.523255813953));
#15219 = SURFACE_CURVE('',#15220,(#15224,#15230),.PCURVE_S1.);
#15220 = LINE('',#15221,#15222);
#15221 = CARTESIAN_POINT('',(11.040904198062,27.3,11.502960172228));
#15222 = VECTOR('',#15223,1.);
#15223 = DIRECTION('',(0.656178714925,0.,-0.754605522164));
#15224 = PCURVE('',#5367,#15225);
#15225 = DEFINITIONAL_REPRESENTATION('',(#15226),#15229);
#15226 = B_SPLINE_CURVE_WITH_KNOTS('',1,(#15227,#15228),.UNSPECIFIED.,
  .F.,.F.,(2,2),(-0.658675046992,1.918830607119),
  .PIECEWISE_BEZIER_KNOTS.);
#15227 = CARTESIAN_POINT('',(3.975587127164,27.3));
#15228 = CARTESIAN_POINT('',(6.553092781275,27.3));
#15229 = ( GEOMETRIC_REPRESENTATION_CONTEXT(2) 
PARAMETRIC_REPRESENTATION_CONTEXT() REPRESENTATION_CONTEXT('2D SPACE',''
  ) );
#15230 = PCURVE('',#5446,#15231);
#15231 = DEFINITIONAL_REPRESENTATION('',(#15232),#15235);
#15232 = B_SPLINE_CURVE_WITH_KNOTS('',1,(#15233,#15234),.UNSPECIFIED.,
  .F.,.F.,(2,2),(-0.658675046992,1.918830607119),
  .PIECEWISE_BEZIER_KNOTS.);
#15233 = CARTESIAN_POINT('',(-4.5,-2.891304347826));
#15234 = CARTESIAN_POINT('',(-2.555,-1.2));
#15235 = ( GEOMETRIC_REPRESENTATION_CONTEXT(2) 
PARAMETRIC_REPRESENTATION_CONTEXT() REPRESENTATION_CONTEXT('2D SPACE',''
  ) );
#15236 = ORIENTED_EDGE('',*,*,#15237,.T.);
#15237 = EDGE_CURVE('',#15217,#15238,#15240,.T.);
#15238 = VERTEX_POINT('',#15239);
#15239 = CARTESIAN_POINT('',(11.023255813953,33.7,11.523255813953));
#15240 = SURFACE_CURVE('',#15241,(#15245,#15251),.PCURVE_S1.);
#15241 = LINE('',#15242,#15243);
#15242 = CARTESIAN_POINT('',(11.023255813953,15.25,11.523255813953));
#15243 = VECTOR('',#15244,1.);
#15244 = DIRECTION('',(-0.,1.,0.));
#15245 = PCURVE('',#5367,#15246);
#15246 = DEFINITIONAL_REPRESENTATION('',(#15247),#15250);
#15247 = B_SPLINE_CURVE_WITH_KNOTS('',1,(#15248,#15249),.UNSPECIFIED.,
  .F.,.F.,(2,2),(12.05,18.45),.PIECEWISE_BEZIER_KNOTS.);
#15248 = CARTESIAN_POINT('',(4.607366476829,27.3));
#15249 = CARTESIAN_POINT('',(4.607366476829,33.7));
#15250 = ( GEOMETRIC_REPRESENTATION_CONTEXT(2) 
PARAMETRIC_REPRESENTATION_CONTEXT() REPRESENTATION_CONTEXT('2D SPACE',''
  ) );
#15251 = PCURVE('',#15252,#15257);
#15252 = PLANE('',#15253);
#15253 = AXIS2_PLACEMENT_3D('',#15254,#15255,#15256);
#15254 = CARTESIAN_POINT('',(11.5,30.5,12.));
#15255 = DIRECTION('',(0.707106781187,0.,-0.707106781187));
#15256 = DIRECTION('',(-0.707106781187,0.,-0.707106781187));
#15257 = DEFINITIONAL_REPRESENTATION('',(#15258),#15261);
#15258 = B_SPLINE_CURVE_WITH_KNOTS('',1,(#15259,#15260),.UNSPECIFIED.,
  .F.,.F.,(2,2),(12.05,18.45),.PIECEWISE_BEZIER_KNOTS.);
#15259 = CARTESIAN_POINT('',(0.674218093689,-3.2));
#15260 = CARTESIAN_POINT('',(0.674218093689,3.2));
#15261 = ( GEOMETRIC_REPRESENTATION_CONTEXT(2) 
PARAMETRIC_REPRESENTATION_CONTEXT() REPRESENTATION_CONTEXT('2D SPACE',''
  ) );
#15262 = ORIENTED_EDGE('',*,*,#15263,.T.);
#15263 = EDGE_CURVE('',#15238,#5352,#15264,.T.);
#15264 = SURFACE_CURVE('',#15265,(#15269,#15275),.PCURVE_S1.);
#15265 = LINE('',#15266,#15267);
#15266 = CARTESIAN_POINT('',(11.040904198062,33.7,11.502960172228));
#15267 = VECTOR('',#15268,1.);
#15268 = DIRECTION('',(0.656178714925,0.,-0.754605522164));
#15269 = PCURVE('',#5367,#15270);
#15270 = DEFINITIONAL_REPRESENTATION('',(#15271),#15274);
#15271 = B_SPLINE_CURVE_WITH_KNOTS('',1,(#15272,#15273),.UNSPECIFIED.,
  .F.,.F.,(2,2),(-0.658675046992,1.918830607119),
  .PIECEWISE_BEZIER_KNOTS.);
#15272 = CARTESIAN_POINT('',(3.975587127164,33.7));
#15273 = CARTESIAN_POINT('',(6.553092781275,33.7));
#15274 = ( GEOMETRIC_REPRESENTATION_CONTEXT(2) 
PARAMETRIC_REPRESENTATION_CONTEXT() REPRESENTATION_CONTEXT('2D SPACE',''
  ) );
#15275 = PCURVE('',#5394,#15276);
#15276 = DEFINITIONAL_REPRESENTATION('',(#15277),#15280);
#15277 = B_SPLINE_CURVE_WITH_KNOTS('',1,(#15278,#15279),.UNSPECIFIED.,
  .F.,.F.,(2,2),(-0.658675046992,1.918830607119),
  .PIECEWISE_BEZIER_KNOTS.);
#15278 = CARTESIAN_POINT('',(-4.5,-2.891304347826));
#15279 = CARTESIAN_POINT('',(-2.555,-1.2));
#15280 = ( GEOMETRIC_REPRESENTATION_CONTEXT(2) 
PARAMETRIC_REPRESENTATION_CONTEXT() REPRESENTATION_CONTEXT('2D SPACE',''
  ) );
#15281 = ORIENTED_EDGE('',*,*,#5351,.T.);
#15282 = ORIENTED_EDGE('',*,*,#5768,.F.);
#15283 = ADVANCED_FACE('',(#15284),#5446,.F.);
#15284 = FACE_BOUND('',#15285,.F.);
#15285 = EDGE_LOOP('',(#15286,#15287,#15308,#15309,#15330,#15358,#15386,
    #15407));
#15286 = ORIENTED_EDGE('',*,*,#5431,.T.);
#15287 = ORIENTED_EDGE('',*,*,#15288,.T.);
#15288 = EDGE_CURVE('',#5406,#6017,#15289,.T.);
#15289 = SURFACE_CURVE('',#15290,(#15294,#15301),.PCURVE_S1.);
#15290 = LINE('',#15291,#15292);
#15291 = CARTESIAN_POINT('',(11.5,27.3,3.));
#15292 = VECTOR('',#15293,1.);
#15293 = DIRECTION('',(1.,0.,0.));
#15294 = PCURVE('',#5446,#15295);
#15295 = DEFINITIONAL_REPRESENTATION('',(#15296),#15300);
#15296 = LINE('',#15297,#15298);
#15297 = CARTESIAN_POINT('',(4.5,-2.));
#15298 = VECTOR('',#15299,1.);
#15299 = DIRECTION('',(0.,1.));
#15300 = ( GEOMETRIC_REPRESENTATION_CONTEXT(2) 
PARAMETRIC_REPRESENTATION_CONTEXT() REPRESENTATION_CONTEXT('2D SPACE',''
  ) );
#15301 = PCURVE('',#5420,#15302);
#15302 = DEFINITIONAL_REPRESENTATION('',(#15303),#15307);
#15303 = LINE('',#15304,#15305);
#15304 = CARTESIAN_POINT('',(0.,-3.2));
#15305 = VECTOR('',#15306,1.);
#15306 = DIRECTION('',(1.,0.));
#15307 = ( GEOMETRIC_REPRESENTATION_CONTEXT(2) 
PARAMETRIC_REPRESENTATION_CONTEXT() REPRESENTATION_CONTEXT('2D SPACE',''
  ) );
#15308 = ORIENTED_EDGE('',*,*,#6037,.F.);
#15309 = ORIENTED_EDGE('',*,*,#15310,.T.);
#15310 = EDGE_CURVE('',#6038,#15311,#15313,.T.);
#15311 = VERTEX_POINT('',#15312);
#15312 = CARTESIAN_POINT('',(15.976744186047,27.3,11.523255813953));
#15313 = SURFACE_CURVE('',#15314,(#15318,#15324),.PCURVE_S1.);
#15314 = LINE('',#15315,#15316);
#15315 = CARTESIAN_POINT('',(13.809095801938,27.3,9.030460172228));
#15316 = VECTOR('',#15317,1.);
#15317 = DIRECTION('',(0.656178714925,-0.,0.754605522164));
#15318 = PCURVE('',#5446,#15319);
#15319 = DEFINITIONAL_REPRESENTATION('',(#15320),#15323);
#15320 = B_SPLINE_CURVE_WITH_KNOTS('',1,(#15321,#15322),.UNSPECIFIED.,
  .F.,.F.,(2,2),(1.357715783519,3.93522143763),
  .PIECEWISE_BEZIER_KNOTS.);
#15321 = CARTESIAN_POINT('',(-2.555,1.2));
#15322 = CARTESIAN_POINT('',(-4.5,2.891304347826));
#15323 = ( GEOMETRIC_REPRESENTATION_CONTEXT(2) 
PARAMETRIC_REPRESENTATION_CONTEXT() REPRESENTATION_CONTEXT('2D SPACE',''
  ) );
#15324 = PCURVE('',#5679,#15325);
#15325 = DEFINITIONAL_REPRESENTATION('',(#15326),#15329);
#15326 = B_SPLINE_CURVE_WITH_KNOTS('',1,(#15327,#15328),.UNSPECIFIED.,
  .F.,.F.,(2,2),(1.357715783519,3.93522143763),
  .PIECEWISE_BEZIER_KNOTS.);
#15327 = CARTESIAN_POINT('',(0.,27.3));
#15328 = CARTESIAN_POINT('',(2.577505654111,27.3));
#15329 = ( GEOMETRIC_REPRESENTATION_CONTEXT(2) 
PARAMETRIC_REPRESENTATION_CONTEXT() REPRESENTATION_CONTEXT('2D SPACE',''
  ) );
#15330 = ORIENTED_EDGE('',*,*,#15331,.T.);
#15331 = EDGE_CURVE('',#15311,#15332,#15334,.T.);
#15332 = VERTEX_POINT('',#15333);
#15333 = CARTESIAN_POINT('',(15.5,27.3,12.));
#15334 = SURFACE_CURVE('',#15335,(#15339,#15346),.PCURVE_S1.);
#15335 = LINE('',#15336,#15337);
#15336 = CARTESIAN_POINT('',(19.5,27.3,8.));
#15337 = VECTOR('',#15338,1.);
#15338 = DIRECTION('',(-0.707106781187,0.,0.707106781187));
#15339 = PCURVE('',#5446,#15340);
#15340 = DEFINITIONAL_REPRESENTATION('',(#15341),#15345);
#15341 = LINE('',#15342,#15343);
#15342 = CARTESIAN_POINT('',(-0.5,6.));
#15343 = VECTOR('',#15344,1.);
#15344 = DIRECTION('',(-0.707106781187,-0.707106781187));
#15345 = ( GEOMETRIC_REPRESENTATION_CONTEXT(2) 
PARAMETRIC_REPRESENTATION_CONTEXT() REPRESENTATION_CONTEXT('2D SPACE',''
  ) );
#15346 = PCURVE('',#15347,#15352);
#15347 = PLANE('',#15348);
#15348 = AXIS2_PLACEMENT_3D('',#15349,#15350,#15351);
#15349 = CARTESIAN_POINT('',(19.5,30.5,8.));
#15350 = DIRECTION('',(-0.707106781187,-0.,-0.707106781187));
#15351 = DIRECTION('',(-0.707106781187,0.,0.707106781187));
#15352 = DEFINITIONAL_REPRESENTATION('',(#15353),#15357);
#15353 = LINE('',#15354,#15355);
#15354 = CARTESIAN_POINT('',(0.,-3.2));
#15355 = VECTOR('',#15356,1.);
#15356 = DIRECTION('',(1.,0.));
#15357 = ( GEOMETRIC_REPRESENTATION_CONTEXT(2) 
PARAMETRIC_REPRESENTATION_CONTEXT() REPRESENTATION_CONTEXT('2D SPACE',''
  ) );
#15358 = ORIENTED_EDGE('',*,*,#15359,.T.);
#15359 = EDGE_CURVE('',#15332,#15360,#15362,.T.);
#15360 = VERTEX_POINT('',#15361);
#15361 = CARTESIAN_POINT('',(11.5,27.3,12.));
#15362 = SURFACE_CURVE('',#15363,(#15367,#15374),.PCURVE_S1.);
#15363 = LINE('',#15364,#15365);
#15364 = CARTESIAN_POINT('',(15.5,27.3,12.));
#15365 = VECTOR('',#15366,1.);
#15366 = DIRECTION('',(-1.,0.,0.));
#15367 = PCURVE('',#5446,#15368);
#15368 = DEFINITIONAL_REPRESENTATION('',(#15369),#15373);
#15369 = LINE('',#15370,#15371);
#15370 = CARTESIAN_POINT('',(-4.5,2.));
#15371 = VECTOR('',#15372,1.);
#15372 = DIRECTION('',(0.,-1.));
#15373 = ( GEOMETRIC_REPRESENTATION_CONTEXT(2) 
PARAMETRIC_REPRESENTATION_CONTEXT() REPRESENTATION_CONTEXT('2D SPACE',''
  ) );
#15374 = PCURVE('',#15375,#15380);
#15375 = PLANE('',#15376);
#15376 = AXIS2_PLACEMENT_3D('',#15377,#15378,#15379);
#15377 = CARTESIAN_POINT('',(15.5,30.5,12.));
#15378 = DIRECTION('',(-0.,-0.,-1.));
#15379 = DIRECTION('',(-1.,0.,0.));
#15380 = DEFINITIONAL_REPRESENTATION('',(#15381),#15385);
#15381 = LINE('',#15382,#15383);
#15382 = CARTESIAN_POINT('',(0.,-3.2));
#15383 = VECTOR('',#15384,1.);
#15384 = DIRECTION('',(1.,0.));
#15385 = ( GEOMETRIC_REPRESENTATION_CONTEXT(2) 
PARAMETRIC_REPRESENTATION_CONTEXT() REPRESENTATION_CONTEXT('2D SPACE',''
  ) );
#15386 = ORIENTED_EDGE('',*,*,#15387,.T.);
#15387 = EDGE_CURVE('',#15360,#15217,#15388,.T.);
#15388 = SURFACE_CURVE('',#15389,(#15393,#15400),.PCURVE_S1.);
#15389 = LINE('',#15390,#15391);
#15390 = CARTESIAN_POINT('',(11.5,27.3,12.));
#15391 = VECTOR('',#15392,1.);
#15392 = DIRECTION('',(-0.707106781187,0.,-0.707106781187));
#15393 = PCURVE('',#5446,#15394);
#15394 = DEFINITIONAL_REPRESENTATION('',(#15395),#15399);
#15395 = LINE('',#15396,#15397);
#15396 = CARTESIAN_POINT('',(-4.5,-2.));
#15397 = VECTOR('',#15398,1.);
#15398 = DIRECTION('',(0.707106781187,-0.707106781187));
#15399 = ( GEOMETRIC_REPRESENTATION_CONTEXT(2) 
PARAMETRIC_REPRESENTATION_CONTEXT() REPRESENTATION_CONTEXT('2D SPACE',''
  ) );
#15400 = PCURVE('',#15252,#15401);
#15401 = DEFINITIONAL_REPRESENTATION('',(#15402),#15406);
#15402 = LINE('',#15403,#15404);
#15403 = CARTESIAN_POINT('',(-0.,-3.2));
#15404 = VECTOR('',#15405,1.);
#15405 = DIRECTION('',(1.,0.));
#15406 = ( GEOMETRIC_REPRESENTATION_CONTEXT(2) 
PARAMETRIC_REPRESENTATION_CONTEXT() REPRESENTATION_CONTEXT('2D SPACE',''
  ) );
#15407 = ORIENTED_EDGE('',*,*,#15216,.T.);
#15408 = ADVANCED_FACE('',(#15409),#5420,.T.);
#15409 = FACE_BOUND('',#15410,.T.);
#15410 = EDGE_LOOP('',(#15411,#15412,#15413,#15414));
#15411 = ORIENTED_EDGE('',*,*,#5405,.T.);
#15412 = ORIENTED_EDGE('',*,*,#15288,.T.);
#15413 = ORIENTED_EDGE('',*,*,#6016,.F.);
#15414 = ORIENTED_EDGE('',*,*,#15415,.F.);
#15415 = EDGE_CURVE('',#5380,#5996,#15416,.T.);
#15416 = SURFACE_CURVE('',#15417,(#15421,#15428),.PCURVE_S1.);
#15417 = LINE('',#15418,#15419);
#15418 = CARTESIAN_POINT('',(11.5,33.7,3.));
#15419 = VECTOR('',#15420,1.);
#15420 = DIRECTION('',(1.,0.,0.));
#15421 = PCURVE('',#5420,#15422);
#15422 = DEFINITIONAL_REPRESENTATION('',(#15423),#15427);
#15423 = LINE('',#15424,#15425);
#15424 = CARTESIAN_POINT('',(0.,3.2));
#15425 = VECTOR('',#15426,1.);
#15426 = DIRECTION('',(1.,0.));
#15427 = ( GEOMETRIC_REPRESENTATION_CONTEXT(2) 
PARAMETRIC_REPRESENTATION_CONTEXT() REPRESENTATION_CONTEXT('2D SPACE',''
  ) );
#15428 = PCURVE('',#5394,#15429);
#15429 = DEFINITIONAL_REPRESENTATION('',(#15430),#15434);
#15430 = LINE('',#15431,#15432);
#15431 = CARTESIAN_POINT('',(4.5,-2.));
#15432 = VECTOR('',#15433,1.);
#15433 = DIRECTION('',(0.,1.));
#15434 = ( GEOMETRIC_REPRESENTATION_CONTEXT(2) 
PARAMETRIC_REPRESENTATION_CONTEXT() REPRESENTATION_CONTEXT('2D SPACE',''
  ) );
#15435 = ADVANCED_FACE('',(#15436),#5394,.T.);
#15436 = FACE_BOUND('',#15437,.T.);
#15437 = EDGE_LOOP('',(#15438,#15439,#15440,#15441,#15462,#15485,#15508,
    #15529));
#15438 = ORIENTED_EDGE('',*,*,#5379,.T.);
#15439 = ORIENTED_EDGE('',*,*,#15415,.T.);
#15440 = ORIENTED_EDGE('',*,*,#5995,.F.);
#15441 = ORIENTED_EDGE('',*,*,#15442,.T.);
#15442 = EDGE_CURVE('',#5973,#15443,#15445,.T.);
#15443 = VERTEX_POINT('',#15444);
#15444 = CARTESIAN_POINT('',(15.976744186047,33.7,11.523255813953));
#15445 = SURFACE_CURVE('',#15446,(#15450,#15456),.PCURVE_S1.);
#15446 = LINE('',#15447,#15448);
#15447 = CARTESIAN_POINT('',(13.809095801938,33.7,9.030460172228));
#15448 = VECTOR('',#15449,1.);
#15449 = DIRECTION('',(0.656178714925,-0.,0.754605522164));
#15450 = PCURVE('',#5394,#15451);
#15451 = DEFINITIONAL_REPRESENTATION('',(#15452),#15455);
#15452 = B_SPLINE_CURVE_WITH_KNOTS('',1,(#15453,#15454),.UNSPECIFIED.,
  .F.,.F.,(2,2),(1.357715783519,3.93522143763),
  .PIECEWISE_BEZIER_KNOTS.);
#15453 = CARTESIAN_POINT('',(-2.555,1.2));
#15454 = CARTESIAN_POINT('',(-4.5,2.891304347826));
#15455 = ( GEOMETRIC_REPRESENTATION_CONTEXT(2) 
PARAMETRIC_REPRESENTATION_CONTEXT() REPRESENTATION_CONTEXT('2D SPACE',''
  ) );
#15456 = PCURVE('',#5679,#15457);
#15457 = DEFINITIONAL_REPRESENTATION('',(#15458),#15461);
#15458 = B_SPLINE_CURVE_WITH_KNOTS('',1,(#15459,#15460),.UNSPECIFIED.,
  .F.,.F.,(2,2),(1.357715783519,3.93522143763),
  .PIECEWISE_BEZIER_KNOTS.);
#15459 = CARTESIAN_POINT('',(0.,33.7));
#15460 = CARTESIAN_POINT('',(2.577505654111,33.7));
#15461 = ( GEOMETRIC_REPRESENTATION_CONTEXT(2) 
PARAMETRIC_REPRESENTATION_CONTEXT() REPRESENTATION_CONTEXT('2D SPACE',''
  ) );
#15462 = ORIENTED_EDGE('',*,*,#15463,.T.);
#15463 = EDGE_CURVE('',#15443,#15464,#15466,.T.);
#15464 = VERTEX_POINT('',#15465);
#15465 = CARTESIAN_POINT('',(15.5,33.7,12.));
#15466 = SURFACE_CURVE('',#15467,(#15471,#15478),.PCURVE_S1.);
#15467 = LINE('',#15468,#15469);
#15468 = CARTESIAN_POINT('',(19.5,33.7,8.));
#15469 = VECTOR('',#15470,1.);
#15470 = DIRECTION('',(-0.707106781187,0.,0.707106781187));
#15471 = PCURVE('',#5394,#15472);
#15472 = DEFINITIONAL_REPRESENTATION('',(#15473),#15477);
#15473 = LINE('',#15474,#15475);
#15474 = CARTESIAN_POINT('',(-0.5,6.));
#15475 = VECTOR('',#15476,1.);
#15476 = DIRECTION('',(-0.707106781187,-0.707106781187));
#15477 = ( GEOMETRIC_REPRESENTATION_CONTEXT(2) 
PARAMETRIC_REPRESENTATION_CONTEXT() REPRESENTATION_CONTEXT('2D SPACE',''
  ) );
#15478 = PCURVE('',#15347,#15479);
#15479 = DEFINITIONAL_REPRESENTATION('',(#15480),#15484);
#15480 = LINE('',#15481,#15482);
#15481 = CARTESIAN_POINT('',(0.,3.2));
#15482 = VECTOR('',#15483,1.);
#15483 = DIRECTION('',(1.,0.));
#15484 = ( GEOMETRIC_REPRESENTATION_CONTEXT(2) 
PARAMETRIC_REPRESENTATION_CONTEXT() REPRESENTATION_CONTEXT('2D SPACE',''
  ) );
#15485 = ORIENTED_EDGE('',*,*,#15486,.T.);
#15486 = EDGE_CURVE('',#15464,#15487,#15489,.T.);
#15487 = VERTEX_POINT('',#15488);
#15488 = CARTESIAN_POINT('',(11.5,33.7,12.));
#15489 = SURFACE_CURVE('',#15490,(#15494,#15501),.PCURVE_S1.);
#15490 = LINE('',#15491,#15492);
#15491 = CARTESIAN_POINT('',(15.5,33.7,12.));
#15492 = VECTOR('',#15493,1.);
#15493 = DIRECTION('',(-1.,0.,0.));
#15494 = PCURVE('',#5394,#15495);
#15495 = DEFINITIONAL_REPRESENTATION('',(#15496),#15500);
#15496 = LINE('',#15497,#15498);
#15497 = CARTESIAN_POINT('',(-4.5,2.));
#15498 = VECTOR('',#15499,1.);
#15499 = DIRECTION('',(0.,-1.));
#15500 = ( GEOMETRIC_REPRESENTATION_CONTEXT(2) 
PARAMETRIC_REPRESENTATION_CONTEXT() REPRESENTATION_CONTEXT('2D SPACE',''
  ) );
#15501 = PCURVE('',#15375,#15502);
#15502 = DEFINITIONAL_REPRESENTATION('',(#15503),#15507);
#15503 = LINE('',#15504,#15505);
#15504 = CARTESIAN_POINT('',(0.,3.2));
#15505 = VECTOR('',#15506,1.);
#15506 = DIRECTION('',(1.,0.));
#15507 = ( GEOMETRIC_REPRESENTATION_CONTEXT(2) 
PARAMETRIC_REPRESENTATION_CONTEXT() REPRESENTATION_CONTEXT('2D SPACE',''
  ) );
#15508 = ORIENTED_EDGE('',*,*,#15509,.T.);
#15509 = EDGE_CURVE('',#15487,#15238,#15510,.T.);
#15510 = SURFACE_CURVE('',#15511,(#15515,#15522),.PCURVE_S1.);
#15511 = LINE('',#15512,#15513);
#15512 = CARTESIAN_POINT('',(11.5,33.7,12.));
#15513 = VECTOR('',#15514,1.);
#15514 = DIRECTION('',(-0.707106781187,0.,-0.707106781187));
#15515 = PCURVE('',#5394,#15516);
#15516 = DEFINITIONAL_REPRESENTATION('',(#15517),#15521);
#15517 = LINE('',#15518,#15519);
#15518 = CARTESIAN_POINT('',(-4.5,-2.));
#15519 = VECTOR('',#15520,1.);
#15520 = DIRECTION('',(0.707106781187,-0.707106781187));
#15521 = ( GEOMETRIC_REPRESENTATION_CONTEXT(2) 
PARAMETRIC_REPRESENTATION_CONTEXT() REPRESENTATION_CONTEXT('2D SPACE',''
  ) );
#15522 = PCURVE('',#15252,#15523);
#15523 = DEFINITIONAL_REPRESENTATION('',(#15524),#15528);
#15524 = LINE('',#15525,#15526);
#15525 = CARTESIAN_POINT('',(0.,3.2));
#15526 = VECTOR('',#15527,1.);
#15527 = DIRECTION('',(1.,0.));
#15528 = ( GEOMETRIC_REPRESENTATION_CONTEXT(2) 
PARAMETRIC_REPRESENTATION_CONTEXT() REPRESENTATION_CONTEXT('2D SPACE',''
  ) );
#15529 = ORIENTED_EDGE('',*,*,#15263,.T.);
#15530 = ADVANCED_FACE('',(#15531),#5499,.F.);
#15531 = FACE_BOUND('',#15532,.F.);
#15532 = EDGE_LOOP('',(#15533,#15554,#15555,#15556,#15577,#15603,#15622,
    #15623));
#15533 = ORIENTED_EDGE('',*,*,#15534,.F.);
#15534 = EDGE_CURVE('',#5803,#13821,#15535,.T.);
#15535 = SURFACE_CURVE('',#15536,(#15540,#15547),.PCURVE_S1.);
#15536 = LINE('',#15537,#15538);
#15537 = CARTESIAN_POINT('',(29.,16.,15.));
#15538 = VECTOR('',#15539,1.);
#15539 = DIRECTION('',(-1.,0.,0.));
#15540 = PCURVE('',#5499,#15541);
#15541 = DEFINITIONAL_REPRESENTATION('',(#15542),#15546);
#15542 = LINE('',#15543,#15544);
#15543 = CARTESIAN_POINT('',(0.,-29.));
#15544 = VECTOR('',#15545,1.);
#15545 = DIRECTION('',(0.,1.));
#15546 = ( GEOMETRIC_REPRESENTATION_CONTEXT(2) 
PARAMETRIC_REPRESENTATION_CONTEXT() REPRESENTATION_CONTEXT('2D SPACE',''
  ) );
#15547 = PCURVE('',#5847,#15548);
#15548 = DEFINITIONAL_REPRESENTATION('',(#15549),#15553);
#15549 = LINE('',#15550,#15551);
#15550 = CARTESIAN_POINT('',(0.,-0.));
#15551 = VECTOR('',#15552,1.);
#15552 = DIRECTION('',(1.,0.));
#15553 = ( GEOMETRIC_REPRESENTATION_CONTEXT(2) 
PARAMETRIC_REPRESENTATION_CONTEXT() REPRESENTATION_CONTEXT('2D SPACE',''
  ) );
#15554 = ORIENTED_EDGE('',*,*,#5802,.F.);
#15555 = ORIENTED_EDGE('',*,*,#5589,.T.);
#15556 = ORIENTED_EDGE('',*,*,#15557,.F.);
#15557 = EDGE_CURVE('',#15558,#5564,#15560,.T.);
#15558 = VERTEX_POINT('',#15559);
#15559 = CARTESIAN_POINT('',(22.2,19.720930232558,10.720930232558));
#15560 = SURFACE_CURVE('',#15561,(#15565,#15571),.PCURVE_S1.);
#15561 = LINE('',#15562,#15563);
#15562 = CARTESIAN_POINT('',(22.2,19.040904198062,11.502960172228));
#15563 = VECTOR('',#15564,1.);
#15564 = DIRECTION('',(0.,0.656178714925,-0.754605522164));
#15565 = PCURVE('',#5499,#15566);
#15566 = DEFINITIONAL_REPRESENTATION('',(#15567),#15570);
#15567 = B_SPLINE_CURVE_WITH_KNOTS('',1,(#15568,#15569),.UNSPECIFIED.,
  .F.,.F.,(2,2),(-0.658675046992,1.918830607119),
  .PIECEWISE_BEZIER_KNOTS.);
#15568 = CARTESIAN_POINT('',(3.975587127164,-22.2));
#15569 = CARTESIAN_POINT('',(6.553092781275,-22.2));
#15570 = ( GEOMETRIC_REPRESENTATION_CONTEXT(2) 
PARAMETRIC_REPRESENTATION_CONTEXT() REPRESENTATION_CONTEXT('2D SPACE',''
  ) );
#15571 = PCURVE('',#5578,#15572);
#15572 = DEFINITIONAL_REPRESENTATION('',(#15573),#15576);
#15573 = B_SPLINE_CURVE_WITH_KNOTS('',1,(#15574,#15575),.UNSPECIFIED.,
  .F.,.F.,(2,2),(-0.658675046992,1.918830607119),
  .PIECEWISE_BEZIER_KNOTS.);
#15574 = CARTESIAN_POINT('',(4.5,2.891304347826));
#15575 = CARTESIAN_POINT('',(2.555,1.2));
#15576 = ( GEOMETRIC_REPRESENTATION_CONTEXT(2) 
PARAMETRIC_REPRESENTATION_CONTEXT() REPRESENTATION_CONTEXT('2D SPACE',''
  ) );
#15577 = ORIENTED_EDGE('',*,*,#15578,.T.);
#15578 = EDGE_CURVE('',#15558,#15579,#15581,.T.);
#15579 = VERTEX_POINT('',#15580);
#15580 = CARTESIAN_POINT('',(15.8,19.720930232558,10.720930232558));
#15581 = SURFACE_CURVE('',#15582,(#15586,#15592),.PCURVE_S1.);
#15582 = LINE('',#15583,#15584);
#15583 = CARTESIAN_POINT('',(9.5,19.720930232558,10.720930232558));
#15584 = VECTOR('',#15585,1.);
#15585 = DIRECTION('',(-1.,0.,-0.));
#15586 = PCURVE('',#5499,#15587);
#15587 = DEFINITIONAL_REPRESENTATION('',(#15588),#15591);
#15588 = B_SPLINE_CURVE_WITH_KNOTS('',1,(#15589,#15590),.UNSPECIFIED.,
  .F.,.F.,(2,2),(-12.7,-6.3),.PIECEWISE_BEZIER_KNOTS.);
#15589 = CARTESIAN_POINT('',(5.670604894559,-22.2));
#15590 = CARTESIAN_POINT('',(5.670604894559,-15.8));
#15591 = ( GEOMETRIC_REPRESENTATION_CONTEXT(2) 
PARAMETRIC_REPRESENTATION_CONTEXT() REPRESENTATION_CONTEXT('2D SPACE',''
  ) );
#15592 = PCURVE('',#15593,#15598);
#15593 = PLANE('',#15594);
#15594 = AXIS2_PLACEMENT_3D('',#15595,#15596,#15597);
#15595 = CARTESIAN_POINT('',(19.,21.,12.));
#15596 = DIRECTION('',(0.,0.707106781187,-0.707106781187));
#15597 = DIRECTION('',(0.,-0.707106781187,-0.707106781187));
#15598 = DEFINITIONAL_REPRESENTATION('',(#15599),#15602);
#15599 = B_SPLINE_CURVE_WITH_KNOTS('',1,(#15600,#15601),.UNSPECIFIED.,
  .F.,.F.,(2,2),(-12.7,-6.3),.PIECEWISE_BEZIER_KNOTS.);
#15600 = CARTESIAN_POINT('',(1.808877812338,-3.2));
#15601 = CARTESIAN_POINT('',(1.808877812338,3.2));
#15602 = ( GEOMETRIC_REPRESENTATION_CONTEXT(2) 
PARAMETRIC_REPRESENTATION_CONTEXT() REPRESENTATION_CONTEXT('2D SPACE',''
  ) );
#15603 = ORIENTED_EDGE('',*,*,#15604,.T.);
#15604 = EDGE_CURVE('',#15579,#5484,#15605,.T.);
#15605 = SURFACE_CURVE('',#15606,(#15610,#15616),.PCURVE_S1.);
#15606 = LINE('',#15607,#15608);
#15607 = CARTESIAN_POINT('',(15.8,19.040904198062,11.502960172228));
#15608 = VECTOR('',#15609,1.);
#15609 = DIRECTION('',(0.,0.656178714925,-0.754605522164));
#15610 = PCURVE('',#5499,#15611);
#15611 = DEFINITIONAL_REPRESENTATION('',(#15612),#15615);
#15612 = B_SPLINE_CURVE_WITH_KNOTS('',1,(#15613,#15614),.UNSPECIFIED.,
  .F.,.F.,(2,2),(-0.658675046992,1.918830607119),
  .PIECEWISE_BEZIER_KNOTS.);
#15613 = CARTESIAN_POINT('',(3.975587127164,-15.8));
#15614 = CARTESIAN_POINT('',(6.553092781275,-15.8));
#15615 = ( GEOMETRIC_REPRESENTATION_CONTEXT(2) 
PARAMETRIC_REPRESENTATION_CONTEXT() REPRESENTATION_CONTEXT('2D SPACE',''
  ) );
#15616 = PCURVE('',#5526,#15617);
#15617 = DEFINITIONAL_REPRESENTATION('',(#15618),#15621);
#15618 = B_SPLINE_CURVE_WITH_KNOTS('',1,(#15619,#15620),.UNSPECIFIED.,
  .F.,.F.,(2,2),(-0.658675046992,1.918830607119),
  .PIECEWISE_BEZIER_KNOTS.);
#15619 = CARTESIAN_POINT('',(4.5,2.891304347826));
#15620 = CARTESIAN_POINT('',(2.555,1.2));
#15621 = ( GEOMETRIC_REPRESENTATION_CONTEXT(2) 
PARAMETRIC_REPRESENTATION_CONTEXT() REPRESENTATION_CONTEXT('2D SPACE',''
  ) );
#15622 = ORIENTED_EDGE('',*,*,#5483,.T.);
#15623 = ORIENTED_EDGE('',*,*,#13843,.F.);
#15624 = ADVANCED_FACE('',(#15625),#5578,.F.);
#15625 = FACE_BOUND('',#15626,.F.);
#15626 = EDGE_LOOP('',(#15627,#15628,#15651,#15679,#15700,#15701,#15722,
    #15750,#15778,#15799));
#15627 = ORIENTED_EDGE('',*,*,#5563,.T.);
#15628 = ORIENTED_EDGE('',*,*,#15629,.T.);
#15629 = EDGE_CURVE('',#5538,#15630,#15632,.T.);
#15630 = VERTEX_POINT('',#15631);
#15631 = CARTESIAN_POINT('',(22.2,21.,3.));
#15632 = SURFACE_CURVE('',#15633,(#15637,#15644),.PCURVE_S1.);
#15633 = LINE('',#15634,#15635);
#15634 = CARTESIAN_POINT('',(22.2,18.,6.));
#15635 = VECTOR('',#15636,1.);
#15636 = DIRECTION('',(0.,0.707106781187,-0.707106781187));
#15637 = PCURVE('',#5578,#15638);
#15638 = DEFINITIONAL_REPRESENTATION('',(#15639),#15643);
#15639 = LINE('',#15640,#15641);
#15640 = CARTESIAN_POINT('',(-1.5,3.5));
#15641 = VECTOR('',#15642,1.);
#15642 = DIRECTION('',(-0.707106781187,-0.707106781187));
#15643 = ( GEOMETRIC_REPRESENTATION_CONTEXT(2) 
PARAMETRIC_REPRESENTATION_CONTEXT() REPRESENTATION_CONTEXT('2D SPACE',''
  ) );
#15644 = PCURVE('',#5552,#15645);
#15645 = DEFINITIONAL_REPRESENTATION('',(#15646),#15650);
#15646 = LINE('',#15647,#15648);
#15647 = CARTESIAN_POINT('',(0.,-3.2));
#15648 = VECTOR('',#15649,1.);
#15649 = DIRECTION('',(1.,0.));
#15650 = ( GEOMETRIC_REPRESENTATION_CONTEXT(2) 
PARAMETRIC_REPRESENTATION_CONTEXT() REPRESENTATION_CONTEXT('2D SPACE',''
  ) );
#15651 = ORIENTED_EDGE('',*,*,#15652,.T.);
#15652 = EDGE_CURVE('',#15630,#15653,#15655,.T.);
#15653 = VERTEX_POINT('',#15654);
#15654 = CARTESIAN_POINT('',(22.2,22.,3.));
#15655 = SURFACE_CURVE('',#15656,(#15660,#15667),.PCURVE_S1.);
#15656 = LINE('',#15657,#15658);
#15657 = CARTESIAN_POINT('',(22.2,21.,3.));
#15658 = VECTOR('',#15659,1.);
#15659 = DIRECTION('',(0.,1.,0.));
#15660 = PCURVE('',#5578,#15661);
#15661 = DEFINITIONAL_REPRESENTATION('',(#15662),#15666);
#15662 = LINE('',#15663,#15664);
#15663 = CARTESIAN_POINT('',(-4.5,0.5));
#15664 = VECTOR('',#15665,1.);
#15665 = DIRECTION('',(0.,-1.));
#15666 = ( GEOMETRIC_REPRESENTATION_CONTEXT(2) 
PARAMETRIC_REPRESENTATION_CONTEXT() REPRESENTATION_CONTEXT('2D SPACE',''
  ) );
#15667 = PCURVE('',#15668,#15673);
#15668 = PLANE('',#15669);
#15669 = AXIS2_PLACEMENT_3D('',#15670,#15671,#15672);
#15670 = CARTESIAN_POINT('',(19.,21.,3.));
#15671 = DIRECTION('',(0.,0.,1.));
#15672 = DIRECTION('',(0.,1.,0.));
#15673 = DEFINITIONAL_REPRESENTATION('',(#15674),#15678);
#15674 = LINE('',#15675,#15676);
#15675 = CARTESIAN_POINT('',(0.,-3.2));
#15676 = VECTOR('',#15677,1.);
#15677 = DIRECTION('',(1.,0.));
#15678 = ( GEOMETRIC_REPRESENTATION_CONTEXT(2) 
PARAMETRIC_REPRESENTATION_CONTEXT() REPRESENTATION_CONTEXT('2D SPACE',''
  ) );
#15679 = ORIENTED_EDGE('',*,*,#15680,.T.);
#15680 = EDGE_CURVE('',#15653,#6151,#15681,.T.);
#15681 = SURFACE_CURVE('',#15682,(#15686,#15693),.PCURVE_S1.);
#15682 = LINE('',#15683,#15684);
#15683 = CARTESIAN_POINT('',(22.2,22.,3.));
#15684 = VECTOR('',#15685,1.);
#15685 = DIRECTION('',(0.,0.707106781187,0.707106781187));
#15686 = PCURVE('',#5578,#15687);
#15687 = DEFINITIONAL_REPRESENTATION('',(#15688),#15692);
#15688 = LINE('',#15689,#15690);
#15689 = CARTESIAN_POINT('',(-4.5,-0.5));
#15690 = VECTOR('',#15691,1.);
#15691 = DIRECTION('',(0.707106781187,-0.707106781187));
#15692 = ( GEOMETRIC_REPRESENTATION_CONTEXT(2) 
PARAMETRIC_REPRESENTATION_CONTEXT() REPRESENTATION_CONTEXT('2D SPACE',''
  ) );
#15693 = PCURVE('',#6165,#15694);
#15694 = DEFINITIONAL_REPRESENTATION('',(#15695),#15699);
#15695 = LINE('',#15696,#15697);
#15696 = CARTESIAN_POINT('',(0.,-3.2));
#15697 = VECTOR('',#15698,1.);
#15698 = DIRECTION('',(1.,0.));
#15699 = ( GEOMETRIC_REPRESENTATION_CONTEXT(2) 
PARAMETRIC_REPRESENTATION_CONTEXT() REPRESENTATION_CONTEXT('2D SPACE',''
  ) );
#15700 = ORIENTED_EDGE('',*,*,#6176,.F.);
#15701 = ORIENTED_EDGE('',*,*,#15702,.T.);
#15702 = EDGE_CURVE('',#6177,#15703,#15705,.T.);
#15703 = VERTEX_POINT('',#15704);
#15704 = CARTESIAN_POINT('',(22.2,23.279069767442,10.720930232558));
#15705 = SURFACE_CURVE('',#15706,(#15710,#15716),.PCURVE_S1.);
#15706 = LINE('',#15707,#15708);
#15707 = CARTESIAN_POINT('',(22.2,21.809095801938,9.030460172228));
#15708 = VECTOR('',#15709,1.);
#15709 = DIRECTION('',(-0.,0.656178714925,0.754605522164));
#15710 = PCURVE('',#5578,#15711);
#15711 = DEFINITIONAL_REPRESENTATION('',(#15712),#15715);
#15712 = B_SPLINE_CURVE_WITH_KNOTS('',1,(#15713,#15714),.UNSPECIFIED.,
  .F.,.F.,(2,2),(1.357715783519,3.93522143763),
  .PIECEWISE_BEZIER_KNOTS.);
#15713 = CARTESIAN_POINT('',(2.555,-1.2));
#15714 = CARTESIAN_POINT('',(4.5,-2.891304347826));
#15715 = ( GEOMETRIC_REPRESENTATION_CONTEXT(2) 
PARAMETRIC_REPRESENTATION_CONTEXT() REPRESENTATION_CONTEXT('2D SPACE',''
  ) );
#15716 = PCURVE('',#5937,#15717);
#15717 = DEFINITIONAL_REPRESENTATION('',(#15718),#15721);
#15718 = B_SPLINE_CURVE_WITH_KNOTS('',1,(#15719,#15720),.UNSPECIFIED.,
  .F.,.F.,(2,2),(1.357715783519,3.93522143763),
  .PIECEWISE_BEZIER_KNOTS.);
#15719 = CARTESIAN_POINT('',(0.,-22.2));
#15720 = CARTESIAN_POINT('',(2.577505654111,-22.2));
#15721 = ( GEOMETRIC_REPRESENTATION_CONTEXT(2) 
PARAMETRIC_REPRESENTATION_CONTEXT() REPRESENTATION_CONTEXT('2D SPACE',''
  ) );
#15722 = ORIENTED_EDGE('',*,*,#15723,.T.);
#15723 = EDGE_CURVE('',#15703,#15724,#15726,.T.);
#15724 = VERTEX_POINT('',#15725);
#15725 = CARTESIAN_POINT('',(22.2,22.,12.));
#15726 = SURFACE_CURVE('',#15727,(#15731,#15738),.PCURVE_S1.);
#15727 = LINE('',#15728,#15729);
#15728 = CARTESIAN_POINT('',(22.2,25.,9.));
#15729 = VECTOR('',#15730,1.);
#15730 = DIRECTION('',(0.,-0.707106781187,0.707106781187));
#15731 = PCURVE('',#5578,#15732);
#15732 = DEFINITIONAL_REPRESENTATION('',(#15733),#15737);
#15733 = LINE('',#15734,#15735);
#15734 = CARTESIAN_POINT('',(1.5,-3.5));
#15735 = VECTOR('',#15736,1.);
#15736 = DIRECTION('',(0.707106781187,0.707106781187));
#15737 = ( GEOMETRIC_REPRESENTATION_CONTEXT(2) 
PARAMETRIC_REPRESENTATION_CONTEXT() REPRESENTATION_CONTEXT('2D SPACE',''
  ) );
#15738 = PCURVE('',#15739,#15744);
#15739 = PLANE('',#15740);
#15740 = AXIS2_PLACEMENT_3D('',#15741,#15742,#15743);
#15741 = CARTESIAN_POINT('',(19.,25.,9.));
#15742 = DIRECTION('',(0.,-0.707106781187,-0.707106781187));
#15743 = DIRECTION('',(0.,-0.707106781187,0.707106781187));
#15744 = DEFINITIONAL_REPRESENTATION('',(#15745),#15749);
#15745 = LINE('',#15746,#15747);
#15746 = CARTESIAN_POINT('',(0.,-3.2));
#15747 = VECTOR('',#15748,1.);
#15748 = DIRECTION('',(1.,0.));
#15749 = ( GEOMETRIC_REPRESENTATION_CONTEXT(2) 
PARAMETRIC_REPRESENTATION_CONTEXT() REPRESENTATION_CONTEXT('2D SPACE',''
  ) );
#15750 = ORIENTED_EDGE('',*,*,#15751,.T.);
#15751 = EDGE_CURVE('',#15724,#15752,#15754,.T.);
#15752 = VERTEX_POINT('',#15753);
#15753 = CARTESIAN_POINT('',(22.2,21.,12.));
#15754 = SURFACE_CURVE('',#15755,(#15759,#15766),.PCURVE_S1.);
#15755 = LINE('',#15756,#15757);
#15756 = CARTESIAN_POINT('',(22.2,22.,12.));
#15757 = VECTOR('',#15758,1.);
#15758 = DIRECTION('',(0.,-1.,0.));
#15759 = PCURVE('',#5578,#15760);
#15760 = DEFINITIONAL_REPRESENTATION('',(#15761),#15765);
#15761 = LINE('',#15762,#15763);
#15762 = CARTESIAN_POINT('',(4.5,-0.5));
#15763 = VECTOR('',#15764,1.);
#15764 = DIRECTION('',(0.,1.));
#15765 = ( GEOMETRIC_REPRESENTATION_CONTEXT(2) 
PARAMETRIC_REPRESENTATION_CONTEXT() REPRESENTATION_CONTEXT('2D SPACE',''
  ) );
#15766 = PCURVE('',#15767,#15772);
#15767 = PLANE('',#15768);
#15768 = AXIS2_PLACEMENT_3D('',#15769,#15770,#15771);
#15769 = CARTESIAN_POINT('',(19.,22.,12.));
#15770 = DIRECTION('',(0.,0.,-1.));
#15771 = DIRECTION('',(0.,-1.,0.));
#15772 = DEFINITIONAL_REPRESENTATION('',(#15773),#15777);
#15773 = LINE('',#15774,#15775);
#15774 = CARTESIAN_POINT('',(0.,-3.2));
#15775 = VECTOR('',#15776,1.);
#15776 = DIRECTION('',(1.,0.));
#15777 = ( GEOMETRIC_REPRESENTATION_CONTEXT(2) 
PARAMETRIC_REPRESENTATION_CONTEXT() REPRESENTATION_CONTEXT('2D SPACE',''
  ) );
#15778 = ORIENTED_EDGE('',*,*,#15779,.T.);
#15779 = EDGE_CURVE('',#15752,#15558,#15780,.T.);
#15780 = SURFACE_CURVE('',#15781,(#15785,#15792),.PCURVE_S1.);
#15781 = LINE('',#15782,#15783);
#15782 = CARTESIAN_POINT('',(22.2,21.,12.));
#15783 = VECTOR('',#15784,1.);
#15784 = DIRECTION('',(0.,-0.707106781187,-0.707106781187));
#15785 = PCURVE('',#5578,#15786);
#15786 = DEFINITIONAL_REPRESENTATION('',(#15787),#15791);
#15787 = LINE('',#15788,#15789);
#15788 = CARTESIAN_POINT('',(4.5,0.5));
#15789 = VECTOR('',#15790,1.);
#15790 = DIRECTION('',(-0.707106781187,0.707106781187));
#15791 = ( GEOMETRIC_REPRESENTATION_CONTEXT(2) 
PARAMETRIC_REPRESENTATION_CONTEXT() REPRESENTATION_CONTEXT('2D SPACE',''
  ) );
#15792 = PCURVE('',#15593,#15793);
#15793 = DEFINITIONAL_REPRESENTATION('',(#15794),#15798);
#15794 = LINE('',#15795,#15796);
#15795 = CARTESIAN_POINT('',(0.,-3.2));
#15796 = VECTOR('',#15797,1.);
#15797 = DIRECTION('',(1.,0.));
#15798 = ( GEOMETRIC_REPRESENTATION_CONTEXT(2) 
PARAMETRIC_REPRESENTATION_CONTEXT() REPRESENTATION_CONTEXT('2D SPACE',''
  ) );
#15799 = ORIENTED_EDGE('',*,*,#15557,.T.);
#15800 = ADVANCED_FACE('',(#15801),#5552,.T.);
#15801 = FACE_BOUND('',#15802,.T.);
#15802 = EDGE_LOOP('',(#15803,#15804,#15805,#15828));
#15803 = ORIENTED_EDGE('',*,*,#5537,.T.);
#15804 = ORIENTED_EDGE('',*,*,#15629,.T.);
#15805 = ORIENTED_EDGE('',*,*,#15806,.F.);
#15806 = EDGE_CURVE('',#15807,#15630,#15809,.T.);
#15807 = VERTEX_POINT('',#15808);
#15808 = CARTESIAN_POINT('',(15.8,21.,3.));
#15809 = SURFACE_CURVE('',#15810,(#15814,#15821),.PCURVE_S1.);
#15810 = LINE('',#15811,#15812);
#15811 = CARTESIAN_POINT('',(15.8,21.,3.));
#15812 = VECTOR('',#15813,1.);
#15813 = DIRECTION('',(1.,0.,0.));
#15814 = PCURVE('',#5552,#15815);
#15815 = DEFINITIONAL_REPRESENTATION('',(#15816),#15820);
#15816 = LINE('',#15817,#15818);
#15817 = CARTESIAN_POINT('',(4.242640687119,3.2));
#15818 = VECTOR('',#15819,1.);
#15819 = DIRECTION('',(0.,-1.));
#15820 = ( GEOMETRIC_REPRESENTATION_CONTEXT(2) 
PARAMETRIC_REPRESENTATION_CONTEXT() REPRESENTATION_CONTEXT('2D SPACE',''
  ) );
#15821 = PCURVE('',#15668,#15822);
#15822 = DEFINITIONAL_REPRESENTATION('',(#15823),#15827);
#15823 = LINE('',#15824,#15825);
#15824 = CARTESIAN_POINT('',(0.,3.2));
#15825 = VECTOR('',#15826,1.);
#15826 = DIRECTION('',(0.,-1.));
#15827 = ( GEOMETRIC_REPRESENTATION_CONTEXT(2) 
PARAMETRIC_REPRESENTATION_CONTEXT() REPRESENTATION_CONTEXT('2D SPACE',''
  ) );
#15828 = ORIENTED_EDGE('',*,*,#15829,.F.);
#15829 = EDGE_CURVE('',#5512,#15807,#15830,.T.);
#15830 = SURFACE_CURVE('',#15831,(#15835,#15842),.PCURVE_S1.);
#15831 = LINE('',#15832,#15833);
#15832 = CARTESIAN_POINT('',(15.8,18.,6.));
#15833 = VECTOR('',#15834,1.);
#15834 = DIRECTION('',(0.,0.707106781187,-0.707106781187));
#15835 = PCURVE('',#5552,#15836);
#15836 = DEFINITIONAL_REPRESENTATION('',(#15837),#15841);
#15837 = LINE('',#15838,#15839);
#15838 = CARTESIAN_POINT('',(0.,3.2));
#15839 = VECTOR('',#15840,1.);
#15840 = DIRECTION('',(1.,0.));
#15841 = ( GEOMETRIC_REPRESENTATION_CONTEXT(2) 
PARAMETRIC_REPRESENTATION_CONTEXT() REPRESENTATION_CONTEXT('2D SPACE',''
  ) );
#15842 = PCURVE('',#5526,#15843);
#15843 = DEFINITIONAL_REPRESENTATION('',(#15844),#15848);
#15844 = LINE('',#15845,#15846);
#15845 = CARTESIAN_POINT('',(-1.5,3.5));
#15846 = VECTOR('',#15847,1.);
#15847 = DIRECTION('',(-0.707106781187,-0.707106781187));
#15848 = ( GEOMETRIC_REPRESENTATION_CONTEXT(2) 
PARAMETRIC_REPRESENTATION_CONTEXT() REPRESENTATION_CONTEXT('2D SPACE',''
  ) );
#15849 = ADVANCED_FACE('',(#15850),#5526,.T.);
#15850 = FACE_BOUND('',#15851,.T.);
#15851 = EDGE_LOOP('',(#15852,#15853,#15854,#15877,#15898,#15899,#15920,
    #15943,#15966,#15987));
#15852 = ORIENTED_EDGE('',*,*,#5511,.T.);
#15853 = ORIENTED_EDGE('',*,*,#15829,.T.);
#15854 = ORIENTED_EDGE('',*,*,#15855,.T.);
#15855 = EDGE_CURVE('',#15807,#15856,#15858,.T.);
#15856 = VERTEX_POINT('',#15857);
#15857 = CARTESIAN_POINT('',(15.8,22.,3.));
#15858 = SURFACE_CURVE('',#15859,(#15863,#15870),.PCURVE_S1.);
#15859 = LINE('',#15860,#15861);
#15860 = CARTESIAN_POINT('',(15.8,21.,3.));
#15861 = VECTOR('',#15862,1.);
#15862 = DIRECTION('',(0.,1.,0.));
#15863 = PCURVE('',#5526,#15864);
#15864 = DEFINITIONAL_REPRESENTATION('',(#15865),#15869);
#15865 = LINE('',#15866,#15867);
#15866 = CARTESIAN_POINT('',(-4.5,0.5));
#15867 = VECTOR('',#15868,1.);
#15868 = DIRECTION('',(0.,-1.));
#15869 = ( GEOMETRIC_REPRESENTATION_CONTEXT(2) 
PARAMETRIC_REPRESENTATION_CONTEXT() REPRESENTATION_CONTEXT('2D SPACE',''
  ) );
#15870 = PCURVE('',#15668,#15871);
#15871 = DEFINITIONAL_REPRESENTATION('',(#15872),#15876);
#15872 = LINE('',#15873,#15874);
#15873 = CARTESIAN_POINT('',(0.,3.2));
#15874 = VECTOR('',#15875,1.);
#15875 = DIRECTION('',(1.,0.));
#15876 = ( GEOMETRIC_REPRESENTATION_CONTEXT(2) 
PARAMETRIC_REPRESENTATION_CONTEXT() REPRESENTATION_CONTEXT('2D SPACE',''
  ) );
#15877 = ORIENTED_EDGE('',*,*,#15878,.T.);
#15878 = EDGE_CURVE('',#15856,#6130,#15879,.T.);
#15879 = SURFACE_CURVE('',#15880,(#15884,#15891),.PCURVE_S1.);
#15880 = LINE('',#15881,#15882);
#15881 = CARTESIAN_POINT('',(15.8,22.,3.));
#15882 = VECTOR('',#15883,1.);
#15883 = DIRECTION('',(0.,0.707106781187,0.707106781187));
#15884 = PCURVE('',#5526,#15885);
#15885 = DEFINITIONAL_REPRESENTATION('',(#15886),#15890);
#15886 = LINE('',#15887,#15888);
#15887 = CARTESIAN_POINT('',(-4.5,-0.5));
#15888 = VECTOR('',#15889,1.);
#15889 = DIRECTION('',(0.707106781187,-0.707106781187));
#15890 = ( GEOMETRIC_REPRESENTATION_CONTEXT(2) 
PARAMETRIC_REPRESENTATION_CONTEXT() REPRESENTATION_CONTEXT('2D SPACE',''
  ) );
#15891 = PCURVE('',#6165,#15892);
#15892 = DEFINITIONAL_REPRESENTATION('',(#15893),#15897);
#15893 = LINE('',#15894,#15895);
#15894 = CARTESIAN_POINT('',(0.,3.2));
#15895 = VECTOR('',#15896,1.);
#15896 = DIRECTION('',(1.,0.));
#15897 = ( GEOMETRIC_REPRESENTATION_CONTEXT(2) 
PARAMETRIC_REPRESENTATION_CONTEXT() REPRESENTATION_CONTEXT('2D SPACE',''
  ) );
#15898 = ORIENTED_EDGE('',*,*,#6129,.F.);
#15899 = ORIENTED_EDGE('',*,*,#15900,.T.);
#15900 = EDGE_CURVE('',#6107,#15901,#15903,.T.);
#15901 = VERTEX_POINT('',#15902);
#15902 = CARTESIAN_POINT('',(15.8,23.279069767442,10.720930232558));
#15903 = SURFACE_CURVE('',#15904,(#15908,#15914),.PCURVE_S1.);
#15904 = LINE('',#15905,#15906);
#15905 = CARTESIAN_POINT('',(15.8,21.809095801938,9.030460172228));
#15906 = VECTOR('',#15907,1.);
#15907 = DIRECTION('',(-0.,0.656178714925,0.754605522164));
#15908 = PCURVE('',#5526,#15909);
#15909 = DEFINITIONAL_REPRESENTATION('',(#15910),#15913);
#15910 = B_SPLINE_CURVE_WITH_KNOTS('',1,(#15911,#15912),.UNSPECIFIED.,
  .F.,.F.,(2,2),(1.357715783519,3.93522143763),
  .PIECEWISE_BEZIER_KNOTS.);
#15911 = CARTESIAN_POINT('',(2.555,-1.2));
#15912 = CARTESIAN_POINT('',(4.5,-2.891304347826));
#15913 = ( GEOMETRIC_REPRESENTATION_CONTEXT(2) 
PARAMETRIC_REPRESENTATION_CONTEXT() REPRESENTATION_CONTEXT('2D SPACE',''
  ) );
#15914 = PCURVE('',#5937,#15915);
#15915 = DEFINITIONAL_REPRESENTATION('',(#15916),#15919);
#15916 = B_SPLINE_CURVE_WITH_KNOTS('',1,(#15917,#15918),.UNSPECIFIED.,
  .F.,.F.,(2,2),(1.357715783519,3.93522143763),
  .PIECEWISE_BEZIER_KNOTS.);
#15917 = CARTESIAN_POINT('',(0.,-15.8));
#15918 = CARTESIAN_POINT('',(2.577505654111,-15.8));
#15919 = ( GEOMETRIC_REPRESENTATION_CONTEXT(2) 
PARAMETRIC_REPRESENTATION_CONTEXT() REPRESENTATION_CONTEXT('2D SPACE',''
  ) );
#15920 = ORIENTED_EDGE('',*,*,#15921,.T.);
#15921 = EDGE_CURVE('',#15901,#15922,#15924,.T.);
#15922 = VERTEX_POINT('',#15923);
#15923 = CARTESIAN_POINT('',(15.8,22.,12.));
#15924 = SURFACE_CURVE('',#15925,(#15929,#15936),.PCURVE_S1.);
#15925 = LINE('',#15926,#15927);
#15926 = CARTESIAN_POINT('',(15.8,25.,9.));
#15927 = VECTOR('',#15928,1.);
#15928 = DIRECTION('',(0.,-0.707106781187,0.707106781187));
#15929 = PCURVE('',#5526,#15930);
#15930 = DEFINITIONAL_REPRESENTATION('',(#15931),#15935);
#15931 = LINE('',#15932,#15933);
#15932 = CARTESIAN_POINT('',(1.5,-3.5));
#15933 = VECTOR('',#15934,1.);
#15934 = DIRECTION('',(0.707106781187,0.707106781187));
#15935 = ( GEOMETRIC_REPRESENTATION_CONTEXT(2) 
PARAMETRIC_REPRESENTATION_CONTEXT() REPRESENTATION_CONTEXT('2D SPACE',''
  ) );
#15936 = PCURVE('',#15739,#15937);
#15937 = DEFINITIONAL_REPRESENTATION('',(#15938),#15942);
#15938 = LINE('',#15939,#15940);
#15939 = CARTESIAN_POINT('',(0.,3.2));
#15940 = VECTOR('',#15941,1.);
#15941 = DIRECTION('',(1.,0.));
#15942 = ( GEOMETRIC_REPRESENTATION_CONTEXT(2) 
PARAMETRIC_REPRESENTATION_CONTEXT() REPRESENTATION_CONTEXT('2D SPACE',''
  ) );
#15943 = ORIENTED_EDGE('',*,*,#15944,.T.);
#15944 = EDGE_CURVE('',#15922,#15945,#15947,.T.);
#15945 = VERTEX_POINT('',#15946);
#15946 = CARTESIAN_POINT('',(15.8,21.,12.));
#15947 = SURFACE_CURVE('',#15948,(#15952,#15959),.PCURVE_S1.);
#15948 = LINE('',#15949,#15950);
#15949 = CARTESIAN_POINT('',(15.8,22.,12.));
#15950 = VECTOR('',#15951,1.);
#15951 = DIRECTION('',(0.,-1.,0.));
#15952 = PCURVE('',#5526,#15953);
#15953 = DEFINITIONAL_REPRESENTATION('',(#15954),#15958);
#15954 = LINE('',#15955,#15956);
#15955 = CARTESIAN_POINT('',(4.5,-0.5));
#15956 = VECTOR('',#15957,1.);
#15957 = DIRECTION('',(0.,1.));
#15958 = ( GEOMETRIC_REPRESENTATION_CONTEXT(2) 
PARAMETRIC_REPRESENTATION_CONTEXT() REPRESENTATION_CONTEXT('2D SPACE',''
  ) );
#15959 = PCURVE('',#15767,#15960);
#15960 = DEFINITIONAL_REPRESENTATION('',(#15961),#15965);
#15961 = LINE('',#15962,#15963);
#15962 = CARTESIAN_POINT('',(0.,3.2));
#15963 = VECTOR('',#15964,1.);
#15964 = DIRECTION('',(1.,0.));
#15965 = ( GEOMETRIC_REPRESENTATION_CONTEXT(2) 
PARAMETRIC_REPRESENTATION_CONTEXT() REPRESENTATION_CONTEXT('2D SPACE',''
  ) );
#15966 = ORIENTED_EDGE('',*,*,#15967,.T.);
#15967 = EDGE_CURVE('',#15945,#15579,#15968,.T.);
#15968 = SURFACE_CURVE('',#15969,(#15973,#15980),.PCURVE_S1.);
#15969 = LINE('',#15970,#15971);
#15970 = CARTESIAN_POINT('',(15.8,21.,12.));
#15971 = VECTOR('',#15972,1.);
#15972 = DIRECTION('',(0.,-0.707106781187,-0.707106781187));
#15973 = PCURVE('',#5526,#15974);
#15974 = DEFINITIONAL_REPRESENTATION('',(#15975),#15979);
#15975 = LINE('',#15976,#15977);
#15976 = CARTESIAN_POINT('',(4.5,0.5));
#15977 = VECTOR('',#15978,1.);
#15978 = DIRECTION('',(-0.707106781187,0.707106781187));
#15979 = ( GEOMETRIC_REPRESENTATION_CONTEXT(2) 
PARAMETRIC_REPRESENTATION_CONTEXT() REPRESENTATION_CONTEXT('2D SPACE',''
  ) );
#15980 = PCURVE('',#15593,#15981);
#15981 = DEFINITIONAL_REPRESENTATION('',(#15982),#15986);
#15982 = LINE('',#15983,#15984);
#15983 = CARTESIAN_POINT('',(-0.,3.2));
#15984 = VECTOR('',#15985,1.);
#15985 = DIRECTION('',(1.,0.));
#15986 = ( GEOMETRIC_REPRESENTATION_CONTEXT(2) 
PARAMETRIC_REPRESENTATION_CONTEXT() REPRESENTATION_CONTEXT('2D SPACE',''
  ) );
#15987 = ORIENTED_EDGE('',*,*,#15604,.T.);
#15988 = ADVANCED_FACE('',(#15989),#5679,.F.);
#15989 = FACE_BOUND('',#15990,.F.);
#15990 = EDGE_LOOP('',(#15991,#16014,#16015,#16016,#16017,#16036,#16037,
    #16038));
#15991 = ORIENTED_EDGE('',*,*,#15992,.F.);
#15992 = EDGE_CURVE('',#5657,#15993,#15995,.T.);
#15993 = VERTEX_POINT('',#15994);
#15994 = CARTESIAN_POINT('',(19.,27.,15.));
#15995 = SURFACE_CURVE('',#15996,(#16000,#16007),.PCURVE_S1.);
#15996 = LINE('',#15997,#15998);
#15997 = CARTESIAN_POINT('',(19.,43.,15.));
#15998 = VECTOR('',#15999,1.);
#15999 = DIRECTION('',(-1.110223024625E-16,-1.,0.));
#16000 = PCURVE('',#5679,#16001);
#16001 = DEFINITIONAL_REPRESENTATION('',(#16002),#16006);
#16002 = LINE('',#16003,#16004);
#16003 = CARTESIAN_POINT('',(6.553092781275,43.));
#16004 = VECTOR('',#16005,1.);
#16005 = DIRECTION('',(-7.285047175784E-17,-1.));
#16006 = ( GEOMETRIC_REPRESENTATION_CONTEXT(2) 
PARAMETRIC_REPRESENTATION_CONTEXT() REPRESENTATION_CONTEXT('2D SPACE',''
  ) );
#16007 = PCURVE('',#5706,#16008);
#16008 = DEFINITIONAL_REPRESENTATION('',(#16009),#16013);
#16009 = LINE('',#16010,#16011);
#16010 = CARTESIAN_POINT('',(0.,0.));
#16011 = VECTOR('',#16012,1.);
#16012 = DIRECTION('',(1.,0.));
#16013 = ( GEOMETRIC_REPRESENTATION_CONTEXT(2) 
PARAMETRIC_REPRESENTATION_CONTEXT() REPRESENTATION_CONTEXT('2D SPACE',''
  ) );
#16014 = ORIENTED_EDGE('',*,*,#5656,.F.);
#16015 = ORIENTED_EDGE('',*,*,#5972,.T.);
#16016 = ORIENTED_EDGE('',*,*,#15442,.T.);
#16017 = ORIENTED_EDGE('',*,*,#16018,.T.);
#16018 = EDGE_CURVE('',#15443,#15311,#16019,.T.);
#16019 = SURFACE_CURVE('',#16020,(#16024,#16030),.PCURVE_S1.);
#16020 = LINE('',#16021,#16022);
#16021 = CARTESIAN_POINT('',(15.976744186047,15.25,11.523255813953));
#16022 = VECTOR('',#16023,1.);
#16023 = DIRECTION('',(0.,-1.,0.));
#16024 = PCURVE('',#5679,#16025);
#16025 = DEFINITIONAL_REPRESENTATION('',(#16026),#16029);
#16026 = B_SPLINE_CURVE_WITH_KNOTS('',1,(#16027,#16028),.UNSPECIFIED.,
  .F.,.F.,(2,2),(-18.45,-12.05),.PIECEWISE_BEZIER_KNOTS.);
#16027 = CARTESIAN_POINT('',(1.945726304446,33.7));
#16028 = CARTESIAN_POINT('',(1.945726304446,27.3));
#16029 = ( GEOMETRIC_REPRESENTATION_CONTEXT(2) 
PARAMETRIC_REPRESENTATION_CONTEXT() REPRESENTATION_CONTEXT('2D SPACE',''
  ) );
#16030 = PCURVE('',#15347,#16031);
#16031 = DEFINITIONAL_REPRESENTATION('',(#16032),#16035);
#16032 = B_SPLINE_CURVE_WITH_KNOTS('',1,(#16033,#16034),.UNSPECIFIED.,
  .F.,.F.,(2,2),(-18.45,-12.05),.PIECEWISE_BEZIER_KNOTS.);
#16033 = CARTESIAN_POINT('',(4.982636155803,3.2));
#16034 = CARTESIAN_POINT('',(4.982636155803,-3.2));
#16035 = ( GEOMETRIC_REPRESENTATION_CONTEXT(2) 
PARAMETRIC_REPRESENTATION_CONTEXT() REPRESENTATION_CONTEXT('2D SPACE',''
  ) );
#16036 = ORIENTED_EDGE('',*,*,#15310,.F.);
#16037 = ORIENTED_EDGE('',*,*,#6058,.T.);
#16038 = ORIENTED_EDGE('',*,*,#16039,.T.);
#16039 = EDGE_CURVE('',#6059,#15993,#16040,.T.);
#16040 = SURFACE_CURVE('',#16041,(#16045,#16051),.PCURVE_S1.);
#16041 = LINE('',#16042,#16043);
#16042 = CARTESIAN_POINT('',(9.071708051166,17.071708051166,
    3.582464258841));
#16043 = VECTOR('',#16044,1.);
#16044 = DIRECTION('',(0.548614782048,0.548614782048,0.630906999356));
#16045 = PCURVE('',#5679,#16046);
#16046 = DEFINITIONAL_REPRESENTATION('',(#16047),#16050);
#16047 = B_SPLINE_CURVE_WITH_KNOTS('',1,(#16048,#16049),.UNSPECIFIED.,
  .F.,.F.,(2,2),(10.259096424305,18.097018661735),
  .PIECEWISE_BEZIER_KNOTS.);
#16048 = CARTESIAN_POINT('',(0.,22.7));
#16049 = CARTESIAN_POINT('',(6.553092781275,27.));
#16050 = ( GEOMETRIC_REPRESENTATION_CONTEXT(2) 
PARAMETRIC_REPRESENTATION_CONTEXT() REPRESENTATION_CONTEXT('2D SPACE',''
  ) );
#16051 = PCURVE('',#5937,#16052);
#16052 = DEFINITIONAL_REPRESENTATION('',(#16053),#16056);
#16053 = B_SPLINE_CURVE_WITH_KNOTS('',1,(#16054,#16055),.UNSPECIFIED.,
  .F.,.F.,(2,2),(10.259096424305,18.097018661735),
  .PIECEWISE_BEZIER_KNOTS.);
#16054 = CARTESIAN_POINT('',(0.,-14.7));
#16055 = CARTESIAN_POINT('',(6.553092781275,-19.));
#16056 = ( GEOMETRIC_REPRESENTATION_CONTEXT(2) 
PARAMETRIC_REPRESENTATION_CONTEXT() REPRESENTATION_CONTEXT('2D SPACE',''
  ) );
#16057 = ADVANCED_FACE('',(#16058),#5706,.T.);
#16058 = FACE_BOUND('',#16059,.T.);
#16059 = EDGE_LOOP('',(#16060,#16061,#16062,#16063));
#16060 = ORIENTED_EDGE('',*,*,#15992,.F.);
#16061 = ORIENTED_EDGE('',*,*,#5691,.T.);
#16062 = ORIENTED_EDGE('',*,*,#8331,.T.);
#16063 = ORIENTED_EDGE('',*,*,#16064,.F.);
#16064 = EDGE_CURVE('',#15993,#8332,#16065,.T.);
#16065 = SURFACE_CURVE('',#16066,(#16070,#16076),.PCURVE_S1.);
#16066 = LINE('',#16067,#16068);
#16067 = CARTESIAN_POINT('',(19.,27.,15.));
#16068 = VECTOR('',#16069,1.);
#16069 = DIRECTION('',(-0.,0.,1.));
#16070 = PCURVE('',#5706,#16071);
#16071 = DEFINITIONAL_REPRESENTATION('',(#16072),#16075);
#16072 = B_SPLINE_CURVE_WITH_KNOTS('',1,(#16073,#16074),.UNSPECIFIED.,
  .F.,.F.,(2,2),(0.,3.),.PIECEWISE_BEZIER_KNOTS.);
#16073 = CARTESIAN_POINT('',(16.,0.));
#16074 = CARTESIAN_POINT('',(16.,-3.));
#16075 = ( GEOMETRIC_REPRESENTATION_CONTEXT(2) 
PARAMETRIC_REPRESENTATION_CONTEXT() REPRESENTATION_CONTEXT('2D SPACE',''
  ) );
#16076 = PCURVE('',#5902,#16077);
#16077 = DEFINITIONAL_REPRESENTATION('',(#16078),#16081);
#16078 = B_SPLINE_CURVE_WITH_KNOTS('',1,(#16079,#16080),.UNSPECIFIED.,
  .F.,.F.,(2,2),(0.,3.),.PIECEWISE_BEZIER_KNOTS.);
#16079 = CARTESIAN_POINT('',(48.,0.));
#16080 = CARTESIAN_POINT('',(48.,-3.));
#16081 = ( GEOMETRIC_REPRESENTATION_CONTEXT(2) 
PARAMETRIC_REPRESENTATION_CONTEXT() REPRESENTATION_CONTEXT('2D SPACE',''
  ) );
#16082 = ADVANCED_FACE('',(#16083),#5756,.T.);
#16083 = FACE_BOUND('',#16084,.T.);
#16084 = EDGE_LOOP('',(#16085,#16104,#16105,#16106));
#16085 = ORIENTED_EDGE('',*,*,#16086,.F.);
#16086 = EDGE_CURVE('',#8282,#13529,#16087,.T.);
#16087 = SURFACE_CURVE('',#16088,(#16092,#16098),.PCURVE_S1.);
#16088 = LINE('',#16089,#16090);
#16089 = CARTESIAN_POINT('',(8.,27.,15.));
#16090 = VECTOR('',#16091,1.);
#16091 = DIRECTION('',(0.,0.,-1.));
#16092 = PCURVE('',#5756,#16093);
#16093 = DEFINITIONAL_REPRESENTATION('',(#16094),#16097);
#16094 = B_SPLINE_CURVE_WITH_KNOTS('',1,(#16095,#16096),.UNSPECIFIED.,
  .F.,.F.,(2,2),(-3.,0.),.PIECEWISE_BEZIER_KNOTS.);
#16095 = CARTESIAN_POINT('',(70.,-3.));
#16096 = CARTESIAN_POINT('',(70.,0.));
#16097 = ( GEOMETRIC_REPRESENTATION_CONTEXT(2) 
PARAMETRIC_REPRESENTATION_CONTEXT() REPRESENTATION_CONTEXT('2D SPACE',''
  ) );
#16098 = PCURVE('',#8297,#16099);
#16099 = DEFINITIONAL_REPRESENTATION('',(#16100),#16103);
#16100 = B_SPLINE_CURVE_WITH_KNOTS('',1,(#16101,#16102),.UNSPECIFIED.,
  .F.,.F.,(2,2),(-3.,0.),.PIECEWISE_BEZIER_KNOTS.);
#16101 = CARTESIAN_POINT('',(37.,-3.));
#16102 = CARTESIAN_POINT('',(37.,0.));
#16103 = ( GEOMETRIC_REPRESENTATION_CONTEXT(2) 
PARAMETRIC_REPRESENTATION_CONTEXT() REPRESENTATION_CONTEXT('2D SPACE',''
  ) );
#16104 = ORIENTED_EDGE('',*,*,#8309,.T.);
#16105 = ORIENTED_EDGE('',*,*,#5741,.F.);
#16106 = ORIENTED_EDGE('',*,*,#15193,.F.);
#16107 = ADVANCED_FACE('',(#16108),#5847,.T.);
#16108 = FACE_BOUND('',#16109,.T.);
#16109 = EDGE_LOOP('',(#16110,#16111,#16112,#16113));
#16110 = ORIENTED_EDGE('',*,*,#15534,.F.);
#16111 = ORIENTED_EDGE('',*,*,#5832,.T.);
#16112 = ORIENTED_EDGE('',*,*,#8376,.T.);
#16113 = ORIENTED_EDGE('',*,*,#16114,.T.);
#16114 = EDGE_CURVE('',#8377,#13821,#16115,.T.);
#16115 = SURFACE_CURVE('',#16116,(#16120,#16126),.PCURVE_S1.);
#16116 = LINE('',#16117,#16118);
#16117 = CARTESIAN_POINT('',(19.,16.,15.));
#16118 = VECTOR('',#16119,1.);
#16119 = DIRECTION('',(0.,0.,-1.));
#16120 = PCURVE('',#5847,#16121);
#16121 = DEFINITIONAL_REPRESENTATION('',(#16122),#16125);
#16122 = B_SPLINE_CURVE_WITH_KNOTS('',1,(#16123,#16124),.UNSPECIFIED.,
  .F.,.F.,(2,2),(-3.,0.),.PIECEWISE_BEZIER_KNOTS.);
#16123 = CARTESIAN_POINT('',(10.,-3.));
#16124 = CARTESIAN_POINT('',(10.,0.));
#16125 = ( GEOMETRIC_REPRESENTATION_CONTEXT(2) 
PARAMETRIC_REPRESENTATION_CONTEXT() REPRESENTATION_CONTEXT('2D SPACE',''
  ) );
#16126 = PCURVE('',#8415,#16127);
#16127 = DEFINITIONAL_REPRESENTATION('',(#16128),#16131);
#16128 = B_SPLINE_CURVE_WITH_KNOTS('',1,(#16129,#16130),.UNSPECIFIED.,
  .F.,.F.,(2,2),(-3.,0.),.PIECEWISE_BEZIER_KNOTS.);
#16129 = CARTESIAN_POINT('',(27.,-3.));
#16130 = CARTESIAN_POINT('',(27.,0.));
#16131 = ( GEOMETRIC_REPRESENTATION_CONTEXT(2) 
PARAMETRIC_REPRESENTATION_CONTEXT() REPRESENTATION_CONTEXT('2D SPACE',''
  ) );
#16132 = ADVANCED_FACE('',(#16133),#5902,.T.);
#16133 = FACE_BOUND('',#16134,.T.);
#16134 = EDGE_LOOP('',(#16135,#16136,#16137,#16138));
#16135 = ORIENTED_EDGE('',*,*,#16064,.T.);
#16136 = ORIENTED_EDGE('',*,*,#8354,.T.);
#16137 = ORIENTED_EDGE('',*,*,#5887,.F.);
#16138 = ORIENTED_EDGE('',*,*,#16139,.F.);
#16139 = EDGE_CURVE('',#15993,#5888,#16140,.T.);
#16140 = SURFACE_CURVE('',#16141,(#16145,#16152),.PCURVE_S1.);
#16141 = LINE('',#16142,#16143);
#16142 = CARTESIAN_POINT('',(-29.,27.,15.));
#16143 = VECTOR('',#16144,1.);
#16144 = DIRECTION('',(1.,0.,0.));
#16145 = PCURVE('',#5902,#16146);
#16146 = DEFINITIONAL_REPRESENTATION('',(#16147),#16151);
#16147 = LINE('',#16148,#16149);
#16148 = CARTESIAN_POINT('',(0.,0.));
#16149 = VECTOR('',#16150,1.);
#16150 = DIRECTION('',(1.,0.));
#16151 = ( GEOMETRIC_REPRESENTATION_CONTEXT(2) 
PARAMETRIC_REPRESENTATION_CONTEXT() REPRESENTATION_CONTEXT('2D SPACE',''
  ) );
#16152 = PCURVE('',#5937,#16153);
#16153 = DEFINITIONAL_REPRESENTATION('',(#16154),#16158);
#16154 = LINE('',#16155,#16156);
#16155 = CARTESIAN_POINT('',(6.553092781275,29.));
#16156 = VECTOR('',#16157,1.);
#16157 = DIRECTION('',(0.,-1.));
#16158 = ( GEOMETRIC_REPRESENTATION_CONTEXT(2) 
PARAMETRIC_REPRESENTATION_CONTEXT() REPRESENTATION_CONTEXT('2D SPACE',''
  ) );
#16159 = ADVANCED_FACE('',(#16160),#5937,.F.);
#16160 = FACE_BOUND('',#16161,.F.);
#16161 = EDGE_LOOP('',(#16162,#16163,#16164,#16165,#16184,#16185,#16186,
    #16187));
#16162 = ORIENTED_EDGE('',*,*,#16039,.F.);
#16163 = ORIENTED_EDGE('',*,*,#6106,.T.);
#16164 = ORIENTED_EDGE('',*,*,#15900,.T.);
#16165 = ORIENTED_EDGE('',*,*,#16166,.T.);
#16166 = EDGE_CURVE('',#15901,#15703,#16167,.T.);
#16167 = SURFACE_CURVE('',#16168,(#16172,#16178),.PCURVE_S1.);
#16168 = LINE('',#16169,#16170);
#16169 = CARTESIAN_POINT('',(9.5,23.279069767442,10.720930232558));
#16170 = VECTOR('',#16171,1.);
#16171 = DIRECTION('',(1.,0.,0.));
#16172 = PCURVE('',#5937,#16173);
#16173 = DEFINITIONAL_REPRESENTATION('',(#16174),#16177);
#16174 = B_SPLINE_CURVE_WITH_KNOTS('',1,(#16175,#16176),.UNSPECIFIED.,
  .F.,.F.,(2,2),(6.3,12.7),.PIECEWISE_BEZIER_KNOTS.);
#16175 = CARTESIAN_POINT('',(0.882487886716,-15.8));
#16176 = CARTESIAN_POINT('',(0.882487886716,-22.2));
#16177 = ( GEOMETRIC_REPRESENTATION_CONTEXT(2) 
PARAMETRIC_REPRESENTATION_CONTEXT() REPRESENTATION_CONTEXT('2D SPACE',''
  ) );
#16178 = PCURVE('',#15739,#16179);
#16179 = DEFINITIONAL_REPRESENTATION('',(#16180),#16183);
#16180 = B_SPLINE_CURVE_WITH_KNOTS('',1,(#16181,#16182),.UNSPECIFIED.,
  .F.,.F.,(2,2),(6.3,12.7),.PIECEWISE_BEZIER_KNOTS.);
#16181 = CARTESIAN_POINT('',(2.433762874782,3.2));
#16182 = CARTESIAN_POINT('',(2.433762874782,-3.2));
#16183 = ( GEOMETRIC_REPRESENTATION_CONTEXT(2) 
PARAMETRIC_REPRESENTATION_CONTEXT() REPRESENTATION_CONTEXT('2D SPACE',''
  ) );
#16184 = ORIENTED_EDGE('',*,*,#15702,.F.);
#16185 = ORIENTED_EDGE('',*,*,#6197,.T.);
#16186 = ORIENTED_EDGE('',*,*,#5914,.F.);
#16187 = ORIENTED_EDGE('',*,*,#16139,.F.);
#16188 = ADVANCED_FACE('',(#16189),#6165,.T.);
#16189 = FACE_BOUND('',#16190,.T.);
#16190 = EDGE_LOOP('',(#16191,#16212,#16213,#16214));
#16191 = ORIENTED_EDGE('',*,*,#16192,.T.);
#16192 = EDGE_CURVE('',#15856,#15653,#16193,.T.);
#16193 = SURFACE_CURVE('',#16194,(#16198,#16205),.PCURVE_S1.);
#16194 = LINE('',#16195,#16196);
#16195 = CARTESIAN_POINT('',(15.8,22.,3.));
#16196 = VECTOR('',#16197,1.);
#16197 = DIRECTION('',(1.,0.,0.));
#16198 = PCURVE('',#6165,#16199);
#16199 = DEFINITIONAL_REPRESENTATION('',(#16200),#16204);
#16200 = LINE('',#16201,#16202);
#16201 = CARTESIAN_POINT('',(0.,3.2));
#16202 = VECTOR('',#16203,1.);
#16203 = DIRECTION('',(0.,-1.));
#16204 = ( GEOMETRIC_REPRESENTATION_CONTEXT(2) 
PARAMETRIC_REPRESENTATION_CONTEXT() REPRESENTATION_CONTEXT('2D SPACE',''
  ) );
#16205 = PCURVE('',#15668,#16206);
#16206 = DEFINITIONAL_REPRESENTATION('',(#16207),#16211);
#16207 = LINE('',#16208,#16209);
#16208 = CARTESIAN_POINT('',(1.,3.2));
#16209 = VECTOR('',#16210,1.);
#16210 = DIRECTION('',(0.,-1.));
#16211 = ( GEOMETRIC_REPRESENTATION_CONTEXT(2) 
PARAMETRIC_REPRESENTATION_CONTEXT() REPRESENTATION_CONTEXT('2D SPACE',''
  ) );
#16212 = ORIENTED_EDGE('',*,*,#15680,.T.);
#16213 = ORIENTED_EDGE('',*,*,#6150,.F.);
#16214 = ORIENTED_EDGE('',*,*,#15878,.F.);
#16215 = ADVANCED_FACE('',(#16216,#16242),#6262,.T.);
#16216 = FACE_BOUND('',#16217,.T.);
#16217 = EDGE_LOOP('',(#16218));
#16218 = ORIENTED_EDGE('',*,*,#16219,.T.);
#16219 = EDGE_CURVE('',#16220,#16220,#16222,.T.);
#16220 = VERTEX_POINT('',#16221);
#16221 = CARTESIAN_POINT('',(-10.3,-43.,14.8));
#16222 = SURFACE_CURVE('',#16223,(#16228,#16235),.PCURVE_S1.);
#16223 = CIRCLE('',#16224,3.2);
#16224 = AXIS2_PLACEMENT_3D('',#16225,#16226,#16227);
#16225 = CARTESIAN_POINT('',(-13.5,-43.,14.8));
#16226 = DIRECTION('',(0.,0.,1.));
#16227 = DIRECTION('',(1.,0.,0.));
#16228 = PCURVE('',#6262,#16229);
#16229 = DEFINITIONAL_REPRESENTATION('',(#16230),#16234);
#16230 = CIRCLE('',#16231,3.2);
#16231 = AXIS2_PLACEMENT_2D('',#16232,#16233);
#16232 = CARTESIAN_POINT('',(0.,0.));
#16233 = DIRECTION('',(1.,0.));
#16234 = ( GEOMETRIC_REPRESENTATION_CONTEXT(2) 
PARAMETRIC_REPRESENTATION_CONTEXT() REPRESENTATION_CONTEXT('2D SPACE',''
  ) );
#16235 = PCURVE('',#8564,#16236);
#16236 = DEFINITIONAL_REPRESENTATION('',(#16237),#16241);
#16237 = LINE('',#16238,#16239);
#16238 = CARTESIAN_POINT('',(-0.,0.));
#16239 = VECTOR('',#16240,1.);
#16240 = DIRECTION('',(-1.,0.));
#16241 = ( GEOMETRIC_REPRESENTATION_CONTEXT(2) 
PARAMETRIC_REPRESENTATION_CONTEXT() REPRESENTATION_CONTEXT('2D SPACE',''
  ) );
#16242 = FACE_BOUND('',#16243,.T.);
#16243 = EDGE_LOOP('',(#16244));
#16244 = ORIENTED_EDGE('',*,*,#6247,.T.);
#16245 = ADVANCED_FACE('',(#16246,#16272),#6321,.T.);
#16246 = FACE_BOUND('',#16247,.T.);
#16247 = EDGE_LOOP('',(#16248));
#16248 = ORIENTED_EDGE('',*,*,#16249,.T.);
#16249 = EDGE_CURVE('',#16250,#16250,#16252,.T.);
#16250 = VERTEX_POINT('',#16251);
#16251 = CARTESIAN_POINT('',(-26.6,-21.5,15.8));
#16252 = SURFACE_CURVE('',#16253,(#16258,#16265),.PCURVE_S1.);
#16253 = CIRCLE('',#16254,2.4);
#16254 = AXIS2_PLACEMENT_3D('',#16255,#16256,#16257);
#16255 = CARTESIAN_POINT('',(-29.,-21.5,15.8));
#16256 = DIRECTION('',(0.,0.,1.));
#16257 = DIRECTION('',(1.,0.,0.));
#16258 = PCURVE('',#6321,#16259);
#16259 = DEFINITIONAL_REPRESENTATION('',(#16260),#16264);
#16260 = CIRCLE('',#16261,2.4);
#16261 = AXIS2_PLACEMENT_2D('',#16262,#16263);
#16262 = CARTESIAN_POINT('',(0.,0.));
#16263 = DIRECTION('',(1.,0.));
#16264 = ( GEOMETRIC_REPRESENTATION_CONTEXT(2) 
PARAMETRIC_REPRESENTATION_CONTEXT() REPRESENTATION_CONTEXT('2D SPACE',''
  ) );
#16265 = PCURVE('',#8630,#16266);
#16266 = DEFINITIONAL_REPRESENTATION('',(#16267),#16271);
#16267 = LINE('',#16268,#16269);
#16268 = CARTESIAN_POINT('',(-0.,0.));
#16269 = VECTOR('',#16270,1.);
#16270 = DIRECTION('',(-1.,0.));
#16271 = ( GEOMETRIC_REPRESENTATION_CONTEXT(2) 
PARAMETRIC_REPRESENTATION_CONTEXT() REPRESENTATION_CONTEXT('2D SPACE',''
  ) );
#16272 = FACE_BOUND('',#16273,.T.);
#16273 = EDGE_LOOP('',(#16274));
#16274 = ORIENTED_EDGE('',*,*,#6306,.T.);
#16275 = ADVANCED_FACE('',(#16276,#16302),#6380,.T.);
#16276 = FACE_BOUND('',#16277,.T.);
#16277 = EDGE_LOOP('',(#16278));
#16278 = ORIENTED_EDGE('',*,*,#16279,.T.);
#16279 = EDGE_CURVE('',#16280,#16280,#16282,.T.);
#16280 = VERTEX_POINT('',#16281);
#16281 = CARTESIAN_POINT('',(16.7,-43.,14.8));
#16282 = SURFACE_CURVE('',#16283,(#16288,#16295),.PCURVE_S1.);
#16283 = CIRCLE('',#16284,3.2);
#16284 = AXIS2_PLACEMENT_3D('',#16285,#16286,#16287);
#16285 = CARTESIAN_POINT('',(13.5,-43.,14.8));
#16286 = DIRECTION('',(0.,0.,1.));
#16287 = DIRECTION('',(1.,0.,0.));
#16288 = PCURVE('',#6380,#16289);
#16289 = DEFINITIONAL_REPRESENTATION('',(#16290),#16294);
#16290 = CIRCLE('',#16291,3.2);
#16291 = AXIS2_PLACEMENT_2D('',#16292,#16293);
#16292 = CARTESIAN_POINT('',(0.,0.));
#16293 = DIRECTION('',(1.,0.));
#16294 = ( GEOMETRIC_REPRESENTATION_CONTEXT(2) 
PARAMETRIC_REPRESENTATION_CONTEXT() REPRESENTATION_CONTEXT('2D SPACE',''
  ) );
#16295 = PCURVE('',#8467,#16296);
#16296 = DEFINITIONAL_REPRESENTATION('',(#16297),#16301);
#16297 = LINE('',#16298,#16299);
#16298 = CARTESIAN_POINT('',(-0.,0.));
#16299 = VECTOR('',#16300,1.);
#16300 = DIRECTION('',(-1.,0.));
#16301 = ( GEOMETRIC_REPRESENTATION_CONTEXT(2) 
PARAMETRIC_REPRESENTATION_CONTEXT() REPRESENTATION_CONTEXT('2D SPACE',''
  ) );
#16302 = FACE_BOUND('',#16303,.T.);
#16303 = EDGE_LOOP('',(#16304));
#16304 = ORIENTED_EDGE('',*,*,#6365,.T.);
#16305 = ADVANCED_FACE('',(#16306,#16332),#6439,.T.);
#16306 = FACE_BOUND('',#16307,.T.);
#16307 = EDGE_LOOP('',(#16308));
#16308 = ORIENTED_EDGE('',*,*,#16309,.T.);
#16309 = EDGE_CURVE('',#16310,#16310,#16312,.T.);
#16310 = VERTEX_POINT('',#16311);
#16311 = CARTESIAN_POINT('',(31.4,-21.5,15.8));
#16312 = SURFACE_CURVE('',#16313,(#16318,#16325),.PCURVE_S1.);
#16313 = CIRCLE('',#16314,2.4);
#16314 = AXIS2_PLACEMENT_3D('',#16315,#16316,#16317);
#16315 = CARTESIAN_POINT('',(29.,-21.5,15.8));
#16316 = DIRECTION('',(0.,0.,1.));
#16317 = DIRECTION('',(1.,0.,0.));
#16318 = PCURVE('',#6439,#16319);
#16319 = DEFINITIONAL_REPRESENTATION('',(#16320),#16324);
#16320 = CIRCLE('',#16321,2.4);
#16321 = AXIS2_PLACEMENT_2D('',#16322,#16323);
#16322 = CARTESIAN_POINT('',(0.,0.));
#16323 = DIRECTION('',(1.,0.));
#16324 = ( GEOMETRIC_REPRESENTATION_CONTEXT(2) 
PARAMETRIC_REPRESENTATION_CONTEXT() REPRESENTATION_CONTEXT('2D SPACE',''
  ) );
#16325 = PCURVE('',#8498,#16326);
#16326 = DEFINITIONAL_REPRESENTATION('',(#16327),#16331);
#16327 = LINE('',#16328,#16329);
#16328 = CARTESIAN_POINT('',(-0.,0.));
#16329 = VECTOR('',#16330,1.);
#16330 = DIRECTION('',(-1.,0.));
#16331 = ( GEOMETRIC_REPRESENTATION_CONTEXT(2) 
PARAMETRIC_REPRESENTATION_CONTEXT() REPRESENTATION_CONTEXT('2D SPACE',''
  ) );
#16332 = FACE_BOUND('',#16333,.T.);
#16333 = EDGE_LOOP('',(#16334));
#16334 = ORIENTED_EDGE('',*,*,#6424,.T.);
#16335 = ADVANCED_FACE('',(#16336,#16362),#6498,.T.);
#16336 = FACE_BOUND('',#16337,.T.);
#16337 = EDGE_LOOP('',(#16338));
#16338 = ORIENTED_EDGE('',*,*,#16339,.T.);
#16339 = EDGE_CURVE('',#16340,#16340,#16342,.T.);
#16340 = VERTEX_POINT('',#16341);
#16341 = CARTESIAN_POINT('',(-26.6,21.5,15.8));
#16342 = SURFACE_CURVE('',#16343,(#16348,#16355),.PCURVE_S1.);
#16343 = CIRCLE('',#16344,2.4);
#16344 = AXIS2_PLACEMENT_3D('',#16345,#16346,#16347);
#16345 = CARTESIAN_POINT('',(-29.,21.5,15.8));
#16346 = DIRECTION('',(0.,0.,1.));
#16347 = DIRECTION('',(1.,0.,0.));
#16348 = PCURVE('',#6498,#16349);
#16349 = DEFINITIONAL_REPRESENTATION('',(#16350),#16354);
#16350 = CIRCLE('',#16351,2.4);
#16351 = AXIS2_PLACEMENT_2D('',#16352,#16353);
#16352 = CARTESIAN_POINT('',(0.,0.));
#16353 = DIRECTION('',(1.,0.));
#16354 = ( GEOMETRIC_REPRESENTATION_CONTEXT(2) 
PARAMETRIC_REPRESENTATION_CONTEXT() REPRESENTATION_CONTEXT('2D SPACE',''
  ) );
#16355 = PCURVE('',#8907,#16356);
#16356 = DEFINITIONAL_REPRESENTATION('',(#16357),#16361);
#16357 = LINE('',#16358,#16359);
#16358 = CARTESIAN_POINT('',(-0.,0.));
#16359 = VECTOR('',#16360,1.);
#16360 = DIRECTION('',(-1.,0.));
#16361 = ( GEOMETRIC_REPRESENTATION_CONTEXT(2) 
PARAMETRIC_REPRESENTATION_CONTEXT() REPRESENTATION_CONTEXT('2D SPACE',''
  ) );
#16362 = FACE_BOUND('',#16363,.T.);
#16363 = EDGE_LOOP('',(#16364));
#16364 = ORIENTED_EDGE('',*,*,#6483,.T.);
#16365 = ADVANCED_FACE('',(#16366),#6535,.F.);
#16366 = FACE_BOUND('',#16367,.F.);
#16367 = EDGE_LOOP('',(#16368,#16393,#16412,#16413,#16414,#16433,#16434,
    #16435,#16436,#16455,#16456,#16457,#16458,#16477,#16478,#16479));
#16368 = ORIENTED_EDGE('',*,*,#16369,.F.);
#16369 = EDGE_CURVE('',#16370,#16372,#16374,.T.);
#16370 = VERTEX_POINT('',#16371);
#16371 = CARTESIAN_POINT('',(8.,-16.,15.));
#16372 = VERTEX_POINT('',#16373);
#16373 = CARTESIAN_POINT('',(8.,16.,15.));
#16374 = SURFACE_CURVE('',#16375,(#16379,#16386),.PCURVE_S1.);
#16375 = LINE('',#16376,#16377);
#16376 = CARTESIAN_POINT('',(8.,-43.,15.));
#16377 = VECTOR('',#16378,1.);
#16378 = DIRECTION('',(1.110223024625E-16,1.,0.));
#16379 = PCURVE('',#6535,#16380);
#16380 = DEFINITIONAL_REPRESENTATION('',(#16381),#16385);
#16381 = LINE('',#16382,#16383);
#16382 = CARTESIAN_POINT('',(-2.50605622847E-15,-43.));
#16383 = VECTOR('',#16384,1.);
#16384 = DIRECTION('',(7.285047175784E-17,1.));
#16385 = ( GEOMETRIC_REPRESENTATION_CONTEXT(2) 
PARAMETRIC_REPRESENTATION_CONTEXT() REPRESENTATION_CONTEXT('2D SPACE',''
  ) );
#16386 = PCURVE('',#8815,#16387);
#16387 = DEFINITIONAL_REPRESENTATION('',(#16388),#16392);
#16388 = LINE('',#16389,#16390);
#16389 = CARTESIAN_POINT('',(0.,0.));
#16390 = VECTOR('',#16391,1.);
#16391 = DIRECTION('',(1.,0.));
#16392 = ( GEOMETRIC_REPRESENTATION_CONTEXT(2) 
PARAMETRIC_REPRESENTATION_CONTEXT() REPRESENTATION_CONTEXT('2D SPACE',''
  ) );
#16393 = ORIENTED_EDGE('',*,*,#16394,.T.);
#16394 = EDGE_CURVE('',#16370,#6518,#16395,.T.);
#16395 = SURFACE_CURVE('',#16396,(#16400,#16406),.PCURVE_S1.);
#16396 = LINE('',#16397,#16398);
#16397 = CARTESIAN_POINT('',(5.891158765989,-13.89115876598,
    17.425167419112));
#16398 = VECTOR('',#16399,1.);
#16399 = DIRECTION('',(0.548614782048,-0.548614782048,-0.630906999356));
#16400 = PCURVE('',#6535,#16401);
#16401 = DEFINITIONAL_REPRESENTATION('',(#16402),#16405);
#16402 = B_SPLINE_CURVE_WITH_KNOTS('',1,(#16403,#16404),.UNSPECIFIED.,
  .F.,.F.,(2,2),(3.84393804727,11.6818602847),.PIECEWISE_BEZIER_KNOTS.);
#16403 = CARTESIAN_POINT('',(8.881784197001E-16,-16.));
#16404 = CARTESIAN_POINT('',(6.553092781275,-20.3));
#16405 = ( GEOMETRIC_REPRESENTATION_CONTEXT(2) 
PARAMETRIC_REPRESENTATION_CONTEXT() REPRESENTATION_CONTEXT('2D SPACE',''
  ) );
#16406 = PCURVE('',#6885,#16407);
#16407 = DEFINITIONAL_REPRESENTATION('',(#16408),#16411);
#16408 = B_SPLINE_CURVE_WITH_KNOTS('',1,(#16409,#16410),.UNSPECIFIED.,
  .F.,.F.,(2,2),(3.84393804727,11.6818602847),.PIECEWISE_BEZIER_KNOTS.);
#16409 = CARTESIAN_POINT('',(6.553092781275,-8.));
#16410 = CARTESIAN_POINT('',(0.,-12.3));
#16411 = ( GEOMETRIC_REPRESENTATION_CONTEXT(2) 
PARAMETRIC_REPRESENTATION_CONTEXT() REPRESENTATION_CONTEXT('2D SPACE',''
  ) );
#16412 = ORIENTED_EDGE('',*,*,#6517,.T.);
#16413 = ORIENTED_EDGE('',*,*,#14326,.F.);
#16414 = ORIENTED_EDGE('',*,*,#16415,.T.);
#16415 = EDGE_CURVE('',#14327,#14502,#16416,.T.);
#16416 = SURFACE_CURVE('',#16417,(#16421,#16427),.PCURVE_S1.);
#16417 = LINE('',#16418,#16419);
#16418 = CARTESIAN_POINT('',(11.023255813953,-7.,11.523255813953));
#16419 = VECTOR('',#16420,1.);
#16420 = DIRECTION('',(-0.,1.,0.));
#16421 = PCURVE('',#6535,#16422);
#16422 = DEFINITIONAL_REPRESENTATION('',(#16423),#16426);
#16423 = B_SPLINE_CURVE_WITH_KNOTS('',1,(#16424,#16425),.UNSPECIFIED.,
  .F.,.F.,(2,2),(-10.2,-3.8),.PIECEWISE_BEZIER_KNOTS.);
#16424 = CARTESIAN_POINT('',(4.607366476829,-17.2));
#16425 = CARTESIAN_POINT('',(4.607366476829,-10.8));
#16426 = ( GEOMETRIC_REPRESENTATION_CONTEXT(2) 
PARAMETRIC_REPRESENTATION_CONTEXT() REPRESENTATION_CONTEXT('2D SPACE',''
  ) );
#16427 = PCURVE('',#14409,#16428);
#16428 = DEFINITIONAL_REPRESENTATION('',(#16429),#16432);
#16429 = B_SPLINE_CURVE_WITH_KNOTS('',1,(#16430,#16431),.UNSPECIFIED.,
  .F.,.F.,(2,2),(-10.2,-3.8),.PIECEWISE_BEZIER_KNOTS.);
#16430 = CARTESIAN_POINT('',(0.674218093689,-3.2));
#16431 = CARTESIAN_POINT('',(0.674218093689,3.2));
#16432 = ( GEOMETRIC_REPRESENTATION_CONTEXT(2) 
PARAMETRIC_REPRESENTATION_CONTEXT() REPRESENTATION_CONTEXT('2D SPACE',''
  ) );
#16433 = ORIENTED_EDGE('',*,*,#14524,.T.);
#16434 = ORIENTED_EDGE('',*,*,#6760,.T.);
#16435 = ORIENTED_EDGE('',*,*,#14649,.F.);
#16436 = ORIENTED_EDGE('',*,*,#16437,.T.);
#16437 = EDGE_CURVE('',#14622,#14749,#16438,.T.);
#16438 = SURFACE_CURVE('',#16439,(#16443,#16449),.PCURVE_S1.);
#16439 = LINE('',#16440,#16441);
#16440 = CARTESIAN_POINT('',(11.023255813953,0.,11.523255813953));
#16441 = VECTOR('',#16442,1.);
#16442 = DIRECTION('',(-0.,1.,0.));
#16443 = PCURVE('',#6535,#16444);
#16444 = DEFINITIONAL_REPRESENTATION('',(#16445),#16448);
#16445 = B_SPLINE_CURVE_WITH_KNOTS('',1,(#16446,#16447),.UNSPECIFIED.,
  .F.,.F.,(2,2),(-3.2,3.2),.PIECEWISE_BEZIER_KNOTS.);
#16446 = CARTESIAN_POINT('',(4.607366476829,-3.2));
#16447 = CARTESIAN_POINT('',(4.607366476829,3.2));
#16448 = ( GEOMETRIC_REPRESENTATION_CONTEXT(2) 
PARAMETRIC_REPRESENTATION_CONTEXT() REPRESENTATION_CONTEXT('2D SPACE',''
  ) );
#16449 = PCURVE('',#14637,#16450);
#16450 = DEFINITIONAL_REPRESENTATION('',(#16451),#16454);
#16451 = B_SPLINE_CURVE_WITH_KNOTS('',1,(#16452,#16453),.UNSPECIFIED.,
  .F.,.F.,(2,2),(-3.2,3.2),.PIECEWISE_BEZIER_KNOTS.);
#16452 = CARTESIAN_POINT('',(0.674218093689,-3.2));
#16453 = CARTESIAN_POINT('',(0.674218093689,3.2));
#16454 = ( GEOMETRIC_REPRESENTATION_CONTEXT(2) 
PARAMETRIC_REPRESENTATION_CONTEXT() REPRESENTATION_CONTEXT('2D SPACE',''
  ) );
#16455 = ORIENTED_EDGE('',*,*,#14771,.T.);
#16456 = ORIENTED_EDGE('',*,*,#6674,.T.);
#16457 = ORIENTED_EDGE('',*,*,#14896,.F.);
#16458 = ORIENTED_EDGE('',*,*,#16459,.T.);
#16459 = EDGE_CURVE('',#14869,#14946,#16460,.T.);
#16460 = SURFACE_CURVE('',#16461,(#16465,#16471),.PCURVE_S1.);
#16461 = LINE('',#16462,#16463);
#16462 = CARTESIAN_POINT('',(11.023255813953,7.,11.523255813953));
#16463 = VECTOR('',#16464,1.);
#16464 = DIRECTION('',(-0.,1.,0.));
#16465 = PCURVE('',#6535,#16466);
#16466 = DEFINITIONAL_REPRESENTATION('',(#16467),#16470);
#16467 = B_SPLINE_CURVE_WITH_KNOTS('',1,(#16468,#16469),.UNSPECIFIED.,
  .F.,.F.,(2,2),(3.8,10.2),.PIECEWISE_BEZIER_KNOTS.);
#16468 = CARTESIAN_POINT('',(4.607366476829,10.8));
#16469 = CARTESIAN_POINT('',(4.607366476829,17.2));
#16470 = ( GEOMETRIC_REPRESENTATION_CONTEXT(2) 
PARAMETRIC_REPRESENTATION_CONTEXT() REPRESENTATION_CONTEXT('2D SPACE',''
  ) );
#16471 = PCURVE('',#14884,#16472);
#16472 = DEFINITIONAL_REPRESENTATION('',(#16473),#16476);
#16473 = B_SPLINE_CURVE_WITH_KNOTS('',1,(#16474,#16475),.UNSPECIFIED.,
  .F.,.F.,(2,2),(3.8,10.2),.PIECEWISE_BEZIER_KNOTS.);
#16474 = CARTESIAN_POINT('',(0.674218093689,-3.2));
#16475 = CARTESIAN_POINT('',(0.674218093689,3.2));
#16476 = ( GEOMETRIC_REPRESENTATION_CONTEXT(2) 
PARAMETRIC_REPRESENTATION_CONTEXT() REPRESENTATION_CONTEXT('2D SPACE',''
  ) );
#16477 = ORIENTED_EDGE('',*,*,#14945,.T.);
#16478 = ORIENTED_EDGE('',*,*,#6588,.T.);
#16479 = ORIENTED_EDGE('',*,*,#16480,.T.);
#16480 = EDGE_CURVE('',#6568,#16372,#16481,.T.);
#16481 = SURFACE_CURVE('',#16482,(#16486,#16492),.PCURVE_S1.);
#16482 = LINE('',#16483,#16484);
#16483 = CARTESIAN_POINT('',(4.388261851016,12.388261851016,
    19.153498871332));
#16484 = VECTOR('',#16485,1.);
#16485 = DIRECTION('',(-0.548614782048,-0.548614782048,0.630906999356));
#16486 = PCURVE('',#6535,#16487);
#16487 = DEFINITIONAL_REPRESENTATION('',(#16488),#16491);
#16488 = B_SPLINE_CURVE_WITH_KNOTS('',1,(#16489,#16490),.UNSPECIFIED.,
  .F.,.F.,(2,2),(-14.42129962201,-6.583377384581),
  .PIECEWISE_BEZIER_KNOTS.);
#16489 = CARTESIAN_POINT('',(6.553092781275,20.3));
#16490 = CARTESIAN_POINT('',(0.,16.));
#16491 = ( GEOMETRIC_REPRESENTATION_CONTEXT(2) 
PARAMETRIC_REPRESENTATION_CONTEXT() REPRESENTATION_CONTEXT('2D SPACE',''
  ) );
#16492 = PCURVE('',#7023,#16493);
#16493 = DEFINITIONAL_REPRESENTATION('',(#16494),#16497);
#16494 = B_SPLINE_CURVE_WITH_KNOTS('',1,(#16495,#16496),.UNSPECIFIED.,
  .F.,.F.,(2,2),(-14.42129962201,-6.583377384581),
  .PIECEWISE_BEZIER_KNOTS.);
#16495 = CARTESIAN_POINT('',(6.553092781275,-12.3));
#16496 = CARTESIAN_POINT('',(0.,-8.));
#16497 = ( GEOMETRIC_REPRESENTATION_CONTEXT(2) 
PARAMETRIC_REPRESENTATION_CONTEXT() REPRESENTATION_CONTEXT('2D SPACE',''
  ) );
#16498 = ADVANCED_FACE('',(#16499),#6885,.F.);
#16499 = FACE_BOUND('',#16500,.F.);
#16500 = EDGE_LOOP('',(#16501,#16522,#16523,#16524,#16543,#16544,#16545,
    #16546));
#16501 = ORIENTED_EDGE('',*,*,#16502,.F.);
#16502 = EDGE_CURVE('',#6849,#16503,#16505,.T.);
#16503 = VERTEX_POINT('',#16504);
#16504 = CARTESIAN_POINT('',(-8.,-16.,15.));
#16505 = SURFACE_CURVE('',#16506,(#16510,#16516),.PCURVE_S1.);
#16506 = LINE('',#16507,#16508);
#16507 = CARTESIAN_POINT('',(-7.394055680963,-15.39405568096,
    15.696835966892));
#16508 = VECTOR('',#16509,1.);
#16509 = DIRECTION('',(0.548614782048,0.548614782048,0.630906999356));
#16510 = PCURVE('',#6885,#16511);
#16511 = DEFINITIONAL_REPRESENTATION('',(#16512),#16515);
#16512 = B_SPLINE_CURVE_WITH_KNOTS('',1,(#16513,#16514),.UNSPECIFIED.,
  .F.,.F.,(2,2),(-8.942420947389,-1.104498709959),
  .PIECEWISE_BEZIER_KNOTS.);
#16513 = CARTESIAN_POINT('',(-8.881784197001E-16,12.3));
#16514 = CARTESIAN_POINT('',(6.553092781275,8.));
#16515 = ( GEOMETRIC_REPRESENTATION_CONTEXT(2) 
PARAMETRIC_REPRESENTATION_CONTEXT() REPRESENTATION_CONTEXT('2D SPACE',''
  ) );
#16516 = PCURVE('',#7142,#16517);
#16517 = DEFINITIONAL_REPRESENTATION('',(#16518),#16521);
#16518 = B_SPLINE_CURVE_WITH_KNOTS('',1,(#16519,#16520),.UNSPECIFIED.,
  .F.,.F.,(2,2),(-8.942420947389,-1.104498709959),
  .PIECEWISE_BEZIER_KNOTS.);
#16519 = CARTESIAN_POINT('',(-8.881784197001E-16,-20.3));
#16520 = CARTESIAN_POINT('',(6.553092781275,-16.));
#16521 = ( GEOMETRIC_REPRESENTATION_CONTEXT(2) 
PARAMETRIC_REPRESENTATION_CONTEXT() REPRESENTATION_CONTEXT('2D SPACE',''
  ) );
#16522 = ORIENTED_EDGE('',*,*,#6869,.T.);
#16523 = ORIENTED_EDGE('',*,*,#9902,.T.);
#16524 = ORIENTED_EDGE('',*,*,#16525,.T.);
#16525 = EDGE_CURVE('',#9903,#9771,#16526,.T.);
#16526 = SURFACE_CURVE('',#16527,(#16531,#16537),.PCURVE_S1.);
#16527 = LINE('',#16528,#16529);
#16528 = CARTESIAN_POINT('',(0.,-19.02325581395,11.523255813953));
#16529 = VECTOR('',#16530,1.);
#16530 = DIRECTION('',(1.,0.,0.));
#16531 = PCURVE('',#6885,#16532);
#16532 = DEFINITIONAL_REPRESENTATION('',(#16533),#16536);
#16533 = B_SPLINE_CURVE_WITH_KNOTS('',1,(#16534,#16535),.UNSPECIFIED.,
  .F.,.F.,(2,2),(-3.2,3.2),.PIECEWISE_BEZIER_KNOTS.);
#16534 = CARTESIAN_POINT('',(1.945726304446,3.2));
#16535 = CARTESIAN_POINT('',(1.945726304446,-3.2));
#16536 = ( GEOMETRIC_REPRESENTATION_CONTEXT(2) 
PARAMETRIC_REPRESENTATION_CONTEXT() REPRESENTATION_CONTEXT('2D SPACE',''
  ) );
#16537 = PCURVE('',#9807,#16538);
#16538 = DEFINITIONAL_REPRESENTATION('',(#16539),#16542);
#16539 = B_SPLINE_CURVE_WITH_KNOTS('',1,(#16540,#16541),.UNSPECIFIED.,
  .F.,.F.,(2,2),(-3.2,3.2),.PIECEWISE_BEZIER_KNOTS.);
#16540 = CARTESIAN_POINT('',(4.982636155803,3.2));
#16541 = CARTESIAN_POINT('',(4.982636155803,-3.2));
#16542 = ( GEOMETRIC_REPRESENTATION_CONTEXT(2) 
PARAMETRIC_REPRESENTATION_CONTEXT() REPRESENTATION_CONTEXT('2D SPACE',''
  ) );
#16543 = ORIENTED_EDGE('',*,*,#9770,.F.);
#16544 = ORIENTED_EDGE('',*,*,#6960,.T.);
#16545 = ORIENTED_EDGE('',*,*,#16394,.F.);
#16546 = ORIENTED_EDGE('',*,*,#16547,.F.);
#16547 = EDGE_CURVE('',#16503,#16370,#16548,.T.);
#16548 = SURFACE_CURVE('',#16549,(#16553,#16560),.PCURVE_S1.);
#16549 = LINE('',#16550,#16551);
#16550 = CARTESIAN_POINT('',(-29.,-16.,15.));
#16551 = VECTOR('',#16552,1.);
#16552 = DIRECTION('',(1.,0.,0.));
#16553 = PCURVE('',#6885,#16554);
#16554 = DEFINITIONAL_REPRESENTATION('',(#16555),#16559);
#16555 = LINE('',#16556,#16557);
#16556 = CARTESIAN_POINT('',(6.553092781275,29.));
#16557 = VECTOR('',#16558,1.);
#16558 = DIRECTION('',(0.,-1.));
#16559 = ( GEOMETRIC_REPRESENTATION_CONTEXT(2) 
PARAMETRIC_REPRESENTATION_CONTEXT() REPRESENTATION_CONTEXT('2D SPACE',''
  ) );
#16560 = PCURVE('',#8787,#16561);
#16561 = DEFINITIONAL_REPRESENTATION('',(#16562),#16566);
#16562 = LINE('',#16563,#16564);
#16563 = CARTESIAN_POINT('',(0.,0.));
#16564 = VECTOR('',#16565,1.);
#16565 = DIRECTION('',(1.,0.));
#16566 = ( GEOMETRIC_REPRESENTATION_CONTEXT(2) 
PARAMETRIC_REPRESENTATION_CONTEXT() REPRESENTATION_CONTEXT('2D SPACE',''
  ) );
#16567 = ADVANCED_FACE('',(#16568),#7023,.F.);
#16568 = FACE_BOUND('',#16569,.F.);
#16569 = EDGE_LOOP('',(#16570,#16593,#16594,#16595,#16596,#16615,#16616,
    #16617));
#16570 = ORIENTED_EDGE('',*,*,#16571,.F.);
#16571 = EDGE_CURVE('',#16372,#16572,#16574,.T.);
#16572 = VERTEX_POINT('',#16573);
#16573 = CARTESIAN_POINT('',(-8.,16.,15.));
#16574 = SURFACE_CURVE('',#16575,(#16579,#16586),.PCURVE_S1.);
#16575 = LINE('',#16576,#16577);
#16576 = CARTESIAN_POINT('',(29.,16.,15.));
#16577 = VECTOR('',#16578,1.);
#16578 = DIRECTION('',(-1.,0.,0.));
#16579 = PCURVE('',#7023,#16580);
#16580 = DEFINITIONAL_REPRESENTATION('',(#16581),#16585);
#16581 = LINE('',#16582,#16583);
#16582 = CARTESIAN_POINT('',(0.,-29.));
#16583 = VECTOR('',#16584,1.);
#16584 = DIRECTION('',(0.,1.));
#16585 = ( GEOMETRIC_REPRESENTATION_CONTEXT(2) 
PARAMETRIC_REPRESENTATION_CONTEXT() REPRESENTATION_CONTEXT('2D SPACE',''
  ) );
#16586 = PCURVE('',#8841,#16587);
#16587 = DEFINITIONAL_REPRESENTATION('',(#16588),#16592);
#16588 = LINE('',#16589,#16590);
#16589 = CARTESIAN_POINT('',(0.,-0.));
#16590 = VECTOR('',#16591,1.);
#16591 = DIRECTION('',(1.,0.));
#16592 = ( GEOMETRIC_REPRESENTATION_CONTEXT(2) 
PARAMETRIC_REPRESENTATION_CONTEXT() REPRESENTATION_CONTEXT('2D SPACE',''
  ) );
#16593 = ORIENTED_EDGE('',*,*,#16480,.F.);
#16594 = ORIENTED_EDGE('',*,*,#7098,.T.);
#16595 = ORIENTED_EDGE('',*,*,#13676,.F.);
#16596 = ORIENTED_EDGE('',*,*,#16597,.T.);
#16597 = EDGE_CURVE('',#13649,#13776,#16598,.T.);
#16598 = SURFACE_CURVE('',#16599,(#16603,#16609),.PCURVE_S1.);
#16599 = LINE('',#16600,#16601);
#16600 = CARTESIAN_POINT('',(0.,19.023255813953,11.523255813953));
#16601 = VECTOR('',#16602,1.);
#16602 = DIRECTION('',(-1.,0.,-0.));
#16603 = PCURVE('',#7023,#16604);
#16604 = DEFINITIONAL_REPRESENTATION('',(#16605),#16608);
#16605 = B_SPLINE_CURVE_WITH_KNOTS('',1,(#16606,#16607),.UNSPECIFIED.,
  .F.,.F.,(2,2),(-3.2,3.2),.PIECEWISE_BEZIER_KNOTS.);
#16606 = CARTESIAN_POINT('',(4.607366476829,-3.2));
#16607 = CARTESIAN_POINT('',(4.607366476829,3.2));
#16608 = ( GEOMETRIC_REPRESENTATION_CONTEXT(2) 
PARAMETRIC_REPRESENTATION_CONTEXT() REPRESENTATION_CONTEXT('2D SPACE',''
  ) );
#16609 = PCURVE('',#13664,#16610);
#16610 = DEFINITIONAL_REPRESENTATION('',(#16611),#16614);
#16611 = B_SPLINE_CURVE_WITH_KNOTS('',1,(#16612,#16613),.UNSPECIFIED.,
  .F.,.F.,(2,2),(-3.2,3.2),.PIECEWISE_BEZIER_KNOTS.);
#16612 = CARTESIAN_POINT('',(0.674218093689,-3.2));
#16613 = CARTESIAN_POINT('',(0.674218093689,3.2));
#16614 = ( GEOMETRIC_REPRESENTATION_CONTEXT(2) 
PARAMETRIC_REPRESENTATION_CONTEXT() REPRESENTATION_CONTEXT('2D SPACE',''
  ) );
#16615 = ORIENTED_EDGE('',*,*,#13798,.T.);
#16616 = ORIENTED_EDGE('',*,*,#7007,.T.);
#16617 = ORIENTED_EDGE('',*,*,#16618,.F.);
#16618 = EDGE_CURVE('',#16572,#6987,#16619,.T.);
#16619 = SURFACE_CURVE('',#16620,(#16624,#16630),.PCURVE_S1.);
#16620 = LINE('',#16621,#16622);
#16621 = CARTESIAN_POINT('',(-5.891158765989,13.891158765989,
    17.425167419112));
#16622 = VECTOR('',#16623,1.);
#16623 = DIRECTION('',(-0.548614782048,0.548614782048,-0.630906999356));
#16624 = PCURVE('',#7023,#16625);
#16625 = DEFINITIONAL_REPRESENTATION('',(#16626),#16629);
#16626 = B_SPLINE_CURVE_WITH_KNOTS('',1,(#16627,#16628),.UNSPECIFIED.,
  .F.,.F.,(2,2),(3.84393804727,11.6818602847),.PIECEWISE_BEZIER_KNOTS.);
#16627 = CARTESIAN_POINT('',(0.,8.));
#16628 = CARTESIAN_POINT('',(6.553092781275,12.3));
#16629 = ( GEOMETRIC_REPRESENTATION_CONTEXT(2) 
PARAMETRIC_REPRESENTATION_CONTEXT() REPRESENTATION_CONTEXT('2D SPACE',''
  ) );
#16630 = PCURVE('',#7142,#16631);
#16631 = DEFINITIONAL_REPRESENTATION('',(#16632),#16635);
#16632 = B_SPLINE_CURVE_WITH_KNOTS('',1,(#16633,#16634),.UNSPECIFIED.,
  .F.,.F.,(2,2),(3.84393804727,11.6818602847),.PIECEWISE_BEZIER_KNOTS.);
#16633 = CARTESIAN_POINT('',(6.553092781275,16.));
#16634 = CARTESIAN_POINT('',(1.7763568394E-15,20.3));
#16635 = ( GEOMETRIC_REPRESENTATION_CONTEXT(2) 
PARAMETRIC_REPRESENTATION_CONTEXT() REPRESENTATION_CONTEXT('2D SPACE',''
  ) );
#16636 = ADVANCED_FACE('',(#16637),#7142,.F.);
#16637 = FACE_BOUND('',#16638,.F.);
#16638 = EDGE_LOOP('',(#16639,#16660,#16661,#16662,#16663,#16682,#16683,
    #16684,#16685,#16704,#16705,#16706,#16707,#16726,#16727,#16728));
#16639 = ORIENTED_EDGE('',*,*,#16640,.F.);
#16640 = EDGE_CURVE('',#16572,#16503,#16641,.T.);
#16641 = SURFACE_CURVE('',#16642,(#16646,#16653),.PCURVE_S1.);
#16642 = LINE('',#16643,#16644);
#16643 = CARTESIAN_POINT('',(-8.,43.,15.));
#16644 = VECTOR('',#16645,1.);
#16645 = DIRECTION('',(-1.110223024625E-16,-1.,0.));
#16646 = PCURVE('',#7142,#16647);
#16647 = DEFINITIONAL_REPRESENTATION('',(#16648),#16652);
#16648 = LINE('',#16649,#16650);
#16649 = CARTESIAN_POINT('',(6.553092781275,43.));
#16650 = VECTOR('',#16651,1.);
#16651 = DIRECTION('',(-7.285047175784E-17,-1.));
#16652 = ( GEOMETRIC_REPRESENTATION_CONTEXT(2) 
PARAMETRIC_REPRESENTATION_CONTEXT() REPRESENTATION_CONTEXT('2D SPACE',''
  ) );
#16653 = PCURVE('',#8759,#16654);
#16654 = DEFINITIONAL_REPRESENTATION('',(#16655),#16659);
#16655 = LINE('',#16656,#16657);
#16656 = CARTESIAN_POINT('',(0.,0.));
#16657 = VECTOR('',#16658,1.);
#16658 = DIRECTION('',(1.,0.));
#16659 = ( GEOMETRIC_REPRESENTATION_CONTEXT(2) 
PARAMETRIC_REPRESENTATION_CONTEXT() REPRESENTATION_CONTEXT('2D SPACE',''
  ) );
#16660 = ORIENTED_EDGE('',*,*,#16618,.T.);
#16661 = ORIENTED_EDGE('',*,*,#7126,.T.);
#16662 = ORIENTED_EDGE('',*,*,#11120,.T.);
#16663 = ORIENTED_EDGE('',*,*,#16664,.T.);
#16664 = EDGE_CURVE('',#11121,#10968,#16665,.T.);
#16665 = SURFACE_CURVE('',#16666,(#16670,#16676),.PCURVE_S1.);
#16666 = LINE('',#16667,#16668);
#16667 = CARTESIAN_POINT('',(-11.02325581395,7.,11.523255813953));
#16668 = VECTOR('',#16669,1.);
#16669 = DIRECTION('',(0.,-1.,0.));
#16670 = PCURVE('',#7142,#16671);
#16671 = DEFINITIONAL_REPRESENTATION('',(#16672),#16675);
#16672 = B_SPLINE_CURVE_WITH_KNOTS('',1,(#16673,#16674),.UNSPECIFIED.,
  .F.,.F.,(2,2),(-10.2,-3.8),.PIECEWISE_BEZIER_KNOTS.);
#16673 = CARTESIAN_POINT('',(1.945726304446,17.2));
#16674 = CARTESIAN_POINT('',(1.945726304446,10.8));
#16675 = ( GEOMETRIC_REPRESENTATION_CONTEXT(2) 
PARAMETRIC_REPRESENTATION_CONTEXT() REPRESENTATION_CONTEXT('2D SPACE',''
  ) );
#16676 = PCURVE('',#11004,#16677);
#16677 = DEFINITIONAL_REPRESENTATION('',(#16678),#16681);
#16678 = B_SPLINE_CURVE_WITH_KNOTS('',1,(#16679,#16680),.UNSPECIFIED.,
  .F.,.F.,(2,2),(-10.2,-3.8),.PIECEWISE_BEZIER_KNOTS.);
#16679 = CARTESIAN_POINT('',(4.982636155803,3.2));
#16680 = CARTESIAN_POINT('',(4.982636155803,-3.2));
#16681 = ( GEOMETRIC_REPRESENTATION_CONTEXT(2) 
PARAMETRIC_REPRESENTATION_CONTEXT() REPRESENTATION_CONTEXT('2D SPACE',''
  ) );
#16682 = ORIENTED_EDGE('',*,*,#10967,.F.);
#16683 = ORIENTED_EDGE('',*,*,#7217,.T.);
#16684 = ORIENTED_EDGE('',*,*,#10852,.T.);
#16685 = ORIENTED_EDGE('',*,*,#16686,.T.);
#16686 = EDGE_CURVE('',#10853,#10721,#16687,.T.);
#16687 = SURFACE_CURVE('',#16688,(#16692,#16698),.PCURVE_S1.);
#16688 = LINE('',#16689,#16690);
#16689 = CARTESIAN_POINT('',(-11.02325581395,0.,11.523255813953));
#16690 = VECTOR('',#16691,1.);
#16691 = DIRECTION('',(0.,-1.,0.));
#16692 = PCURVE('',#7142,#16693);
#16693 = DEFINITIONAL_REPRESENTATION('',(#16694),#16697);
#16694 = B_SPLINE_CURVE_WITH_KNOTS('',1,(#16695,#16696),.UNSPECIFIED.,
  .F.,.F.,(2,2),(-3.2,3.2),.PIECEWISE_BEZIER_KNOTS.);
#16695 = CARTESIAN_POINT('',(1.945726304446,3.2));
#16696 = CARTESIAN_POINT('',(1.945726304446,-3.2));
#16697 = ( GEOMETRIC_REPRESENTATION_CONTEXT(2) 
PARAMETRIC_REPRESENTATION_CONTEXT() REPRESENTATION_CONTEXT('2D SPACE',''
  ) );
#16698 = PCURVE('',#10757,#16699);
#16699 = DEFINITIONAL_REPRESENTATION('',(#16700),#16703);
#16700 = B_SPLINE_CURVE_WITH_KNOTS('',1,(#16701,#16702),.UNSPECIFIED.,
  .F.,.F.,(2,2),(-3.2,3.2),.PIECEWISE_BEZIER_KNOTS.);
#16701 = CARTESIAN_POINT('',(4.982636155803,3.2));
#16702 = CARTESIAN_POINT('',(4.982636155803,-3.2));
#16703 = ( GEOMETRIC_REPRESENTATION_CONTEXT(2) 
PARAMETRIC_REPRESENTATION_CONTEXT() REPRESENTATION_CONTEXT('2D SPACE',''
  ) );
#16704 = ORIENTED_EDGE('',*,*,#10720,.F.);
#16705 = ORIENTED_EDGE('',*,*,#7303,.T.);
#16706 = ORIENTED_EDGE('',*,*,#10605,.T.);
#16707 = ORIENTED_EDGE('',*,*,#16708,.T.);
#16708 = EDGE_CURVE('',#10606,#10502,#16709,.T.);
#16709 = SURFACE_CURVE('',#16710,(#16714,#16720),.PCURVE_S1.);
#16710 = LINE('',#16711,#16712);
#16711 = CARTESIAN_POINT('',(-11.02325581395,-7.,11.523255813953));
#16712 = VECTOR('',#16713,1.);
#16713 = DIRECTION('',(0.,-1.,0.));
#16714 = PCURVE('',#7142,#16715);
#16715 = DEFINITIONAL_REPRESENTATION('',(#16716),#16719);
#16716 = B_SPLINE_CURVE_WITH_KNOTS('',1,(#16717,#16718),.UNSPECIFIED.,
  .F.,.F.,(2,2),(3.8,10.2),.PIECEWISE_BEZIER_KNOTS.);
#16717 = CARTESIAN_POINT('',(1.945726304446,-10.8));
#16718 = CARTESIAN_POINT('',(1.945726304446,-17.2));
#16719 = ( GEOMETRIC_REPRESENTATION_CONTEXT(2) 
PARAMETRIC_REPRESENTATION_CONTEXT() REPRESENTATION_CONTEXT('2D SPACE',''
  ) );
#16720 = PCURVE('',#10538,#16721);
#16721 = DEFINITIONAL_REPRESENTATION('',(#16722),#16725);
#16722 = B_SPLINE_CURVE_WITH_KNOTS('',1,(#16723,#16724),.UNSPECIFIED.,
  .F.,.F.,(2,2),(3.8,10.2),.PIECEWISE_BEZIER_KNOTS.);
#16723 = CARTESIAN_POINT('',(4.982636155803,3.2));
#16724 = CARTESIAN_POINT('',(4.982636155803,-3.2));
#16725 = ( GEOMETRIC_REPRESENTATION_CONTEXT(2) 
PARAMETRIC_REPRESENTATION_CONTEXT() REPRESENTATION_CONTEXT('2D SPACE',''
  ) );
#16726 = ORIENTED_EDGE('',*,*,#10501,.F.);
#16727 = ORIENTED_EDGE('',*,*,#7389,.T.);
#16728 = ORIENTED_EDGE('',*,*,#16502,.T.);
#16729 = ADVANCED_FACE('',(#16730,#16756),#7453,.T.);
#16730 = FACE_BOUND('',#16731,.T.);
#16731 = EDGE_LOOP('',(#16732));
#16732 = ORIENTED_EDGE('',*,*,#16733,.T.);
#16733 = EDGE_CURVE('',#16734,#16734,#16736,.T.);
#16734 = VERTEX_POINT('',#16735);
#16735 = CARTESIAN_POINT('',(-10.3,43.,14.8));
#16736 = SURFACE_CURVE('',#16737,(#16742,#16749),.PCURVE_S1.);
#16737 = CIRCLE('',#16738,3.2);
#16738 = AXIS2_PLACEMENT_3D('',#16739,#16740,#16741);
#16739 = CARTESIAN_POINT('',(-13.5,43.,14.8));
#16740 = DIRECTION('',(0.,0.,1.));
#16741 = DIRECTION('',(1.,0.,0.));
#16742 = PCURVE('',#7453,#16743);
#16743 = DEFINITIONAL_REPRESENTATION('',(#16744),#16748);
#16744 = CIRCLE('',#16745,3.2);
#16745 = AXIS2_PLACEMENT_2D('',#16746,#16747);
#16746 = CARTESIAN_POINT('',(0.,0.));
#16747 = DIRECTION('',(1.,0.));
#16748 = ( GEOMETRIC_REPRESENTATION_CONTEXT(2) 
PARAMETRIC_REPRESENTATION_CONTEXT() REPRESENTATION_CONTEXT('2D SPACE',''
  ) );
#16749 = PCURVE('',#8938,#16750);
#16750 = DEFINITIONAL_REPRESENTATION('',(#16751),#16755);
#16751 = LINE('',#16752,#16753);
#16752 = CARTESIAN_POINT('',(-0.,0.));
#16753 = VECTOR('',#16754,1.);
#16754 = DIRECTION('',(-1.,0.));
#16755 = ( GEOMETRIC_REPRESENTATION_CONTEXT(2) 
PARAMETRIC_REPRESENTATION_CONTEXT() REPRESENTATION_CONTEXT('2D SPACE',''
  ) );
#16756 = FACE_BOUND('',#16757,.T.);
#16757 = EDGE_LOOP('',(#16758));
#16758 = ORIENTED_EDGE('',*,*,#7438,.T.);
#16759 = ADVANCED_FACE('',(#16760,#16786),#7512,.T.);
#16760 = FACE_BOUND('',#16761,.T.);
#16761 = EDGE_LOOP('',(#16762));
#16762 = ORIENTED_EDGE('',*,*,#16763,.T.);
#16763 = EDGE_CURVE('',#16764,#16764,#16766,.T.);
#16764 = VERTEX_POINT('',#16765);
#16765 = CARTESIAN_POINT('',(31.4,21.5,15.8));
#16766 = SURFACE_CURVE('',#16767,(#16772,#16779),.PCURVE_S1.);
#16767 = CIRCLE('',#16768,2.4);
#16768 = AXIS2_PLACEMENT_3D('',#16769,#16770,#16771);
#16769 = CARTESIAN_POINT('',(29.,21.5,15.8));
#16770 = DIRECTION('',(0.,0.,1.));
#16771 = DIRECTION('',(1.,0.,0.));
#16772 = PCURVE('',#7512,#16773);
#16773 = DEFINITIONAL_REPRESENTATION('',(#16774),#16778);
#16774 = CIRCLE('',#16775,2.4);
#16775 = AXIS2_PLACEMENT_2D('',#16776,#16777);
#16776 = CARTESIAN_POINT('',(0.,0.));
#16777 = DIRECTION('',(1.,0.));
#16778 = ( GEOMETRIC_REPRESENTATION_CONTEXT(2) 
PARAMETRIC_REPRESENTATION_CONTEXT() REPRESENTATION_CONTEXT('2D SPACE',''
  ) );
#16779 = PCURVE('',#8661,#16780);
#16780 = DEFINITIONAL_REPRESENTATION('',(#16781),#16785);
#16781 = LINE('',#16782,#16783);
#16782 = CARTESIAN_POINT('',(-0.,0.));
#16783 = VECTOR('',#16784,1.);
#16784 = DIRECTION('',(-1.,0.));
#16785 = ( GEOMETRIC_REPRESENTATION_CONTEXT(2) 
PARAMETRIC_REPRESENTATION_CONTEXT() REPRESENTATION_CONTEXT('2D SPACE',''
  ) );
#16786 = FACE_BOUND('',#16787,.T.);
#16787 = EDGE_LOOP('',(#16788));
#16788 = ORIENTED_EDGE('',*,*,#7497,.T.);
#16789 = ADVANCED_FACE('',(#16790,#16816),#7571,.T.);
#16790 = FACE_BOUND('',#16791,.T.);
#16791 = EDGE_LOOP('',(#16792));
#16792 = ORIENTED_EDGE('',*,*,#16793,.T.);
#16793 = EDGE_CURVE('',#16794,#16794,#16796,.T.);
#16794 = VERTEX_POINT('',#16795);
#16795 = CARTESIAN_POINT('',(16.7,43.,14.8));
#16796 = SURFACE_CURVE('',#16797,(#16802,#16809),.PCURVE_S1.);
#16797 = CIRCLE('',#16798,3.2);
#16798 = AXIS2_PLACEMENT_3D('',#16799,#16800,#16801);
#16799 = CARTESIAN_POINT('',(13.5,43.,14.8));
#16800 = DIRECTION('',(0.,0.,1.));
#16801 = DIRECTION('',(1.,0.,0.));
#16802 = PCURVE('',#7571,#16803);
#16803 = DEFINITIONAL_REPRESENTATION('',(#16804),#16808);
#16804 = CIRCLE('',#16805,3.2);
#16805 = AXIS2_PLACEMENT_2D('',#16806,#16807);
#16806 = CARTESIAN_POINT('',(0.,0.));
#16807 = DIRECTION('',(1.,0.));
#16808 = ( GEOMETRIC_REPRESENTATION_CONTEXT(2) 
PARAMETRIC_REPRESENTATION_CONTEXT() REPRESENTATION_CONTEXT('2D SPACE',''
  ) );
#16809 = PCURVE('',#8727,#16810);
#16810 = DEFINITIONAL_REPRESENTATION('',(#16811),#16815);
#16811 = LINE('',#16812,#16813);
#16812 = CARTESIAN_POINT('',(-0.,0.));
#16813 = VECTOR('',#16814,1.);
#16814 = DIRECTION('',(-1.,0.));
#16815 = ( GEOMETRIC_REPRESENTATION_CONTEXT(2) 
PARAMETRIC_REPRESENTATION_CONTEXT() REPRESENTATION_CONTEXT('2D SPACE',''
  ) );
#16816 = FACE_BOUND('',#16817,.T.);
#16817 = EDGE_LOOP('',(#16818));
#16818 = ORIENTED_EDGE('',*,*,#7556,.T.);
#16819 = ADVANCED_FACE('',(#16820),#7651,.T.);
#16820 = FACE_BOUND('',#16821,.T.);
#16821 = EDGE_LOOP('',(#16822,#16843,#16844,#16845));
#16822 = ORIENTED_EDGE('',*,*,#16823,.F.);
#16823 = EDGE_CURVE('',#7777,#7904,#16824,.T.);
#16824 = SURFACE_CURVE('',#16825,(#16829,#16836),.PCURVE_S1.);
#16825 = LINE('',#16826,#16827);
#16826 = CARTESIAN_POINT('',(-15.5,-33.7,12.));
#16827 = VECTOR('',#16828,1.);
#16828 = DIRECTION('',(0.,1.,0.));
#16829 = PCURVE('',#7651,#16830);
#16830 = DEFINITIONAL_REPRESENTATION('',(#16831),#16835);
#16831 = LINE('',#16832,#16833);
#16832 = CARTESIAN_POINT('',(-0.,-3.2));
#16833 = VECTOR('',#16834,1.);
#16834 = DIRECTION('',(0.,1.));
#16835 = ( GEOMETRIC_REPRESENTATION_CONTEXT(2) 
PARAMETRIC_REPRESENTATION_CONTEXT() REPRESENTATION_CONTEXT('2D SPACE',''
  ) );
#16836 = PCURVE('',#7792,#16837);
#16837 = DEFINITIONAL_REPRESENTATION('',(#16838),#16842);
#16838 = LINE('',#16839,#16840);
#16839 = CARTESIAN_POINT('',(4.,-3.2));
#16840 = VECTOR('',#16841,1.);
#16841 = DIRECTION('',(0.,1.));
#16842 = ( GEOMETRIC_REPRESENTATION_CONTEXT(2) 
PARAMETRIC_REPRESENTATION_CONTEXT() REPRESENTATION_CONTEXT('2D SPACE',''
  ) );
#16843 = ORIENTED_EDGE('',*,*,#7804,.T.);
#16844 = ORIENTED_EDGE('',*,*,#7636,.T.);
#16845 = ORIENTED_EDGE('',*,*,#7926,.F.);
#16846 = ADVANCED_FACE('',(#16847),#7792,.T.);
#16847 = FACE_BOUND('',#16848,.T.);
#16848 = EDGE_LOOP('',(#16849,#16850,#16851,#16852));
#16849 = ORIENTED_EDGE('',*,*,#7776,.T.);
#16850 = ORIENTED_EDGE('',*,*,#16823,.T.);
#16851 = ORIENTED_EDGE('',*,*,#7903,.F.);
#16852 = ORIENTED_EDGE('',*,*,#16853,.T.);
#16853 = EDGE_CURVE('',#7881,#7749,#16854,.T.);
#16854 = SURFACE_CURVE('',#16855,(#16859,#16866),.PCURVE_S1.);
#16855 = LINE('',#16856,#16857);
#16856 = CARTESIAN_POINT('',(-11.5,-27.3,12.));
#16857 = VECTOR('',#16858,1.);
#16858 = DIRECTION('',(0.,-1.,0.));
#16859 = PCURVE('',#7792,#16860);
#16860 = DEFINITIONAL_REPRESENTATION('',(#16861),#16865);
#16861 = LINE('',#16862,#16863);
#16862 = CARTESIAN_POINT('',(0.,3.2));
#16863 = VECTOR('',#16864,1.);
#16864 = DIRECTION('',(0.,-1.));
#16865 = ( GEOMETRIC_REPRESENTATION_CONTEXT(2) 
PARAMETRIC_REPRESENTATION_CONTEXT() REPRESENTATION_CONTEXT('2D SPACE',''
  ) );
#16866 = PCURVE('',#7764,#16867);
#16867 = DEFINITIONAL_REPRESENTATION('',(#16868),#16872);
#16868 = LINE('',#16869,#16870);
#16869 = CARTESIAN_POINT('',(5.656854249492,3.2));
#16870 = VECTOR('',#16871,1.);
#16871 = DIRECTION('',(0.,-1.));
#16872 = ( GEOMETRIC_REPRESENTATION_CONTEXT(2) 
PARAMETRIC_REPRESENTATION_CONTEXT() REPRESENTATION_CONTEXT('2D SPACE',''
  ) );
#16873 = ADVANCED_FACE('',(#16874),#7764,.T.);
#16874 = FACE_BOUND('',#16875,.T.);
#16875 = EDGE_LOOP('',(#16876,#16877,#16878,#16879));
#16876 = ORIENTED_EDGE('',*,*,#9480,.T.);
#16877 = ORIENTED_EDGE('',*,*,#7748,.T.);
#16878 = ORIENTED_EDGE('',*,*,#16853,.F.);
#16879 = ORIENTED_EDGE('',*,*,#7880,.F.);
#16880 = ADVANCED_FACE('',(#16881),#8415,.T.);
#16881 = FACE_BOUND('',#16882,.T.);
#16882 = EDGE_LOOP('',(#16883,#16884,#16885,#16886));
#16883 = ORIENTED_EDGE('',*,*,#16114,.F.);
#16884 = ORIENTED_EDGE('',*,*,#8399,.T.);
#16885 = ORIENTED_EDGE('',*,*,#13338,.F.);
#16886 = ORIENTED_EDGE('',*,*,#13820,.F.);
#16887 = ADVANCED_FACE('',(#16888),#8083,.T.);
#16888 = FACE_BOUND('',#16889,.T.);
#16889 = EDGE_LOOP('',(#16890,#16891,#16892,#16893));
#16890 = ORIENTED_EDGE('',*,*,#12169,.T.);
#16891 = ORIENTED_EDGE('',*,*,#8067,.T.);
#16892 = ORIENTED_EDGE('',*,*,#8953,.T.);
#16893 = ORIENTED_EDGE('',*,*,#9633,.F.);
#16894 = ADVANCED_FACE('',(#16895),#8297,.T.);
#16895 = FACE_BOUND('',#16896,.T.);
#16896 = EDGE_LOOP('',(#16897,#16898,#16899,#16900));
#16897 = ORIENTED_EDGE('',*,*,#13302,.T.);
#16898 = ORIENTED_EDGE('',*,*,#8281,.T.);
#16899 = ORIENTED_EDGE('',*,*,#16086,.T.);
#16900 = ORIENTED_EDGE('',*,*,#13549,.F.);
#16901 = ADVANCED_FACE('',(#16902),#8179,.T.);
#16902 = FACE_BOUND('',#16903,.T.);
#16903 = EDGE_LOOP('',(#16904,#16905,#16906,#16907));
#16904 = ORIENTED_EDGE('',*,*,#9577,.F.);
#16905 = ORIENTED_EDGE('',*,*,#8163,.T.);
#16906 = ORIENTED_EDGE('',*,*,#12332,.F.);
#16907 = ORIENTED_EDGE('',*,*,#9994,.F.);
#16908 = ADVANCED_FACE('',(#16909),#8467,.F.);
#16909 = FACE_BOUND('',#16910,.T.);
#16910 = EDGE_LOOP('',(#16911,#16912,#16933,#16934));
#16911 = ORIENTED_EDGE('',*,*,#16279,.F.);
#16912 = ORIENTED_EDGE('',*,*,#16913,.T.);
#16913 = EDGE_CURVE('',#16280,#8451,#16914,.T.);
#16914 = SEAM_CURVE('',#16915,(#16919,#16926),.PCURVE_S1.);
#16915 = LINE('',#16916,#16917);
#16916 = CARTESIAN_POINT('',(16.7,-43.,14.8));
#16917 = VECTOR('',#16918,1.);
#16918 = DIRECTION('',(0.,0.,1.));
#16919 = PCURVE('',#8467,#16920);
#16920 = DEFINITIONAL_REPRESENTATION('',(#16921),#16925);
#16921 = LINE('',#16922,#16923);
#16922 = CARTESIAN_POINT('',(-6.28318530718,0.));
#16923 = VECTOR('',#16924,1.);
#16924 = DIRECTION('',(-0.,-1.));
#16925 = ( GEOMETRIC_REPRESENTATION_CONTEXT(2) 
PARAMETRIC_REPRESENTATION_CONTEXT() REPRESENTATION_CONTEXT('2D SPACE',''
  ) );
#16926 = PCURVE('',#8467,#16927);
#16927 = DEFINITIONAL_REPRESENTATION('',(#16928),#16932);
#16928 = LINE('',#16929,#16930);
#16929 = CARTESIAN_POINT('',(-0.,0.));
#16930 = VECTOR('',#16931,1.);
#16931 = DIRECTION('',(-0.,-1.));
#16932 = ( GEOMETRIC_REPRESENTATION_CONTEXT(2) 
PARAMETRIC_REPRESENTATION_CONTEXT() REPRESENTATION_CONTEXT('2D SPACE',''
  ) );
#16933 = ORIENTED_EDGE('',*,*,#8450,.F.);
#16934 = ORIENTED_EDGE('',*,*,#16913,.F.);
#16935 = ADVANCED_FACE('',(#16936),#8498,.F.);
#16936 = FACE_BOUND('',#16937,.T.);
#16937 = EDGE_LOOP('',(#16938,#16939,#16960,#16961));
#16938 = ORIENTED_EDGE('',*,*,#16309,.F.);
#16939 = ORIENTED_EDGE('',*,*,#16940,.T.);
#16940 = EDGE_CURVE('',#16310,#8482,#16941,.T.);
#16941 = SEAM_CURVE('',#16942,(#16946,#16953),.PCURVE_S1.);
#16942 = LINE('',#16943,#16944);
#16943 = CARTESIAN_POINT('',(31.4,-21.5,15.8));
#16944 = VECTOR('',#16945,1.);
#16945 = DIRECTION('',(0.,0.,1.));
#16946 = PCURVE('',#8498,#16947);
#16947 = DEFINITIONAL_REPRESENTATION('',(#16948),#16952);
#16948 = LINE('',#16949,#16950);
#16949 = CARTESIAN_POINT('',(-6.28318530718,0.));
#16950 = VECTOR('',#16951,1.);
#16951 = DIRECTION('',(-0.,-1.));
#16952 = ( GEOMETRIC_REPRESENTATION_CONTEXT(2) 
PARAMETRIC_REPRESENTATION_CONTEXT() REPRESENTATION_CONTEXT('2D SPACE',''
  ) );
#16953 = PCURVE('',#8498,#16954);
#16954 = DEFINITIONAL_REPRESENTATION('',(#16955),#16959);
#16955 = LINE('',#16956,#16957);
#16956 = CARTESIAN_POINT('',(-0.,0.));
#16957 = VECTOR('',#16958,1.);
#16958 = DIRECTION('',(-0.,-1.));
#16959 = ( GEOMETRIC_REPRESENTATION_CONTEXT(2) 
PARAMETRIC_REPRESENTATION_CONTEXT() REPRESENTATION_CONTEXT('2D SPACE',''
  ) );
#16960 = ORIENTED_EDGE('',*,*,#8481,.F.);
#16961 = ORIENTED_EDGE('',*,*,#16940,.F.);
#16962 = ADVANCED_FACE('',(#16963),#8533,.T.);
#16963 = FACE_BOUND('',#16964,.F.);
#16964 = EDGE_LOOP('',(#16965,#16988,#17015,#17016));
#16965 = ORIENTED_EDGE('',*,*,#16966,.T.);
#16966 = EDGE_CURVE('',#8513,#16967,#16969,.T.);
#16967 = VERTEX_POINT('',#16968);
#16968 = CARTESIAN_POINT('',(18.25,-15.25,23.));
#16969 = SEAM_CURVE('',#16970,(#16974,#16981),.PCURVE_S1.);
#16970 = LINE('',#16971,#16972);
#16971 = CARTESIAN_POINT('',(18.25,-15.25,18.));
#16972 = VECTOR('',#16973,1.);
#16973 = DIRECTION('',(0.,0.,1.));
#16974 = PCURVE('',#8533,#16975);
#16975 = DEFINITIONAL_REPRESENTATION('',(#16976),#16980);
#16976 = LINE('',#16977,#16978);
#16977 = CARTESIAN_POINT('',(-0.,0.));
#16978 = VECTOR('',#16979,1.);
#16979 = DIRECTION('',(-0.,-1.));
#16980 = ( GEOMETRIC_REPRESENTATION_CONTEXT(2) 
PARAMETRIC_REPRESENTATION_CONTEXT() REPRESENTATION_CONTEXT('2D SPACE',''
  ) );
#16981 = PCURVE('',#8533,#16982);
#16982 = DEFINITIONAL_REPRESENTATION('',(#16983),#16987);
#16983 = LINE('',#16984,#16985);
#16984 = CARTESIAN_POINT('',(-6.28318530718,0.));
#16985 = VECTOR('',#16986,1.);
#16986 = DIRECTION('',(-0.,-1.));
#16987 = ( GEOMETRIC_REPRESENTATION_CONTEXT(2) 
PARAMETRIC_REPRESENTATION_CONTEXT() REPRESENTATION_CONTEXT('2D SPACE',''
  ) );
#16988 = ORIENTED_EDGE('',*,*,#16989,.T.);
#16989 = EDGE_CURVE('',#16967,#16967,#16990,.T.);
#16990 = SURFACE_CURVE('',#16991,(#16996,#17003),.PCURVE_S1.);
#16991 = CIRCLE('',#16992,3.);
#16992 = AXIS2_PLACEMENT_3D('',#16993,#16994,#16995);
#16993 = CARTESIAN_POINT('',(15.25,-15.25,23.));
#16994 = DIRECTION('',(0.,0.,1.));
#16995 = DIRECTION('',(1.,0.,0.));
#16996 = PCURVE('',#8533,#16997);
#16997 = DEFINITIONAL_REPRESENTATION('',(#16998),#17002);
#16998 = LINE('',#16999,#17000);
#16999 = CARTESIAN_POINT('',(-0.,-5.));
#17000 = VECTOR('',#17001,1.);
#17001 = DIRECTION('',(-1.,0.));
#17002 = ( GEOMETRIC_REPRESENTATION_CONTEXT(2) 
PARAMETRIC_REPRESENTATION_CONTEXT() REPRESENTATION_CONTEXT('2D SPACE',''
  ) );
#17003 = PCURVE('',#17004,#17009);
#17004 = PLANE('',#17005);
#17005 = AXIS2_PLACEMENT_3D('',#17006,#17007,#17008);
#17006 = CARTESIAN_POINT('',(15.25,-15.25,23.));
#17007 = DIRECTION('',(0.,0.,1.));
#17008 = DIRECTION('',(1.,0.,-0.));
#17009 = DEFINITIONAL_REPRESENTATION('',(#17010),#17014);
#17010 = CIRCLE('',#17011,3.);
#17011 = AXIS2_PLACEMENT_2D('',#17012,#17013);
#17012 = CARTESIAN_POINT('',(0.,0.));
#17013 = DIRECTION('',(1.,0.));
#17014 = ( GEOMETRIC_REPRESENTATION_CONTEXT(2) 
PARAMETRIC_REPRESENTATION_CONTEXT() REPRESENTATION_CONTEXT('2D SPACE',''
  ) );
#17015 = ORIENTED_EDGE('',*,*,#16966,.F.);
#17016 = ORIENTED_EDGE('',*,*,#8512,.F.);
#17017 = ADVANCED_FACE('',(#17018),#8564,.F.);
#17018 = FACE_BOUND('',#17019,.T.);
#17019 = EDGE_LOOP('',(#17020,#17021,#17042,#17043));
#17020 = ORIENTED_EDGE('',*,*,#16219,.F.);
#17021 = ORIENTED_EDGE('',*,*,#17022,.T.);
#17022 = EDGE_CURVE('',#16220,#8548,#17023,.T.);
#17023 = SEAM_CURVE('',#17024,(#17028,#17035),.PCURVE_S1.);
#17024 = LINE('',#17025,#17026);
#17025 = CARTESIAN_POINT('',(-10.3,-43.,14.8));
#17026 = VECTOR('',#17027,1.);
#17027 = DIRECTION('',(0.,0.,1.));
#17028 = PCURVE('',#8564,#17029);
#17029 = DEFINITIONAL_REPRESENTATION('',(#17030),#17034);
#17030 = LINE('',#17031,#17032);
#17031 = CARTESIAN_POINT('',(-6.28318530718,0.));
#17032 = VECTOR('',#17033,1.);
#17033 = DIRECTION('',(-0.,-1.));
#17034 = ( GEOMETRIC_REPRESENTATION_CONTEXT(2) 
PARAMETRIC_REPRESENTATION_CONTEXT() REPRESENTATION_CONTEXT('2D SPACE',''
  ) );
#17035 = PCURVE('',#8564,#17036);
#17036 = DEFINITIONAL_REPRESENTATION('',(#17037),#17041);
#17037 = LINE('',#17038,#17039);
#17038 = CARTESIAN_POINT('',(-0.,0.));
#17039 = VECTOR('',#17040,1.);
#17040 = DIRECTION('',(-0.,-1.));
#17041 = ( GEOMETRIC_REPRESENTATION_CONTEXT(2) 
PARAMETRIC_REPRESENTATION_CONTEXT() REPRESENTATION_CONTEXT('2D SPACE',''
  ) );
#17042 = ORIENTED_EDGE('',*,*,#8547,.F.);
#17043 = ORIENTED_EDGE('',*,*,#17022,.F.);
#17044 = ADVANCED_FACE('',(#17045),#8599,.T.);
#17045 = FACE_BOUND('',#17046,.F.);
#17046 = EDGE_LOOP('',(#17047,#17070,#17097,#17098));
#17047 = ORIENTED_EDGE('',*,*,#17048,.T.);
#17048 = EDGE_CURVE('',#8579,#17049,#17051,.T.);
#17049 = VERTEX_POINT('',#17050);
#17050 = CARTESIAN_POINT('',(-12.25,-15.25,23.));
#17051 = SEAM_CURVE('',#17052,(#17056,#17063),.PCURVE_S1.);
#17052 = LINE('',#17053,#17054);
#17053 = CARTESIAN_POINT('',(-12.25,-15.25,18.));
#17054 = VECTOR('',#17055,1.);
#17055 = DIRECTION('',(0.,0.,1.));
#17056 = PCURVE('',#8599,#17057);
#17057 = DEFINITIONAL_REPRESENTATION('',(#17058),#17062);
#17058 = LINE('',#17059,#17060);
#17059 = CARTESIAN_POINT('',(-0.,0.));
#17060 = VECTOR('',#17061,1.);
#17061 = DIRECTION('',(-0.,-1.));
#17062 = ( GEOMETRIC_REPRESENTATION_CONTEXT(2) 
PARAMETRIC_REPRESENTATION_CONTEXT() REPRESENTATION_CONTEXT('2D SPACE',''
  ) );
#17063 = PCURVE('',#8599,#17064);
#17064 = DEFINITIONAL_REPRESENTATION('',(#17065),#17069);
#17065 = LINE('',#17066,#17067);
#17066 = CARTESIAN_POINT('',(-6.28318530718,0.));
#17067 = VECTOR('',#17068,1.);
#17068 = DIRECTION('',(-0.,-1.));
#17069 = ( GEOMETRIC_REPRESENTATION_CONTEXT(2) 
PARAMETRIC_REPRESENTATION_CONTEXT() REPRESENTATION_CONTEXT('2D SPACE',''
  ) );
#17070 = ORIENTED_EDGE('',*,*,#17071,.T.);
#17071 = EDGE_CURVE('',#17049,#17049,#17072,.T.);
#17072 = SURFACE_CURVE('',#17073,(#17078,#17085),.PCURVE_S1.);
#17073 = CIRCLE('',#17074,3.);
#17074 = AXIS2_PLACEMENT_3D('',#17075,#17076,#17077);
#17075 = CARTESIAN_POINT('',(-15.25,-15.25,23.));
#17076 = DIRECTION('',(0.,0.,1.));
#17077 = DIRECTION('',(1.,0.,0.));
#17078 = PCURVE('',#8599,#17079);
#17079 = DEFINITIONAL_REPRESENTATION('',(#17080),#17084);
#17080 = LINE('',#17081,#17082);
#17081 = CARTESIAN_POINT('',(-0.,-5.));
#17082 = VECTOR('',#17083,1.);
#17083 = DIRECTION('',(-1.,0.));
#17084 = ( GEOMETRIC_REPRESENTATION_CONTEXT(2) 
PARAMETRIC_REPRESENTATION_CONTEXT() REPRESENTATION_CONTEXT('2D SPACE',''
  ) );
#17085 = PCURVE('',#17086,#17091);
#17086 = PLANE('',#17087);
#17087 = AXIS2_PLACEMENT_3D('',#17088,#17089,#17090);
#17088 = CARTESIAN_POINT('',(-15.25,-15.25,23.));
#17089 = DIRECTION('',(0.,0.,1.));
#17090 = DIRECTION('',(1.,0.,-0.));
#17091 = DEFINITIONAL_REPRESENTATION('',(#17092),#17096);
#17092 = CIRCLE('',#17093,3.);
#17093 = AXIS2_PLACEMENT_2D('',#17094,#17095);
#17094 = CARTESIAN_POINT('',(0.,0.));
#17095 = DIRECTION('',(1.,0.));
#17096 = ( GEOMETRIC_REPRESENTATION_CONTEXT(2) 
PARAMETRIC_REPRESENTATION_CONTEXT() REPRESENTATION_CONTEXT('2D SPACE',''
  ) );
#17097 = ORIENTED_EDGE('',*,*,#17048,.F.);
#17098 = ORIENTED_EDGE('',*,*,#8578,.F.);
#17099 = ADVANCED_FACE('',(#17100),#8630,.F.);
#17100 = FACE_BOUND('',#17101,.T.);
#17101 = EDGE_LOOP('',(#17102,#17103,#17124,#17125));
#17102 = ORIENTED_EDGE('',*,*,#16249,.F.);
#17103 = ORIENTED_EDGE('',*,*,#17104,.T.);
#17104 = EDGE_CURVE('',#16250,#8614,#17105,.T.);
#17105 = SEAM_CURVE('',#17106,(#17110,#17117),.PCURVE_S1.);
#17106 = LINE('',#17107,#17108);
#17107 = CARTESIAN_POINT('',(-26.6,-21.5,15.8));
#17108 = VECTOR('',#17109,1.);
#17109 = DIRECTION('',(0.,0.,1.));
#17110 = PCURVE('',#8630,#17111);
#17111 = DEFINITIONAL_REPRESENTATION('',(#17112),#17116);
#17112 = LINE('',#17113,#17114);
#17113 = CARTESIAN_POINT('',(-6.28318530718,0.));
#17114 = VECTOR('',#17115,1.);
#17115 = DIRECTION('',(-0.,-1.));
#17116 = ( GEOMETRIC_REPRESENTATION_CONTEXT(2) 
PARAMETRIC_REPRESENTATION_CONTEXT() REPRESENTATION_CONTEXT('2D SPACE',''
  ) );
#17117 = PCURVE('',#8630,#17118);
#17118 = DEFINITIONAL_REPRESENTATION('',(#17119),#17123);
#17119 = LINE('',#17120,#17121);
#17120 = CARTESIAN_POINT('',(-0.,0.));
#17121 = VECTOR('',#17122,1.);
#17122 = DIRECTION('',(-0.,-1.));
#17123 = ( GEOMETRIC_REPRESENTATION_CONTEXT(2) 
PARAMETRIC_REPRESENTATION_CONTEXT() REPRESENTATION_CONTEXT('2D SPACE',''
  ) );
#17124 = ORIENTED_EDGE('',*,*,#8613,.F.);
#17125 = ORIENTED_EDGE('',*,*,#17104,.F.);
#17126 = ADVANCED_FACE('',(#17127),#8661,.F.);
#17127 = FACE_BOUND('',#17128,.T.);
#17128 = EDGE_LOOP('',(#17129,#17130,#17151,#17152));
#17129 = ORIENTED_EDGE('',*,*,#16763,.F.);
#17130 = ORIENTED_EDGE('',*,*,#17131,.T.);
#17131 = EDGE_CURVE('',#16764,#8645,#17132,.T.);
#17132 = SEAM_CURVE('',#17133,(#17137,#17144),.PCURVE_S1.);
#17133 = LINE('',#17134,#17135);
#17134 = CARTESIAN_POINT('',(31.4,21.5,15.8));
#17135 = VECTOR('',#17136,1.);
#17136 = DIRECTION('',(0.,0.,1.));
#17137 = PCURVE('',#8661,#17138);
#17138 = DEFINITIONAL_REPRESENTATION('',(#17139),#17143);
#17139 = LINE('',#17140,#17141);
#17140 = CARTESIAN_POINT('',(-6.28318530718,0.));
#17141 = VECTOR('',#17142,1.);
#17142 = DIRECTION('',(-0.,-1.));
#17143 = ( GEOMETRIC_REPRESENTATION_CONTEXT(2) 
PARAMETRIC_REPRESENTATION_CONTEXT() REPRESENTATION_CONTEXT('2D SPACE',''
  ) );
#17144 = PCURVE('',#8661,#17145);
#17145 = DEFINITIONAL_REPRESENTATION('',(#17146),#17150);
#17146 = LINE('',#17147,#17148);
#17147 = CARTESIAN_POINT('',(-0.,0.));
#17148 = VECTOR('',#17149,1.);
#17149 = DIRECTION('',(-0.,-1.));
#17150 = ( GEOMETRIC_REPRESENTATION_CONTEXT(2) 
PARAMETRIC_REPRESENTATION_CONTEXT() REPRESENTATION_CONTEXT('2D SPACE',''
  ) );
#17151 = ORIENTED_EDGE('',*,*,#8644,.F.);
#17152 = ORIENTED_EDGE('',*,*,#17131,.F.);
#17153 = ADVANCED_FACE('',(#17154),#8696,.T.);
#17154 = FACE_BOUND('',#17155,.F.);
#17155 = EDGE_LOOP('',(#17156,#17179,#17206,#17207));
#17156 = ORIENTED_EDGE('',*,*,#17157,.T.);
#17157 = EDGE_CURVE('',#8676,#17158,#17160,.T.);
#17158 = VERTEX_POINT('',#17159);
#17159 = CARTESIAN_POINT('',(18.25,15.25,23.));
#17160 = SEAM_CURVE('',#17161,(#17165,#17172),.PCURVE_S1.);
#17161 = LINE('',#17162,#17163);
#17162 = CARTESIAN_POINT('',(18.25,15.25,18.));
#17163 = VECTOR('',#17164,1.);
#17164 = DIRECTION('',(0.,0.,1.));
#17165 = PCURVE('',#8696,#17166);
#17166 = DEFINITIONAL_REPRESENTATION('',(#17167),#17171);
#17167 = LINE('',#17168,#17169);
#17168 = CARTESIAN_POINT('',(-0.,0.));
#17169 = VECTOR('',#17170,1.);
#17170 = DIRECTION('',(-0.,-1.));
#17171 = ( GEOMETRIC_REPRESENTATION_CONTEXT(2) 
PARAMETRIC_REPRESENTATION_CONTEXT() REPRESENTATION_CONTEXT('2D SPACE',''
  ) );
#17172 = PCURVE('',#8696,#17173);
#17173 = DEFINITIONAL_REPRESENTATION('',(#17174),#17178);
#17174 = LINE('',#17175,#17176);
#17175 = CARTESIAN_POINT('',(-6.28318530718,0.));
#17176 = VECTOR('',#17177,1.);
#17177 = DIRECTION('',(-0.,-1.));
#17178 = ( GEOMETRIC_REPRESENTATION_CONTEXT(2) 
PARAMETRIC_REPRESENTATION_CONTEXT() REPRESENTATION_CONTEXT('2D SPACE',''
  ) );
#17179 = ORIENTED_EDGE('',*,*,#17180,.T.);
#17180 = EDGE_CURVE('',#17158,#17158,#17181,.T.);
#17181 = SURFACE_CURVE('',#17182,(#17187,#17194),.PCURVE_S1.);
#17182 = CIRCLE('',#17183,3.);
#17183 = AXIS2_PLACEMENT_3D('',#17184,#17185,#17186);
#17184 = CARTESIAN_POINT('',(15.25,15.25,23.));
#17185 = DIRECTION('',(0.,0.,1.));
#17186 = DIRECTION('',(1.,0.,0.));
#17187 = PCURVE('',#8696,#17188);
#17188 = DEFINITIONAL_REPRESENTATION('',(#17189),#17193);
#17189 = LINE('',#17190,#17191);
#17190 = CARTESIAN_POINT('',(-0.,-5.));
#17191 = VECTOR('',#17192,1.);
#17192 = DIRECTION('',(-1.,0.));
#17193 = ( GEOMETRIC_REPRESENTATION_CONTEXT(2) 
PARAMETRIC_REPRESENTATION_CONTEXT() REPRESENTATION_CONTEXT('2D SPACE',''
  ) );
#17194 = PCURVE('',#17195,#17200);
#17195 = PLANE('',#17196);
#17196 = AXIS2_PLACEMENT_3D('',#17197,#17198,#17199);
#17197 = CARTESIAN_POINT('',(15.25,15.25,23.));
#17198 = DIRECTION('',(0.,0.,1.));
#17199 = DIRECTION('',(1.,0.,-0.));
#17200 = DEFINITIONAL_REPRESENTATION('',(#17201),#17205);
#17201 = CIRCLE('',#17202,3.);
#17202 = AXIS2_PLACEMENT_2D('',#17203,#17204);
#17203 = CARTESIAN_POINT('',(0.,0.));
#17204 = DIRECTION('',(1.,0.));
#17205 = ( GEOMETRIC_REPRESENTATION_CONTEXT(2) 
PARAMETRIC_REPRESENTATION_CONTEXT() REPRESENTATION_CONTEXT('2D SPACE',''
  ) );
#17206 = ORIENTED_EDGE('',*,*,#17157,.F.);
#17207 = ORIENTED_EDGE('',*,*,#8675,.F.);
#17208 = ADVANCED_FACE('',(#17209),#8727,.F.);
#17209 = FACE_BOUND('',#17210,.T.);
#17210 = EDGE_LOOP('',(#17211,#17212,#17233,#17234));
#17211 = ORIENTED_EDGE('',*,*,#16793,.F.);
#17212 = ORIENTED_EDGE('',*,*,#17213,.T.);
#17213 = EDGE_CURVE('',#16794,#8711,#17214,.T.);
#17214 = SEAM_CURVE('',#17215,(#17219,#17226),.PCURVE_S1.);
#17215 = LINE('',#17216,#17217);
#17216 = CARTESIAN_POINT('',(16.7,43.,14.8));
#17217 = VECTOR('',#17218,1.);
#17218 = DIRECTION('',(0.,0.,1.));
#17219 = PCURVE('',#8727,#17220);
#17220 = DEFINITIONAL_REPRESENTATION('',(#17221),#17225);
#17221 = LINE('',#17222,#17223);
#17222 = CARTESIAN_POINT('',(-6.28318530718,0.));
#17223 = VECTOR('',#17224,1.);
#17224 = DIRECTION('',(-0.,-1.));
#17225 = ( GEOMETRIC_REPRESENTATION_CONTEXT(2) 
PARAMETRIC_REPRESENTATION_CONTEXT() REPRESENTATION_CONTEXT('2D SPACE',''
  ) );
#17226 = PCURVE('',#8727,#17227);
#17227 = DEFINITIONAL_REPRESENTATION('',(#17228),#17232);
#17228 = LINE('',#17229,#17230);
#17229 = CARTESIAN_POINT('',(-0.,0.));
#17230 = VECTOR('',#17231,1.);
#17231 = DIRECTION('',(-0.,-1.));
#17232 = ( GEOMETRIC_REPRESENTATION_CONTEXT(2) 
PARAMETRIC_REPRESENTATION_CONTEXT() REPRESENTATION_CONTEXT('2D SPACE',''
  ) );
#17233 = ORIENTED_EDGE('',*,*,#8710,.F.);
#17234 = ORIENTED_EDGE('',*,*,#17213,.F.);
#17235 = ADVANCED_FACE('',(#17236),#8759,.T.);
#17236 = FACE_BOUND('',#17237,.T.);
#17237 = EDGE_LOOP('',(#17238,#17257,#17258,#17277));
#17238 = ORIENTED_EDGE('',*,*,#17239,.F.);
#17239 = EDGE_CURVE('',#8742,#16572,#17240,.T.);
#17240 = SURFACE_CURVE('',#17241,(#17245,#17251),.PCURVE_S1.);
#17241 = LINE('',#17242,#17243);
#17242 = CARTESIAN_POINT('',(-8.,16.,15.));
#17243 = VECTOR('',#17244,1.);
#17244 = DIRECTION('',(0.,0.,-1.));
#17245 = PCURVE('',#8759,#17246);
#17246 = DEFINITIONAL_REPRESENTATION('',(#17247),#17250);
#17247 = B_SPLINE_CURVE_WITH_KNOTS('',1,(#17248,#17249),.UNSPECIFIED.,
  .F.,.F.,(2,2),(-3.,0.),.PIECEWISE_BEZIER_KNOTS.);
#17248 = CARTESIAN_POINT('',(27.,-3.));
#17249 = CARTESIAN_POINT('',(27.,0.));
#17250 = ( GEOMETRIC_REPRESENTATION_CONTEXT(2) 
PARAMETRIC_REPRESENTATION_CONTEXT() REPRESENTATION_CONTEXT('2D SPACE',''
  ) );
#17251 = PCURVE('',#8841,#17252);
#17252 = DEFINITIONAL_REPRESENTATION('',(#17253),#17256);
#17253 = B_SPLINE_CURVE_WITH_KNOTS('',1,(#17254,#17255),.UNSPECIFIED.,
  .F.,.F.,(2,2),(-3.,0.),.PIECEWISE_BEZIER_KNOTS.);
#17254 = CARTESIAN_POINT('',(37.,-3.));
#17255 = CARTESIAN_POINT('',(37.,0.));
#17256 = ( GEOMETRIC_REPRESENTATION_CONTEXT(2) 
PARAMETRIC_REPRESENTATION_CONTEXT() REPRESENTATION_CONTEXT('2D SPACE',''
  ) );
#17257 = ORIENTED_EDGE('',*,*,#8741,.T.);
#17258 = ORIENTED_EDGE('',*,*,#17259,.F.);
#17259 = EDGE_CURVE('',#16503,#8744,#17260,.T.);
#17260 = SURFACE_CURVE('',#17261,(#17265,#17271),.PCURVE_S1.);
#17261 = LINE('',#17262,#17263);
#17262 = CARTESIAN_POINT('',(-8.,-16.,15.));
#17263 = VECTOR('',#17264,1.);
#17264 = DIRECTION('',(-0.,0.,1.));
#17265 = PCURVE('',#8759,#17266);
#17266 = DEFINITIONAL_REPRESENTATION('',(#17267),#17270);
#17267 = B_SPLINE_CURVE_WITH_KNOTS('',1,(#17268,#17269),.UNSPECIFIED.,
  .F.,.F.,(2,2),(0.,3.),.PIECEWISE_BEZIER_KNOTS.);
#17268 = CARTESIAN_POINT('',(59.,0.));
#17269 = CARTESIAN_POINT('',(59.,-3.));
#17270 = ( GEOMETRIC_REPRESENTATION_CONTEXT(2) 
PARAMETRIC_REPRESENTATION_CONTEXT() REPRESENTATION_CONTEXT('2D SPACE',''
  ) );
#17271 = PCURVE('',#8787,#17272);
#17272 = DEFINITIONAL_REPRESENTATION('',(#17273),#17276);
#17273 = B_SPLINE_CURVE_WITH_KNOTS('',1,(#17274,#17275),.UNSPECIFIED.,
  .F.,.F.,(2,2),(0.,3.),.PIECEWISE_BEZIER_KNOTS.);
#17274 = CARTESIAN_POINT('',(21.,0.));
#17275 = CARTESIAN_POINT('',(21.,-3.));
#17276 = ( GEOMETRIC_REPRESENTATION_CONTEXT(2) 
PARAMETRIC_REPRESENTATION_CONTEXT() REPRESENTATION_CONTEXT('2D SPACE',''
  ) );
#17277 = ORIENTED_EDGE('',*,*,#16640,.F.);
#17278 = ADVANCED_FACE('',(#17279),#8841,.T.);
#17279 = FACE_BOUND('',#17280,.T.);
#17280 = EDGE_LOOP('',(#17281,#17300,#17301,#17302));
#17281 = ORIENTED_EDGE('',*,*,#17282,.T.);
#17282 = EDGE_CURVE('',#16372,#8800,#17283,.T.);
#17283 = SURFACE_CURVE('',#17284,(#17288,#17294),.PCURVE_S1.);
#17284 = LINE('',#17285,#17286);
#17285 = CARTESIAN_POINT('',(8.,16.,15.));
#17286 = VECTOR('',#17287,1.);
#17287 = DIRECTION('',(0.,0.,1.));
#17288 = PCURVE('',#8841,#17289);
#17289 = DEFINITIONAL_REPRESENTATION('',(#17290),#17293);
#17290 = B_SPLINE_CURVE_WITH_KNOTS('',1,(#17291,#17292),.UNSPECIFIED.,
  .F.,.F.,(2,2),(0.,3.),.PIECEWISE_BEZIER_KNOTS.);
#17291 = CARTESIAN_POINT('',(21.,0.));
#17292 = CARTESIAN_POINT('',(21.,-3.));
#17293 = ( GEOMETRIC_REPRESENTATION_CONTEXT(2) 
PARAMETRIC_REPRESENTATION_CONTEXT() REPRESENTATION_CONTEXT('2D SPACE',''
  ) );
#17294 = PCURVE('',#8815,#17295);
#17295 = DEFINITIONAL_REPRESENTATION('',(#17296),#17299);
#17296 = B_SPLINE_CURVE_WITH_KNOTS('',1,(#17297,#17298),.UNSPECIFIED.,
  .F.,.F.,(2,2),(0.,3.),.PIECEWISE_BEZIER_KNOTS.);
#17297 = CARTESIAN_POINT('',(59.,0.));
#17298 = CARTESIAN_POINT('',(59.,-3.));
#17299 = ( GEOMETRIC_REPRESENTATION_CONTEXT(2) 
PARAMETRIC_REPRESENTATION_CONTEXT() REPRESENTATION_CONTEXT('2D SPACE',''
  ) );
#17300 = ORIENTED_EDGE('',*,*,#8827,.T.);
#17301 = ORIENTED_EDGE('',*,*,#17239,.T.);
#17302 = ORIENTED_EDGE('',*,*,#16571,.F.);
#17303 = ADVANCED_FACE('',(#17304),#8787,.T.);
#17304 = FACE_BOUND('',#17305,.T.);
#17305 = EDGE_LOOP('',(#17306,#17307,#17308,#17327));
#17306 = ORIENTED_EDGE('',*,*,#17259,.T.);
#17307 = ORIENTED_EDGE('',*,*,#8771,.T.);
#17308 = ORIENTED_EDGE('',*,*,#17309,.T.);
#17309 = EDGE_CURVE('',#8772,#16370,#17310,.T.);
#17310 = SURFACE_CURVE('',#17311,(#17315,#17321),.PCURVE_S1.);
#17311 = LINE('',#17312,#17313);
#17312 = CARTESIAN_POINT('',(8.,-16.,15.));
#17313 = VECTOR('',#17314,1.);
#17314 = DIRECTION('',(0.,0.,-1.));
#17315 = PCURVE('',#8787,#17316);
#17316 = DEFINITIONAL_REPRESENTATION('',(#17317),#17320);
#17317 = B_SPLINE_CURVE_WITH_KNOTS('',1,(#17318,#17319),.UNSPECIFIED.,
  .F.,.F.,(2,2),(-3.,0.),.PIECEWISE_BEZIER_KNOTS.);
#17318 = CARTESIAN_POINT('',(37.,-3.));
#17319 = CARTESIAN_POINT('',(37.,0.));
#17320 = ( GEOMETRIC_REPRESENTATION_CONTEXT(2) 
PARAMETRIC_REPRESENTATION_CONTEXT() REPRESENTATION_CONTEXT('2D SPACE',''
  ) );
#17321 = PCURVE('',#8815,#17322);
#17322 = DEFINITIONAL_REPRESENTATION('',(#17323),#17326);
#17323 = B_SPLINE_CURVE_WITH_KNOTS('',1,(#17324,#17325),.UNSPECIFIED.,
  .F.,.F.,(2,2),(-3.,0.),.PIECEWISE_BEZIER_KNOTS.);
#17324 = CARTESIAN_POINT('',(27.,-3.));
#17325 = CARTESIAN_POINT('',(27.,0.));
#17326 = ( GEOMETRIC_REPRESENTATION_CONTEXT(2) 
PARAMETRIC_REPRESENTATION_CONTEXT() REPRESENTATION_CONTEXT('2D SPACE',''
  ) );
#17327 = ORIENTED_EDGE('',*,*,#16547,.F.);
#17328 = ADVANCED_FACE('',(#17329),#8815,.T.);
#17329 = FACE_BOUND('',#17330,.T.);
#17330 = EDGE_LOOP('',(#17331,#17332,#17333,#17334));
#17331 = ORIENTED_EDGE('',*,*,#17309,.F.);
#17332 = ORIENTED_EDGE('',*,*,#8799,.T.);
#17333 = ORIENTED_EDGE('',*,*,#17282,.F.);
#17334 = ORIENTED_EDGE('',*,*,#16369,.F.);
#17335 = ADVANCED_FACE('',(#17336),#8876,.T.);
#17336 = FACE_BOUND('',#17337,.F.);
#17337 = EDGE_LOOP('',(#17338,#17361,#17388,#17389));
#17338 = ORIENTED_EDGE('',*,*,#17339,.T.);
#17339 = EDGE_CURVE('',#8856,#17340,#17342,.T.);
#17340 = VERTEX_POINT('',#17341);
#17341 = CARTESIAN_POINT('',(-12.25,15.25,23.));
#17342 = SEAM_CURVE('',#17343,(#17347,#17354),.PCURVE_S1.);
#17343 = LINE('',#17344,#17345);
#17344 = CARTESIAN_POINT('',(-12.25,15.25,18.));
#17345 = VECTOR('',#17346,1.);
#17346 = DIRECTION('',(0.,0.,1.));
#17347 = PCURVE('',#8876,#17348);
#17348 = DEFINITIONAL_REPRESENTATION('',(#17349),#17353);
#17349 = LINE('',#17350,#17351);
#17350 = CARTESIAN_POINT('',(-0.,0.));
#17351 = VECTOR('',#17352,1.);
#17352 = DIRECTION('',(-0.,-1.));
#17353 = ( GEOMETRIC_REPRESENTATION_CONTEXT(2) 
PARAMETRIC_REPRESENTATION_CONTEXT() REPRESENTATION_CONTEXT('2D SPACE',''
  ) );
#17354 = PCURVE('',#8876,#17355);
#17355 = DEFINITIONAL_REPRESENTATION('',(#17356),#17360);
#17356 = LINE('',#17357,#17358);
#17357 = CARTESIAN_POINT('',(-6.28318530718,0.));
#17358 = VECTOR('',#17359,1.);
#17359 = DIRECTION('',(-0.,-1.));
#17360 = ( GEOMETRIC_REPRESENTATION_CONTEXT(2) 
PARAMETRIC_REPRESENTATION_CONTEXT() REPRESENTATION_CONTEXT('2D SPACE',''
  ) );
#17361 = ORIENTED_EDGE('',*,*,#17362,.T.);
#17362 = EDGE_CURVE('',#17340,#17340,#17363,.T.);
#17363 = SURFACE_CURVE('',#17364,(#17369,#17376),.PCURVE_S1.);
#17364 = CIRCLE('',#17365,3.);
#17365 = AXIS2_PLACEMENT_3D('',#17366,#17367,#17368);
#17366 = CARTESIAN_POINT('',(-15.25,15.25,23.));
#17367 = DIRECTION('',(0.,0.,1.));
#17368 = DIRECTION('',(1.,0.,0.));
#17369 = PCURVE('',#8876,#17370);
#17370 = DEFINITIONAL_REPRESENTATION('',(#17371),#17375);
#17371 = LINE('',#17372,#17373);
#17372 = CARTESIAN_POINT('',(-0.,-5.));
#17373 = VECTOR('',#17374,1.);
#17374 = DIRECTION('',(-1.,0.));
#17375 = ( GEOMETRIC_REPRESENTATION_CONTEXT(2) 
PARAMETRIC_REPRESENTATION_CONTEXT() REPRESENTATION_CONTEXT('2D SPACE',''
  ) );
#17376 = PCURVE('',#17377,#17382);
#17377 = PLANE('',#17378);
#17378 = AXIS2_PLACEMENT_3D('',#17379,#17380,#17381);
#17379 = CARTESIAN_POINT('',(-15.25,15.25,23.));
#17380 = DIRECTION('',(0.,0.,1.));
#17381 = DIRECTION('',(1.,0.,-0.));
#17382 = DEFINITIONAL_REPRESENTATION('',(#17383),#17387);
#17383 = CIRCLE('',#17384,3.);
#17384 = AXIS2_PLACEMENT_2D('',#17385,#17386);
#17385 = CARTESIAN_POINT('',(0.,0.));
#17386 = DIRECTION('',(1.,0.));
#17387 = ( GEOMETRIC_REPRESENTATION_CONTEXT(2) 
PARAMETRIC_REPRESENTATION_CONTEXT() REPRESENTATION_CONTEXT('2D SPACE',''
  ) );
#17388 = ORIENTED_EDGE('',*,*,#17339,.F.);
#17389 = ORIENTED_EDGE('',*,*,#8855,.F.);
#17390 = ADVANCED_FACE('',(#17391),#8907,.F.);
#17391 = FACE_BOUND('',#17392,.T.);
#17392 = EDGE_LOOP('',(#17393,#17394,#17415,#17416));
#17393 = ORIENTED_EDGE('',*,*,#16339,.F.);
#17394 = ORIENTED_EDGE('',*,*,#17395,.T.);
#17395 = EDGE_CURVE('',#16340,#8891,#17396,.T.);
#17396 = SEAM_CURVE('',#17397,(#17401,#17408),.PCURVE_S1.);
#17397 = LINE('',#17398,#17399);
#17398 = CARTESIAN_POINT('',(-26.6,21.5,15.8));
#17399 = VECTOR('',#17400,1.);
#17400 = DIRECTION('',(0.,0.,1.));
#17401 = PCURVE('',#8907,#17402);
#17402 = DEFINITIONAL_REPRESENTATION('',(#17403),#17407);
#17403 = LINE('',#17404,#17405);
#17404 = CARTESIAN_POINT('',(-6.28318530718,0.));
#17405 = VECTOR('',#17406,1.);
#17406 = DIRECTION('',(-0.,-1.));
#17407 = ( GEOMETRIC_REPRESENTATION_CONTEXT(2) 
PARAMETRIC_REPRESENTATION_CONTEXT() REPRESENTATION_CONTEXT('2D SPACE',''
  ) );
#17408 = PCURVE('',#8907,#17409);
#17409 = DEFINITIONAL_REPRESENTATION('',(#17410),#17414);
#17410 = LINE('',#17411,#17412);
#17411 = CARTESIAN_POINT('',(-0.,0.));
#17412 = VECTOR('',#17413,1.);
#17413 = DIRECTION('',(-0.,-1.));
#17414 = ( GEOMETRIC_REPRESENTATION_CONTEXT(2) 
PARAMETRIC_REPRESENTATION_CONTEXT() REPRESENTATION_CONTEXT('2D SPACE',''
  ) );
#17415 = ORIENTED_EDGE('',*,*,#8890,.F.);
#17416 = ORIENTED_EDGE('',*,*,#17395,.F.);
#17417 = ADVANCED_FACE('',(#17418),#8938,.F.);
#17418 = FACE_BOUND('',#17419,.T.);
#17419 = EDGE_LOOP('',(#17420,#17421,#17442,#17443));
#17420 = ORIENTED_EDGE('',*,*,#16733,.F.);
#17421 = ORIENTED_EDGE('',*,*,#17422,.T.);
#17422 = EDGE_CURVE('',#16734,#8922,#17423,.T.);
#17423 = SEAM_CURVE('',#17424,(#17428,#17435),.PCURVE_S1.);
#17424 = LINE('',#17425,#17426);
#17425 = CARTESIAN_POINT('',(-10.3,43.,14.8));
#17426 = VECTOR('',#17427,1.);
#17427 = DIRECTION('',(0.,0.,1.));
#17428 = PCURVE('',#8938,#17429);
#17429 = DEFINITIONAL_REPRESENTATION('',(#17430),#17434);
#17430 = LINE('',#17431,#17432);
#17431 = CARTESIAN_POINT('',(-6.28318530718,0.));
#17432 = VECTOR('',#17433,1.);
#17433 = DIRECTION('',(-0.,-1.));
#17434 = ( GEOMETRIC_REPRESENTATION_CONTEXT(2) 
PARAMETRIC_REPRESENTATION_CONTEXT() REPRESENTATION_CONTEXT('2D SPACE',''
  ) );
#17435 = PCURVE('',#8938,#17436);
#17436 = DEFINITIONAL_REPRESENTATION('',(#17437),#17441);
#17437 = LINE('',#17438,#17439);
#17438 = CARTESIAN_POINT('',(-0.,0.));
#17439 = VECTOR('',#17440,1.);
#17440 = DIRECTION('',(-0.,-1.));
#17441 = ( GEOMETRIC_REPRESENTATION_CONTEXT(2) 
PARAMETRIC_REPRESENTATION_CONTEXT() REPRESENTATION_CONTEXT('2D SPACE',''
  ) );
#17442 = ORIENTED_EDGE('',*,*,#8921,.F.);
#17443 = ORIENTED_EDGE('',*,*,#17422,.F.);
#17444 = ADVANCED_FACE('',(#17445),#9059,.T.);
#17445 = FACE_BOUND('',#17446,.T.);
#17446 = EDGE_LOOP('',(#17447,#17468,#17469,#17470));
#17447 = ORIENTED_EDGE('',*,*,#17448,.F.);
#17448 = EDGE_CURVE('',#9218,#9411,#17449,.T.);
#17449 = SURFACE_CURVE('',#17450,(#17454,#17461),.PCURVE_S1.);
#17450 = LINE('',#17451,#17452);
#17451 = CARTESIAN_POINT('',(-15.8,-22.,12.));
#17452 = VECTOR('',#17453,1.);
#17453 = DIRECTION('',(-1.,0.,0.));
#17454 = PCURVE('',#9059,#17455);
#17455 = DEFINITIONAL_REPRESENTATION('',(#17456),#17460);
#17456 = LINE('',#17457,#17458);
#17457 = CARTESIAN_POINT('',(0.,-3.2));
#17458 = VECTOR('',#17459,1.);
#17459 = DIRECTION('',(-0.,1.));
#17460 = ( GEOMETRIC_REPRESENTATION_CONTEXT(2) 
PARAMETRIC_REPRESENTATION_CONTEXT() REPRESENTATION_CONTEXT('2D SPACE',''
  ) );
#17461 = PCURVE('',#9233,#17462);
#17462 = DEFINITIONAL_REPRESENTATION('',(#17463),#17467);
#17463 = LINE('',#17464,#17465);
#17464 = CARTESIAN_POINT('',(1.,-3.2));
#17465 = VECTOR('',#17466,1.);
#17466 = DIRECTION('',(0.,1.));
#17467 = ( GEOMETRIC_REPRESENTATION_CONTEXT(2) 
PARAMETRIC_REPRESENTATION_CONTEXT() REPRESENTATION_CONTEXT('2D SPACE',''
  ) );
#17468 = ORIENTED_EDGE('',*,*,#9245,.T.);
#17469 = ORIENTED_EDGE('',*,*,#9044,.T.);
#17470 = ORIENTED_EDGE('',*,*,#9433,.F.);
#17471 = ADVANCED_FACE('',(#17472),#9233,.T.);
#17472 = FACE_BOUND('',#17473,.T.);
#17473 = EDGE_LOOP('',(#17474,#17475,#17476,#17477));
#17474 = ORIENTED_EDGE('',*,*,#9217,.T.);
#17475 = ORIENTED_EDGE('',*,*,#17448,.T.);
#17476 = ORIENTED_EDGE('',*,*,#9410,.F.);
#17477 = ORIENTED_EDGE('',*,*,#17478,.T.);
#17478 = EDGE_CURVE('',#9388,#9190,#17479,.T.);
#17479 = SURFACE_CURVE('',#17480,(#17484,#17491),.PCURVE_S1.);
#17480 = LINE('',#17481,#17482);
#17481 = CARTESIAN_POINT('',(-22.2,-21.,12.));
#17482 = VECTOR('',#17483,1.);
#17483 = DIRECTION('',(1.,0.,0.));
#17484 = PCURVE('',#9233,#17485);
#17485 = DEFINITIONAL_REPRESENTATION('',(#17486),#17490);
#17486 = LINE('',#17487,#17488);
#17487 = CARTESIAN_POINT('',(0.,3.2));
#17488 = VECTOR('',#17489,1.);
#17489 = DIRECTION('',(0.,-1.));
#17490 = ( GEOMETRIC_REPRESENTATION_CONTEXT(2) 
PARAMETRIC_REPRESENTATION_CONTEXT() REPRESENTATION_CONTEXT('2D SPACE',''
  ) );
#17491 = PCURVE('',#9205,#17492);
#17492 = DEFINITIONAL_REPRESENTATION('',(#17493),#17497);
#17493 = LINE('',#17494,#17495);
#17494 = CARTESIAN_POINT('',(4.242640687119,3.2));
#17495 = VECTOR('',#17496,1.);
#17496 = DIRECTION('',(0.,-1.));
#17497 = ( GEOMETRIC_REPRESENTATION_CONTEXT(2) 
PARAMETRIC_REPRESENTATION_CONTEXT() REPRESENTATION_CONTEXT('2D SPACE',''
  ) );
#17498 = ADVANCED_FACE('',(#17499),#9205,.T.);
#17499 = FACE_BOUND('',#17500,.T.);
#17500 = EDGE_LOOP('',(#17501,#17502,#17503,#17504));
#17501 = ORIENTED_EDGE('',*,*,#9508,.T.);
#17502 = ORIENTED_EDGE('',*,*,#9189,.T.);
#17503 = ORIENTED_EDGE('',*,*,#17478,.F.);
#17504 = ORIENTED_EDGE('',*,*,#9387,.F.);
#17505 = ADVANCED_FACE('',(#17506),#9134,.T.);
#17506 = FACE_BOUND('',#17507,.T.);
#17507 = EDGE_LOOP('',(#17508,#17509,#17510,#17511));
#17508 = ORIENTED_EDGE('',*,*,#9118,.T.);
#17509 = ORIENTED_EDGE('',*,*,#9606,.F.);
#17510 = ORIENTED_EDGE('',*,*,#9321,.F.);
#17511 = ORIENTED_EDGE('',*,*,#9272,.T.);
#17512 = ADVANCED_FACE('',(#17513),#9712,.T.);
#17513 = FACE_BOUND('',#17514,.T.);
#17514 = EDGE_LOOP('',(#17515,#17536,#17537,#17538));
#17515 = ORIENTED_EDGE('',*,*,#17516,.F.);
#17516 = EDGE_CURVE('',#9820,#9947,#17517,.T.);
#17517 = SURFACE_CURVE('',#17518,(#17522,#17529),.PCURVE_S1.);
#17518 = LINE('',#17519,#17520);
#17519 = CARTESIAN_POINT('',(3.2,-23.5,12.));
#17520 = VECTOR('',#17521,1.);
#17521 = DIRECTION('',(-1.,0.,0.));
#17522 = PCURVE('',#9712,#17523);
#17523 = DEFINITIONAL_REPRESENTATION('',(#17524),#17528);
#17524 = LINE('',#17525,#17526);
#17525 = CARTESIAN_POINT('',(0.,-3.2));
#17526 = VECTOR('',#17527,1.);
#17527 = DIRECTION('',(-0.,1.));
#17528 = ( GEOMETRIC_REPRESENTATION_CONTEXT(2) 
PARAMETRIC_REPRESENTATION_CONTEXT() REPRESENTATION_CONTEXT('2D SPACE',''
  ) );
#17529 = PCURVE('',#9835,#17530);
#17530 = DEFINITIONAL_REPRESENTATION('',(#17531),#17535);
#17531 = LINE('',#17532,#17533);
#17532 = CARTESIAN_POINT('',(4.,-3.2));
#17533 = VECTOR('',#17534,1.);
#17534 = DIRECTION('',(0.,1.));
#17535 = ( GEOMETRIC_REPRESENTATION_CONTEXT(2) 
PARAMETRIC_REPRESENTATION_CONTEXT() REPRESENTATION_CONTEXT('2D SPACE',''
  ) );
#17536 = ORIENTED_EDGE('',*,*,#9847,.T.);
#17537 = ORIENTED_EDGE('',*,*,#9697,.T.);
#17538 = ORIENTED_EDGE('',*,*,#9969,.F.);
#17539 = ADVANCED_FACE('',(#17540),#9835,.T.);
#17540 = FACE_BOUND('',#17541,.T.);
#17541 = EDGE_LOOP('',(#17542,#17543,#17544,#17545));
#17542 = ORIENTED_EDGE('',*,*,#9819,.T.);
#17543 = ORIENTED_EDGE('',*,*,#17516,.T.);
#17544 = ORIENTED_EDGE('',*,*,#9946,.F.);
#17545 = ORIENTED_EDGE('',*,*,#17546,.T.);
#17546 = EDGE_CURVE('',#9924,#9792,#17547,.T.);
#17547 = SURFACE_CURVE('',#17548,(#17552,#17559),.PCURVE_S1.);
#17548 = LINE('',#17549,#17550);
#17549 = CARTESIAN_POINT('',(-3.2,-19.5,12.));
#17550 = VECTOR('',#17551,1.);
#17551 = DIRECTION('',(1.,0.,0.));
#17552 = PCURVE('',#9835,#17553);
#17553 = DEFINITIONAL_REPRESENTATION('',(#17554),#17558);
#17554 = LINE('',#17555,#17556);
#17555 = CARTESIAN_POINT('',(0.,3.2));
#17556 = VECTOR('',#17557,1.);
#17557 = DIRECTION('',(0.,-1.));
#17558 = ( GEOMETRIC_REPRESENTATION_CONTEXT(2) 
PARAMETRIC_REPRESENTATION_CONTEXT() REPRESENTATION_CONTEXT('2D SPACE',''
  ) );
#17559 = PCURVE('',#9807,#17560);
#17560 = DEFINITIONAL_REPRESENTATION('',(#17561),#17565);
#17561 = LINE('',#17562,#17563);
#17562 = CARTESIAN_POINT('',(5.656854249492,3.2));
#17563 = VECTOR('',#17564,1.);
#17564 = DIRECTION('',(0.,-1.));
#17565 = ( GEOMETRIC_REPRESENTATION_CONTEXT(2) 
PARAMETRIC_REPRESENTATION_CONTEXT() REPRESENTATION_CONTEXT('2D SPACE',''
  ) );
#17566 = ADVANCED_FACE('',(#17567),#9807,.T.);
#17567 = FACE_BOUND('',#17568,.T.);
#17568 = EDGE_LOOP('',(#17569,#17570,#17571,#17572));
#17569 = ORIENTED_EDGE('',*,*,#16525,.T.);
#17570 = ORIENTED_EDGE('',*,*,#9791,.T.);
#17571 = ORIENTED_EDGE('',*,*,#17546,.F.);
#17572 = ORIENTED_EDGE('',*,*,#9923,.F.);
#17573 = ADVANCED_FACE('',(#17574),#10205,.T.);
#17574 = FACE_BOUND('',#17575,.T.);
#17575 = EDGE_LOOP('',(#17576,#17597,#17598,#17599));
#17576 = ORIENTED_EDGE('',*,*,#17577,.F.);
#17577 = EDGE_CURVE('',#11017,#11312,#17578,.T.);
#17578 = SURFACE_CURVE('',#17579,(#17583,#17590),.PCURVE_S1.);
#17579 = LINE('',#17580,#17581);
#17580 = CARTESIAN_POINT('',(-15.5,10.8,12.));
#17581 = VECTOR('',#17582,1.);
#17582 = DIRECTION('',(0.,1.,0.));
#17583 = PCURVE('',#10205,#17584);
#17584 = DEFINITIONAL_REPRESENTATION('',(#17585),#17589);
#17585 = LINE('',#17586,#17587);
#17586 = CARTESIAN_POINT('',(-0.,-3.2));
#17587 = VECTOR('',#17588,1.);
#17588 = DIRECTION('',(0.,1.));
#17589 = ( GEOMETRIC_REPRESENTATION_CONTEXT(2) 
PARAMETRIC_REPRESENTATION_CONTEXT() REPRESENTATION_CONTEXT('2D SPACE',''
  ) );
#17590 = PCURVE('',#11032,#17591);
#17591 = DEFINITIONAL_REPRESENTATION('',(#17592),#17596);
#17592 = LINE('',#17593,#17594);
#17593 = CARTESIAN_POINT('',(4.,-3.2));
#17594 = VECTOR('',#17595,1.);
#17595 = DIRECTION('',(0.,1.));
#17596 = ( GEOMETRIC_REPRESENTATION_CONTEXT(2) 
PARAMETRIC_REPRESENTATION_CONTEXT() REPRESENTATION_CONTEXT('2D SPACE',''
  ) );
#17597 = ORIENTED_EDGE('',*,*,#11044,.T.);
#17598 = ORIENTED_EDGE('',*,*,#10190,.T.);
#17599 = ORIENTED_EDGE('',*,*,#11335,.F.);
#17600 = ADVANCED_FACE('',(#17601),#10138,.T.);
#17601 = FACE_BOUND('',#17602,.T.);
#17602 = EDGE_LOOP('',(#17603,#17624,#17625,#17626));
#17603 = ORIENTED_EDGE('',*,*,#17604,.F.);
#17604 = EDGE_CURVE('',#10770,#10897,#17605,.T.);
#17605 = SURFACE_CURVE('',#17606,(#17610,#17617),.PCURVE_S1.);
#17606 = LINE('',#17607,#17608);
#17607 = CARTESIAN_POINT('',(-15.5,-3.2,12.));
#17608 = VECTOR('',#17609,1.);
#17609 = DIRECTION('',(0.,1.,0.));
#17610 = PCURVE('',#10138,#17611);
#17611 = DEFINITIONAL_REPRESENTATION('',(#17612),#17616);
#17612 = LINE('',#17613,#17614);
#17613 = CARTESIAN_POINT('',(-0.,-3.2));
#17614 = VECTOR('',#17615,1.);
#17615 = DIRECTION('',(0.,1.));
#17616 = ( GEOMETRIC_REPRESENTATION_CONTEXT(2) 
PARAMETRIC_REPRESENTATION_CONTEXT() REPRESENTATION_CONTEXT('2D SPACE',''
  ) );
#17617 = PCURVE('',#10785,#17618);
#17618 = DEFINITIONAL_REPRESENTATION('',(#17619),#17623);
#17619 = LINE('',#17620,#17621);
#17620 = CARTESIAN_POINT('',(4.,-3.2));
#17621 = VECTOR('',#17622,1.);
#17622 = DIRECTION('',(0.,1.));
#17623 = ( GEOMETRIC_REPRESENTATION_CONTEXT(2) 
PARAMETRIC_REPRESENTATION_CONTEXT() REPRESENTATION_CONTEXT('2D SPACE',''
  ) );
#17624 = ORIENTED_EDGE('',*,*,#10797,.T.);
#17625 = ORIENTED_EDGE('',*,*,#10123,.T.);
#17626 = ORIENTED_EDGE('',*,*,#10919,.F.);
#17627 = ADVANCED_FACE('',(#17628),#10071,.T.);
#17628 = FACE_BOUND('',#17629,.T.);
#17629 = EDGE_LOOP('',(#17630,#17651,#17652,#17653));
#17630 = ORIENTED_EDGE('',*,*,#17631,.F.);
#17631 = EDGE_CURVE('',#10275,#10650,#17632,.T.);
#17632 = SURFACE_CURVE('',#17633,(#17637,#17644),.PCURVE_S1.);
#17633 = LINE('',#17634,#17635);
#17634 = CARTESIAN_POINT('',(-15.5,-17.2,12.));
#17635 = VECTOR('',#17636,1.);
#17636 = DIRECTION('',(0.,1.,0.));
#17637 = PCURVE('',#10071,#17638);
#17638 = DEFINITIONAL_REPRESENTATION('',(#17639),#17643);
#17639 = LINE('',#17640,#17641);
#17640 = CARTESIAN_POINT('',(-0.,-3.2));
#17641 = VECTOR('',#17642,1.);
#17642 = DIRECTION('',(0.,1.));
#17643 = ( GEOMETRIC_REPRESENTATION_CONTEXT(2) 
PARAMETRIC_REPRESENTATION_CONTEXT() REPRESENTATION_CONTEXT('2D SPACE',''
  ) );
#17644 = PCURVE('',#10293,#17645);
#17645 = DEFINITIONAL_REPRESENTATION('',(#17646),#17650);
#17646 = LINE('',#17647,#17648);
#17647 = CARTESIAN_POINT('',(4.,-3.2));
#17648 = VECTOR('',#17649,1.);
#17649 = DIRECTION('',(0.,1.));
#17650 = ( GEOMETRIC_REPRESENTATION_CONTEXT(2) 
PARAMETRIC_REPRESENTATION_CONTEXT() REPRESENTATION_CONTEXT('2D SPACE',''
  ) );
#17651 = ORIENTED_EDGE('',*,*,#10425,.F.);
#17652 = ORIENTED_EDGE('',*,*,#10056,.T.);
#17653 = ORIENTED_EDGE('',*,*,#10672,.F.);
#17654 = ADVANCED_FACE('',(#17655),#10293,.T.);
#17655 = FACE_BOUND('',#17656,.T.);
#17656 = EDGE_LOOP('',(#17657,#17658,#17679,#17680,#17681,#17682));
#17657 = ORIENTED_EDGE('',*,*,#10649,.F.);
#17658 = ORIENTED_EDGE('',*,*,#17659,.T.);
#17659 = EDGE_CURVE('',#10627,#10523,#17660,.T.);
#17660 = SURFACE_CURVE('',#17661,(#17665,#17672),.PCURVE_S1.);
#17661 = LINE('',#17662,#17663);
#17662 = CARTESIAN_POINT('',(-11.5,-10.8,12.));
#17663 = VECTOR('',#17664,1.);
#17664 = DIRECTION('',(0.,-1.,0.));
#17665 = PCURVE('',#10293,#17666);
#17666 = DEFINITIONAL_REPRESENTATION('',(#17667),#17671);
#17667 = LINE('',#17668,#17669);
#17668 = CARTESIAN_POINT('',(0.,3.2));
#17669 = VECTOR('',#17670,1.);
#17670 = DIRECTION('',(0.,-1.));
#17671 = ( GEOMETRIC_REPRESENTATION_CONTEXT(2) 
PARAMETRIC_REPRESENTATION_CONTEXT() REPRESENTATION_CONTEXT('2D SPACE',''
  ) );
#17672 = PCURVE('',#10538,#17673);
#17673 = DEFINITIONAL_REPRESENTATION('',(#17674),#17678);
#17674 = LINE('',#17675,#17676);
#17675 = CARTESIAN_POINT('',(5.656854249492,3.2));
#17676 = VECTOR('',#17677,1.);
#17677 = DIRECTION('',(0.,-1.));
#17678 = ( GEOMETRIC_REPRESENTATION_CONTEXT(2) 
PARAMETRIC_REPRESENTATION_CONTEXT() REPRESENTATION_CONTEXT('2D SPACE',''
  ) );
#17679 = ORIENTED_EDGE('',*,*,#10550,.T.);
#17680 = ORIENTED_EDGE('',*,*,#10356,.F.);
#17681 = ORIENTED_EDGE('',*,*,#10274,.F.);
#17682 = ORIENTED_EDGE('',*,*,#17631,.T.);
#17683 = ADVANCED_FACE('',(#17684,#17687),#10343,.F.);
#17684 = FACE_BOUND('',#17685,.F.);
#17685 = EDGE_LOOP('',(#17686));
#17686 = ORIENTED_EDGE('',*,*,#10328,.T.);
#17687 = FACE_BOUND('',#17688,.F.);
#17688 = EDGE_LOOP('',(#17689));
#17689 = ORIENTED_EDGE('',*,*,#17690,.T.);
#17690 = EDGE_CURVE('',#17691,#17691,#17693,.T.);
#17691 = VERTEX_POINT('',#17692);
#17692 = CARTESIAN_POINT('',(-14.05,-15.25,15.));
#17693 = SURFACE_CURVE('',#17694,(#17699,#17710),.PCURVE_S1.);
#17694 = CIRCLE('',#17695,1.2);
#17695 = AXIS2_PLACEMENT_3D('',#17696,#17697,#17698);
#17696 = CARTESIAN_POINT('',(-15.25,-15.25,15.));
#17697 = DIRECTION('',(0.,0.,-1.));
#17698 = DIRECTION('',(1.,0.,0.));
#17699 = PCURVE('',#10343,#17700);
#17700 = DEFINITIONAL_REPRESENTATION('',(#17701),#17709);
#17701 = ( BOUNDED_CURVE() B_SPLINE_CURVE(2,(#17702,#17703,#17704,#17705
    ,#17706,#17707,#17708),.UNSPECIFIED.,.T.,.F.) 
B_SPLINE_CURVE_WITH_KNOTS((1,2,2,2,2,1),(-2.094395102393,0.,
    2.094395102393,4.188790204786,6.28318530718,8.377580409573),
.UNSPECIFIED.) CURVE() GEOMETRIC_REPRESENTATION_ITEM() 
RATIONAL_B_SPLINE_CURVE((1.,0.5,1.,0.5,1.,0.5,1.)) REPRESENTATION_ITEM(
  '') );
#17702 = CARTESIAN_POINT('',(1.2,0.));
#17703 = CARTESIAN_POINT('',(1.2,-2.078460969083));
#17704 = CARTESIAN_POINT('',(-0.6,-1.039230484541));
#17705 = CARTESIAN_POINT('',(-2.4,-2.939152317954E-16));
#17706 = CARTESIAN_POINT('',(-0.6,1.039230484541));
#17707 = CARTESIAN_POINT('',(1.2,2.078460969083));
#17708 = CARTESIAN_POINT('',(1.2,0.));
#17709 = ( GEOMETRIC_REPRESENTATION_CONTEXT(2) 
PARAMETRIC_REPRESENTATION_CONTEXT() REPRESENTATION_CONTEXT('2D SPACE',''
  ) );
#17710 = PCURVE('',#17711,#17716);
#17711 = CYLINDRICAL_SURFACE('',#17712,1.2);
#17712 = AXIS2_PLACEMENT_3D('',#17713,#17714,#17715);
#17713 = CARTESIAN_POINT('',(-15.25,-15.25,9.));
#17714 = DIRECTION('',(-0.,-0.,-1.));
#17715 = DIRECTION('',(1.,0.,0.));
#17716 = DEFINITIONAL_REPRESENTATION('',(#17717),#17721);
#17717 = LINE('',#17718,#17719);
#17718 = CARTESIAN_POINT('',(-6.28318530718,-6.));
#17719 = VECTOR('',#17720,1.);
#17720 = DIRECTION('',(1.,-0.));
#17721 = ( GEOMETRIC_REPRESENTATION_CONTEXT(2) 
PARAMETRIC_REPRESENTATION_CONTEXT() REPRESENTATION_CONTEXT('2D SPACE',''
  ) );
#17722 = ADVANCED_FACE('',(#17723),#10538,.T.);
#17723 = FACE_BOUND('',#17724,.T.);
#17724 = EDGE_LOOP('',(#17725,#17726,#17727,#17728));
#17725 = ORIENTED_EDGE('',*,*,#16708,.T.);
#17726 = ORIENTED_EDGE('',*,*,#10522,.T.);
#17727 = ORIENTED_EDGE('',*,*,#17659,.F.);
#17728 = ORIENTED_EDGE('',*,*,#10626,.F.);
#17729 = ADVANCED_FACE('',(#17730),#10785,.T.);
#17730 = FACE_BOUND('',#17731,.T.);
#17731 = EDGE_LOOP('',(#17732,#17733,#17734,#17735));
#17732 = ORIENTED_EDGE('',*,*,#10769,.T.);
#17733 = ORIENTED_EDGE('',*,*,#17604,.T.);
#17734 = ORIENTED_EDGE('',*,*,#10896,.F.);
#17735 = ORIENTED_EDGE('',*,*,#17736,.T.);
#17736 = EDGE_CURVE('',#10874,#10742,#17737,.T.);
#17737 = SURFACE_CURVE('',#17738,(#17742,#17749),.PCURVE_S1.);
#17738 = LINE('',#17739,#17740);
#17739 = CARTESIAN_POINT('',(-11.5,3.2,12.));
#17740 = VECTOR('',#17741,1.);
#17741 = DIRECTION('',(0.,-1.,0.));
#17742 = PCURVE('',#10785,#17743);
#17743 = DEFINITIONAL_REPRESENTATION('',(#17744),#17748);
#17744 = LINE('',#17745,#17746);
#17745 = CARTESIAN_POINT('',(0.,3.2));
#17746 = VECTOR('',#17747,1.);
#17747 = DIRECTION('',(0.,-1.));
#17748 = ( GEOMETRIC_REPRESENTATION_CONTEXT(2) 
PARAMETRIC_REPRESENTATION_CONTEXT() REPRESENTATION_CONTEXT('2D SPACE',''
  ) );
#17749 = PCURVE('',#10757,#17750);
#17750 = DEFINITIONAL_REPRESENTATION('',(#17751),#17755);
#17751 = LINE('',#17752,#17753);
#17752 = CARTESIAN_POINT('',(5.656854249492,3.2));
#17753 = VECTOR('',#17754,1.);
#17754 = DIRECTION('',(0.,-1.));
#17755 = ( GEOMETRIC_REPRESENTATION_CONTEXT(2) 
PARAMETRIC_REPRESENTATION_CONTEXT() REPRESENTATION_CONTEXT('2D SPACE',''
  ) );
#17756 = ADVANCED_FACE('',(#17757),#10757,.T.);
#17757 = FACE_BOUND('',#17758,.T.);
#17758 = EDGE_LOOP('',(#17759,#17760,#17761,#17762));
#17759 = ORIENTED_EDGE('',*,*,#16686,.T.);
#17760 = ORIENTED_EDGE('',*,*,#10741,.T.);
#17761 = ORIENTED_EDGE('',*,*,#17736,.F.);
#17762 = ORIENTED_EDGE('',*,*,#10873,.F.);
#17763 = ADVANCED_FACE('',(#17764),#11032,.T.);
#17764 = FACE_BOUND('',#17765,.T.);
#17765 = EDGE_LOOP('',(#17766,#17767,#17788,#17789,#17790,#17791));
#17766 = ORIENTED_EDGE('',*,*,#11164,.F.);
#17767 = ORIENTED_EDGE('',*,*,#17768,.T.);
#17768 = EDGE_CURVE('',#11142,#10989,#17769,.T.);
#17769 = SURFACE_CURVE('',#17770,(#17774,#17781),.PCURVE_S1.);
#17770 = LINE('',#17771,#17772);
#17771 = CARTESIAN_POINT('',(-11.5,17.2,12.));
#17772 = VECTOR('',#17773,1.);
#17773 = DIRECTION('',(0.,-1.,0.));
#17774 = PCURVE('',#11032,#17775);
#17775 = DEFINITIONAL_REPRESENTATION('',(#17776),#17780);
#17776 = LINE('',#17777,#17778);
#17777 = CARTESIAN_POINT('',(0.,3.2));
#17778 = VECTOR('',#17779,1.);
#17779 = DIRECTION('',(0.,-1.));
#17780 = ( GEOMETRIC_REPRESENTATION_CONTEXT(2) 
PARAMETRIC_REPRESENTATION_CONTEXT() REPRESENTATION_CONTEXT('2D SPACE',''
  ) );
#17781 = PCURVE('',#11004,#17782);
#17782 = DEFINITIONAL_REPRESENTATION('',(#17783),#17787);
#17783 = LINE('',#17784,#17785);
#17784 = CARTESIAN_POINT('',(5.656854249492,3.2));
#17785 = VECTOR('',#17786,1.);
#17786 = DIRECTION('',(0.,-1.));
#17787 = ( GEOMETRIC_REPRESENTATION_CONTEXT(2) 
PARAMETRIC_REPRESENTATION_CONTEXT() REPRESENTATION_CONTEXT('2D SPACE',''
  ) );
#17788 = ORIENTED_EDGE('',*,*,#11016,.T.);
#17789 = ORIENTED_EDGE('',*,*,#17577,.T.);
#17790 = ORIENTED_EDGE('',*,*,#11311,.F.);
#17791 = ORIENTED_EDGE('',*,*,#11236,.F.);
#17792 = ADVANCED_FACE('',(#17793),#11004,.T.);
#17793 = FACE_BOUND('',#17794,.T.);
#17794 = EDGE_LOOP('',(#17795,#17796,#17797,#17798));
#17795 = ORIENTED_EDGE('',*,*,#16664,.T.);
#17796 = ORIENTED_EDGE('',*,*,#10988,.T.);
#17797 = ORIENTED_EDGE('',*,*,#17768,.F.);
#17798 = ORIENTED_EDGE('',*,*,#11141,.F.);
#17799 = ADVANCED_FACE('',(#17800,#17803),#11298,.F.);
#17800 = FACE_BOUND('',#17801,.F.);
#17801 = EDGE_LOOP('',(#17802));
#17802 = ORIENTED_EDGE('',*,*,#11283,.T.);
#17803 = FACE_BOUND('',#17804,.F.);
#17804 = EDGE_LOOP('',(#17805));
#17805 = ORIENTED_EDGE('',*,*,#17806,.T.);
#17806 = EDGE_CURVE('',#17807,#17807,#17809,.T.);
#17807 = VERTEX_POINT('',#17808);
#17808 = CARTESIAN_POINT('',(-14.05,15.25,15.));
#17809 = SURFACE_CURVE('',#17810,(#17815,#17826),.PCURVE_S1.);
#17810 = CIRCLE('',#17811,1.2);
#17811 = AXIS2_PLACEMENT_3D('',#17812,#17813,#17814);
#17812 = CARTESIAN_POINT('',(-15.25,15.25,15.));
#17813 = DIRECTION('',(0.,0.,-1.));
#17814 = DIRECTION('',(1.,0.,0.));
#17815 = PCURVE('',#11298,#17816);
#17816 = DEFINITIONAL_REPRESENTATION('',(#17817),#17825);
#17817 = ( BOUNDED_CURVE() B_SPLINE_CURVE(2,(#17818,#17819,#17820,#17821
    ,#17822,#17823,#17824),.UNSPECIFIED.,.T.,.F.) 
B_SPLINE_CURVE_WITH_KNOTS((1,2,2,2,2,1),(-2.094395102393,0.,
    2.094395102393,4.188790204786,6.28318530718,8.377580409573),
.UNSPECIFIED.) CURVE() GEOMETRIC_REPRESENTATION_ITEM() 
RATIONAL_B_SPLINE_CURVE((1.,0.5,1.,0.5,1.,0.5,1.)) REPRESENTATION_ITEM(
  '') );
#17818 = CARTESIAN_POINT('',(1.2,0.));
#17819 = CARTESIAN_POINT('',(1.2,-2.078460969083));
#17820 = CARTESIAN_POINT('',(-0.6,-1.039230484541));
#17821 = CARTESIAN_POINT('',(-2.4,-2.939152317954E-16));
#17822 = CARTESIAN_POINT('',(-0.6,1.039230484541));
#17823 = CARTESIAN_POINT('',(1.2,2.078460969083));
#17824 = CARTESIAN_POINT('',(1.2,0.));
#17825 = ( GEOMETRIC_REPRESENTATION_CONTEXT(2) 
PARAMETRIC_REPRESENTATION_CONTEXT() REPRESENTATION_CONTEXT('2D SPACE',''
  ) );
#17826 = PCURVE('',#17827,#17832);
#17827 = CYLINDRICAL_SURFACE('',#17828,1.2);
#17828 = AXIS2_PLACEMENT_3D('',#17829,#17830,#17831);
#17829 = CARTESIAN_POINT('',(-15.25,15.25,9.));
#17830 = DIRECTION('',(-0.,-0.,-1.));
#17831 = DIRECTION('',(1.,0.,0.));
#17832 = DEFINITIONAL_REPRESENTATION('',(#17833),#17837);
#17833 = LINE('',#17834,#17835);
#17834 = CARTESIAN_POINT('',(-6.28318530718,-6.));
#17835 = VECTOR('',#17836,1.);
#17836 = DIRECTION('',(1.,-0.));
#17837 = ( GEOMETRIC_REPRESENTATION_CONTEXT(2) 
PARAMETRIC_REPRESENTATION_CONTEXT() REPRESENTATION_CONTEXT('2D SPACE',''
  ) );
#17838 = ADVANCED_FACE('',(#17839),#11426,.T.);
#17839 = FACE_BOUND('',#17840,.T.);
#17840 = EDGE_LOOP('',(#17841,#17862,#17863,#17864));
#17841 = ORIENTED_EDGE('',*,*,#17842,.F.);
#17842 = EDGE_CURVE('',#11534,#11661,#17843,.T.);
#17843 = SURFACE_CURVE('',#17844,(#17848,#17855),.PCURVE_S1.);
#17844 = LINE('',#17845,#17846);
#17845 = CARTESIAN_POINT('',(11.5,-33.7,12.));
#17846 = VECTOR('',#17847,1.);
#17847 = DIRECTION('',(0.,1.,0.));
#17848 = PCURVE('',#11426,#17849);
#17849 = DEFINITIONAL_REPRESENTATION('',(#17850),#17854);
#17850 = LINE('',#17851,#17852);
#17851 = CARTESIAN_POINT('',(-0.,-3.2));
#17852 = VECTOR('',#17853,1.);
#17853 = DIRECTION('',(0.,1.));
#17854 = ( GEOMETRIC_REPRESENTATION_CONTEXT(2) 
PARAMETRIC_REPRESENTATION_CONTEXT() REPRESENTATION_CONTEXT('2D SPACE',''
  ) );
#17855 = PCURVE('',#11549,#17856);
#17856 = DEFINITIONAL_REPRESENTATION('',(#17857),#17861);
#17857 = LINE('',#17858,#17859);
#17858 = CARTESIAN_POINT('',(4.,-3.2));
#17859 = VECTOR('',#17860,1.);
#17860 = DIRECTION('',(0.,1.));
#17861 = ( GEOMETRIC_REPRESENTATION_CONTEXT(2) 
PARAMETRIC_REPRESENTATION_CONTEXT() REPRESENTATION_CONTEXT('2D SPACE',''
  ) );
#17862 = ORIENTED_EDGE('',*,*,#11561,.T.);
#17863 = ORIENTED_EDGE('',*,*,#11411,.T.);
#17864 = ORIENTED_EDGE('',*,*,#11683,.F.);
#17865 = ADVANCED_FACE('',(#17866),#11549,.T.);
#17866 = FACE_BOUND('',#17867,.T.);
#17867 = EDGE_LOOP('',(#17868,#17869,#17870,#17871));
#17868 = ORIENTED_EDGE('',*,*,#11533,.T.);
#17869 = ORIENTED_EDGE('',*,*,#17842,.T.);
#17870 = ORIENTED_EDGE('',*,*,#11660,.F.);
#17871 = ORIENTED_EDGE('',*,*,#17872,.T.);
#17872 = EDGE_CURVE('',#11638,#11506,#17873,.T.);
#17873 = SURFACE_CURVE('',#17874,(#17878,#17885),.PCURVE_S1.);
#17874 = LINE('',#17875,#17876);
#17875 = CARTESIAN_POINT('',(15.5,-27.3,12.));
#17876 = VECTOR('',#17877,1.);
#17877 = DIRECTION('',(0.,-1.,0.));
#17878 = PCURVE('',#11549,#17879);
#17879 = DEFINITIONAL_REPRESENTATION('',(#17880),#17884);
#17880 = LINE('',#17881,#17882);
#17881 = CARTESIAN_POINT('',(0.,3.2));
#17882 = VECTOR('',#17883,1.);
#17883 = DIRECTION('',(0.,-1.));
#17884 = ( GEOMETRIC_REPRESENTATION_CONTEXT(2) 
PARAMETRIC_REPRESENTATION_CONTEXT() REPRESENTATION_CONTEXT('2D SPACE',''
  ) );
#17885 = PCURVE('',#11521,#17886);
#17886 = DEFINITIONAL_REPRESENTATION('',(#17887),#17891);
#17887 = LINE('',#17888,#17889);
#17888 = CARTESIAN_POINT('',(5.656854249492,3.2));
#17889 = VECTOR('',#17890,1.);
#17890 = DIRECTION('',(0.,-1.));
#17891 = ( GEOMETRIC_REPRESENTATION_CONTEXT(2) 
PARAMETRIC_REPRESENTATION_CONTEXT() REPRESENTATION_CONTEXT('2D SPACE',''
  ) );
#17892 = ADVANCED_FACE('',(#17893),#11521,.T.);
#17893 = FACE_BOUND('',#17894,.T.);
#17894 = EDGE_LOOP('',(#17895,#17896,#17897,#17898));
#17895 = ORIENTED_EDGE('',*,*,#12379,.T.);
#17896 = ORIENTED_EDGE('',*,*,#11505,.T.);
#17897 = ORIENTED_EDGE('',*,*,#17872,.F.);
#17898 = ORIENTED_EDGE('',*,*,#11637,.F.);
#17899 = ADVANCED_FACE('',(#17900),#11767,.T.);
#17900 = FACE_BOUND('',#17901,.T.);
#17901 = EDGE_LOOP('',(#17902,#17923,#17924,#17925));
#17902 = ORIENTED_EDGE('',*,*,#17903,.F.);
#17903 = EDGE_CURVE('',#11926,#12119,#17904,.T.);
#17904 = SURFACE_CURVE('',#17905,(#17909,#17916),.PCURVE_S1.);
#17905 = LINE('',#17906,#17907);
#17906 = CARTESIAN_POINT('',(-15.8,21.,12.));
#17907 = VECTOR('',#17908,1.);
#17908 = DIRECTION('',(-1.,0.,0.));
#17909 = PCURVE('',#11767,#17910);
#17910 = DEFINITIONAL_REPRESENTATION('',(#17911),#17915);
#17911 = LINE('',#17912,#17913);
#17912 = CARTESIAN_POINT('',(0.,-3.2));
#17913 = VECTOR('',#17914,1.);
#17914 = DIRECTION('',(-0.,1.));
#17915 = ( GEOMETRIC_REPRESENTATION_CONTEXT(2) 
PARAMETRIC_REPRESENTATION_CONTEXT() REPRESENTATION_CONTEXT('2D SPACE',''
  ) );
#17916 = PCURVE('',#11941,#17917);
#17917 = DEFINITIONAL_REPRESENTATION('',(#17918),#17922);
#17918 = LINE('',#17919,#17920);
#17919 = CARTESIAN_POINT('',(1.,-3.2));
#17920 = VECTOR('',#17921,1.);
#17921 = DIRECTION('',(0.,1.));
#17922 = ( GEOMETRIC_REPRESENTATION_CONTEXT(2) 
PARAMETRIC_REPRESENTATION_CONTEXT() REPRESENTATION_CONTEXT('2D SPACE',''
  ) );
#17923 = ORIENTED_EDGE('',*,*,#11953,.T.);
#17924 = ORIENTED_EDGE('',*,*,#11752,.T.);
#17925 = ORIENTED_EDGE('',*,*,#12141,.F.);
#17926 = ADVANCED_FACE('',(#17927),#11941,.T.);
#17927 = FACE_BOUND('',#17928,.T.);
#17928 = EDGE_LOOP('',(#17929,#17930,#17931,#17932));
#17929 = ORIENTED_EDGE('',*,*,#11925,.T.);
#17930 = ORIENTED_EDGE('',*,*,#17903,.T.);
#17931 = ORIENTED_EDGE('',*,*,#12118,.F.);
#17932 = ORIENTED_EDGE('',*,*,#17933,.T.);
#17933 = EDGE_CURVE('',#12096,#11898,#17934,.T.);
#17934 = SURFACE_CURVE('',#17935,(#17939,#17946),.PCURVE_S1.);
#17935 = LINE('',#17936,#17937);
#17936 = CARTESIAN_POINT('',(-22.2,22.,12.));
#17937 = VECTOR('',#17938,1.);
#17938 = DIRECTION('',(1.,0.,0.));
#17939 = PCURVE('',#11941,#17940);
#17940 = DEFINITIONAL_REPRESENTATION('',(#17941),#17945);
#17941 = LINE('',#17942,#17943);
#17942 = CARTESIAN_POINT('',(0.,3.2));
#17943 = VECTOR('',#17944,1.);
#17944 = DIRECTION('',(0.,-1.));
#17945 = ( GEOMETRIC_REPRESENTATION_CONTEXT(2) 
PARAMETRIC_REPRESENTATION_CONTEXT() REPRESENTATION_CONTEXT('2D SPACE',''
  ) );
#17946 = PCURVE('',#11913,#17947);
#17947 = DEFINITIONAL_REPRESENTATION('',(#17948),#17952);
#17948 = LINE('',#17949,#17950);
#17949 = CARTESIAN_POINT('',(4.242640687119,3.2));
#17950 = VECTOR('',#17951,1.);
#17951 = DIRECTION('',(0.,-1.));
#17952 = ( GEOMETRIC_REPRESENTATION_CONTEXT(2) 
PARAMETRIC_REPRESENTATION_CONTEXT() REPRESENTATION_CONTEXT('2D SPACE',''
  ) );
#17953 = ADVANCED_FACE('',(#17954),#11913,.T.);
#17954 = FACE_BOUND('',#17955,.T.);
#17955 = EDGE_LOOP('',(#17956,#17957,#17958,#17959));
#17956 = ORIENTED_EDGE('',*,*,#12241,.T.);
#17957 = ORIENTED_EDGE('',*,*,#11897,.T.);
#17958 = ORIENTED_EDGE('',*,*,#17933,.F.);
#17959 = ORIENTED_EDGE('',*,*,#12095,.F.);
#17960 = ADVANCED_FACE('',(#17961),#11842,.T.);
#17961 = FACE_BOUND('',#17962,.T.);
#17962 = EDGE_LOOP('',(#17963,#17964,#17965,#17966));
#17963 = ORIENTED_EDGE('',*,*,#11826,.T.);
#17964 = ORIENTED_EDGE('',*,*,#12404,.F.);
#17965 = ORIENTED_EDGE('',*,*,#12029,.F.);
#17966 = ORIENTED_EDGE('',*,*,#11980,.T.);
#17967 = ADVANCED_FACE('',(#17968),#12490,.T.);
#17968 = FACE_BOUND('',#17969,.T.);
#17969 = EDGE_LOOP('',(#17970,#17991,#17992,#17993));
#17970 = ORIENTED_EDGE('',*,*,#17971,.F.);
#17971 = EDGE_CURVE('',#12598,#12725,#17972,.T.);
#17972 = SURFACE_CURVE('',#17973,(#17977,#17984),.PCURVE_S1.);
#17973 = LINE('',#17974,#17975);
#17974 = CARTESIAN_POINT('',(-15.5,27.3,12.));
#17975 = VECTOR('',#17976,1.);
#17976 = DIRECTION('',(0.,1.,0.));
#17977 = PCURVE('',#12490,#17978);
#17978 = DEFINITIONAL_REPRESENTATION('',(#17979),#17983);
#17979 = LINE('',#17980,#17981);
#17980 = CARTESIAN_POINT('',(-0.,-3.2));
#17981 = VECTOR('',#17982,1.);
#17982 = DIRECTION('',(0.,1.));
#17983 = ( GEOMETRIC_REPRESENTATION_CONTEXT(2) 
PARAMETRIC_REPRESENTATION_CONTEXT() REPRESENTATION_CONTEXT('2D SPACE',''
  ) );
#17984 = PCURVE('',#12613,#17985);
#17985 = DEFINITIONAL_REPRESENTATION('',(#17986),#17990);
#17986 = LINE('',#17987,#17988);
#17987 = CARTESIAN_POINT('',(4.,-3.2));
#17988 = VECTOR('',#17989,1.);
#17989 = DIRECTION('',(0.,1.));
#17990 = ( GEOMETRIC_REPRESENTATION_CONTEXT(2) 
PARAMETRIC_REPRESENTATION_CONTEXT() REPRESENTATION_CONTEXT('2D SPACE',''
  ) );
#17991 = ORIENTED_EDGE('',*,*,#12625,.T.);
#17992 = ORIENTED_EDGE('',*,*,#12475,.T.);
#17993 = ORIENTED_EDGE('',*,*,#12747,.F.);
#17994 = ADVANCED_FACE('',(#17995),#12613,.T.);
#17995 = FACE_BOUND('',#17996,.T.);
#17996 = EDGE_LOOP('',(#17997,#17998,#17999,#18000));
#17997 = ORIENTED_EDGE('',*,*,#12597,.T.);
#17998 = ORIENTED_EDGE('',*,*,#17971,.T.);
#17999 = ORIENTED_EDGE('',*,*,#12724,.F.);
#18000 = ORIENTED_EDGE('',*,*,#18001,.T.);
#18001 = EDGE_CURVE('',#12702,#12570,#18002,.T.);
#18002 = SURFACE_CURVE('',#18003,(#18007,#18014),.PCURVE_S1.);
#18003 = LINE('',#18004,#18005);
#18004 = CARTESIAN_POINT('',(-11.5,33.7,12.));
#18005 = VECTOR('',#18006,1.);
#18006 = DIRECTION('',(0.,-1.,0.));
#18007 = PCURVE('',#12613,#18008);
#18008 = DEFINITIONAL_REPRESENTATION('',(#18009),#18013);
#18009 = LINE('',#18010,#18011);
#18010 = CARTESIAN_POINT('',(0.,3.2));
#18011 = VECTOR('',#18012,1.);
#18012 = DIRECTION('',(0.,-1.));
#18013 = ( GEOMETRIC_REPRESENTATION_CONTEXT(2) 
PARAMETRIC_REPRESENTATION_CONTEXT() REPRESENTATION_CONTEXT('2D SPACE',''
  ) );
#18014 = PCURVE('',#12585,#18015);
#18015 = DEFINITIONAL_REPRESENTATION('',(#18016),#18020);
#18016 = LINE('',#18017,#18018);
#18017 = CARTESIAN_POINT('',(5.656854249492,3.2));
#18018 = VECTOR('',#18019,1.);
#18019 = DIRECTION('',(0.,-1.));
#18020 = ( GEOMETRIC_REPRESENTATION_CONTEXT(2) 
PARAMETRIC_REPRESENTATION_CONTEXT() REPRESENTATION_CONTEXT('2D SPACE',''
  ) );
#18021 = ADVANCED_FACE('',(#18022),#12585,.T.);
#18022 = FACE_BOUND('',#18023,.T.);
#18023 = EDGE_LOOP('',(#18024,#18025,#18026,#18027));
#18024 = ORIENTED_EDGE('',*,*,#13256,.T.);
#18025 = ORIENTED_EDGE('',*,*,#12569,.T.);
#18026 = ORIENTED_EDGE('',*,*,#18001,.F.);
#18027 = ORIENTED_EDGE('',*,*,#12701,.F.);
#18028 = ADVANCED_FACE('',(#18029),#12831,.T.);
#18029 = FACE_BOUND('',#18030,.T.);
#18030 = EDGE_LOOP('',(#18031,#18052,#18053,#18054));
#18031 = ORIENTED_EDGE('',*,*,#18032,.F.);
#18032 = EDGE_CURVE('',#12990,#13183,#18033,.T.);
#18033 = SURFACE_CURVE('',#18034,(#18038,#18045),.PCURVE_S1.);
#18034 = LINE('',#18035,#18036);
#18035 = CARTESIAN_POINT('',(22.2,-22.,12.));
#18036 = VECTOR('',#18037,1.);
#18037 = DIRECTION('',(-1.,0.,0.));
#18038 = PCURVE('',#12831,#18039);
#18039 = DEFINITIONAL_REPRESENTATION('',(#18040),#18044);
#18040 = LINE('',#18041,#18042);
#18041 = CARTESIAN_POINT('',(0.,-3.2));
#18042 = VECTOR('',#18043,1.);
#18043 = DIRECTION('',(-0.,1.));
#18044 = ( GEOMETRIC_REPRESENTATION_CONTEXT(2) 
PARAMETRIC_REPRESENTATION_CONTEXT() REPRESENTATION_CONTEXT('2D SPACE',''
  ) );
#18045 = PCURVE('',#13005,#18046);
#18046 = DEFINITIONAL_REPRESENTATION('',(#18047),#18051);
#18047 = LINE('',#18048,#18049);
#18048 = CARTESIAN_POINT('',(1.,-3.2));
#18049 = VECTOR('',#18050,1.);
#18050 = DIRECTION('',(0.,1.));
#18051 = ( GEOMETRIC_REPRESENTATION_CONTEXT(2) 
PARAMETRIC_REPRESENTATION_CONTEXT() REPRESENTATION_CONTEXT('2D SPACE',''
  ) );
#18052 = ORIENTED_EDGE('',*,*,#13017,.T.);
#18053 = ORIENTED_EDGE('',*,*,#12816,.T.);
#18054 = ORIENTED_EDGE('',*,*,#13205,.F.);
#18055 = ADVANCED_FACE('',(#18056),#13005,.T.);
#18056 = FACE_BOUND('',#18057,.T.);
#18057 = EDGE_LOOP('',(#18058,#18059,#18060,#18061));
#18058 = ORIENTED_EDGE('',*,*,#12989,.T.);
#18059 = ORIENTED_EDGE('',*,*,#18032,.T.);
#18060 = ORIENTED_EDGE('',*,*,#13182,.F.);
#18061 = ORIENTED_EDGE('',*,*,#18062,.T.);
#18062 = EDGE_CURVE('',#13160,#12962,#18063,.T.);
#18063 = SURFACE_CURVE('',#18064,(#18068,#18075),.PCURVE_S1.);
#18064 = LINE('',#18065,#18066);
#18065 = CARTESIAN_POINT('',(15.8,-21.,12.));
#18066 = VECTOR('',#18067,1.);
#18067 = DIRECTION('',(1.,0.,0.));
#18068 = PCURVE('',#13005,#18069);
#18069 = DEFINITIONAL_REPRESENTATION('',(#18070),#18074);
#18070 = LINE('',#18071,#18072);
#18071 = CARTESIAN_POINT('',(0.,3.2));
#18072 = VECTOR('',#18073,1.);
#18073 = DIRECTION('',(0.,-1.));
#18074 = ( GEOMETRIC_REPRESENTATION_CONTEXT(2) 
PARAMETRIC_REPRESENTATION_CONTEXT() REPRESENTATION_CONTEXT('2D SPACE',''
  ) );
#18075 = PCURVE('',#12977,#18076);
#18076 = DEFINITIONAL_REPRESENTATION('',(#18077),#18081);
#18077 = LINE('',#18078,#18079);
#18078 = CARTESIAN_POINT('',(4.242640687119,3.2));
#18079 = VECTOR('',#18080,1.);
#18080 = DIRECTION('',(0.,-1.));
#18081 = ( GEOMETRIC_REPRESENTATION_CONTEXT(2) 
PARAMETRIC_REPRESENTATION_CONTEXT() REPRESENTATION_CONTEXT('2D SPACE',''
  ) );
#18082 = ADVANCED_FACE('',(#18083),#12977,.T.);
#18083 = FACE_BOUND('',#18084,.T.);
#18084 = EDGE_LOOP('',(#18085,#18086,#18087,#18088));
#18085 = ORIENTED_EDGE('',*,*,#13406,.T.);
#18086 = ORIENTED_EDGE('',*,*,#12961,.T.);
#18087 = ORIENTED_EDGE('',*,*,#18062,.F.);
#18088 = ORIENTED_EDGE('',*,*,#13159,.F.);
#18089 = ADVANCED_FACE('',(#18090),#12906,.T.);
#18090 = FACE_BOUND('',#18091,.T.);
#18091 = EDGE_LOOP('',(#18092,#18093,#18094,#18095));
#18092 = ORIENTED_EDGE('',*,*,#12890,.T.);
#18093 = ORIENTED_EDGE('',*,*,#13432,.F.);
#18094 = ORIENTED_EDGE('',*,*,#13093,.F.);
#18095 = ORIENTED_EDGE('',*,*,#13044,.T.);
#18096 = ADVANCED_FACE('',(#18097),#13497,.T.);
#18097 = FACE_BOUND('',#18098,.T.);
#18098 = EDGE_LOOP('',(#18099,#18100,#18101,#18122));
#18099 = ORIENTED_EDGE('',*,*,#13482,.T.);
#18100 = ORIENTED_EDGE('',*,*,#13597,.T.);
#18101 = ORIENTED_EDGE('',*,*,#18102,.F.);
#18102 = EDGE_CURVE('',#13730,#13598,#18103,.T.);
#18103 = SURFACE_CURVE('',#18104,(#18108,#18115),.PCURVE_S1.);
#18104 = LINE('',#18105,#18106);
#18105 = CARTESIAN_POINT('',(-3.2,23.5,12.));
#18106 = VECTOR('',#18107,1.);
#18107 = DIRECTION('',(1.,0.,0.));
#18108 = PCURVE('',#13497,#18109);
#18109 = DEFINITIONAL_REPRESENTATION('',(#18110),#18114);
#18110 = LINE('',#18111,#18112);
#18111 = CARTESIAN_POINT('',(5.656854249492,3.2));
#18112 = VECTOR('',#18113,1.);
#18113 = DIRECTION('',(0.,-1.));
#18114 = ( GEOMETRIC_REPRESENTATION_CONTEXT(2) 
PARAMETRIC_REPRESENTATION_CONTEXT() REPRESENTATION_CONTEXT('2D SPACE',''
  ) );
#18115 = PCURVE('',#13636,#18116);
#18116 = DEFINITIONAL_REPRESENTATION('',(#18117),#18121);
#18117 = LINE('',#18118,#18119);
#18118 = CARTESIAN_POINT('',(0.,3.2));
#18119 = VECTOR('',#18120,1.);
#18120 = DIRECTION('',(0.,-1.));
#18121 = ( GEOMETRIC_REPRESENTATION_CONTEXT(2) 
PARAMETRIC_REPRESENTATION_CONTEXT() REPRESENTATION_CONTEXT('2D SPACE',''
  ) );
#18122 = ORIENTED_EDGE('',*,*,#13729,.F.);
#18123 = ADVANCED_FACE('',(#18124),#13664,.T.);
#18124 = FACE_BOUND('',#18125,.T.);
#18125 = EDGE_LOOP('',(#18126,#18147,#18148,#18149));
#18126 = ORIENTED_EDGE('',*,*,#18127,.F.);
#18127 = EDGE_CURVE('',#13621,#13753,#18128,.T.);
#18128 = SURFACE_CURVE('',#18129,(#18133,#18140),.PCURVE_S1.);
#18129 = LINE('',#18130,#18131);
#18130 = CARTESIAN_POINT('',(3.2,19.5,12.));
#18131 = VECTOR('',#18132,1.);
#18132 = DIRECTION('',(-1.,0.,0.));
#18133 = PCURVE('',#13664,#18134);
#18134 = DEFINITIONAL_REPRESENTATION('',(#18135),#18139);
#18135 = LINE('',#18136,#18137);
#18136 = CARTESIAN_POINT('',(0.,-3.2));
#18137 = VECTOR('',#18138,1.);
#18138 = DIRECTION('',(-0.,1.));
#18139 = ( GEOMETRIC_REPRESENTATION_CONTEXT(2) 
PARAMETRIC_REPRESENTATION_CONTEXT() REPRESENTATION_CONTEXT('2D SPACE',''
  ) );
#18140 = PCURVE('',#13636,#18141);
#18141 = DEFINITIONAL_REPRESENTATION('',(#18142),#18146);
#18142 = LINE('',#18143,#18144);
#18143 = CARTESIAN_POINT('',(4.,-3.2));
#18144 = VECTOR('',#18145,1.);
#18145 = DIRECTION('',(0.,1.));
#18146 = ( GEOMETRIC_REPRESENTATION_CONTEXT(2) 
PARAMETRIC_REPRESENTATION_CONTEXT() REPRESENTATION_CONTEXT('2D SPACE',''
  ) );
#18147 = ORIENTED_EDGE('',*,*,#13648,.T.);
#18148 = ORIENTED_EDGE('',*,*,#16597,.T.);
#18149 = ORIENTED_EDGE('',*,*,#13775,.F.);
#18150 = ADVANCED_FACE('',(#18151),#13636,.T.);
#18151 = FACE_BOUND('',#18152,.T.);
#18152 = EDGE_LOOP('',(#18153,#18154,#18155,#18156));
#18153 = ORIENTED_EDGE('',*,*,#13620,.T.);
#18154 = ORIENTED_EDGE('',*,*,#18127,.T.);
#18155 = ORIENTED_EDGE('',*,*,#13752,.F.);
#18156 = ORIENTED_EDGE('',*,*,#18102,.T.);
#18157 = ADVANCED_FACE('',(#18158),#14072,.T.);
#18158 = FACE_BOUND('',#18159,.T.);
#18159 = EDGE_LOOP('',(#18160,#18161,#18162,#18163));
#18160 = ORIENTED_EDGE('',*,*,#14455,.F.);
#18161 = ORIENTED_EDGE('',*,*,#14057,.T.);
#18162 = ORIENTED_EDGE('',*,*,#14274,.F.);
#18163 = ORIENTED_EDGE('',*,*,#18164,.F.);
#18164 = EDGE_CURVE('',#14456,#14246,#18165,.T.);
#18165 = SURFACE_CURVE('',#18166,(#18170,#18177),.PCURVE_S1.);
#18166 = LINE('',#18167,#18168);
#18167 = CARTESIAN_POINT('',(15.5,-10.8,12.));
#18168 = VECTOR('',#18169,1.);
#18169 = DIRECTION('',(0.,-1.,0.));
#18170 = PCURVE('',#14072,#18171);
#18171 = DEFINITIONAL_REPRESENTATION('',(#18172),#18176);
#18172 = LINE('',#18173,#18174);
#18173 = CARTESIAN_POINT('',(5.656854249492,3.2));
#18174 = VECTOR('',#18175,1.);
#18175 = DIRECTION('',(0.,-1.));
#18176 = ( GEOMETRIC_REPRESENTATION_CONTEXT(2) 
PARAMETRIC_REPRESENTATION_CONTEXT() REPRESENTATION_CONTEXT('2D SPACE',''
  ) );
#18177 = PCURVE('',#14262,#18178);
#18178 = DEFINITIONAL_REPRESENTATION('',(#18179),#18183);
#18179 = LINE('',#18180,#18181);
#18180 = CARTESIAN_POINT('',(0.,3.2));
#18181 = VECTOR('',#18182,1.);
#18182 = DIRECTION('',(0.,-1.));
#18183 = ( GEOMETRIC_REPRESENTATION_CONTEXT(2) 
PARAMETRIC_REPRESENTATION_CONTEXT() REPRESENTATION_CONTEXT('2D SPACE',''
  ) );
#18184 = ADVANCED_FACE('',(#18185),#14005,.T.);
#18185 = FACE_BOUND('',#18186,.T.);
#18186 = EDGE_LOOP('',(#18187,#18188,#18189,#18210));
#18187 = ORIENTED_EDGE('',*,*,#13990,.T.);
#18188 = ORIENTED_EDGE('',*,*,#14570,.T.);
#18189 = ORIENTED_EDGE('',*,*,#18190,.F.);
#18190 = EDGE_CURVE('',#14703,#14571,#18191,.T.);
#18191 = SURFACE_CURVE('',#18192,(#18196,#18203),.PCURVE_S1.);
#18192 = LINE('',#18193,#18194);
#18193 = CARTESIAN_POINT('',(15.5,3.2,12.));
#18194 = VECTOR('',#18195,1.);
#18195 = DIRECTION('',(0.,-1.,0.));
#18196 = PCURVE('',#14005,#18197);
#18197 = DEFINITIONAL_REPRESENTATION('',(#18198),#18202);
#18198 = LINE('',#18199,#18200);
#18199 = CARTESIAN_POINT('',(5.656854249492,3.2));
#18200 = VECTOR('',#18201,1.);
#18201 = DIRECTION('',(0.,-1.));
#18202 = ( GEOMETRIC_REPRESENTATION_CONTEXT(2) 
PARAMETRIC_REPRESENTATION_CONTEXT() REPRESENTATION_CONTEXT('2D SPACE',''
  ) );
#18203 = PCURVE('',#14609,#18204);
#18204 = DEFINITIONAL_REPRESENTATION('',(#18205),#18209);
#18205 = LINE('',#18206,#18207);
#18206 = CARTESIAN_POINT('',(0.,3.2));
#18207 = VECTOR('',#18208,1.);
#18208 = DIRECTION('',(0.,-1.));
#18209 = ( GEOMETRIC_REPRESENTATION_CONTEXT(2) 
PARAMETRIC_REPRESENTATION_CONTEXT() REPRESENTATION_CONTEXT('2D SPACE',''
  ) );
#18210 = ORIENTED_EDGE('',*,*,#14702,.F.);
#18211 = ADVANCED_FACE('',(#18212),#13938,.T.);
#18212 = FACE_BOUND('',#18213,.T.);
#18213 = EDGE_LOOP('',(#18214,#18215,#18216,#18217));
#18214 = ORIENTED_EDGE('',*,*,#15138,.F.);
#18215 = ORIENTED_EDGE('',*,*,#13923,.T.);
#18216 = ORIENTED_EDGE('',*,*,#14817,.T.);
#18217 = ORIENTED_EDGE('',*,*,#18218,.F.);
#18218 = EDGE_CURVE('',#15139,#14818,#18219,.T.);
#18219 = SURFACE_CURVE('',#18220,(#18224,#18231),.PCURVE_S1.);
#18220 = LINE('',#18221,#18222);
#18221 = CARTESIAN_POINT('',(15.5,17.2,12.));
#18222 = VECTOR('',#18223,1.);
#18223 = DIRECTION('',(0.,-1.,0.));
#18224 = PCURVE('',#13938,#18225);
#18225 = DEFINITIONAL_REPRESENTATION('',(#18226),#18230);
#18226 = LINE('',#18227,#18228);
#18227 = CARTESIAN_POINT('',(5.656854249492,3.2));
#18228 = VECTOR('',#18229,1.);
#18229 = DIRECTION('',(0.,-1.));
#18230 = ( GEOMETRIC_REPRESENTATION_CONTEXT(2) 
PARAMETRIC_REPRESENTATION_CONTEXT() REPRESENTATION_CONTEXT('2D SPACE',''
  ) );
#18231 = PCURVE('',#14856,#18232);
#18232 = DEFINITIONAL_REPRESENTATION('',(#18233),#18237);
#18233 = LINE('',#18234,#18235);
#18234 = CARTESIAN_POINT('',(0.,3.2));
#18235 = VECTOR('',#18236,1.);
#18236 = DIRECTION('',(0.,-1.));
#18237 = ( GEOMETRIC_REPRESENTATION_CONTEXT(2) 
PARAMETRIC_REPRESENTATION_CONTEXT() REPRESENTATION_CONTEXT('2D SPACE',''
  ) );
#18238 = ADVANCED_FACE('',(#18239),#14262,.T.);
#18239 = FACE_BOUND('',#18240,.T.);
#18240 = EDGE_LOOP('',(#18241,#18242,#18243,#18264,#18265));
#18241 = ORIENTED_EDGE('',*,*,#14245,.F.);
#18242 = ORIENTED_EDGE('',*,*,#14372,.T.);
#18243 = ORIENTED_EDGE('',*,*,#18244,.T.);
#18244 = EDGE_CURVE('',#14373,#14479,#18245,.T.);
#18245 = SURFACE_CURVE('',#18246,(#18250,#18257),.PCURVE_S1.);
#18246 = LINE('',#18247,#18248);
#18247 = CARTESIAN_POINT('',(11.5,-17.2,12.));
#18248 = VECTOR('',#18249,1.);
#18249 = DIRECTION('',(0.,1.,0.));
#18250 = PCURVE('',#14262,#18251);
#18251 = DEFINITIONAL_REPRESENTATION('',(#18252),#18256);
#18252 = LINE('',#18253,#18254);
#18253 = CARTESIAN_POINT('',(4.,-3.2));
#18254 = VECTOR('',#18255,1.);
#18255 = DIRECTION('',(0.,1.));
#18256 = ( GEOMETRIC_REPRESENTATION_CONTEXT(2) 
PARAMETRIC_REPRESENTATION_CONTEXT() REPRESENTATION_CONTEXT('2D SPACE',''
  ) );
#18257 = PCURVE('',#14409,#18258);
#18258 = DEFINITIONAL_REPRESENTATION('',(#18259),#18263);
#18259 = LINE('',#18260,#18261);
#18260 = CARTESIAN_POINT('',(-0.,-3.2));
#18261 = VECTOR('',#18262,1.);
#18262 = DIRECTION('',(0.,1.));
#18263 = ( GEOMETRIC_REPRESENTATION_CONTEXT(2) 
PARAMETRIC_REPRESENTATION_CONTEXT() REPRESENTATION_CONTEXT('2D SPACE',''
  ) );
#18264 = ORIENTED_EDGE('',*,*,#14478,.F.);
#18265 = ORIENTED_EDGE('',*,*,#18164,.T.);
#18266 = ADVANCED_FACE('',(#18267,#18270),#14185,.F.);
#18267 = FACE_BOUND('',#18268,.F.);
#18268 = EDGE_LOOP('',(#18269));
#18269 = ORIENTED_EDGE('',*,*,#14170,.T.);
#18270 = FACE_BOUND('',#18271,.F.);
#18271 = EDGE_LOOP('',(#18272));
#18272 = ORIENTED_EDGE('',*,*,#18273,.T.);
#18273 = EDGE_CURVE('',#18274,#18274,#18276,.T.);
#18274 = VERTEX_POINT('',#18275);
#18275 = CARTESIAN_POINT('',(16.45,-15.25,15.));
#18276 = SURFACE_CURVE('',#18277,(#18282,#18293),.PCURVE_S1.);
#18277 = CIRCLE('',#18278,1.2);
#18278 = AXIS2_PLACEMENT_3D('',#18279,#18280,#18281);
#18279 = CARTESIAN_POINT('',(15.25,-15.25,15.));
#18280 = DIRECTION('',(0.,0.,-1.));
#18281 = DIRECTION('',(1.,0.,0.));
#18282 = PCURVE('',#14185,#18283);
#18283 = DEFINITIONAL_REPRESENTATION('',(#18284),#18292);
#18284 = ( BOUNDED_CURVE() B_SPLINE_CURVE(2,(#18285,#18286,#18287,#18288
    ,#18289,#18290,#18291),.UNSPECIFIED.,.T.,.F.) 
B_SPLINE_CURVE_WITH_KNOTS((1,2,2,2,2,1),(-2.094395102393,0.,
    2.094395102393,4.188790204786,6.28318530718,8.377580409573),
.UNSPECIFIED.) CURVE() GEOMETRIC_REPRESENTATION_ITEM() 
RATIONAL_B_SPLINE_CURVE((1.,0.5,1.,0.5,1.,0.5,1.)) REPRESENTATION_ITEM(
  '') );
#18285 = CARTESIAN_POINT('',(1.2,0.));
#18286 = CARTESIAN_POINT('',(1.2,-2.078460969083));
#18287 = CARTESIAN_POINT('',(-0.6,-1.039230484541));
#18288 = CARTESIAN_POINT('',(-2.4,-2.939152317954E-16));
#18289 = CARTESIAN_POINT('',(-0.6,1.039230484541));
#18290 = CARTESIAN_POINT('',(1.2,2.078460969083));
#18291 = CARTESIAN_POINT('',(1.2,0.));
#18292 = ( GEOMETRIC_REPRESENTATION_CONTEXT(2) 
PARAMETRIC_REPRESENTATION_CONTEXT() REPRESENTATION_CONTEXT('2D SPACE',''
  ) );
#18293 = PCURVE('',#18294,#18299);
#18294 = CYLINDRICAL_SURFACE('',#18295,1.2);
#18295 = AXIS2_PLACEMENT_3D('',#18296,#18297,#18298);
#18296 = CARTESIAN_POINT('',(15.25,-15.25,9.));
#18297 = DIRECTION('',(-0.,-0.,-1.));
#18298 = DIRECTION('',(1.,0.,0.));
#18299 = DEFINITIONAL_REPRESENTATION('',(#18300),#18304);
#18300 = LINE('',#18301,#18302);
#18301 = CARTESIAN_POINT('',(-6.28318530718,-6.));
#18302 = VECTOR('',#18303,1.);
#18303 = DIRECTION('',(1.,-0.));
#18304 = ( GEOMETRIC_REPRESENTATION_CONTEXT(2) 
PARAMETRIC_REPRESENTATION_CONTEXT() REPRESENTATION_CONTEXT('2D SPACE',''
  ) );
#18305 = ADVANCED_FACE('',(#18306),#14409,.T.);
#18306 = FACE_BOUND('',#18307,.T.);
#18307 = EDGE_LOOP('',(#18308,#18309,#18310,#18311));
#18308 = ORIENTED_EDGE('',*,*,#18244,.F.);
#18309 = ORIENTED_EDGE('',*,*,#14395,.T.);
#18310 = ORIENTED_EDGE('',*,*,#16415,.T.);
#18311 = ORIENTED_EDGE('',*,*,#14501,.F.);
#18312 = ADVANCED_FACE('',(#18313),#14637,.T.);
#18313 = FACE_BOUND('',#18314,.T.);
#18314 = EDGE_LOOP('',(#18315,#18336,#18337,#18338));
#18315 = ORIENTED_EDGE('',*,*,#18316,.F.);
#18316 = EDGE_CURVE('',#14594,#14726,#18317,.T.);
#18317 = SURFACE_CURVE('',#18318,(#18322,#18329),.PCURVE_S1.);
#18318 = LINE('',#18319,#18320);
#18319 = CARTESIAN_POINT('',(11.5,-3.2,12.));
#18320 = VECTOR('',#18321,1.);
#18321 = DIRECTION('',(0.,1.,0.));
#18322 = PCURVE('',#14637,#18323);
#18323 = DEFINITIONAL_REPRESENTATION('',(#18324),#18328);
#18324 = LINE('',#18325,#18326);
#18325 = CARTESIAN_POINT('',(-0.,-3.2));
#18326 = VECTOR('',#18327,1.);
#18327 = DIRECTION('',(0.,1.));
#18328 = ( GEOMETRIC_REPRESENTATION_CONTEXT(2) 
PARAMETRIC_REPRESENTATION_CONTEXT() REPRESENTATION_CONTEXT('2D SPACE',''
  ) );
#18329 = PCURVE('',#14609,#18330);
#18330 = DEFINITIONAL_REPRESENTATION('',(#18331),#18335);
#18331 = LINE('',#18332,#18333);
#18332 = CARTESIAN_POINT('',(4.,-3.2));
#18333 = VECTOR('',#18334,1.);
#18334 = DIRECTION('',(0.,1.));
#18335 = ( GEOMETRIC_REPRESENTATION_CONTEXT(2) 
PARAMETRIC_REPRESENTATION_CONTEXT() REPRESENTATION_CONTEXT('2D SPACE',''
  ) );
#18336 = ORIENTED_EDGE('',*,*,#14621,.T.);
#18337 = ORIENTED_EDGE('',*,*,#16437,.T.);
#18338 = ORIENTED_EDGE('',*,*,#14748,.F.);
#18339 = ADVANCED_FACE('',(#18340),#14609,.T.);
#18340 = FACE_BOUND('',#18341,.T.);
#18341 = EDGE_LOOP('',(#18342,#18343,#18344,#18345));
#18342 = ORIENTED_EDGE('',*,*,#14593,.T.);
#18343 = ORIENTED_EDGE('',*,*,#18316,.T.);
#18344 = ORIENTED_EDGE('',*,*,#14725,.F.);
#18345 = ORIENTED_EDGE('',*,*,#18190,.T.);
#18346 = ADVANCED_FACE('',(#18347),#14884,.T.);
#18347 = FACE_BOUND('',#18348,.T.);
#18348 = EDGE_LOOP('',(#18349,#18370,#18371,#18372));
#18349 = ORIENTED_EDGE('',*,*,#18350,.F.);
#18350 = EDGE_CURVE('',#14841,#15012,#18351,.T.);
#18351 = SURFACE_CURVE('',#18352,(#18356,#18363),.PCURVE_S1.);
#18352 = LINE('',#18353,#18354);
#18353 = CARTESIAN_POINT('',(11.5,10.8,12.));
#18354 = VECTOR('',#18355,1.);
#18355 = DIRECTION('',(0.,1.,0.));
#18356 = PCURVE('',#14884,#18357);
#18357 = DEFINITIONAL_REPRESENTATION('',(#18358),#18362);
#18358 = LINE('',#18359,#18360);
#18359 = CARTESIAN_POINT('',(-0.,-3.2));
#18360 = VECTOR('',#18361,1.);
#18361 = DIRECTION('',(0.,1.));
#18362 = ( GEOMETRIC_REPRESENTATION_CONTEXT(2) 
PARAMETRIC_REPRESENTATION_CONTEXT() REPRESENTATION_CONTEXT('2D SPACE',''
  ) );
#18363 = PCURVE('',#14856,#18364);
#18364 = DEFINITIONAL_REPRESENTATION('',(#18365),#18369);
#18365 = LINE('',#18366,#18367);
#18366 = CARTESIAN_POINT('',(4.,-3.2));
#18367 = VECTOR('',#18368,1.);
#18368 = DIRECTION('',(0.,1.));
#18369 = ( GEOMETRIC_REPRESENTATION_CONTEXT(2) 
PARAMETRIC_REPRESENTATION_CONTEXT() REPRESENTATION_CONTEXT('2D SPACE',''
  ) );
#18370 = ORIENTED_EDGE('',*,*,#14868,.T.);
#18371 = ORIENTED_EDGE('',*,*,#16459,.T.);
#18372 = ORIENTED_EDGE('',*,*,#15034,.F.);
#18373 = ADVANCED_FACE('',(#18374),#14856,.T.);
#18374 = FACE_BOUND('',#18375,.T.);
#18375 = EDGE_LOOP('',(#18376,#18377,#18378,#18379,#18380));
#18376 = ORIENTED_EDGE('',*,*,#15165,.F.);
#18377 = ORIENTED_EDGE('',*,*,#18218,.T.);
#18378 = ORIENTED_EDGE('',*,*,#14840,.T.);
#18379 = ORIENTED_EDGE('',*,*,#18350,.T.);
#18380 = ORIENTED_EDGE('',*,*,#15011,.F.);
#18381 = ADVANCED_FACE('',(#18382,#18385),#15124,.F.);
#18382 = FACE_BOUND('',#18383,.F.);
#18383 = EDGE_LOOP('',(#18384));
#18384 = ORIENTED_EDGE('',*,*,#15109,.T.);
#18385 = FACE_BOUND('',#18386,.F.);
#18386 = EDGE_LOOP('',(#18387));
#18387 = ORIENTED_EDGE('',*,*,#18388,.T.);
#18388 = EDGE_CURVE('',#18389,#18389,#18391,.T.);
#18389 = VERTEX_POINT('',#18390);
#18390 = CARTESIAN_POINT('',(16.45,15.25,15.));
#18391 = SURFACE_CURVE('',#18392,(#18397,#18408),.PCURVE_S1.);
#18392 = CIRCLE('',#18393,1.2);
#18393 = AXIS2_PLACEMENT_3D('',#18394,#18395,#18396);
#18394 = CARTESIAN_POINT('',(15.25,15.25,15.));
#18395 = DIRECTION('',(0.,0.,-1.));
#18396 = DIRECTION('',(1.,0.,0.));
#18397 = PCURVE('',#15124,#18398);
#18398 = DEFINITIONAL_REPRESENTATION('',(#18399),#18407);
#18399 = ( BOUNDED_CURVE() B_SPLINE_CURVE(2,(#18400,#18401,#18402,#18403
    ,#18404,#18405,#18406),.UNSPECIFIED.,.T.,.F.) 
B_SPLINE_CURVE_WITH_KNOTS((1,2,2,2,2,1),(-2.094395102393,0.,
    2.094395102393,4.188790204786,6.28318530718,8.377580409573),
.UNSPECIFIED.) CURVE() GEOMETRIC_REPRESENTATION_ITEM() 
RATIONAL_B_SPLINE_CURVE((1.,0.5,1.,0.5,1.,0.5,1.)) REPRESENTATION_ITEM(
  '') );
#18400 = CARTESIAN_POINT('',(1.2,0.));
#18401 = CARTESIAN_POINT('',(1.2,-2.078460969083));
#18402 = CARTESIAN_POINT('',(-0.6,-1.039230484541));
#18403 = CARTESIAN_POINT('',(-2.4,-2.939152317954E-16));
#18404 = CARTESIAN_POINT('',(-0.6,1.039230484541));
#18405 = CARTESIAN_POINT('',(1.2,2.078460969083));
#18406 = CARTESIAN_POINT('',(1.2,0.));
#18407 = ( GEOMETRIC_REPRESENTATION_CONTEXT(2) 
PARAMETRIC_REPRESENTATION_CONTEXT() REPRESENTATION_CONTEXT('2D SPACE',''
  ) );
#18408 = PCURVE('',#18409,#18414);
#18409 = CYLINDRICAL_SURFACE('',#18410,1.2);
#18410 = AXIS2_PLACEMENT_3D('',#18411,#18412,#18413);
#18411 = CARTESIAN_POINT('',(15.25,15.25,9.));
#18412 = DIRECTION('',(-0.,-0.,-1.));
#18413 = DIRECTION('',(1.,0.,0.));
#18414 = DEFINITIONAL_REPRESENTATION('',(#18415),#18419);
#18415 = LINE('',#18416,#18417);
#18416 = CARTESIAN_POINT('',(-6.28318530718,-6.));
#18417 = VECTOR('',#18418,1.);
#18418 = DIRECTION('',(1.,-0.));
#18419 = ( GEOMETRIC_REPRESENTATION_CONTEXT(2) 
PARAMETRIC_REPRESENTATION_CONTEXT() REPRESENTATION_CONTEXT('2D SPACE',''
  ) );
#18420 = ADVANCED_FACE('',(#18421),#15252,.T.);
#18421 = FACE_BOUND('',#18422,.T.);
#18422 = EDGE_LOOP('',(#18423,#18444,#18445,#18446));
#18423 = ORIENTED_EDGE('',*,*,#18424,.F.);
#18424 = EDGE_CURVE('',#15360,#15487,#18425,.T.);
#18425 = SURFACE_CURVE('',#18426,(#18430,#18437),.PCURVE_S1.);
#18426 = LINE('',#18427,#18428);
#18427 = CARTESIAN_POINT('',(11.5,27.3,12.));
#18428 = VECTOR('',#18429,1.);
#18429 = DIRECTION('',(0.,1.,0.));
#18430 = PCURVE('',#15252,#18431);
#18431 = DEFINITIONAL_REPRESENTATION('',(#18432),#18436);
#18432 = LINE('',#18433,#18434);
#18433 = CARTESIAN_POINT('',(-0.,-3.2));
#18434 = VECTOR('',#18435,1.);
#18435 = DIRECTION('',(0.,1.));
#18436 = ( GEOMETRIC_REPRESENTATION_CONTEXT(2) 
PARAMETRIC_REPRESENTATION_CONTEXT() REPRESENTATION_CONTEXT('2D SPACE',''
  ) );
#18437 = PCURVE('',#15375,#18438);
#18438 = DEFINITIONAL_REPRESENTATION('',(#18439),#18443);
#18439 = LINE('',#18440,#18441);
#18440 = CARTESIAN_POINT('',(4.,-3.2));
#18441 = VECTOR('',#18442,1.);
#18442 = DIRECTION('',(0.,1.));
#18443 = ( GEOMETRIC_REPRESENTATION_CONTEXT(2) 
PARAMETRIC_REPRESENTATION_CONTEXT() REPRESENTATION_CONTEXT('2D SPACE',''
  ) );
#18444 = ORIENTED_EDGE('',*,*,#15387,.T.);
#18445 = ORIENTED_EDGE('',*,*,#15237,.T.);
#18446 = ORIENTED_EDGE('',*,*,#15509,.F.);
#18447 = ADVANCED_FACE('',(#18448),#15375,.T.);
#18448 = FACE_BOUND('',#18449,.T.);
#18449 = EDGE_LOOP('',(#18450,#18451,#18452,#18453));
#18450 = ORIENTED_EDGE('',*,*,#15359,.T.);
#18451 = ORIENTED_EDGE('',*,*,#18424,.T.);
#18452 = ORIENTED_EDGE('',*,*,#15486,.F.);
#18453 = ORIENTED_EDGE('',*,*,#18454,.T.);
#18454 = EDGE_CURVE('',#15464,#15332,#18455,.T.);
#18455 = SURFACE_CURVE('',#18456,(#18460,#18467),.PCURVE_S1.);
#18456 = LINE('',#18457,#18458);
#18457 = CARTESIAN_POINT('',(15.5,33.7,12.));
#18458 = VECTOR('',#18459,1.);
#18459 = DIRECTION('',(0.,-1.,0.));
#18460 = PCURVE('',#15375,#18461);
#18461 = DEFINITIONAL_REPRESENTATION('',(#18462),#18466);
#18462 = LINE('',#18463,#18464);
#18463 = CARTESIAN_POINT('',(0.,3.2));
#18464 = VECTOR('',#18465,1.);
#18465 = DIRECTION('',(0.,-1.));
#18466 = ( GEOMETRIC_REPRESENTATION_CONTEXT(2) 
PARAMETRIC_REPRESENTATION_CONTEXT() REPRESENTATION_CONTEXT('2D SPACE',''
  ) );
#18467 = PCURVE('',#15347,#18468);
#18468 = DEFINITIONAL_REPRESENTATION('',(#18469),#18473);
#18469 = LINE('',#18470,#18471);
#18470 = CARTESIAN_POINT('',(5.656854249492,3.2));
#18471 = VECTOR('',#18472,1.);
#18472 = DIRECTION('',(0.,-1.));
#18473 = ( GEOMETRIC_REPRESENTATION_CONTEXT(2) 
PARAMETRIC_REPRESENTATION_CONTEXT() REPRESENTATION_CONTEXT('2D SPACE',''
  ) );
#18474 = ADVANCED_FACE('',(#18475),#15347,.T.);
#18475 = FACE_BOUND('',#18476,.T.);
#18476 = EDGE_LOOP('',(#18477,#18478,#18479,#18480));
#18477 = ORIENTED_EDGE('',*,*,#16018,.T.);
#18478 = ORIENTED_EDGE('',*,*,#15331,.T.);
#18479 = ORIENTED_EDGE('',*,*,#18454,.F.);
#18480 = ORIENTED_EDGE('',*,*,#15463,.F.);
#18481 = ADVANCED_FACE('',(#18482),#15593,.T.);
#18482 = FACE_BOUND('',#18483,.T.);
#18483 = EDGE_LOOP('',(#18484,#18505,#18506,#18507));
#18484 = ORIENTED_EDGE('',*,*,#18485,.F.);
#18485 = EDGE_CURVE('',#15752,#15945,#18486,.T.);
#18486 = SURFACE_CURVE('',#18487,(#18491,#18498),.PCURVE_S1.);
#18487 = LINE('',#18488,#18489);
#18488 = CARTESIAN_POINT('',(22.2,21.,12.));
#18489 = VECTOR('',#18490,1.);
#18490 = DIRECTION('',(-1.,0.,0.));
#18491 = PCURVE('',#15593,#18492);
#18492 = DEFINITIONAL_REPRESENTATION('',(#18493),#18497);
#18493 = LINE('',#18494,#18495);
#18494 = CARTESIAN_POINT('',(0.,-3.2));
#18495 = VECTOR('',#18496,1.);
#18496 = DIRECTION('',(-0.,1.));
#18497 = ( GEOMETRIC_REPRESENTATION_CONTEXT(2) 
PARAMETRIC_REPRESENTATION_CONTEXT() REPRESENTATION_CONTEXT('2D SPACE',''
  ) );
#18498 = PCURVE('',#15767,#18499);
#18499 = DEFINITIONAL_REPRESENTATION('',(#18500),#18504);
#18500 = LINE('',#18501,#18502);
#18501 = CARTESIAN_POINT('',(1.,-3.2));
#18502 = VECTOR('',#18503,1.);
#18503 = DIRECTION('',(0.,1.));
#18504 = ( GEOMETRIC_REPRESENTATION_CONTEXT(2) 
PARAMETRIC_REPRESENTATION_CONTEXT() REPRESENTATION_CONTEXT('2D SPACE',''
  ) );
#18505 = ORIENTED_EDGE('',*,*,#15779,.T.);
#18506 = ORIENTED_EDGE('',*,*,#15578,.T.);
#18507 = ORIENTED_EDGE('',*,*,#15967,.F.);
#18508 = ADVANCED_FACE('',(#18509),#15767,.T.);
#18509 = FACE_BOUND('',#18510,.T.);
#18510 = EDGE_LOOP('',(#18511,#18512,#18513,#18514));
#18511 = ORIENTED_EDGE('',*,*,#15751,.T.);
#18512 = ORIENTED_EDGE('',*,*,#18485,.T.);
#18513 = ORIENTED_EDGE('',*,*,#15944,.F.);
#18514 = ORIENTED_EDGE('',*,*,#18515,.T.);
#18515 = EDGE_CURVE('',#15922,#15724,#18516,.T.);
#18516 = SURFACE_CURVE('',#18517,(#18521,#18528),.PCURVE_S1.);
#18517 = LINE('',#18518,#18519);
#18518 = CARTESIAN_POINT('',(15.8,22.,12.));
#18519 = VECTOR('',#18520,1.);
#18520 = DIRECTION('',(1.,0.,0.));
#18521 = PCURVE('',#15767,#18522);
#18522 = DEFINITIONAL_REPRESENTATION('',(#18523),#18527);
#18523 = LINE('',#18524,#18525);
#18524 = CARTESIAN_POINT('',(0.,3.2));
#18525 = VECTOR('',#18526,1.);
#18526 = DIRECTION('',(0.,-1.));
#18527 = ( GEOMETRIC_REPRESENTATION_CONTEXT(2) 
PARAMETRIC_REPRESENTATION_CONTEXT() REPRESENTATION_CONTEXT('2D SPACE',''
  ) );
#18528 = PCURVE('',#15739,#18529);
#18529 = DEFINITIONAL_REPRESENTATION('',(#18530),#18534);
#18530 = LINE('',#18531,#18532);
#18531 = CARTESIAN_POINT('',(4.242640687119,3.2));
#18532 = VECTOR('',#18533,1.);
#18533 = DIRECTION('',(0.,-1.));
#18534 = ( GEOMETRIC_REPRESENTATION_CONTEXT(2) 
PARAMETRIC_REPRESENTATION_CONTEXT() REPRESENTATION_CONTEXT('2D SPACE',''
  ) );
#18535 = ADVANCED_FACE('',(#18536),#15739,.T.);
#18536 = FACE_BOUND('',#18537,.T.);
#18537 = EDGE_LOOP('',(#18538,#18539,#18540,#18541));
#18538 = ORIENTED_EDGE('',*,*,#16166,.T.);
#18539 = ORIENTED_EDGE('',*,*,#15723,.T.);
#18540 = ORIENTED_EDGE('',*,*,#18515,.F.);
#18541 = ORIENTED_EDGE('',*,*,#15921,.F.);
#18542 = ADVANCED_FACE('',(#18543),#15668,.T.);
#18543 = FACE_BOUND('',#18544,.T.);
#18544 = EDGE_LOOP('',(#18545,#18546,#18547,#18548));
#18545 = ORIENTED_EDGE('',*,*,#15652,.T.);
#18546 = ORIENTED_EDGE('',*,*,#16192,.F.);
#18547 = ORIENTED_EDGE('',*,*,#15855,.F.);
#18548 = ORIENTED_EDGE('',*,*,#15806,.T.);
#18549 = ADVANCED_FACE('',(#18550,#18553),#17004,.T.);
#18550 = FACE_BOUND('',#18551,.T.);
#18551 = EDGE_LOOP('',(#18552));
#18552 = ORIENTED_EDGE('',*,*,#16989,.T.);
#18553 = FACE_BOUND('',#18554,.T.);
#18554 = EDGE_LOOP('',(#18555));
#18555 = ORIENTED_EDGE('',*,*,#18556,.T.);
#18556 = EDGE_CURVE('',#18557,#18557,#18559,.T.);
#18557 = VERTEX_POINT('',#18558);
#18558 = CARTESIAN_POINT('',(16.45,-15.25,23.));
#18559 = SURFACE_CURVE('',#18560,(#18565,#18576),.PCURVE_S1.);
#18560 = CIRCLE('',#18561,1.2);
#18561 = AXIS2_PLACEMENT_3D('',#18562,#18563,#18564);
#18562 = CARTESIAN_POINT('',(15.25,-15.25,23.));
#18563 = DIRECTION('',(0.,0.,-1.));
#18564 = DIRECTION('',(1.,0.,0.));
#18565 = PCURVE('',#17004,#18566);
#18566 = DEFINITIONAL_REPRESENTATION('',(#18567),#18575);
#18567 = ( BOUNDED_CURVE() B_SPLINE_CURVE(2,(#18568,#18569,#18570,#18571
    ,#18572,#18573,#18574),.UNSPECIFIED.,.T.,.F.) 
B_SPLINE_CURVE_WITH_KNOTS((1,2,2,2,2,1),(-2.094395102393,0.,
    2.094395102393,4.188790204786,6.28318530718,8.377580409573),
.UNSPECIFIED.) CURVE() GEOMETRIC_REPRESENTATION_ITEM() 
RATIONAL_B_SPLINE_CURVE((1.,0.5,1.,0.5,1.,0.5,1.)) REPRESENTATION_ITEM(
  '') );
#18568 = CARTESIAN_POINT('',(1.2,0.));
#18569 = CARTESIAN_POINT('',(1.2,-2.078460969083));
#18570 = CARTESIAN_POINT('',(-0.6,-1.039230484541));
#18571 = CARTESIAN_POINT('',(-2.4,-2.939152317954E-16));
#18572 = CARTESIAN_POINT('',(-0.6,1.039230484541));
#18573 = CARTESIAN_POINT('',(1.2,2.078460969083));
#18574 = CARTESIAN_POINT('',(1.2,0.));
#18575 = ( GEOMETRIC_REPRESENTATION_CONTEXT(2) 
PARAMETRIC_REPRESENTATION_CONTEXT() REPRESENTATION_CONTEXT('2D SPACE',''
  ) );
#18576 = PCURVE('',#18294,#18577);
#18577 = DEFINITIONAL_REPRESENTATION('',(#18578),#18582);
#18578 = LINE('',#18579,#18580);
#18579 = CARTESIAN_POINT('',(-6.28318530718,-14.));
#18580 = VECTOR('',#18581,1.);
#18581 = DIRECTION('',(1.,-0.));
#18582 = ( GEOMETRIC_REPRESENTATION_CONTEXT(2) 
PARAMETRIC_REPRESENTATION_CONTEXT() REPRESENTATION_CONTEXT('2D SPACE',''
  ) );
#18583 = ADVANCED_FACE('',(#18584,#18587),#17086,.T.);
#18584 = FACE_BOUND('',#18585,.T.);
#18585 = EDGE_LOOP('',(#18586));
#18586 = ORIENTED_EDGE('',*,*,#17071,.T.);
#18587 = FACE_BOUND('',#18588,.T.);
#18588 = EDGE_LOOP('',(#18589));
#18589 = ORIENTED_EDGE('',*,*,#18590,.T.);
#18590 = EDGE_CURVE('',#18591,#18591,#18593,.T.);
#18591 = VERTEX_POINT('',#18592);
#18592 = CARTESIAN_POINT('',(-14.05,-15.25,23.));
#18593 = SURFACE_CURVE('',#18594,(#18599,#18610),.PCURVE_S1.);
#18594 = CIRCLE('',#18595,1.2);
#18595 = AXIS2_PLACEMENT_3D('',#18596,#18597,#18598);
#18596 = CARTESIAN_POINT('',(-15.25,-15.25,23.));
#18597 = DIRECTION('',(0.,0.,-1.));
#18598 = DIRECTION('',(1.,0.,0.));
#18599 = PCURVE('',#17086,#18600);
#18600 = DEFINITIONAL_REPRESENTATION('',(#18601),#18609);
#18601 = ( BOUNDED_CURVE() B_SPLINE_CURVE(2,(#18602,#18603,#18604,#18605
    ,#18606,#18607,#18608),.UNSPECIFIED.,.T.,.F.) 
B_SPLINE_CURVE_WITH_KNOTS((1,2,2,2,2,1),(-2.094395102393,0.,
    2.094395102393,4.188790204786,6.28318530718,8.377580409573),
.UNSPECIFIED.) CURVE() GEOMETRIC_REPRESENTATION_ITEM() 
RATIONAL_B_SPLINE_CURVE((1.,0.5,1.,0.5,1.,0.5,1.)) REPRESENTATION_ITEM(
  '') );
#18602 = CARTESIAN_POINT('',(1.2,0.));
#18603 = CARTESIAN_POINT('',(1.2,-2.078460969083));
#18604 = CARTESIAN_POINT('',(-0.6,-1.039230484541));
#18605 = CARTESIAN_POINT('',(-2.4,-2.939152317954E-16));
#18606 = CARTESIAN_POINT('',(-0.6,1.039230484541));
#18607 = CARTESIAN_POINT('',(1.2,2.078460969083));
#18608 = CARTESIAN_POINT('',(1.2,0.));
#18609 = ( GEOMETRIC_REPRESENTATION_CONTEXT(2) 
PARAMETRIC_REPRESENTATION_CONTEXT() REPRESENTATION_CONTEXT('2D SPACE',''
  ) );
#18610 = PCURVE('',#17711,#18611);
#18611 = DEFINITIONAL_REPRESENTATION('',(#18612),#18616);
#18612 = LINE('',#18613,#18614);
#18613 = CARTESIAN_POINT('',(-6.28318530718,-14.));
#18614 = VECTOR('',#18615,1.);
#18615 = DIRECTION('',(1.,-0.));
#18616 = ( GEOMETRIC_REPRESENTATION_CONTEXT(2) 
PARAMETRIC_REPRESENTATION_CONTEXT() REPRESENTATION_CONTEXT('2D SPACE',''
  ) );
#18617 = ADVANCED_FACE('',(#18618,#18621),#17195,.T.);
#18618 = FACE_BOUND('',#18619,.T.);
#18619 = EDGE_LOOP('',(#18620));
#18620 = ORIENTED_EDGE('',*,*,#17180,.T.);
#18621 = FACE_BOUND('',#18622,.T.);
#18622 = EDGE_LOOP('',(#18623));
#18623 = ORIENTED_EDGE('',*,*,#18624,.T.);
#18624 = EDGE_CURVE('',#18625,#18625,#18627,.T.);
#18625 = VERTEX_POINT('',#18626);
#18626 = CARTESIAN_POINT('',(16.45,15.25,23.));
#18627 = SURFACE_CURVE('',#18628,(#18633,#18644),.PCURVE_S1.);
#18628 = CIRCLE('',#18629,1.2);
#18629 = AXIS2_PLACEMENT_3D('',#18630,#18631,#18632);
#18630 = CARTESIAN_POINT('',(15.25,15.25,23.));
#18631 = DIRECTION('',(0.,0.,-1.));
#18632 = DIRECTION('',(1.,0.,0.));
#18633 = PCURVE('',#17195,#18634);
#18634 = DEFINITIONAL_REPRESENTATION('',(#18635),#18643);
#18635 = ( BOUNDED_CURVE() B_SPLINE_CURVE(2,(#18636,#18637,#18638,#18639
    ,#18640,#18641,#18642),.UNSPECIFIED.,.T.,.F.) 
B_SPLINE_CURVE_WITH_KNOTS((1,2,2,2,2,1),(-2.094395102393,0.,
    2.094395102393,4.188790204786,6.28318530718,8.377580409573),
.UNSPECIFIED.) CURVE() GEOMETRIC_REPRESENTATION_ITEM() 
RATIONAL_B_SPLINE_CURVE((1.,0.5,1.,0.5,1.,0.5,1.)) REPRESENTATION_ITEM(
  '') );
#18636 = CARTESIAN_POINT('',(1.2,0.));
#18637 = CARTESIAN_POINT('',(1.2,-2.078460969083));
#18638 = CARTESIAN_POINT('',(-0.6,-1.039230484541));
#18639 = CARTESIAN_POINT('',(-2.4,-2.939152317954E-16));
#18640 = CARTESIAN_POINT('',(-0.6,1.039230484541));
#18641 = CARTESIAN_POINT('',(1.2,2.078460969083));
#18642 = CARTESIAN_POINT('',(1.2,0.));
#18643 = ( GEOMETRIC_REPRESENTATION_CONTEXT(2) 
PARAMETRIC_REPRESENTATION_CONTEXT() REPRESENTATION_CONTEXT('2D SPACE',''
  ) );
#18644 = PCURVE('',#18409,#18645);
#18645 = DEFINITIONAL_REPRESENTATION('',(#18646),#18650);
#18646 = LINE('',#18647,#18648);
#18647 = CARTESIAN_POINT('',(-6.28318530718,-14.));
#18648 = VECTOR('',#18649,1.);
#18649 = DIRECTION('',(1.,-0.));
#18650 = ( GEOMETRIC_REPRESENTATION_CONTEXT(2) 
PARAMETRIC_REPRESENTATION_CONTEXT() REPRESENTATION_CONTEXT('2D SPACE',''
  ) );
#18651 = ADVANCED_FACE('',(#18652,#18655),#17377,.T.);
#18652 = FACE_BOUND('',#18653,.T.);
#18653 = EDGE_LOOP('',(#18654));
#18654 = ORIENTED_EDGE('',*,*,#17362,.T.);
#18655 = FACE_BOUND('',#18656,.T.);
#18656 = EDGE_LOOP('',(#18657));
#18657 = ORIENTED_EDGE('',*,*,#18658,.T.);
#18658 = EDGE_CURVE('',#18659,#18659,#18661,.T.);
#18659 = VERTEX_POINT('',#18660);
#18660 = CARTESIAN_POINT('',(-14.05,15.25,23.));
#18661 = SURFACE_CURVE('',#18662,(#18667,#18678),.PCURVE_S1.);
#18662 = CIRCLE('',#18663,1.2);
#18663 = AXIS2_PLACEMENT_3D('',#18664,#18665,#18666);
#18664 = CARTESIAN_POINT('',(-15.25,15.25,23.));
#18665 = DIRECTION('',(0.,0.,-1.));
#18666 = DIRECTION('',(1.,0.,0.));
#18667 = PCURVE('',#17377,#18668);
#18668 = DEFINITIONAL_REPRESENTATION('',(#18669),#18677);
#18669 = ( BOUNDED_CURVE() B_SPLINE_CURVE(2,(#18670,#18671,#18672,#18673
    ,#18674,#18675,#18676),.UNSPECIFIED.,.T.,.F.) 
B_SPLINE_CURVE_WITH_KNOTS((1,2,2,2,2,1),(-2.094395102393,0.,
    2.094395102393,4.188790204786,6.28318530718,8.377580409573),
.UNSPECIFIED.) CURVE() GEOMETRIC_REPRESENTATION_ITEM() 
RATIONAL_B_SPLINE_CURVE((1.,0.5,1.,0.5,1.,0.5,1.)) REPRESENTATION_ITEM(
  '') );
#18670 = CARTESIAN_POINT('',(1.2,0.));
#18671 = CARTESIAN_POINT('',(1.2,-2.078460969083));
#18672 = CARTESIAN_POINT('',(-0.6,-1.039230484541));
#18673 = CARTESIAN_POINT('',(-2.4,-2.939152317954E-16));
#18674 = CARTESIAN_POINT('',(-0.6,1.039230484541));
#18675 = CARTESIAN_POINT('',(1.2,2.078460969083));
#18676 = CARTESIAN_POINT('',(1.2,0.));
#18677 = ( GEOMETRIC_REPRESENTATION_CONTEXT(2) 
PARAMETRIC_REPRESENTATION_CONTEXT() REPRESENTATION_CONTEXT('2D SPACE',''
  ) );
#18678 = PCURVE('',#17827,#18679);
#18679 = DEFINITIONAL_REPRESENTATION('',(#18680),#18684);
#18680 = LINE('',#18681,#18682);
#18681 = CARTESIAN_POINT('',(-6.28318530718,-14.));
#18682 = VECTOR('',#18683,1.);
#18683 = DIRECTION('',(1.,-0.));
#18684 = ( GEOMETRIC_REPRESENTATION_CONTEXT(2) 
PARAMETRIC_REPRESENTATION_CONTEXT() REPRESENTATION_CONTEXT('2D SPACE',''
  ) );
#18685 = ADVANCED_FACE('',(#18686),#17711,.F.);
#18686 = FACE_BOUND('',#18687,.T.);
#18687 = EDGE_LOOP('',(#18688,#18689,#18710,#18711));
#18688 = ORIENTED_EDGE('',*,*,#17690,.T.);
#18689 = ORIENTED_EDGE('',*,*,#18690,.T.);
#18690 = EDGE_CURVE('',#17691,#18591,#18691,.T.);
#18691 = SEAM_CURVE('',#18692,(#18696,#18703),.PCURVE_S1.);
#18692 = LINE('',#18693,#18694);
#18693 = CARTESIAN_POINT('',(-14.05,-15.25,9.));
#18694 = VECTOR('',#18695,1.);
#18695 = DIRECTION('',(0.,0.,1.));
#18696 = PCURVE('',#17711,#18697);
#18697 = DEFINITIONAL_REPRESENTATION('',(#18698),#18702);
#18698 = LINE('',#18699,#18700);
#18699 = CARTESIAN_POINT('',(-6.28318530718,0.));
#18700 = VECTOR('',#18701,1.);
#18701 = DIRECTION('',(-0.,-1.));
#18702 = ( GEOMETRIC_REPRESENTATION_CONTEXT(2) 
PARAMETRIC_REPRESENTATION_CONTEXT() REPRESENTATION_CONTEXT('2D SPACE',''
  ) );
#18703 = PCURVE('',#17711,#18704);
#18704 = DEFINITIONAL_REPRESENTATION('',(#18705),#18709);
#18705 = LINE('',#18706,#18707);
#18706 = CARTESIAN_POINT('',(-0.,0.));
#18707 = VECTOR('',#18708,1.);
#18708 = DIRECTION('',(-0.,-1.));
#18709 = ( GEOMETRIC_REPRESENTATION_CONTEXT(2) 
PARAMETRIC_REPRESENTATION_CONTEXT() REPRESENTATION_CONTEXT('2D SPACE',''
  ) );
#18710 = ORIENTED_EDGE('',*,*,#18590,.F.);
#18711 = ORIENTED_EDGE('',*,*,#18690,.F.);
#18712 = ADVANCED_FACE('',(#18713),#17827,.F.);
#18713 = FACE_BOUND('',#18714,.T.);
#18714 = EDGE_LOOP('',(#18715,#18716,#18737,#18738));
#18715 = ORIENTED_EDGE('',*,*,#17806,.T.);
#18716 = ORIENTED_EDGE('',*,*,#18717,.T.);
#18717 = EDGE_CURVE('',#17807,#18659,#18718,.T.);
#18718 = SEAM_CURVE('',#18719,(#18723,#18730),.PCURVE_S1.);
#18719 = LINE('',#18720,#18721);
#18720 = CARTESIAN_POINT('',(-14.05,15.25,9.));
#18721 = VECTOR('',#18722,1.);
#18722 = DIRECTION('',(0.,0.,1.));
#18723 = PCURVE('',#17827,#18724);
#18724 = DEFINITIONAL_REPRESENTATION('',(#18725),#18729);
#18725 = LINE('',#18726,#18727);
#18726 = CARTESIAN_POINT('',(-6.28318530718,0.));
#18727 = VECTOR('',#18728,1.);
#18728 = DIRECTION('',(-0.,-1.));
#18729 = ( GEOMETRIC_REPRESENTATION_CONTEXT(2) 
PARAMETRIC_REPRESENTATION_CONTEXT() REPRESENTATION_CONTEXT('2D SPACE',''
  ) );
#18730 = PCURVE('',#17827,#18731);
#18731 = DEFINITIONAL_REPRESENTATION('',(#18732),#18736);
#18732 = LINE('',#18733,#18734);
#18733 = CARTESIAN_POINT('',(-0.,0.));
#18734 = VECTOR('',#18735,1.);
#18735 = DIRECTION('',(-0.,-1.));
#18736 = ( GEOMETRIC_REPRESENTATION_CONTEXT(2) 
PARAMETRIC_REPRESENTATION_CONTEXT() REPRESENTATION_CONTEXT('2D SPACE',''
  ) );
#18737 = ORIENTED_EDGE('',*,*,#18658,.F.);
#18738 = ORIENTED_EDGE('',*,*,#18717,.F.);
#18739 = ADVANCED_FACE('',(#18740),#18294,.F.);
#18740 = FACE_BOUND('',#18741,.T.);
#18741 = EDGE_LOOP('',(#18742,#18743,#18764,#18765));
#18742 = ORIENTED_EDGE('',*,*,#18273,.T.);
#18743 = ORIENTED_EDGE('',*,*,#18744,.T.);
#18744 = EDGE_CURVE('',#18274,#18557,#18745,.T.);
#18745 = SEAM_CURVE('',#18746,(#18750,#18757),.PCURVE_S1.);
#18746 = LINE('',#18747,#18748);
#18747 = CARTESIAN_POINT('',(16.45,-15.25,9.));
#18748 = VECTOR('',#18749,1.);
#18749 = DIRECTION('',(0.,0.,1.));
#18750 = PCURVE('',#18294,#18751);
#18751 = DEFINITIONAL_REPRESENTATION('',(#18752),#18756);
#18752 = LINE('',#18753,#18754);
#18753 = CARTESIAN_POINT('',(-6.28318530718,0.));
#18754 = VECTOR('',#18755,1.);
#18755 = DIRECTION('',(-0.,-1.));
#18756 = ( GEOMETRIC_REPRESENTATION_CONTEXT(2) 
PARAMETRIC_REPRESENTATION_CONTEXT() REPRESENTATION_CONTEXT('2D SPACE',''
  ) );
#18757 = PCURVE('',#18294,#18758);
#18758 = DEFINITIONAL_REPRESENTATION('',(#18759),#18763);
#18759 = LINE('',#18760,#18761);
#18760 = CARTESIAN_POINT('',(-0.,0.));
#18761 = VECTOR('',#18762,1.);
#18762 = DIRECTION('',(-0.,-1.));
#18763 = ( GEOMETRIC_REPRESENTATION_CONTEXT(2) 
PARAMETRIC_REPRESENTATION_CONTEXT() REPRESENTATION_CONTEXT('2D SPACE',''
  ) );
#18764 = ORIENTED_EDGE('',*,*,#18556,.F.);
#18765 = ORIENTED_EDGE('',*,*,#18744,.F.);
#18766 = ADVANCED_FACE('',(#18767),#18409,.F.);
#18767 = FACE_BOUND('',#18768,.T.);
#18768 = EDGE_LOOP('',(#18769,#18770,#18791,#18792));
#18769 = ORIENTED_EDGE('',*,*,#18388,.T.);
#18770 = ORIENTED_EDGE('',*,*,#18771,.T.);
#18771 = EDGE_CURVE('',#18389,#18625,#18772,.T.);
#18772 = SEAM_CURVE('',#18773,(#18777,#18784),.PCURVE_S1.);
#18773 = LINE('',#18774,#18775);
#18774 = CARTESIAN_POINT('',(16.45,15.25,9.));
#18775 = VECTOR('',#18776,1.);
#18776 = DIRECTION('',(0.,0.,1.));
#18777 = PCURVE('',#18409,#18778);
#18778 = DEFINITIONAL_REPRESENTATION('',(#18779),#18783);
#18779 = LINE('',#18780,#18781);
#18780 = CARTESIAN_POINT('',(-6.28318530718,0.));
#18781 = VECTOR('',#18782,1.);
#18782 = DIRECTION('',(-0.,-1.));
#18783 = ( GEOMETRIC_REPRESENTATION_CONTEXT(2) 
PARAMETRIC_REPRESENTATION_CONTEXT() REPRESENTATION_CONTEXT('2D SPACE',''
  ) );
#18784 = PCURVE('',#18409,#18785);
#18785 = DEFINITIONAL_REPRESENTATION('',(#18786),#18790);
#18786 = LINE('',#18787,#18788);
#18787 = CARTESIAN_POINT('',(-0.,0.));
#18788 = VECTOR('',#18789,1.);
#18789 = DIRECTION('',(-0.,-1.));
#18790 = ( GEOMETRIC_REPRESENTATION_CONTEXT(2) 
PARAMETRIC_REPRESENTATION_CONTEXT() REPRESENTATION_CONTEXT('2D SPACE',''
  ) );
#18791 = ORIENTED_EDGE('',*,*,#18624,.F.);
#18792 = ORIENTED_EDGE('',*,*,#18771,.F.);
#18793 = ( GEOMETRIC_REPRESENTATION_CONTEXT(3) 
GLOBAL_UNCERTAINTY_ASSIGNED_CONTEXT((#18797)) 
GLOBAL_UNIT_ASSIGNED_CONTEXT((#18794,#18795,#18796)) 
REPRESENTATION_CONTEXT('Context #1',
  '3D Context with UNIT and UNCERTAINTY') );
#18794 = ( LENGTH_UNIT() NAMED_UNIT(*) SI_UNIT(.MILLI.,.METRE.) );
#18795 = ( NAMED_UNIT(*) PLANE_ANGLE_UNIT() SI_UNIT($,.RADIAN.) );
#18796 = ( NAMED_UNIT(*) SI_UNIT($,.STERADIAN.) SOLID_ANGLE_UNIT() );
#18797 = UNCERTAINTY_MEASURE_WITH_UNIT(LENGTH_MEASURE(1.E-07),#18794,
  'distance_accuracy_value','confusion accuracy');
#18798 = PRODUCT_RELATED_PRODUCT_CATEGORY('part',$,(#7));
ENDSEC;
END-ISO-10303-21;
